#CODE;ENGLISH;FRENCH;GERMAN;POLISH;SPANISH;ITALIAN;SWEDISH;CZECH;HUNGARIAN;DUTCH;PORTUGESE;RUSSIAN;FINNISH;x
ICL;Исландия;X;X;X;X;X;X
ICL_ADJ;Исландск.;X;X;X;X;X;X
ISR;Израиль;X;X;X;X;X;X
ISR_ADJ;Еврейск.;X;X;X;X;X;X
BYZ;Византия;X;X;X;X;X;X
BYZ_ADJ;Византийск.;X;X;X;X;X;X
BYZ_conservative;Сторонники Глюксбургов;X;X;X;X;X;X
BYZ_reactionary;Сторонники Палеологов;X;X;X;X;X;X
BYZ_liberal;Эллинистическая партия;X;X;X;X;X;X
BYZ_anarcho_liberal;Сторонники принципата;X;X;X;X;X;X
BYZ_socialist;Федерация независимых профсоюзов;X;X;X;X;X;X
BYZ_communist;Коммунистическая партия;X;X;X;X;X;X
BYZ_fascist;Национально-державная партия;X;X;X;X;X;X
ISR_conservative;Херут;X;X;X;X;X;X
ISR_reactionary;Мафдал;X;X;X;X;X;X
ISR_liberal;Кадима;X;X;X;X;X;X
ISR_anarcho_liberal;Моледет;X;X;X;X;X;X
ISR_socialist;Авода;X;X;X;X;X;X
ISR_communist;Мапам;X;X;X;X;X;X
ISR_fascist;Ха-тиква;X;X;X;X;X;X
ICL_conservative;Партия независимости;X;X;X;X;X;X
ICL_reactionary;Традиционалистская партия;X;X;X;X;X;X
ICL_liberal;Прогрессивная партия;X;X;X;X;X;X
ICL_anarcho_liberal;Объединённые правые;X;X;X;X;X;X
ICL_socialist;Объединённые левые;X;X;X;X;X;X
ICL_communist;Марксистская рабочая партия;X;X;X;X;X;X
ICL_fascist;Нордическая партия жизни;X;X;X;X;X;X
BYZ_absolute_monarchy;Византийская Империя;X;X;X;X;X;X
BYZ_proletarian_dictatorship;Содружество Красныx Фем;X;X;X;X;X;X
BAB;Вавилон;X;X;X;X;X;X
BAB_ADJ;Вавилонск.;X;X;X;X;X;X
BAB_conservative;Партия Свода Законов;X;X;X;X;X;X
BAB_liberal;Партия Висячиx Садов;X;X;X;X;X;X
BAB_reactionary;Служители Xаммурапи;X;X;X;X;X;X
BAB_communist;Фракция Зиккурата;X;X;X;X;X;X
BAB_anarcho_liberal;Народнынй фронт Aма-Ги;X;X;X;X;X;X
BAB_socialist;Строители Башни;X;X;X;X;X;X
BAB_fascist;Сторонники Навуходоносора;X;X;X;X;X;X
RUS_absolute_monarchy;Российская Империя;X;X;X;X;X;X
RUS_prussian_constitutionalism;Российская Империя;X;X;X;X;X;X
ENG_absolute_monarchy;Британская Империя;X;X;X;X;X;X
ENG_prussian_constitutionalism;Британская Империя;X;X;X;X;X;X
GER_absolute_monarchy;Германская Империя;X;X;X;X;X;X
GER_prussian_constitutionalism;Германская Империя;X;X;X;X;X;X
TUR_proletarian_dictatorship;Турция;X;X;X;X;X;X
RHO;Южная Родезия;X;X;X;X;X;X
RHO_proletarian_dictatorship;Зимбабве;X;X;X;X;X;X
RHO_absolute_monarchy;Южная Родезия;X;X;X;X;X;X
RHO_hms_government;Южная Родезия;X;X;X;X;X;X
RHO_ADJ;Родезийск.;X;X;X;X;X;X
RHO_conservative;Партия Родезии;X;X;X;X;X;X
RHO_liberal;Объединенная Федеральная Партия;X;X;X;X;X;X
RHO_reactionary;Родезийский фронт;X;X;X;X;X;X
RHO_socialist;Африканский национальный союз;X;X;X;X;X;X
RHO_communist;Союз африканского народа Зимбабве;X;X;X;X;X;X
RHO_anarcho_liberal;Ассоциация ответственного правительства;X;X;X;X;X;X
RHO_fascist;The When-Wes;X;X;X;X;X;X
CNG;Конго;X;X;X;X;X;X
CNG_absolute_monarchy;Свободное государство Конго;X;X;X;X;X;X
CNG_presidential_dictatorship;Заир;X;X;X;X;X;X
CNG_hms_government;Конго;X;X;X;X;X;X
CNG_democracy;Заир;X;X;X;X;X;X
CNG_ADJ;Конголезск.;X;X;X;X;X;X
CNG_liberal;Либеральная партия;X;X;X;X;X;X
CNG_conservative;Консервативная партия;X;X;X;X;X;X
CNG_socialist;Социалистическая партия;X;X;X;X;X;X
CNG_communist;Коммунистическая партия;X;X;X;X;X;X
CNG_reactionary;Национальная партия;X;X;X;X;X;X
CNG_fascist;Националистическая партия;X;X;X;X;X;X
CNG_anarcho_liberal;Либертарианское движение;X;X;X;X;X;X
USA_prussian_constitutionalism;СКСА;X;X;X;X;X;X
ENG_bourgeois_dictatorship;Британская Федерация;X;X;X;X;X;X
MEX_absolute_monarchy;Мексиканская Империя;X;X;X;X;X;X
MEX_prussian_constitutionalism;Мексиканская Империя;X;X;X;X;X;X
MEX_hms_government;Мексиканская Империя;X;X;X;X;X;X
NOR_reactionary;Партия Конге;X;X;X;X;X;X
ATJ_reactionary;Партия государственных основ;X;X;X;X;X;X
ATJ_liberal;Партия свободы;X;X;X;X;X;X
ATJ_anarcho_liberal;Партия радикального обновления;X;X;X;X;X;X
ATJ_socialist;Партия справедливости;X;X;X;X;X;X
ATJ_communist;Партия рабочих и крестьян;X;X;X;X;X;X
ATJ_fascist;Партия нового порядка;X;X;X;X;X;X
CAL_conservative;Республиканская партия;X;X;X;X;X;X
KHI_anarcho_liberal;Радикальные республиканцы;X;X;X;X;X;X
KHI_socialist;Социал-демократический союз;X;X;X;X;X;X
KHI_communist;Рабочая коммунистическая партия;X;X;X;X;X;X
KHI_fascist;Фракция басмачества;X;X;X;X;X;X
MAD_conservative;Партия стабильности;X;X;X;X;X;X
MAD_socialist;Партия справедливости;X;X;X;X;X;X
MAD_communist;Партия возрождения Либерталии;X;X;X;X;X;X
MAD_fascist;Партия нового порядка;X;X;X;X;X;X
TRI_socialist;Левый демократический альянс;X;X;X;X;X;X
TRI_communist;Федерация независимых общин;X;X;X;X;X;X
TRI_fascist;Народный конгресс ;X;X;X;X;X;X
TEX_communist;Коммунистическая партия;X;X;X;X;X;X
BAD_fascist;НСДАП;X;X;X;X;X;X
BAV_fascist;НСДАП;X;X;X;X;X;X
WEI_fascist;НСДАП;X;X;X;X;X;X
WLL_fascist;Рексистская партия;X;X;X;X;X;X
NEW_fascist;Национал-фашистская партия;X;X;X;X;X;X
ENG_presidential_dictatorship;Великобритания;X;X;X;X;X;X
TUR_proletarian_dictatorship_ADJ;Турецк.;X;X;X;X;X;X
BAD_ADJ;Баденск.;X;X;X;X;X;X
USA_reactionary;Южные демократы;X;X;X;X;X;X
HND_conservative;Партия национального конгресса;X;X;X;X;X;X
HND_liberal;Партия независимости;X;X;X;X;X;X
HND_reactionary;Национальный фронт;X;X;X;X;X;X
HND_anarcho_liberal;Партия свободы;X;X;X;X;X;X
HND_socialist;Индийский национальный конгресс;X;X;X;X;X;X
HND_communist;Коммунистическая партия;X;X;X;X;X;X
HND_fascist;Партия единства;X;X;X;X;X;X
HND;Индия;X;X;X;X;X;X
EIC;Британская Ост-Индская компания;X;X;X;X;X;X
EIC_ADJ;Ост-Индск.;X;X;X;X;X;X
EIC_conservative;Партия национального конгресса;X;X;X;X;X;X
EIC_liberal;Партия независимости;X;X;X;X;X;X
EIC_reactionary;Национальный фронт;X;X;X;X;X;X
EIC_anarcho_liberal;Партия свободы;X;X;X;X;X;X
EIC_socialist;Индийский национальный конгресс;X;X;X;X;X;X
EIC_communist;Коммунистическая партия;X;X;X;X;X;X
EIC_fascist;Партия единства;X;X;X;X;X;X
HND_ADJ;Индийск.;X;X;X;X;X;X
ALD;Алжир;X;X;X;X;X;X
DZG_ADJ;Данцигск.;X;X;X;X;X;X
JAN;Ян-Майен;X;X;X;X;X;X
JAN_ADJ;Ян-Майенск.;X;X;X;X;X;X
JAN_liberal;Венстре;X;X;X;X;X;X
JAN_conservative;Консервативная партия;X;X;X;X;X;X
JAN_socialist;Рабочая партия;X;X;X;X;X;X
JAN_anarcho_liberal;Радикальная партия;X;X;X;X;X;X
JAN_communist;Коммунистическая партия;X;X;X;X;X;X
JAN_fascist;Национальное единение;X;X;X;X;X;X
JAN_reactionary;Военная партия;X;X;X;X;X;X
TPG;Небесное Царство;X;X;X;X;X;X
TPG_democracy;Республика Тайпин;X;X;X;X;X;X
TPG_bourgeois_dictatorship;Республика Тайпин;X;X;X;X;X;X
TPG_proletarian_dictatorship;Коммунистический Тайпин;X;X;X;X;X;X
TPG_fascist_dictatorship;Тайпин;X;X;X;X;X;X
TPG_presidential_dictatorship;Тайпинская Клика;X;X;X;X;X;X
TPG_ADJ;Тайпин;X;X;X;X;X;X
TPG_conservative;Западный Король;X;X;X;X;X;X
TPG_liberal;Yi King;X;X;X;X;X;X
TPG_reactionary;Восточный Король;X;X;X;X;X;X
TPG_socialist;Северный Король;X;X;X;X;X;X
TPG_anarcho_liberal;Радикальная Фракция;X;X;X;X;X;X
TPG_communist;Коммунистическая Фракция;X;X;X;X;X;X
TPG_fascist;Фашистская Фракция;X;X;X;X;X;X
BYE;Беларусь;X;X;X;X;X;X
BYE_ADJ;Беларусск.;X;X;X;X;X;X
UBD;Объединенная Балтия;X;X;X;X;X;X
UBD_ADJ;Балтийск.;X;X;X;X;X;X
UBD_conservative;Консервативная народная партия;X;X;X;X;X;X
UBD_liberal;Демократический центр;X;X;X;X;X;X
UBD_reactionary;Союз Балтийских немцев;X;X;X;X;X;X
UBD_anarcho_liberals;Радикальные демократы;X;X;X;X;X;X
UBD_socialist;Социал-демократическая рабочая партия;X;X;X;X;X;X
UBD_communist;Балтийские большевики;X;X;X;X;X;X
UBD_fascist;Балтийско-немецкая национал-социалистическая партия;X;X;X;X;X;X
BYE_conservative;Беларусская христианская демократия;X;X;X;X;X;X
BYE_liberal;Либерально-демократическая партия;X;X;X;X;X;X
BYE_reactionary;Национал-консервативная партия;X;X;X;X;X;X
BYE_anarcho_liberals;Гражданско-революционная партия;X;X;X;X;X;X
BYE_socialist;Беларусская социалистическая Громада;X;X;X;X;X;X
BYE_communist;Партия Большевиков Беларуси;X;X;X;X;X;X
BYE_fascist;Беларусская национал-социалистическая партия;X;X;X;X;X;X
PLC;Речь Посполитая;X;X;X;X;X;X
PLC_ADJ;Польско-литовск.;X;X;X;X;X;X
PLC_conservative;Национал-демократическая партия;X;X;X;X;X;X
PLC_liberal;Патриотическая партия;X;X;X;X;X;X
PLC_reactionary;Блок в поддержку правительства;X;X;X;X;X;X
PLC_anarcho_liberal;Радикальные демократы;X;X;X;X;X;X
PLC_socialist;Социалистическая партия;X;X;X;X;X;X
PLC_communist;Социал-демократическая партия;X;X;X;X;X;X
PLC_fascist;Национально-радикальный лагерь;X;X;X;X;X;X
ARA;Арабия;X;X;X;X;X;X
ARA_ADJ;Арабск.;X;X;X;X;X;X
ARA_conservative;Суннитская арабская партия;X;X;X;X;X;X
ARA_liberal;Арабские демократы;X;X;X;X;X;X
ARA_reactionary;Исламистская партия;X;X;X;X;X;X
ARA_anarcho_liberals;Аль-Фатат;X;X;X;X;X;X
ARA_socialist;Всеарабская социалистическая партия;X;X;X;X;X;X
ARA_communist;Коммунистическая партия;X;X;X;X;X;X
ARA_fascist;Мусульманское братство;X;X;X;X;X;X
GCO;Великая Колумбия;X;X;X;X;X;X
GCO_ADJ;Колумбийск.;X;X;X;X;X;X
GCO_conservative;Централистская партия;X;X;X;X;X;X
GCO_conservative_2;Обновлённые централисты;X;X;X;X;X;X
GCO_liberal;Федералистская партия;X;X;X;X;X;X
GCO_liberal_2;Новая Федералистская партия;X;X;X;X;X;X
GCO_liberal_3;Регионалистская партия;X;X;X;X;X;X
GCO_anarcho_liberal;Радикальная партия;X;X;X;X;X;X
GCO_reactionary;Традиционалисты;X;X;X;X;X;X
GCO_socialist;Революционно-социалистическая партия;X;X;X;X;X;X
GCO_communist;Комунистическая партия Колумбии;X;X;X;X;X;X
GCO_fascist;Колумбийская фаланга;X;X;X;X;X;X
USA_absolute_monarchy;Американская Империя;X;X;X;X;X;X
USA_absolute_monarchy_ADJ;Американ.;X;X;X;X;X;X
USA_hms_government;САСК;X;X;X;X;X;X
USA_hms_government_ADJ;Американ.;X;X;X;X;X;X
USA_proletarian_dictatorship;ССША;X;X;X;X;X;X
USA_proletarian_dictatorship_ADJ;Американ.;X;X;X;X;X;X
ENG_proletarian_dictatorship;БСФСР;X;X;X;X;X;X
ENG_proletarian_dictatorship_ADJ;Британск.;X;X;X;X;X;X
BOH_democracy;Чехия;X;X;X;X;X;X
BOH_democracy_ADJ;Чешск.;X;X;X;X;X;X
TUR_democracy;Турция;X;X;X;X;X;X
TUR_democracy_ADJ;Турецк.;X;X;X;X;X;X
KUK_democracy;Дунайская Федерация;X;X;X;X;X;X
KUK_democracy_ADJ;Дунайск.;X;X;X;X;X;X
BAV_proletarian_dictatorship;Баварская Советская Республика;X;X;X;X;X;X
RUS_proletarian_dictatorship;СССР;X;X;X;X;X;X
RUS_proletarian_dictatorship_ADJ;Советск.;X;X;X;X;X;X
CZH;Чехословакия;X;X;X;X;X;X
CZH_ADJ;Чехословакск.;X;X;X;X;X;X
CZH_fascist;Национальная социальная партия;X;X;X;X;X;X
CZH_socialist;Социал-демократическая партия;X;X;X;X;X;X
CZH_conservative;Христианско-демократическая партия;X;X;X;X;X;X
CZH_liberal;Республиканская партия;X;X;X;X;X;X
CZH_communist;Коммунистическая партия;X;X;X;X;X;X
CZH_reactionary;Национал-демократическая партия;X;X;X;X;X;X
CZH_anarcho_liberal;Либертарианская партия;X;X;X;X;X;X
YUG;Югославия;X;X;X;X;X;X
YUG_ADJ;Югославск.;X;X;X;X;X;X
YUG_fascist;Национальный фронт;X;X;X;X;X;X
YUG_socialist;Социал-демократическая партия;X;X;X;X;X;X
YUG_conservative;Консервативная партия;X;X;X;X;X;X
YUG_liberal;Народная партия;X;X;X;X;X;X
YUG_communist;Коммунистическая партия;X;X;X;X;X;X
YUG_reactionary;Монархическая партия;X;X;X;X;X;X
YUG_anarcho_liberal;Партия свободы;X;X;X;X;X;X
AZB;Азербайджан;X;X;X;X;X;X
AZB_ADJ;Азербайджанск.;X;X;X;X;X;X
AZB_fascist;Национальный фронт;X;X;X;X;X;X
AZB_socialist;Мусульманская социал-демократическая партия;X;X;X;X;X;X
AZB_conservative;Иттихад;X;X;X;X;X;X
AZB_liberal;Мусават;X;X;X;X;X;X
AZB_communist;Партия большевиков;X;X;X;X;X;X
AZB_reactionary;Националистическая партия;X;X;X;X;X;X
AZB_anarcho_liberal;Партия свободы;X;X;X;X;X;X
IRQ;Ирак;X;X;X;X;X;X
IRQ_ADJ;Иракск.;X;X;X;X;X;X
IRQ_reactionary;Фракция хашемитов;X;X;X;X;X;X
IRQ_socialist;Партия Баас;X;X;X;X;X;X
IRQ_communist;Коммунистическая партия;X;X;X;X;X;X
IRQ_liberal;Либеральная партия;X;X;X;X;X;X
IRQ_anarcho_liberal;Партия свободы;X;X;X;X;X;X
IRQ_conservative;Консервативная партия;X;X;X;X;X;X
IRQ_fascist;Партия единства;X;X;X;X;X;X
MGL;Монголия;X;X;X;X;X;X
MGL_ADJ;Монгольск.;X;X;X;X;X;X
MGL_reactionary;Фракция ламы;X;X;X;X;X;X
MGL_socialist;Социалистическая партия;X;X;X;X;X;X
MGL_communist;Коммунистическая партия;X;X;X;X;X;X
MGL_liberal;Либеральная партия;X;X;X;X;X;X
MGL_anarcho_liberal;Партия свободы;X;X;X;X;X;X
MGL_conservative;Консервативная партия;X;X;X;X;X;X
MGL_fascist;Партия единства;X;X;X;X;X;X
PHI;Филиппины;X;X;X;X;X;X
PHI_ADJ;Филиппинск.;X;X;X;X;X;X
PHI_reactionary;Традиционалистская партия;X;X;X;X;X;X
PHI_socialist;Демократическая партия;X;X;X;X;X;X
PHI_communist;Коммунистическая партия;X;X;X;X;X;X
PHI_liberal;Либеральная партия;X;X;X;X;X;X
PHI_anarcho_liberal;Партия свободы;X;X;X;X;X;X
PHI_conservative;Националистическая партия;X;X;X;X;X;X
PHI_fascist;Фашистская партия;X;X;X;X;X;X
MCK;Маньчжоу-го;X;X;X;X;X;X
MCK_ADJ;Маньчжурск.;X;X;X;X;X;X
MCK_reactionary;Цинская партия;X;X;X;X;X;X
MCK_socialist;Социалистическая партия;X;X;X;X;X;X
MCK_communist;Коммунистическая партия;X;X;X;X;X;X
MCK_liberal;Конституционалистская партия;X;X;X;X;X;X
MCK_conservative;Дворцовая партия;X;X;X;X;X;X
MCK_fascist;Партия имперского возрождения;X;X;X;X;X;X
MCK_anarcho_liberal;Правая республиканская партия;X;X;X;X;X;X
GXI;Клика Гуаньси;X;X;X;X;X;X
GXI_ADJ;Гуаньсийск.;X;X;X;X;X;X
GXI_reactionary;Фракция Жунтин;X;X;X;X;X;X
GXI_socialist;Социалистическая партия;X;X;X;X;X;X
GXI_communist;Китайская коммунистическая партия;X;X;X;X;X;X
GXI_liberal;Либеральная партия;X;X;X;X;X;X
GXI_conservative;Фракция гоминьдана;X;X;X;X;X;X
GXI_fascist;Фашистская партия;X;X;X;X;X;X
GXI_anarcho_liberal;Партия свободы;X;X;X;X;X;X
SXI;Клика Шаньси;X;X;X;X;X;X
SXI_ADJ;Шаньсийск.;X;X;X;X;X;X
SXI_reactionary;Фракция Си-Шан;X;X;X;X;X;X
SXI_socialist;Социалистическая партия;X;X;X;X;X;X
SXI_communist;Китайская коммунистическая партия;X;X;X;X;X;X
SXI_liberal;Либеральная партия;X;X;X;X;X;X
SXI_conservative;Фракция гоминьдана;X;X;X;X;X;X
SXI_fascist;Фашистская партия;X;X;X;X;X;X
SXI_anarcho_liberal;Партия свободы;X;X;X;X;X;X
YNN;Клика Юннань;X;X;X;X;X;X
YNN_ADJ;Юннаньск.;X;X;X;X;X;X
YNN_reactionary;Фракция Цай Э;X;X;X;X;X;X
YNN_socialist;Социалистическая партия;X;X;X;X;X;X
YNN_communist;Китайская коммунистическая партия;X;X;X;X;X;X
YNN_liberal;Либеральная партия;X;X;X;X;X;X
YNN_conservative;Фракция гоминьдана;X;X;X;X;X;X
YNN_fascist;Фашистская партия;X;X;X;X;X;X
YNN_anarcho_liberal;Партия свободы;X;X;X;X;X;X
XBI;Сев.-зап.земли Ма;X;X;X;X;X;X
XBI_ADJ;Манск.;X;X;X;X;X;X
XBI_reactionary;Семья Ма;X;X;X;X;X;X
XBI_socialist;Социалистическая партия;X;X;X;X;X;X
XBI_communist;Китайская коммунистическая партия;X;X;X;X;X;X
XBI_liberal;Либеральная партия;X;X;X;X;X;X
XBI_conservative;Фракция гоминьдана;X;X;X;X;X;X
XBI_fascist;Фашистская партия;X;X;X;X;X;X
XBI_anarcho_liberal;Партия свободы;X;X;X;X;X;X
XIN;Клика Синьцзян;X;X;X;X;X;X
XIN_ADJ;Синьцзянск.;X;X;X;X;X;X
XIN_reactionary;Фракция Цзэньсинь;X;X;X;X;X;X
XIN_socialist;Социалистическая партия;X;X;X;X;X;X
XIN_communist;Китайская коммунистическая партия;X;X;X;X;X;X
XIN_liberal;Либеральная партия;X;X;X;X;X;X
XIN_conservative;Фракция гоминьдана;X;X;X;X;X;X
XIN_fascist;Фашистская партия;X;X;X;X;X;X
XIN_anarcho_liberal;Партия свободы;X;X;X;X;X;X
BUY;Покупать;X;X;X;X;X;X
RUS_fascist_dictatorship;Русская Империя;X;X;X;X;X;X
RUS_fascist_dictatorship_ADJ;Русск.;X;X;X;X;X;X
CSA_proletarian_dictatorship;СКША;X;X;X;X;X;X
USA_presidential_dictatorship;США;X;X;X;X;X;X
CSA_presidential_dictatorship;КША;X;X;X;X;X;X
USA_bourgeois_dictatorship;США;X;X;X;X;X;X
CSA_bourgeois_dictatorship;КША;X;X;X;X;X;X
USA_fascist_dictatorship;США;X;X;X;X;X;X
CSA_fascist_dictatorship;КША;X;X;X;X;X;X
CSA_prussian_constitutionalism;НКСА;X;X;X;X;X;X
USA_democracy;США;X;X;X;X;X;X
CSA_democracy;КША;X;X;X;X;X;X
CAL_absolute_monarchy;Королевство Калифорния;X;X;X;X;X;X
CAL_hms_government;Королевство Калифорния;X;X;X;X;X;X
DOM_absolute_monarchy;Санто-Доминго;X;X;X;X;X;X
DOM_hms_government;Санто-Доминго;X;X;X;X;X;X
ENG_democracy;Британская федерация;X;X;X;X;X;X
REB;Повстанцы;X;X;X;X;X;X
ALB;Албания;X;X;X;X;X;X
BOS;Босния-Герцеговина;X;X;X;X;X;X
BUL;Болгария;X;X;X;X;X;X
CRO;Хорватия;X;X;X;X;X;X
CYP;Кипр;X;X;X;X;X;X
GRE;Греция;X;X;X;X;X;X
MOL;Молдавия;X;X;X;X;X;X
MON;Черногория;X;X;X;X;X;X
ROM;Румыния;X;X;X;X;X;X
SER;Сербия;X;X;X;X;X;X
TUR;Османская Империя;X;X;X;X;X;X
WAL;Валахия;X;X;X;X;X;X
SWI;Швейцария;X;X;X;X;X;X
SLO;Словения;X;X;X;X;X;X
AUS;Австрия;X;X;X;X;X;X
BOH;Богемия-Моравия;X;X;X;X;X;X
DZG;Данциг;X;X;X;X;X;X
KRA;Краков;X;X;X;X;X;X
CRI;Крым;X;X;X;X;X;X
EST;Эстония;X;X;X;X;X;X
HUN;Венгрия;X;X;X;X;X;X
LIT;Литва;X;X;X;X;X;X
LAT;Латвия;X;X;X;X;X;X
POL;Польша;X;X;X;X;X;X
RUS;Россия;X;X;X;X;X;X
SLV;Словакия;X;X;X;X;X;X
RUT;Рутения;X;X;X;X;X;X
SIE;Трансильвания;X;X;X;X;X;X
UKR;Украина;X;X;X;X;X;X
GER;Германия;X;X;X;X;X;X
NGF;Северогерманский союз;X;X;X;X;X;X
SGF;Южногерманский союз;X;X;X;X;X;X
BAD;Баден;X;X;X;X;X;X
BAV;Бавария;X;X;X;X;X;X
BRA;Брауншвейг;X;X;X;X;X;X
BRE;Бремен;X;X;X;X;X;X
FRM;Франкфурт-на-Майне;X;X;X;X;X;X
HAM;Гамбург;X;X;X;X;X;X
HAN;Ганновер;X;X;X;X;X;X
HES;Гессен-Дармштадт;X;X;X;X;X;X
HEK;Гессен-Кассель;X;X;X;X;X;X
HOL;Гольштейн;X;X;X;X;X;X
LUB;Любек;X;X;X;X;X;X
LUX;Люксембург;X;X;X;X;X;X
OLD;Ольденбург;X;X;X;X;X;X
TAT;Татарстан;X;X;X;X;X;X
PRU;Пруссия;X;X;X;X;X;X
SAX;Саксония;X;X;X;X;X;X
SCH;Шлезвиг;X;X;X;X;X;X
WUR;Вюртемберг;X;X;X;X;X;X
COB;Саксен-Кобург-Гота;X;X;X;X;X;X
LIP;Липпе-Детмольд;X;X;X;X;X;X
MEC;Мекленбург;X;X;X;X;X;X
ITA;Италия;X;X;X;X;X;X
LOM;Ломбардия;X;X;X;X;X;X
PAR;Парма;X;X;X;X;X;X
MOD;Модена;X;X;X;X;X;X
PAP;Папская область;X;X;X;X;X;X
SAR;Сардиния-Пьемонт;X;X;X;X;X;X
SIC;Сицилия;X;X;X;X;X;X
TUS;Тоскана;X;X;X;X;X;X
VEN;Венеция;X;X;X;X;X;X
DEN;Дания;X;X;X;X;X;X
FIN;Финляндия;X;X;X;X;X;X
NOR;Норвегия;X;X;X;X;X;X
SCA;Скандинавия;X;X;X;X;X;X
SWE;Швеция;X;X;X;X;X;X
BEL;Бельгия;X;X;X;X;X;X
CAT;Каталония;X;X;X;X;X;X
ENG;Великобритания;X;X;X;X;X;X
FLA;Фландрия;X;X;X;X;X;X
WLL;Валлония;X;X;X;X;X;X
FRA;Франция;X;X;X;X;X;X
IRE;Ирландия;X;X;X;X;X;X
NET;Нидерланды;X;X;X;X;X;X
POR;Португалия;X;X;X;X;X;X
SCO;Шотландия;X;X;X;X;X;X
SPA;Испания;X;X;X;X;X;X
PER;Персия;X;X;X;X;X;X
NEJ;Неджд;X;X;X;X;X;X
AFG;Афганистан;X;X;X;X;X;X
EGY;Египет;X;X;X;X;X;X
KHI;Узбекия;X;X;X;X;X;X
BUK;Казахия;X;X;X;X;X;X
KOK;Киргизия;X;X;X;X;X;X
OMA;Оман;X;X;X;X;X;X
YEM;Йемен;X;X;X;X;X;X
ABU;Абу-Даби;X;X;X;X;X;X
TRA;Траванкор;X;X;X;X;X;X
MYS;Майсур;X;X;X;X;X;X
HYD;Хайдерабад;X;X;X;X;X;X
NAG;Нагпур;X;X;X;X;X;X
BAS;Бастар;X;X;X;X;X;X
ORI;Орисса;X;X;X;X;X;X
BUN;Бандельканд;X;X;X;X;X;X
AWA;Авадх;X;X;X;X;X;X
GWA;Гвалияр;X;X;X;X;X;X
BHO;Бхопал;X;X;X;X;X;X
IND;Индаур;X;X;X;X;X;X
JAI;Джайпур;X;X;X;X;X;X
MEW;Мевар;X;X;X;X;X;X
JOD;Джодхпур;X;X;X;X;X;X
BER;Барода;X;X;X;X;X;X
KUT;Кач;X;X;X;X;X;X
SIN;Синд;X;X;X;X;X;X
MAK;Мекран;X;X;X;X;X;X
KAL;Калат;X;X;X;X;X;X
JAS;Джайсалмер;X;X;X;X;X;X
BIK;Биканер;X;X;X;X;X;X
PAN;Пенджаб;X;X;X;X;X;X
SHI;Шимла;X;X;X;X;X;X
LAD;Ладакх;X;X;X;X;X;X
KAS;Кашмир;X;X;X;X;X;X
NEP;Непал;X;X;X;X;X;X
SIK;Сикким;X;X;X;X;X;X
BHU;Бутан;X;X;X;X;X;X
ETH;Эфиопия;X;X;X;X;X;X
LIB;Либерия;X;X;X;X;X;X
LEV;Львумбия;X;X;X;X;X;X
MOR;Марокко;X;X;X;X;X;X
TRI;Триполи;X;X;X;X;X;X
SOK;Сокото;X;X;X;X;X;X
ZUL;Зулу;X;X;X;X;X;X
SAF;Южная Африка;X;X;X;X;X;X
MAD;Мадагаскар;X;X;X;X;X;X
CHI;Китай;X;X;X;X;X;X
JAP;Японская империя;X;X;X;X;X;X
KOR;Корея;X;X;X;X;X;X
TIB;Тибет;X;X;X;X;X;X
SIA;Сиам;X;X;X;X;X;X
CAM;Камбоджа;X;X;X;X;X;X
BUR;Бирма;X;X;X;X;X;X
DAI;Дайнам;X;X;X;X;X;X
BRU;Бруней;X;X;X;X;X;X
BAL;Бали;X;X;X;X;X;X
JOH;Джохор;X;X;X;X;X;X
JAV;Ява;X;X;X;X;X;X
AST;Австралия;X;X;X;X;X;X
NZL;Новая Зеландия;X;X;X;X;X;X
HAW;Гавайи;X;X;X;X;X;X
USA;США;X;X;X;X;X;X
CSA;КША;X;X;X;X;X;X
CAN;Канада;X;X;X;X;X;X
TEX;Техас;X;X;X;X;X;X
CAL;Калифорнийская респ.;X;X;X;X;X;X
COL;Колумбия;X;X;X;X;X;X
NEN;Новая Англия;X;X;X;X;X;X
MEX;Мексика;X;X;X;X;X;X
CUB;Куба;X;X;X;X;X;X
DOM;Доминикана;X;X;X;X;X;X
HAI;Гаити;X;X;X;X;X;X
UCA;СПЦА;X;X;X;X;X;X
PNM;Панама;X;X;X;X;X;X
HON;Гондурас;X;X;X;X;X;X
ELS;Сальвадор;X;X;X;X;X;X
GUA;Гватемала;X;X;X;X;X;X
NIC;Никарагуа;X;X;X;X;X;X
COS;Коста-Рика;X;X;X;X;X;X
DES;Дезерет;X;X;X;X;X;X
QUE;Квебек;X;X;X;X;X;X
MTC;Метисская конфедерация;X;X;X;X;X;X
VNZ;Венесуэла;X;X;X;X;X;X
BRZ;Бразилия;X;X;X;X;X;X
URU;Уругвай;X;X;X;X;X;X
PRG;Парагвай;X;X;X;X;X;X
ARG;Аргентина;X;X;X;X;X;X
CHL;Чили;X;X;X;X;X;X
PEU;Перу;X;X;X;X;X;X
BOL;Боливия;X;X;X;X;X;X
CLM;Колумбия;X;X;X;X;X;X
ATJ;Ачех;X;X;X;X;X;X
HDJ;Хиджаз;X;X;X;X;X;X
ECU;Эквадор;X;X;X;X;X;X
TUN;Тунис;X;X;X;X;X;X
NAL;Наталь;X;X;X;X;X;X
ORA;Оранжевая республика;X;X;X;X;X;X
TRN;Трансвааль;X;X;X;X;X;X
LUA;Луанг-Прабанг;X;X;X;X;X;X
WIA;Вьентьян;X;X;X;X;X;X
NEW;Ньюфаундленд;X;X;X;X;X;X
ZAN;Занзибар;X;X;X;X;X;X
NAS;Нассау;X;X;X;X;X;X
ANH;Ангальт;X;X;X;X;X;X
WEI;Саксен-Веймар;X;X;X;X;X;X
MEI;Саксен-Майнинген;X;X;X;X;X;X
MAN;Коммуна Манхеттена;X;X;X;X;X;X
CRE;Крит;X;X;X;X;X;X
ION;Ионическая республика;X;X;X;X;X;X
TRE;Триест;X;X;X;X;X;X
ARM;Армения;X;X;X;X;X;X
GEO;Грузия;X;X;X;X;X;X
CHE;Чероки;X;X;X;X;X;X
MUG;Могулистан;X;X;X;X;X;X
LUC;Лукка;X;X;X;X;X;X
KUK;Австро-Венгрия;X;X;X;X;X;X
KUK_ADJ;Австро-венгерск.;X;X;X;X;X;X
REB_ADJ;Повстанческ.;X;X;X;X;X;X
GER_ADJ;Германск.;X;X;X;X;X;X
ENG_ADJ;Британск.;X;X;X;X;X;X
RUS_ADJ;Русск.;X;X;X;X;X;X
USA_ADJ;Американск.;X;X;X;X;X;X
JAP_ADJ;Японск.;X;X;X;X;X;X
FRA_ADJ;Французск.;X;X;X;X;X;X
ITA_ADJ;Итальянск.;X;X;X;X;X;X
DEN_ADJ;Датск.;X;X;X;X;X;X
EST_ADJ;Эстонск.;X;X;X;X;X;X
FIN_ADJ;Финск.;X;X;X;X;X;X
LAT_ADJ;Латвийск.;X;X;X;X;X;X
LIT_ADJ;Литовск.;X;X;X;X;X;X
NOR_ADJ;Норвежск.;X;X;X;X;X;X
SCA_ADJ;Скандинавск.;X;X;X;X;X;X
SWE_ADJ;Шведск.;X;X;X;X;X;X
BEL_ADJ;Бельгийск.;X;X;X;X;X;X
FLA_ADJ;Фламандск.;X;X;X;X;X;X
NET_ADJ;Голландск.;X;X;X;X;X;X
IRE_ADJ;Ирландск.;X;X;X;X;X;X
LUX_ADJ;Люксембуржск.;X;X;X;X;X;X
SCO_ADJ;Шотландск.;X;X;X;X;X;X
WLL_ADJ;Валлонск.;X;X;X;X;X;X
AUS_ADJ;Австрийск.;X;X;X;X;X;X
CRO_ADJ;Хорватск.;X;X;X;X;X;X
HUN_ADJ;Венгерск.;X;X;X;X;X;X
POL_ADJ;Польск.;X;X;X;X;X;X
ROM_ADJ;Румынск.;X;X;X;X;X;X
SLV_ADJ;Словацк.;X;X;X;X;X;X
SLO_ADJ;Словенск.;X;X;X;X;X;X
SWI_ADJ;Швейцарск.;X;X;X;X;X;X
POR_ADJ;Португальск.;X;X;X;X;X;X
SPA_ADJ;Испанск.;X;X;X;X;X;X
ALB_ADJ;Албанск.;X;X;X;X;X;X
BOS_ADJ;Боснийск.;X;X;X;X;X;X
BUL_ADJ;Болгарск.;X;X;X;X;X;X
GRE_ADJ;Греческ.;X;X;X;X;X;X
MON_ADJ;Черногорск.;X;X;X;X;X;X
SER_ADJ;Сербск.;X;X;X;X;X;X
SIE_ADJ;Трансильванск.;X;X;X;X;X;X
UKR_ADJ;Украинск.;X;X;X;X;X;X
AFG_ADJ;Афганск.;X;X;X;X;X;X
ARM_ADJ;Армянск.;X;X;X;X;X;X
GEO_ADJ;Грузинск.;X;X;X;X;X;X
OMA_ADJ;Оманск.;X;X;X;X;X;X
TUR_ADJ;Турецк.;X;X;X;X;X;X
PER_ADJ;Персидск.;X;X;X;X;X;X
YEM_ADJ;Йеменск.;X;X;X;X;X;X
KOR_ADJ;Корейск.;X;X;X;X;X;X
TIB_ADJ;Тибетск.;X;X;X;X;X;X
BRU_ADJ;Брунейск.;X;X;X;X;X;X
BUR_ADJ;Бирманск.;X;X;X;X;X;X
CAM_ADJ;Камбоджийск.;X;X;X;X;X;X
ALD_ADJ;Алжирск.;X;X;X;X;X;X
EGY_ADJ;Египетск.;X;X;X;X;X;X
MOR_ADJ;Марокканск.;X;X;X;X;X;X
TUN_ADJ;Тунисск.;X;X;X;X;X;X
LIB_ADJ;Либерийск.;X;X;X;X;X;X
LEV_ADJ;Львумбийск.;X;X;X;X;X;X
ETH_ADJ;Эфиопск.;X;X;X;X;X;X
MAD_ADJ;Мадагаскарск.;X;X;X;X;X;X
SAF_ADJ;Южно-африканск.;X;X;X;X;X;X
AST_ADJ;Австралийск.;X;X;X;X;X;X
NZL_ADJ;Новозеландск.;X;X;X;X;X;X
CAL_ADJ;Калифорнийск.;X;X;X;X;X;X
CAN_ADJ;Канадск.;X;X;X;X;X;X
CSA_ADJ;Конфедеративн.;X;X;X;X;X;X
QUE_ADJ;Квебекск.;X;X;X;X;X;X
CUB_ADJ;Кубинск.;X;X;X;X;X;X
COS_ADJ;Костариканск.;X;X;X;X;X;X
DOM_ADJ;Доминиканск.;X;X;X;X;X;X
GUA_ADJ;Гватемальск.;X;X;X;X;X;X
HAI_ADJ;Гаитянск.;X;X;X;X;X;X
HON_ADJ;Гондурасск.;X;X;X;X;X;X
NIC_ADJ;Никарагуанск.;X;X;X;X;X;X
PNM_ADJ;Панамск.;X;X;X;X;X;X
ELS_ADJ;Сальвадорск.;X;X;X;X;X;X
ARG_ADJ;Аргентинск.;X;X;X;X;X;X
BOL_ADJ;Боливийск.;X;X;X;X;X;X
BRZ_ADJ;Бразильск.;X;X;X;X;X;X
CHL_ADJ;Чилийск.;X;X;X;X;X;X
CLM_ADJ;Колумбийск.;X;X;X;X;X;X
ECU_ADJ;Эквадорск.;X;X;X;X;X;X
MEX_ADJ;Мексиканск.;X;X;X;X;X;X
PRG_ADJ;Парагвайск.;X;X;X;X;X;X
PEU_ADJ;Перуанск.;X;X;X;X;X;X
TEX_ADJ;Техасск.;X;X;X;X;X;X
URU_ADJ;Уругвайск.;X;X;X;X;X;X
VNZ_ADJ;Венесуэльск.;X;X;X;X;X;X
CAT_ADJ;Каталонск.;X;X;X;X;X;X
BAV_ADJ;Баварск.;X;X;X;X;X;X
PRU_ADJ;Прусск.;X;X;X;X;X;X
SGF_ADJ;Германск.;X;X;X;X;X;X
CRE_ADJ;Критск.;X;X;X;X;X;X
CRI_ADJ;Крымск.;X;X;X;X;X;X
RUT_ADJ;Русинск.;X;X;X;X;X;X
CYP_ADJ;Кипрск.;X;X;X;X;X;X
NEP_ADJ;Непальск.;X;X;X;X;X;X
UCA_ADJ;Центрально-американск.;X;X;X;X;X;X
HAW_ADJ;Гавайск.;X;X;X;X;X;X
SIA_ADJ;Сиамск.;X;X;X;X;X;X
CHE_ADJ;Черокск.;X;X;X;X;X;X
BHU_ADJ;Бутанск.;X;X;X;X;X;X
JAV_ADJ;Яванск.;X;X;X;X;X;X
BAL_ADJ;Балийск.;X;X;X;X;X;X
MUG_ADJ;Могольск.;X;X;X;X;X;X
MOL_ADJ;Молдавск.;X;X;X;X;X;X
WAL_ADJ;Валашск.;X;X;X;X;X;X
DAI_ADJ;Вьетнамск.;X;X;X;X;X;X
COL_ADJ;Колумбийск.;X;X;X;X;X;X
WIA_ADJ;Вьентьянск.;X;X;X;X;X;X
ZUL_ADJ;Зулусск.;X;X;X;X;X;X
ZAN_ADJ;Занзибарск.;X;X;X;X;X;X
HAN_ADJ;Ганноверск.;X;X;X;X;X;X
SIC_ADJ;Сицилийск.;X;X;X;X;X;X
HES_ADJ;Гессенск.;X;X;X;X;X;X
OLD_ADJ;Ольденбургск.;X;X;X;X;X;X
TAT_ADJ;Татарск.;X;X;X;X;X;X
MOD_ADJ;Моденск.;X;X;X;X;X;X
COB_ADJ;Саксонск.;X;X;X;X;X;X
MEI_ADJ;Саксонск.;X;X;X;X;X;X
WEI_ADJ;Саксонск.;X;X;X;X;X;X
SAX_ADJ;Саксонск.;X;X;X;X;X;X
BOH_ADJ;Богемск.;X;X;X;X;X;X
VEN_ADJ;Венецианск.;X;X;X;X;X;X
LOM_ADJ;Ломбардск.;X;X;X;X;X;X
HEK_ADJ;Гессенск.;X;X;X;X;X;X
MEC_ADJ;Мекленбургск.;X;X;X;X;X;X
NGF_ADJ;Северогерманск.;X;X;X;X;X;X
WUR_ADJ;Вюртембергск.;X;X;X;X;X;X
ABU_ADJ;Абу-дабийск.;X;X;X;X;X;X
ANH_ADJ;Ангальтск.;X;X;X;X;X;X
ATJ_ADJ;Ачехск.;X;X;X;X;X;X
AWA_ADJ;Авадхск.;X;X;X;X;X;X
BAS_ADJ;Бастарск.;X;X;X;X;X;X
BER_ADJ;Бародск.;X;X;X;X;X;X
BHO_ADJ;Бхопальск.;X;X;X;X;X;X
BIK_ADJ;Биканерск.;X;X;X;X;X;X
BRA_ADJ;Брауншвейгск.;X;X;X;X;X;X
BRE_ADJ;Бременск.;X;X;X;X;X;X
BUK_ADJ;Казахск.;X;X;X;X;X;X
BUN_ADJ;Банделькандск.;X;X;X;X;X;X
DES_ADJ;Мормонск.;X;X;X;X;X;X
FRM_ADJ;Франкфуртск.;X;X;X;X;X;X
GWA_ADJ;Гвалиярск.;X;X;X;X;X;X
HAM_ADJ;Гамбургск.;X;X;X;X;X;X
HDJ_ADJ;Хиджазск.;X;X;X;X;X;X
HOL_ADJ;Гольштейнск.;X;X;X;X;X;X
HYD_ADJ;Хайдерабадск.;X;X;X;X;X;X
IND_ADJ;Индаурск.;X;X;X;X;X;X
ION_ADJ;Ионическ.;X;X;X;X;X;X
JAI_ADJ;Джайпурск.;X;X;X;X;X;X
JAS_ADJ;Джайсалмерск.;X;X;X;X;X;X
JOD_ADJ;Джодхпурск.;X;X;X;X;X;X
JOH_ADJ;Джохорск.;X;X;X;X;X;X
KAL_ADJ;Калатск.;X;X;X;X;X;X
KAS_ADJ;Кашмирск.;X;X;X;X;X;X
KHI_ADJ;Хиванск.;X;X;X;X;X;X
KOK_ADJ;Кокандск.;X;X;X;X;X;X
KRA_ADJ;Краковск.;X;X;X;X;X;X
KUT_ADJ;Качск.;X;X;X;X;X;X
LAD_ADJ;Ладакхск.;X;X;X;X;X;X
LIP_ADJ;Липпск.;X;X;X;X;X;X
LUA_ADJ;Луанг-прабангск.;X;X;X;X;X;X
LUB_ADJ;Любекск.;X;X;X;X;X;X
LUC_ADJ;Лукканск.;X;X;X;X;X;X
MAK_ADJ;Мекранск.;X;X;X;X;X;X
MAN_ADJ;Манхеттенск.;X;X;X;X;X;X
MEW_ADJ;Меварск.;X;X;X;X;X;X
MTC_ADJ;Метисск.;X;X;X;X;X;X
MYS_ADJ;Майсурск.;X;X;X;X;X;X
NAG_ADJ;Нагпурск.;X;X;X;X;X;X
NAL_ADJ;Натальск.;X;X;X;X;X;X
NAS_ADJ;Нассауск.;X;X;X;X;X;X
NEJ_ADJ;Недждск.;X;X;X;X;X;X
NEN_ADJ;Новоанглийск.;X;X;X;X;X;X
NEW_ADJ;Ньюфаундлендск.;X;X;X;X;X;X
ORA_ADJ;Оранж.;X;X;X;X;X;X
ORI_ADJ;Орисск.;X;X;X;X;X;X
PAN_ADJ;Пенджабск.;X;X;X;X;X;X
PAP_ADJ;Папск.;X;X;X;X;X;X
PAR_ADJ;Пармск.;X;X;X;X;X;X
SAR_ADJ;Пьемонтск.;X;X;X;X;X;X
SCH_ADJ;Шлезвигск.;X;X;X;X;X;X
SHI_ADJ;Шимлянск.;X;X;X;X;X;X
SIK_ADJ;Сиккимск.;X;X;X;X;X;X
SIN_ADJ;Синдск.;X;X;X;X;X;X
SOK_ADJ;Сокотск.;X;X;X;X;X;X
TRA_ADJ;Траванкорск.;X;X;X;X;X;X
TRE_ADJ;Триестск.;X;X;X;X;X;X
TRI_ADJ;Триполитанск.;X;X;X;X;X;X
TRN_ADJ;Трансваальск.;X;X;X;X;X;X
TUS_ADJ;Тосканск.;X;X;X;X;X;X
ENG_fascist_dictatorship;Великобританская Республика;X;X;X;X;X;X
ENG_fascist_dictatorship_ADJ;Британск.;X;X;X;X;X;X
YES;Да;X;X;X;X;X;X
AND;и;X;X;X;X;X;X
REQ;Для такого строительства необходимо наличие другого сооружения.;X;X;X;X;X;X
WON;§GПобеда;X;X;X;X;X;X
HAS;Есть ;X;X;X;X;X;X
KPH;км/ч;X;X;X;X;X;X
ABU_conservative;Совет шейхов;X;X;X;X;X;X
ABU_conservative_2;'Замиренные' шейхи;X;X;X;X;X;X
ABU_liberal;Либеральная партия;X;X;X;X;X;X
ABU_reactionary;Националистическая партия;X;X;X;X;X;X
ABU_anarcho_liberal;Радикальная партия;X;X;X;X;X;X
ABU_socialist;Социалистическая партия;X;X;X;X;X;X
ABU_communist;Коммунистическая партия;X;X;X;X;X;X
ABU_fascist;Фашистская партия;X;X;X;X;X;X
YEM_conservative;Партия Шейха;X;X;X;X;X;X
YEM_liberal;Либеральная партия;X;X;X;X;X;X
YEM_reactionary;Националистическая партия;X;X;X;X;X;X
YEM_anarcho_liberal;Радикальная партия;X;X;X;X;X;X
YEM_socialist;Социалистическая партия;X;X;X;X;X;X
YEM_communist;Коммунистическая партия;X;X;X;X;X;X
YEM_fascist;Фашистская партия;X;X;X;X;X;X
AFG_conservative;Партия эмира;X;X;X;X;X;X
AFG_liberal;Партия паши;X;X;X;X;X;X
AFG_liberal_2;Либеральная партия;X;X;X;X;X;X
AFG_reactionary;Националистическая партия;X;X;X;X;X;X
AFG_anarcho_liberal;Радикальная партия;X;X;X;X;X;X
AFG_socialist;Социалистическая партия;X;X;X;X;X;X
AFG_communist;Коммунистическая партия;X;X;X;X;X;X
AFG_fascist;Фашистская партия;X;X;X;X;X;X
ALB_conservative;Партия паши;X;X;X;X;X;X
ALB_reactionary;Призренская Лига;X;X;X;X;X;X
ALB_liberal;Национальное Собрание;X;X;X;X;X;X
ALB_conservative_2;Партия роялистов;X;X;X;X;X;X
ALB_liberal_2;Либеральная партия;X;X;X;X;X;X
ALB_reactionary_2;Правая партия;X;X;X;X;X;X
ALB_anarcho_liberal;Радикальная партия;X;X;X;X;X;X
ALB_socialist;Социалистическая партия;X;X;X;X;X;X
ALB_communist;Коммунистическая партия;X;X;X;X;X;X
ALB_fascist;Фашистская партия;X;X;X;X;X;X
ALD_conservative;Партия бея;X;X;X;X;X;X
ALD_reactionary;Партия эмира;X;X;X;X;X;X
ALD_liberal;Генеральный совет;X;X;X;X;X;X
ALD_liberal_2;Партия 'Молодежь Алжира';X;X;X;X;X;X
ALD_liberal_3;Либеральная партия;X;X;X;X;X;X
ALD_reactionary_2;Националистическая партия;X;X;X;X;X;X
ALD_anarcho_liberal;Радикальная партия;X;X;X;X;X;X
ALD_socialist;Социалистическая партия;X;X;X;X;X;X
ALD_communist;Коммунистическая партия;X;X;X;X;X;X
ALD_fascist;Фашистская партия;X;X;X;X;X;X
ANH_liberal;Либерально-демократическая партия;X;X;X;X;X;X
ANH_conservative;Партия 'Центра';X;X;X;X;X;X
ANH_liberal_2;Национал-либеральная партия;X;X;X;X;X;X
ANH_liberal_3;Свободная партия;X;X;X;X;X;X
ANH_socialist;Союз немецких рабочих обществ;X;X;X;X;X;X
ANH_socialist_2;СДРП;X;X;X;X;X;X
ANH_socialist_3;Социалистическая рабочая партия;X;X;X;X;X;X
ANH_reactionary;Национальная партия;X;X;X;X;X;X
ANH_conservative_2;Консервативная партия;X;X;X;X;X;X
ANH_conservative_3;Христианско-социальная рабочая партия;X;X;X;X;X;X
ANH_anarcho_liberal;Радикальная рабочая партия;X;X;X;X;X;X
ANH_communist;Коммунистическая рабочая партия;X;X;X;X;X;X
ANH_fascist;НСДАП;X;X;X;X;X;X
ANN_conservative;Нгуен дан тар;X;X;X;X;X;X
ANN_liberal;Кан Выонг;X;X;X;X;X;X
ANN_liberal_2;Общество обновления Вьетнама;X;X;X;X;X;X
ANN_anarcho_liberal;Общество возрождения Вьетнама;X;X;X;X;X;X
ANN_liberal_3;Либеральная партия;X;X;X;X;X;X
ANN_liberal_4;Либеральная партия;X;X;X;X;X;X
ANN_reactionary;Националистическая партия;X;X;X;X;X;X
ANN_anarcho_liberal_2;Радикальная партия;X;X;X;X;X;X
ANN_socialist;Социалистическая партия;X;X;X;X;X;X
ANN_communist;Коммунистическая партия;X;X;X;X;X;X
ANN_fascist;Фашистская партия;X;X;X;X;X;X
ARG_liberal;Либеральная партия;X;X;X;X;X;X
ARG_liberal_2;Унитарная партия;X;X;X;X;X;X
ARG_conservative;Федеральная партия;X;X;X;X;X;X
ARG_conservative_2;Католическая партия;X;X;X;X;X;X
ARG_conservative_3;Национальная автономистская партия;X;X;X;X;X;X
ARG_conservative_4;Автономистская партия;X;X;X;X;X;X
ARG_liberal_3;Гражданский союз;X;X;X;X;X;X
ARG_socialist;Социалистическая партия;X;X;X;X;X;X
ARG_conservative_5;Национальный гражданский союз;X;X;X;X;X;X
ARG_liberal_4;Национальный радикальный союз;X;X;X;X;X;X
ARG_reactionary;Союз офицеров;X;X;X;X;X;X
ARG_anarcho_liberal;Радикальная правая партия;X;X;X;X;X;X
ARG_communist;Коммунистическая партия;X;X;X;X;X;X
ARG_fascist;Хуастиалистская партия;X;X;X;X;X;X
ARM_conservative;Партия бея;X;X;X;X;X;X
ARM_conservative_2;Арменаканы;X;X;X;X;X;X
ARM_liberal;Тот Шерепа;X;X;X;X;X;X
ARM_socialist;Хнчаки;X;X;X;X;X;X
ARM_socialist_2;Дашнакцутюн;X;X;X;X;X;X
ARM_liberal_2;Либеральная партия;X;X;X;X;X;X
ARM_liberal_3;Либеральная партия;X;X;X;X;X;X
ARM_reactionary;Националистическая партия;X;X;X;X;X;X
ARM_anarcho_liberal;Радикальная партия;X;X;X;X;X;X
ARM_communist;Коммунистическая партия;X;X;X;X;X;X
ARM_fascist;Фашистская партия;X;X;X;X;X;X
AST_liberal;Партия свободной торговли;X;X;X;X;X;X
AST_conservative;Протекционистская партия;X;X;X;X;X;X
AST_socialist;Лейбористская партия Австралии;X;X;X;X;X;X
AST_liberal_2;Либеральная партия;X;X;X;X;X;X
AST_conservative_2;Сельская партия;X;X;X;X;X;X
AST_communist;Коммунистическая партия Австралии;X;X;X;X;X;X
AST_reactionary;Националистическая партия;X;X;X;X;X;X
AST_anarcho_liberal;Радикальная партия;X;X;X;X;X;X
AST_fascist;Фашистская партия;X;X;X;X;X;X
ATJ_conservative;Партия роялистов;X;X;X;X;X;X
AUS_conservative;Сторонники Меттерниха;X;X;X;X;X;X
AUS_conservative_2;Сторонники Коловрата;X;X;X;X;X;X
AUS_reactionary;Неоабсолютисты;X;X;X;X;X;X
AUS_socialist;Радикальная партия;X;X;X;X;X;X
AUS_liberal;Федералистская партия;X;X;X;X;X;X
AUS_conservative_3;Сторонники Баха;X;X;X;X;X;X
AUS_conservative_4;Железное кольцо;X;X;X;X;X;X
AUS_socialist_2;Социалистическая левая партия;X;X;X;X;X;X
AUS_reactionary_2;Немецкая радикальная партия;X;X;X;X;X;X
AUS_conservative_5;Народная партия;X;X;X;X;X;X
AUS_liberal_2;Партия свободы;X;X;X;X;X;X
AUS_communist;Коммунистическая партия;X;X;X;X;X;X
AUS_socialist_3;Социал-демократическая партия;X;X;X;X;X;X
AUS_anarcho_liberal;Радикальная партия;X;X;X;X;X;X
AUS_fascist;НСДАП;X;X;X;X;X;X
AWA_conservative;Партия роялистов;X;X;X;X;X;X
AWA_liberal;Либеральная партия;X;X;X;X;X;X
AWA_reactionary;Националистическая партия;X;X;X;X;X;X
AWA_anarcho_liberal;Радикальная партия;X;X;X;X;X;X
AWA_socialist;Социалистическая партия;X;X;X;X;X;X
AWA_communist;Коммунистическая партия;X;X;X;X;X;X
AWA_fascist;Фашистская партия;X;X;X;X;X;X
BAD_liberal;Либерально-демократическая партия;X;X;X;X;X;X
BAD_conservative;Партия 'Центра';X;X;X;X;X;X
BAD_liberal_2;Национал-либеральная партия;X;X;X;X;X;X
BAD_liberal_3;Свободная партия;X;X;X;X;X;X
BAD_socialist;Союз немецких рабочих обществ;X;X;X;X;X;X
BAD_socialist_2;СДРП;X;X;X;X;X;X
BAD_socialist_3;Социалистическая рабочая партия;X;X;X;X;X;X
BAD_reactionary;Национальная партия;X;X;X;X;X;X
BAD_conservative_2;Консервативная партия;X;X;X;X;X;X
BAD_conservative_3;Христианско-социальная рабочая партия;X;X;X;X;X;X
BAD_anarcho_liberal;Радикальная рабочая партия;X;X;X;X;X;X
BAD_communist;Коммунистическая рабочая партия;X;X;X;X;X;X
BAL_conservative;Партия роялистов;X;X;X;X;X;X
BAL_liberal;Либеральная партия;X;X;X;X;X;X
BAL_reactionary;Националистическая партия;X;X;X;X;X;X
BAL_anarcho_liberal;Радикальная партия;X;X;X;X;X;X
BAL_socialist;Социалистическая партия;X;X;X;X;X;X
BAL_communist;Коммунистическая партия;X;X;X;X;X;X
BAL_fascist;Фашистская партия;X;X;X;X;X;X
BAS_conservative;Партия роялистов;X;X;X;X;X;X
BAS_liberal;Либеральная партия;X;X;X;X;X;X
BAS_reactionary;Националистическая партия;X;X;X;X;X;X
BAS_anarcho_liberal;Радикальная партия;X;X;X;X;X;X
BAS_socialist;Социалистическая партия;X;X;X;X;X;X
BAS_communist;Коммунистическая партия;X;X;X;X;X;X
BAS_fascist;Фашистская партия;X;X;X;X;X;X
BAY_liberal;Либерально-демократическая партия;X;X;X;X;X;X
BAY_conservative;Партия 'Центра';X;X;X;X;X;X
BAY_liberal_2;Национал-либеральная партия;X;X;X;X;X;X
BAY_liberal_3;Свободная партия;X;X;X;X;X;X
BAY_socialist;Союз немецких рабочих обществ;X;X;X;X;X;X
BAY_socialist_2;СДРП;X;X;X;X;X;X
BAY_socialist_3;Социалистическая рабочая партия;X;X;X;X;X;X
BAY_reactionary;Национальная партия;X;X;X;X;X;X
BAY_conservative_2;Консервативная партия;X;X;X;X;X;X
BAY_conservative_3;Христианско-социальная рабочая партия;X;X;X;X;X;X
BAY_anarcho_liberal;Радикальная рабочая партия;X;X;X;X;X;X
BAY_communist;Коммунистическая партия;X;X;X;X;X;X
BEL_liberal;Либеральная партия;X;X;X;X;X;X
BEL_conservative;Католическая партия;X;X;X;X;X;X
BEL_socialist;Бельгийская рабочая партия;X;X;X;X;X;X
BEL_conservative_2;Христианская народная партия;X;X;X;X;X;X
BEL_conservative_3;Соборная партия;X;X;X;X;X;X
BEL_reactionary;Националистическая партия;X;X;X;X;X;X
BEL_anarcho_liberal;Радикальная партия;X;X;X;X;X;X
BEL_communist;Коммунистическая партия;X;X;X;X;X;X
BEL_fascist;Рексистская партия;X;X;X;X;X;X
BER_conservative;Партия роялистов;X;X;X;X;X;X
BER_liberal;Либеральная партия;X;X;X;X;X;X
BER_reactionary;Националистическая партия;X;X;X;X;X;X
BER_anarcho_liberal;Радикальная партия;X;X;X;X;X;X
BER_socialist;Социалистическая партия;X;X;X;X;X;X
BER_communist;Коммунистическая партия;X;X;X;X;X;X
BER_fascist;Фашистская партия;X;X;X;X;X;X
BHO_conservative;Партия роялистов;X;X;X;X;X;X
BHO_liberal;Либеральная партия;X;X;X;X;X;X
BHO_reactionary;Националистическая партия;X;X;X;X;X;X
BHO_anarcho_liberal;Радикальная партия;X;X;X;X;X;X
BHO_socialist;Социалистическая партия;X;X;X;X;X;X
BHO_communist;Коммунистическая партия;X;X;X;X;X;X
BHO_fascist;Фашистская партия;X;X;X;X;X;X
BHU_conservative;Партия роялистов;X;X;X;X;X;X
BHU_liberal;Либеральная партия;X;X;X;X;X;X
BHU_reactionary;Националистическая партия;X;X;X;X;X;X
BHU_anarcho_liberal;Радикальная партия;X;X;X;X;X;X
BHU_socialist;Социалистическая партия;X;X;X;X;X;X
BHU_communist;Коммунистическая партия;X;X;X;X;X;X
BHU_fascist;Фашистская партия;X;X;X;X;X;X
BIK_conservative;Партия роялистов;X;X;X;X;X;X
BIK_liberal;Либеральная партия;X;X;X;X;X;X
BIK_reactionary;Националистическая партия;X;X;X;X;X;X
BIK_anarcho_liberal;Радикальная партия;X;X;X;X;X;X
BIK_socialist;Социалистическая партия;X;X;X;X;X;X
BIK_communist;Коммунистическая партия;X;X;X;X;X;X
BIK_fascist;Фашистская партия;X;X;X;X;X;X
BOH_conservative;Партия роялистов;X;X;X;X;X;X
BOH_liberal;Либеральная партия;X;X;X;X;X;X
BOH_reactionary;Националистическая партия;X;X;X;X;X;X
BOH_anarcho_liberal;Радикальная партия;X;X;X;X;X;X
BOH_socialist;Социалистическая партия;X;X;X;X;X;X
BOH_communist;Коммунистическая партия;X;X;X;X;X;X
BOH_fascist;Фашистская партия;X;X;X;X;X;X
BOL_conservative;Консервативная партия;X;X;X;X;X;X
BOL_liberal;Либеральная партия;X;X;X;X;X;X
BOL_liberal_2;Популистская партия;X;X;X;X;X;X
BOL_reactionary;Националистическая партия;X;X;X;X;X;X
BOL_anarcho_liberal;Радикальная партия;X;X;X;X;X;X
BOL_socialist;Социалистическая партия;X;X;X;X;X;X
BOL_communist;Коммунистическая партия;X;X;X;X;X;X
BOL_fascist;Фашистская партия;X;X;X;X;X;X
BOS_conservative;Лига королевского правления;X;X;X;X;X;X
BOS_liberal;Конституционная демократическая партия;X;X;X;X;X;X
BOS_reactionary;Православная сербская партия;X;X;X;X;X;X
BOS_anarcho_liberal;Республиканская радикальная партия;X;X;X;X;X;X
BOS_socialist;Социалистическая рабочая партия;X;X;X;X;X;X
BOS_communist;Коммунистическая партия;X;X;X;X;X;X
BOS_fascist;Усташи;X;X;X;X;X;X
BRA_liberal;Либерально-демократическая партия;X;X;X;X;X;X
BRA_conservative;Партия 'Центра';X;X;X;X;X;X
BRA_liberal_2;Национал-либеральная партия;X;X;X;X;X;X
BRA_liberal_3;Свободная партия;X;X;X;X;X;X
BRA_socialist;Союз немецких рабочих обществ;X;X;X;X;X;X
BRA_socialist_2;СДРП;X;X;X;X;X;X
BRA_socialist_3;Социалистическая рабочая партия;X;X;X;X;X;X
BRA_reactionary;Национальная партия;X;X;X;X;X;X
BRA_conservative_2;Консервативная партия;X;X;X;X;X;X
BRA_conservative_3;Христианско-социальная рабочая партия;X;X;X;X;X;X
BRA_anarcho_liberal;Радикальная рабочая партия;X;X;X;X;X;X
BRA_communist;Коммунистическая рабочая партия;X;X;X;X;X;X
BRA_fascist;НСДАП;X;X;X;X;X;X
BRE_liberal;Либерально-демократическая партия;X;X;X;X;X;X
BRE_conservative;Партия 'Центра';X;X;X;X;X;X
BRE_liberal_2;Национал-либеральная партия;X;X;X;X;X;X
BRE_liberal_3;Свободная партия;X;X;X;X;X;X
BRE_socialist;Союз немецких рабочих обществ;X;X;X;X;X;X
BRE_socialist_2;СДРП;X;X;X;X;X;X
BRE_socialist_3;Социалистическая рабочая партия;X;X;X;X;X;X
BRE_reactionary;Национальная партия;X;X;X;X;X;X
BRE_conservative_2;Консервативная партия;X;X;X;X;X;X
BRE_conservative_3;Христианско-социальная рабочая партия;X;X;X;X;X;X
BRE_anarcho_liberal;Радикальная рабочая партия;X;X;X;X;X;X
BRE_communist;Коммунистическая рабочая партия;X;X;X;X;X;X
BRE_fascist;НСДАП;X;X;X;X;X;X
BRU_conservative;Партия роялистов;X;X;X;X;X;X
BRU_liberal;Либеральная партия;X;X;X;X;X;X
BRU_reactionary;Националистическая партия;X;X;X;X;X;X
BRU_anarcho_liberal;Радикальная партия;X;X;X;X;X;X
BRU_socialist;Социалистическая партия;X;X;X;X;X;X
BRU_communist;Коммунистическая партия;X;X;X;X;X;X
BRU_fascist;Фашистская партия;X;X;X;X;X;X
BRZ_liberal;Либеральная партия;X;X;X;X;X;X
BRZ_conservative;Консервативная партия;X;X;X;X;X;X
BRZ_reactionary;Партия Карамуру;X;X;X;X;X;X
BRZ_conservative_2;Паулистская партия;X;X;X;X;X;X
BRZ_liberal_2;Партия Рио-де-Жанейро;X;X;X;X;X;X
BRZ_anarcho_liberal;Радикальная партия;X;X;X;X;X;X
BRZ_socialist;Социалистическая партия;X;X;X;X;X;X
BRZ_communist;Коммунистическая партия;X;X;X;X;X;X
BRZ_fascist;Фашистская партия;X;X;X;X;X;X
BUK_conservative;Партия роялистов;X;X;X;X;X;X
BUK_liberal;Либеральная партия;X;X;X;X;X;X
BUK_reactionary;Националистическая партия;X;X;X;X;X;X
BUK_anarcho_liberal;Радикальная партия;X;X;X;X;X;X
BUK_socialist;Социалистическая партия;X;X;X;X;X;X
BUK_communist;Коммунистическая партия;X;X;X;X;X;X
BUK_fascist;Фашистская партия;X;X;X;X;X;X
BUL_liberal;Либеральная партия;X;X;X;X;X;X
BUL_conservative;Партия консерваторов;X;X;X;X;X;X
BUL_socialist;Социалистическая партия;X;X;X;X;X;X
BUL_reactionary;Националистическая партия;X;X;X;X;X;X
BUL_anarcho_liberal;Радикальная партия;X;X;X;X;X;X
BUL_communist;Коммунистическая партия;X;X;X;X;X;X
BUL_fascist;Фашистская партия;X;X;X;X;X;X
BUN_conservative;Партия роялистов;X;X;X;X;X;X
BUN_liberal;Либеральная партия;X;X;X;X;X;X
BUN_reactionary;Националистическая партия;X;X;X;X;X;X
BUN_anarcho_liberal;Радикальная партия;X;X;X;X;X;X
BUN_socialist;Социалистическая партия;X;X;X;X;X;X
BUN_communist;Коммунистическая партия;X;X;X;X;X;X
BUN_fascist;Фашистская партия;X;X;X;X;X;X
BUR_conservative;Партия роялистов;X;X;X;X;X;X
BUR_liberal;Либеральная партия;X;X;X;X;X;X
BUR_reactionary;Националистическая партия;X;X;X;X;X;X
BUR_anarcho_liberal;Радикальная партия;X;X;X;X;X;X
BUR_socialist;Социалистическая партия;X;X;X;X;X;X
BUR_communist;Коммунистическая партия;X;X;X;X;X;X
BUR_fascist;Фашистская партия;X;X;X;X;X;X
CAL_liberal;Партия свободы;X;X;X;X;X;X
CAL_anarcho_liberal;Демократическая партия;X;X;X;X;X;X
CAL_liberal_2;Партия фрисойлеров;X;X;X;X;X;X
CAL_anarcho_liberal_2;Партия популистов;X;X;X;X;X;X
CAL_reactionary;Империалистическая партия Калифорнии;X;X;X;X;X;X
CAL_socialist;Радикальная партия;X;X;X;X;X;X
CAL_liberal_3;Прогрессивная партия;X;X;X;X;X;X
CAL_communist;Коммунистическая партия;X;X;X;X;X;X
CAL_fascist;Фашистская партия;X;X;X;X;X;X
CAM_conservative;Партия роялистов;X;X;X;X;X;X
CAM_liberal;Либеральная партия;X;X;X;X;X;X
CAM_reactionary;Националистическая партия;X;X;X;X;X;X
CAM_anarcho_liberal;Радикальная партия;X;X;X;X;X;X
CAM_socialist;Социалистическая партия;X;X;X;X;X;X
CAM_communist;Коммунистическая партия;X;X;X;X;X;X
CAM_fascist;Фашистская партия;X;X;X;X;X;X
CAN_liberal;Либеральная партия;X;X;X;X;X;X
CAN_conservative;Консервативная партия;X;X;X;X;X;X
CAN_reactionary;Националистическая партия;X;X;X;X;X;X
CAN_anarcho_liberal;Радикальная партия;X;X;X;X;X;X
CAN_socialist;Социалистическая партия;X;X;X;X;X;X
CAN_communist;Коммунистическая партия;X;X;X;X;X;X
CAN_fascist;Фашистская партия;X;X;X;X;X;X
CAT_conservative;Лига Каталонии;X;X;X;X;X;X
CAT_liberal;Республиканская партия;X;X;X;X;X;X
CAT_anarcho_liberal;Каталонское национальное единство;X;X;X;X;X;X
CAT_conservative_2;Регионалистская лига;X;X;X;X;X;X
CAT_liberal_2;Партия каталонского государства;X;X;X;X;X;X
CAT_socialist;Объединённая социалистическая партия;X;X;X;X;X;X
CAT_liberal_3;Республиканская лига;X;X;X;X;X;X
CAT_reactionary;Платформа для Каталонии;X;X;X;X;X;X
CAT_communist;Национальная конфедерация труда;X;X;X;X;X;X
CAT_fascist;Государство европейской нации;X;X;X;X;X;X
CHE_liberal;Партия Прародины;X;X;X;X;X;X
CHE_conservative;Традиционалистская партия;X;X;X;X;X;X
CHE_conservative_2;Национальная партия;X;X;X;X;X;X
CHE_socialist;Социальная партия;X;X;X;X;X;X
CHE_reactionary;Националистическая партия;X;X;X;X;X;X
CHE_anarcho_liberal;Радикальная партия;X;X;X;X;X;X
CHE_communist;Коммунистическая партия;X;X;X;X;X;X
CHE_fascist;Фашистская партия;X;X;X;X;X;X
CHL_conservative;Партия консерваторов;X;X;X;X;X;X
CHL_liberal;Либеральная партия;X;X;X;X;X;X
CHL_conservative_2;Консервативная партия;X;X;X;X;X;X
CHL_liberal_2;Либеральная партия;X;X;X;X;X;X
CHL_conservative_3;Национальная партия;X;X;X;X;X;X
CHL_liberal_3;Либеральный альянс;X;X;X;X;X;X
CHL_liberal_4;Либерально-демократическая партия;X;X;X;X;X;X
CHL_reactionary;Националистическая партия;X;X;X;X;X;X
CHL_anarcho_liberal;Радикальная партия;X;X;X;X;X;X
CHL_socialist;Социалистическая партия;X;X;X;X;X;X
CHL_communist;Коммунистическая партия;X;X;X;X;X;X
CHL_fascist;Фашистская партия;X;X;X;X;X;X
CLM_anarcho_liberal;Партия федералистов;X;X;X;X;X;X
CLM_conservative;Консервативная партия;X;X;X;X;X;X
CLM_liberal;Либеральная партия;X;X;X;X;X;X
CLM_liberal_2;Национальная партия;X;X;X;X;X;X
CLM_reactionary;Националистическая партия;X;X;X;X;X;X
CLM_socialist;Социалистическая партия;X;X;X;X;X;X
CLM_communist;Коммунистическая партия;X;X;X;X;X;X
CLM_fascist;Фашистская партия;X;X;X;X;X;X
COB_liberal;Либерально-демократическая партия;X;X;X;X;X;X
COB_conservative;Партия 'Центра';X;X;X;X;X;X
COB_liberal_2;Национал-либеральная партия;X;X;X;X;X;X
COB_liberal_3;Свободная партия;X;X;X;X;X;X
COB_socialist;Союз немецких рабочих обществ;X;X;X;X;X;X
COB_socialist_2;СДРП;X;X;X;X;X;X
COB_socialist_3;Социалистическая рабочая партия;X;X;X;X;X;X
COB_reactionary;Национальная партия;X;X;X;X;X;X
COB_conservative_2;Консервативная партия;X;X;X;X;X;X
COB_conservative_3;Христианско-социальная рабочая партия;X;X;X;X;X;X
COB_anarcho_liberal;Радикальная рабочая партия;X;X;X;X;X;X
COB_communist;Коммунистическая рабочая партия;X;X;X;X;X;X
COB_fascist;НСДАП;X;X;X;X;X;X
COL_liberal;Либеральная партия;X;X;X;X;X;X
COL_conservative;Консервативная партия;X;X;X;X;X;X
COL_socialist;Социалистическая партия;X;X;X;X;X;X
COL_reactionary;Националистическая партия;X;X;X;X;X;X
COL_anarcho_liberal;Радикальная партия;X;X;X;X;X;X
COL_communist;Коммунистическая партия;X;X;X;X;X;X
COL_fascist;Фашистская партия;X;X;X;X;X;X
COS_conservative;Консервативная партия;X;X;X;X;X;X
COS_liberal;Либеральная партия;X;X;X;X;X;X
COS_conservative_2;Партия национального единства;X;X;X;X;X;X
COS_reactionary;Националистическая партия;X;X;X;X;X;X
COS_anarcho_liberal;Радикальная партия;X;X;X;X;X;X
COS_socialist;Социалистическая партия;X;X;X;X;X;X
COS_communist;Коммунистическая партия;X;X;X;X;X;X
COS_fascist;Фашистская партия;X;X;X;X;X;X
CRE_conservative;Партия роялистов;X;X;X;X;X;X
CRE_liberal;Либеральная партия;X;X;X;X;X;X
CRE_reactionary;Националистическая партия;X;X;X;X;X;X
CRE_anarcho_liberal;Радикальная партия;X;X;X;X;X;X
CRE_socialist;Социалистическая партия;X;X;X;X;X;X
CRE_communist;Коммунистическая партия;X;X;X;X;X;X
CRE_fascist;Фашистская партия;X;X;X;X;X;X
CRI_conservative;Партия роялистов;X;X;X;X;X;X
CRI_liberal;Либеральная партия;X;X;X;X;X;X
CRI_reactionary;Националистическая партия;X;X;X;X;X;X
CRI_anarcho_liberal;Радикальная партия;X;X;X;X;X;X
CRI_socialist;Социалистическая партия;X;X;X;X;X;X
CRI_communist;Коммунистическая партия;X;X;X;X;X;X
CRI_fascist;Фашистская партия;X;X;X;X;X;X
CRO_conservative;Партия хорватского единства;X;X;X;X;X;X
CRO_liberal;Национал-демократическая партия;X;X;X;X;X;X
CRO_reactionary;Партия национальной обороны;X;X;X;X;X;X
CRO_anarcho_liberal;Революционная республиканская партия;X;X;X;X;X;X
CRO_socialist;Социалистическая рабочая партия;X;X;X;X;X;X
CRO_communist;Коммунистическая партия;X;X;X;X;X;X
CRO_fascist;Усташи;X;X;X;X;X;X
CSA_anarcho_liberal;Демократическая партия;X;X;X;X;X;X
CSA_conservative;Партия вигов;X;X;X;X;X;X
CSA_liberal;Демократическая партия;X;X;X;X;X;X
CSA_liberal_2;Партия вигов;X;X;X;X;X;X
CSA_liberal_3;Популистская партия;X;X;X;X;X;X
CSA_socialist;Революционное братство;X;X;X;X;X;X
CSA_reactionary;Партия Новой Америки;X;X;X;X;X;X
CSA_communist;Коммунистическая партия;X;X;X;X;X;X
CSA_fascist;Фашистская партия;X;X;X;X;X;X
CUB_reactionary;Партия реалистов;X;X;X;X;X;X
CUB_liberal;Либеральная партия;X;X;X;X;X;X
CUB_conservative;Партия консерваторов;X;X;X;X;X;X
CUB_liberal_2;Кубинская революционная партия;X;X;X;X;X;X
CUB_conservative_2;Умеренная партия;X;X;X;X;X;X
CUB_conservative_3;Консервативная партия;X;X;X;X;X;X
CUB_liberal_3;Либеральная партия;X;X;X;X;X;X
CUB_anarcho_liberal;Либертарианская партия;X;X;X;X;X;X
CUB_socialist;Левая рабочая партия;X;X;X;X;X;X
CUB_communist;Движение 26 июля;X;X;X;X;X;X
CUB_fascist;Национал-социалистический фронт;X;X;X;X;X;X
CYP_conservative;Партия роялистов;X;X;X;X;X;X
CYP_liberal;Либеральная партия;X;X;X;X;X;X
CYP_reactionary;Националистическая партия;X;X;X;X;X;X
CYP_anarcho_liberal;Радикальная партия;X;X;X;X;X;X
CYP_socialist;Социалистическая партия;X;X;X;X;X;X
CYP_communist;Коммунистическая партия;X;X;X;X;X;X
CYP_fascist;Фашистская партия;X;X;X;X;X;X
DAI_conservative;Партия роялистов;X;X;X;X;X;X
DAI_liberal;Либеральная партия;X;X;X;X;X;X
DAI_reactionary;Националистическая партия;X;X;X;X;X;X
DAI_anarcho_liberal;Радикальная партия;X;X;X;X;X;X
DAI_socialist;Социалистическая партия;X;X;X;X;X;X
DAI_communist;Коммунистическая партия;X;X;X;X;X;X
DAI_fascist;Фашистская партия;X;X;X;X;X;X
DAN_liberal;Партия Венстре;X;X;X;X;X;X
DAN_conservative;Правая партия;X;X;X;X;X;X
DAN_liberal_2;Национал-либеральная партия;X;X;X;X;X;X
DAN_socialist;Социал-демократическая партия;X;X;X;X;X;X
DAN_reactionary;Партия роялистов;X;X;X;X;X;X
DAN_anarcho_liberal;Радикальная Венстре;X;X;X;X;X;X
DAN_communist;Коммунистическая партия;X;X;X;X;X;X
DAN_fascist;Фашистская партия;X;X;X;X;X;X
DES_reactionary;Мормонская народная партия;X;X;X;X;X;X
DES_liberal;Либеральная партия;X;X;X;X;X;X
DES_conservative;Юнионистская партия;X;X;X;X;X;X
DES_anarcho_liberal;Радикальная партия;X;X;X;X;X;X
DES_socialist;Социалистическая партия;X;X;X;X;X;X
DES_communist;Коммунистическая партия;X;X;X;X;X;X
DES_fascist;Фашистская партия;X;X;X;X;X;X
DOM_liberal;Либеральная партия;X;X;X;X;X;X
DOM_conservative;Партия консерваторов;X;X;X;X;X;X
DOM_conservative_2;Партия тринитариев;X;X;X;X;X;X
DOM_liberal_2;Синяя партия;X;X;X;X;X;X
DOM_conservative_3;Красная партия;X;X;X;X;X;X
DOM_liberal_3;Консерваторы;X;X;X;X;X;X
DOM_liberal_4;Зеленая партия;X;X;X;X;X;X
DOM_liberal_5;Партия хименистов;X;X;X;X;X;X
DOM_conservative_4;Партия орасистов;X;X;X;X;X;X
DOM_reactionary;Националистическая партия;X;X;X;X;X;X
DOM_anarcho_liberal;Радикальная партия;X;X;X;X;X;X
DOM_socialist;Социалистическая партия;X;X;X;X;X;X
DOM_communist;Коммунистическая партия;X;X;X;X;X;X
DOM_fascist;Фашистская партия;X;X;X;X;X;X
DZG_liberal;Либерально-демократическая партия;X;X;X;X;X;X
DZG_conservative;Партия 'Центра';X;X;X;X;X;X
DZG_liberal_2;Национал-либеральная партия;X;X;X;X;X;X
DZG_liberal_3;Свободная партия;X;X;X;X;X;X
DZG_socialist;Союз немецких рабочих обществ;X;X;X;X;X;X
DZG_socialist_2;СДРП;X;X;X;X;X;X
DZG_socialist_3;Социалистическая рабочая партия;X;X;X;X;X;X
DZG_reactionary;Национальная партия;X;X;X;X;X;X
DZG_conservative_2;Консервативная партия;X;X;X;X;X;X
DZG_conservative_3;Христианско-социальная рабочая партия;X;X;X;X;X;X
DZG_anarcho_liberal;Радикальная рабочая партия;X;X;X;X;X;X
DZG_communist;Коммунистическая рабочая партия;X;X;X;X;X;X
DZG_fascist;НСДАП;X;X;X;X;X;X
ECU_conservative;Консервативная партия;X;X;X;X;X;X
ECU_liberal;Либеральная партия;X;X;X;X;X;X
ECU_liberal_2;Радикально-либеральная партия;X;X;X;X;X;X
ECU_liberal_3;Прогрессивная партия;X;X;X;X;X;X
ECU_liberal_4;Республиканский союз;X;X;X;X;X;X
ECU_reactionary;Иезуитская партия;X;X;X;X;X;X
ECU_anarcho_liberal;Радикальная партия;X;X;X;X;X;X
ECU_socialist;Социалистическая партия;X;X;X;X;X;X
ECU_communist;Коммунистическая партия;X;X;X;X;X;X
ECU_fascist;Фашистская партия;X;X;X;X;X;X
EGY_conservative;Меджлис аль-Шура;X;X;X;X;X;X
EGY_liberal;Меджлис Шура аль-Нувваб;X;X;X;X;X;X
EGY_reactionary;Арабская партия;X;X;X;X;X;X
EGY_conservative_2;аль-Хизб аль-Ватани;X;X;X;X;X;X
EGY_liberal_2;аль-Хизб аль-Умма;X;X;X;X;X;X
EGY_anarcho_liberal;Радикальная партия;X;X;X;X;X;X
EGY_socialist;Социалистическая партия;X;X;X;X;X;X
EGY_communist;Коммунистическая партия;X;X;X;X;X;X
EGY_fascist;Фашистская партия;X;X;X;X;X;X
ELS_conservative;Консервативная партия;X;X;X;X;X;X
ELS_liberal;Либеральная партия;X;X;X;X;X;X
ELS_reactionary;Националистическая партия;X;X;X;X;X;X
ELS_anarcho_liberal;Радикальная партия;X;X;X;X;X;X
ELS_socialist;Социалистическая партия;X;X;X;X;X;X
ELS_communist;Коммунистическая партия;X;X;X;X;X;X
ELS_fascist;Фашистская партия;X;X;X;X;X;X
ENG_liberal;Либеральная партия;X;X;X;X;X;X
ENG_conservative;Консервативная партия;X;X;X;X;X;X
ENG_liberal_2;Лейбористская партия;X;X;X;X;X;X
ENG_socialist;Чартистская партия;X;X;X;X;X;X
ENG_reactionary;Союз британских офицеров;X;X;X;X;X;X
ENG_anarcho_liberal;Партия индепендентов;X;X;X;X;X;X
ENG_communist;Коммунистическая партия;X;X;X;X;X;X
ENG_fascist;Британский союз фашистов;X;X;X;X;X;X
EST_conservative;Партия роялистов;X;X;X;X;X;X
EST_liberal;Либеральная партия;X;X;X;X;X;X
EST_reactionary;Националистическая партия;X;X;X;X;X;X
EST_anarcho_liberal;Радикальная партия;X;X;X;X;X;X
EST_socialist;Социалистическая партия;X;X;X;X;X;X
EST_communist;Коммунистическая партия;X;X;X;X;X;X
EST_fascist;Фашистская партия;X;X;X;X;X;X
ETH_conservative;Партия роялистов;X;X;X;X;X;X
ETH_liberal;Либеральная партия;X;X;X;X;X;X
ETH_reactionary;Националистическая партия;X;X;X;X;X;X
ETH_anarcho_liberal;Радикальная партия;X;X;X;X;X;X
ETH_socialist;Социалистическая партия;X;X;X;X;X;X
ETH_communist;Коммунистическая партия;X;X;X;X;X;X
ETH_fascist;Фашистская партия;X;X;X;X;X;X
FIN_conservative;Финляндская партия;X;X;X;X;X;X
FIN_conservative_2;Шведская партия;X;X;X;X;X;X
FIN_liberal;Партия младофиннов;X;X;X;X;X;X
FIN_liberal_2;Прогрессивная партия;X;X;X;X;X;X
FIN_reactionary;Коалиционная партия;X;X;X;X;X;X
FIN_socialist;Социал-демократическая партия;X;X;X;X;X;X
FIN_conservative_3;Крестьянский союз;X;X;X;X;X;X
FIN_conservative_4;Шведская народная партия;X;X;X;X;X;X
FIN_anarcho_liberal;Партия активного сопротивления;X;X;X;X;X;X
FIN_liberal_3;Либеральная партия;X;X;X;X;X;X
FIN_reactionary_2;Партия викингов;X;X;X;X;X;X
FIN_communist;Красная Гвардия;X;X;X;X;X;X
FIN_fascist;Фашистская партия;X;X;X;X;X;X
FLA_liberal;Либеральная партия;X;X;X;X;X;X
FLA_conservative;Католическая партия;X;X;X;X;X;X
FLA_socialist;Рабочая партия;X;X;X;X;X;X
FLA_conservative_2;Христианская народная партия;X;X;X;X;X;X
FLA_reactionary;Националистическая партия;X;X;X;X;X;X
FLA_anarcho_liberal;Социалистическая партия;X;X;X;X;X;X
FLA_communist;Коммунистическая партия;X;X;X;X;X;X
FLA_fascist;Фашистская партия;X;X;X;X;X;X
FRA_reactionary;Партия легитимистов;X;X;X;X;X;X
FRA_liberal;Партия орлеанистов;X;X;X;X;X;X
FRA_conservative;Умеренные республиканцы;X;X;X;X;X;X
FRA_socialist;Демократичные республиканцы;X;X;X;X;X;X
FRA_liberal_2;Либеральная партия;X;X;X;X;X;X
FRA_conservative_2;Республиканская партия;X;X;X;X;X;X
FRA_conservative_3;Партия бонапартистов;X;X;X;X;X;X
FRA_conservative_4;Партия орлеанистов;X;X;X;X;X;X
FRA_liberal_3;Партия оппортунистов;X;X;X;X;X;X
FRA_anarcho_liberal;Радикальные республиканцы;X;X;X;X;X;X
FRA_socialist_2;Партия поссибилистов;X;X;X;X;X;X
FRA_communist;Рабочая партия Франции;X;X;X;X;X;X
FRA_conservative_5;Партия роялистов;X;X;X;X;X;X
FRA_reactionary_2;Правые националисты;X;X;X;X;X;X
FRA_socialist_3;Французское отделение рабочего Интернационала;X;X;X;X;X;X
FRA_fascist;Французская народная партия;X;X;X;X;X;X
FRM_liberal;Либерально-демократическая партия;X;X;X;X;X;X
FRM_conservative;Партия 'Центра';X;X;X;X;X;X
FRM_liberal_2;Национал-либеральная партия;X;X;X;X;X;X
FRM_liberal_3;Свободная партия;X;X;X;X;X;X
FRM_socialist;Союз немецких рабочих обществ;X;X;X;X;X;X
FRM_socialist_2;СДРП;X;X;X;X;X;X
FRM_socialist_3;Социалистическая рабочая партия;X;X;X;X;X;X
FRM_reactionary;Национальная партия;X;X;X;X;X;X
FRM_conservative_2;Консервативная партия;X;X;X;X;X;X
FRM_conservative_3;Христианско-социальная рабочая партия;X;X;X;X;X;X
FRM_anarcho_liberal;Радикальная рабочая партия;X;X;X;X;X;X
FRM_communist;Коммунистическая рабочая партия;X;X;X;X;X;X
FRM_fascist;НСДАП;X;X;X;X;X;X
GEO_conservative;Партия роялистов;X;X;X;X;X;X
GEO_liberal;Либеральная партия;X;X;X;X;X;X
GEO_reactionary;Националистическая партия;X;X;X;X;X;X
GEO_anarcho_liberal;Радикальная партия;X;X;X;X;X;X
GEO_socialist;Социалистическая партия;X;X;X;X;X;X
GEO_communist;Коммунистическая партия;X;X;X;X;X;X
GEO_fascist;Фашистская партия;X;X;X;X;X;X
GER_liberal;Национал-либеральная партия;X;X;X;X;X;X
GER_conservative;Свободно-консервативная партия;X;X;X;X;X;X
GER_liberal_2;Свободная демократическая партия;X;X;X;X;X;X
GER_liberal_3;Партия свободы;X;X;X;X;X;X
GER_socialist;Союз немецких рабочих обществ;X;X;X;X;X;X
GER_socialist_2;Социал-демократическая партия;X;X;X;X;X;X
GER_socialist_3;Социалистическая рабочая партия;X;X;X;X;X;X
GER_reactionary;Немецкая отечественная партия;X;X;X;X;X;X
GER_conservative_2;Христианско-социальный союз;X;X;X;X;X;X
GER_conservative_3;Христианско-демократический союз;X;X;X;X;X;X
GER_anarcho_liberal;Либертарианская партия;X;X;X;X;X;X
GER_communist;Коммунистическая партия;X;X;X;X;X;X
GER_fascist;Национал-социалистическая рабочая партия;X;X;X;X;X;X
GER_fascist_2;Национал-демократическая партия;X;X;X;X;X;X
GRE_conservative;Профранцузская партия;X;X;X;X;X;X
GRE_reactionary;Пророссийская партия;X;X;X;X;X;X
GRE_liberal;Пробританская партия;X;X;X;X;X;X
GRE_liberal_2;Новая партия;X;X;X;X;X;X
GRE_conservative_2;Националистическая партия;X;X;X;X;X;X
GRE_anarcho_liberal;Радикальная партия;X;X;X;X;X;X
GRE_socialist;Социалистическая партия;X;X;X;X;X;X
GRE_communist;Коммунистическая партия;X;X;X;X;X;X
GRE_fascist;Чёрные полковники;X;X;X;X;X;X
GUA_conservative;Консервативная партия;X;X;X;X;X;X
GUA_liberal;Либеральная партия;X;X;X;X;X;X
GUA_reactionary;Националистическая партия;X;X;X;X;X;X
GUA_anarcho_liberal;Радикальная партия;X;X;X;X;X;X
GUA_socialist;Социалистическая партия;X;X;X;X;X;X
GUA_communist;Коммунистическая партия;X;X;X;X;X;X
GUA_fascist;Фашистская партия;X;X;X;X;X;X
GWA_conservative;Партия роялистов;X;X;X;X;X;X
GWA_liberal;Либеральная партия;X;X;X;X;X;X
GWA_reactionary;Националистическая партия;X;X;X;X;X;X
GWA_anarcho_liberal;Радикальная партия;X;X;X;X;X;X
GWA_socialist;Социалистическая партия;X;X;X;X;X;X
GWA_communist;Коммунистическая партия;X;X;X;X;X;X
GWA_fascist;Фашистская партия;X;X;X;X;X;X
HAI_conservative;Либеральная партия;X;X;X;X;X;X
HAI_liberal;Национальная партия;X;X;X;X;X;X
HAI_reactionary;Националистическая партия;X;X;X;X;X;X
HAI_anarcho_liberal;Радикальная партия;X;X;X;X;X;X
HAI_socialist;Социалистическая партия;X;X;X;X;X;X
HAI_communist;Коммунистическая партия;X;X;X;X;X;X
HAI_fascist;Фашистская партия;X;X;X;X;X;X
HAM_liberal;Либерально-демократическая партия;X;X;X;X;X;X
HAM_conservative;Партия 'Центра';X;X;X;X;X;X
HAM_liberal_2;Национал-либеральная партия;X;X;X;X;X;X
HAM_liberal_3;Свободная партия;X;X;X;X;X;X
HAM_socialist;Союз немецких рабочих обществ;X;X;X;X;X;X
HAM_socialist_2;СДРП;X;X;X;X;X;X
HAM_socialist_3;Социалистическая рабочая партия;X;X;X;X;X;X
HAM_reactionary;Национальная партия;X;X;X;X;X;X
HAM_conservative_2;Консервативная партия;X;X;X;X;X;X
HAM_conservative_3;Христианско-социальная рабочая партия;X;X;X;X;X;X
HAM_anarcho_liberal;Радикальная рабочая партия;X;X;X;X;X;X
HAM_communist;Коммунистическая рабочая партия;X;X;X;X;X;X
HAM_fascist;НСДАП;X;X;X;X;X;X
HAN_liberal;Либерально-демократическая партия;X;X;X;X;X;X
HAN_conservative;Партия 'Центра';X;X;X;X;X;X
HAN_liberal_2;Национал-либеральная партия;X;X;X;X;X;X
HAN_liberal_3;Свободная партия;X;X;X;X;X;X
HAN_socialist;Союз немецких рабочих обществ;X;X;X;X;X;X
HAN_socialist_2;СДРП;X;X;X;X;X;X
HAN_socialist_3;Социалистическая рабочая партия;X;X;X;X;X;X
HAN_reactionary;Национальная партия;X;X;X;X;X;X
HAN_conservative_2;Консервативная партия;X;X;X;X;X;X
HAN_conservative_3;Христианско-социальная рабочая партия;X;X;X;X;X;X
HAN_anarcho_liberal;Радикальная рабочая партия;X;X;X;X;X;X
HAN_communist;Коммунистическая рабочая партия;X;X;X;X;X;X
HAN_fascist;НСДАП;X;X;X;X;X;X
HAW_conservative;Партия роялистов;X;X;X;X;X;X
HAW_liberal;Партия монархистов;X;X;X;X;X;X
HAW_liberal_2;Партия конституционалистов;X;X;X;X;X;X
HAW_reactionary;Националистическая партия;X;X;X;X;X;X
HAW_anarcho_liberal;Радикальная партия;X;X;X;X;X;X
HAW_socialist;Социалистическая партия;X;X;X;X;X;X
HAW_communist;Коммунистическая партия;X;X;X;X;X;X
HAW_fascist;Фашистская партия;X;X;X;X;X;X
HED_liberal;Либерально-демократическая партия;X;X;X;X;X;X
HED_conservative;Партия 'Центра';X;X;X;X;X;X
HED_liberal_2;Национал-либеральная партия;X;X;X;X;X;X
HED_liberal_3;Свободная партия;X;X;X;X;X;X
HED_socialist;Союз немецких рабочих обществ;X;X;X;X;X;X
HED_socialist_2;СДРП;X;X;X;X;X;X
HED_socialist_3;Социалистическая рабочая партия;X;X;X;X;X;X
HED_reactionary;Национальная партия;X;X;X;X;X;X
HED_conservative_2;Консервативная партия;X;X;X;X;X;X
HED_conservative_3;Христианско-социальная рабочая партия;X;X;X;X;X;X
HED_anarcho_liberal;Радикальная рабочая партия;X;X;X;X;X;X
HED_communist;Коммунистическая рабочая партия;X;X;X;X;X;X
HED_fascist;НСДАП;X;X;X;X;X;X
HEJ_conservative;Партия роялистов;X;X;X;X;X;X
HEJ_liberal;Либеральная партия;X;X;X;X;X;X
HEJ_reactionary;Националистическая партия;X;X;X;X;X;X
HEJ_anarcho_liberal;Радикальная партия;X;X;X;X;X;X
HEJ_socialist;Социалистическая партия;X;X;X;X;X;X
HEJ_communist;Коммунистическая партия;X;X;X;X;X;X
HEJ_fascist;Фашистская партия;X;X;X;X;X;X
HEK_liberal;Либерально-демократическая партия;X;X;X;X;X;X
HEK_conservative;Партия 'Центра';X;X;X;X;X;X
HEK_liberal_2;Национал-либеральная партия;X;X;X;X;X;X
HEK_liberal_3;Свободная партия;X;X;X;X;X;X
HEK_socialist;Союз немецких рабочих обществ;X;X;X;X;X;X
HEK_socialist_2;СДРП;X;X;X;X;X;X
HEK_socialist_3;Социалистическая рабочая партия;X;X;X;X;X;X
HEK_reactionary;Национальная партия;X;X;X;X;X;X
HEK_conservative_2;Консервативная партия;X;X;X;X;X;X
HEK_conservative_3;Христианско-социальная рабочая партия;X;X;X;X;X;X
HEK_anarcho_liberal;Радикальная рабочая партия;X;X;X;X;X;X
HEK_communist;Коммунистическая рабочая партия;X;X;X;X;X;X
HEK_fascist;НСДАП;X;X;X;X;X;X
HLS_liberal;Либерально-демократическая партия;X;X;X;X;X;X
HLS_conservative;Партия 'Центра';X;X;X;X;X;X
HLS_liberal_2;Национал-либеральная партия;X;X;X;X;X;X
HLS_liberal_3;Свободная партия;X;X;X;X;X;X
HLS_socialist;Союз немецких рабочих обществ;X;X;X;X;X;X
HLS_socialist_2;СДРП;X;X;X;X;X;X
HLS_socialist_3;Социалистическая рабочая партия;X;X;X;X;X;X
HLS_reactionary;Национальная партия;X;X;X;X;X;X
HLS_conservative_2;Консервативная партия;X;X;X;X;X;X
HLS_conservative_3;Христианско-социальная рабочая партия;X;X;X;X;X;X
HLS_anarcho_liberal;Радикальная рабочая партия;X;X;X;X;X;X
HLS_communist;Коммунистическая партия;X;X;X;X;X;X
HLS_fascist;НСДАП;X;X;X;X;X;X
HOL_conservative;Консервативная партия;X;X;X;X;X;X
HOL_liberal;Либеральная партия;X;X;X;X;X;X
HOL_liberal_2;Либеральный союз;X;X;X;X;X;X
HOL_liberal_3;Римско-католическая партия;X;X;X;X;X;X
HOL_anarcho_liberal;Антиреволюционная партия;X;X;X;X;X;X
HOL_communist;Социал-демократический союз;X;X;X;X;X;X
HOL_socialist;Социал-демократическая партия;X;X;X;X;X;X
HOL_liberal_4;Христианско-историческая партия;X;X;X;X;X;X
HOL_liberal_5;Свободная либеральная партия;X;X;X;X;X;X
HOL_reactionary;Националистическая партия;X;X;X;X;X;X
HOL_communist_2;Коммунистическая партия;X;X;X;X;X;X
HOL_fascist;Фашистская партия;X;X;X;X;X;X
HON_conservative;Консервативная партия;X;X;X;X;X;X
HON_liberal;Либеральная партия;X;X;X;X;X;X
HON_conservative_2;Национальная партия;X;X;X;X;X;X
HON_liberal_2;Либералы Гондураса;X;X;X;X;X;X
HON_reactionary;Националистическая партия;X;X;X;X;X;X
HON_anarcho_liberal;Радикальная партия;X;X;X;X;X;X
HON_socialist;Социалистическая партия;X;X;X;X;X;X
HON_communist;Коммунистическая партия;X;X;X;X;X;X
HON_fascist;Фашистская партия;X;X;X;X;X;X
MAD_liberal;Либеральная партия;X;X;X;X;X;X
MAD_reactionary;Националистическая партия;X;X;X;X;X;X
MAD_anarcho_liberal;Радикальная партия;X;X;X;X;X;X
HUN_liberal;Правая партия;X;X;X;X;X;X
HUN_anarcho_liberal;Левая партия;X;X;X;X;X;X
HUN_liberal_2;Либеральная партия;X;X;X;X;X;X
HUN_conservative;Партия независимости;X;X;X;X;X;X
HUN_reactionary;Объединенная оппозиция;X;X;X;X;X;X
HUN_socialist;Объединенная рабочая партия;X;X;X;X;X;X
HUN_socialist_2;Венгерская социал-демократическая партия;X;X;X;X;X;X
HUN_socialist_3;Объединенная социал-демократическая партия;X;X;X;X;X;X
HUN_socialist_4;Партия мелких сельских хозяев;X;X;X;X;X;X
HUN_liberal_3;Радикальная охранительная партия;X;X;X;X;X;X
HUN_communist;Венгерская коммунистическая партия;X;X;X;X;X;X
HUN_conservative_2;Католическая народная партия;X;X;X;X;X;X
HUN_conservative_3;Румынская национальная партия;X;X;X;X;X;X
HUN_conservative_4;Хорватская партия;X;X;X;X;X;X
HUN_reactionary_2;Партия за лучшую Венгрию;X;X;X;X;X;X
HUN_fascist;Партия скрещенных стрел;X;X;X;X;X;X
HYD_conservative;Партия роялистов;X;X;X;X;X;X
HYD_liberal;Либеральная партия;X;X;X;X;X;X
HYD_reactionary;Националистическая партия;X;X;X;X;X;X
HYD_anarcho_liberal;Радикальная партия;X;X;X;X;X;X
HYD_socialist;Социалистическая партия;X;X;X;X;X;X
HYD_communist;Коммунистическая партия;X;X;X;X;X;X
HYD_fascist;Фашистская партия;X;X;X;X;X;X
IND_conservative;Партия роялистов;X;X;X;X;X;X
IND_liberal;Либеральная партия;X;X;X;X;X;X
IND_reactionary;Националистическая партия;X;X;X;X;X;X
IND_anarcho_liberal;Радикальная партия;X;X;X;X;X;X
IND_socialist;Социалистическая партия;X;X;X;X;X;X
IND_communist;Коммунистическая партия;X;X;X;X;X;X
IND_fascist;Фашистская партия;X;X;X;X;X;X
ION_conservative;Пробританская партия;X;X;X;X;X;X
ION_liberal;Проитальянская партия;X;X;X;X;X;X
ION_conservative_2;Прогреческая партия;X;X;X;X;X;X
ION_reactionary;Националистическая партия;X;X;X;X;X;X
ION_anarcho_liberal;Радикальная партия;X;X;X;X;X;X
ION_socialist;Социалистическая партия;X;X;X;X;X;X
ION_communist;Коммунистическая партия;X;X;X;X;X;X
ION_fascist;Фашистская партия;X;X;X;X;X;X
IRE_liberal;Партия вигов;X;X;X;X;X;X
IRE_conservative;Консервативная партия;X;X;X;X;X;X
IRE_liberal_2;Сторонники расторжения унии;X;X;X;X;X;X
IRE_liberal_3;Независимая оппозиция;X;X;X;X;X;X
IRE_liberal_4;Либеральная партия;X;X;X;X;X;X
IRE_liberal_5;Либеральная партия;X;X;X;X;X;X
IRE_liberal_6;Ирландская националистическая партия;X;X;X;X;X;X
IRE_reactionary;Юнионистская партия;X;X;X;X;X;X
IRE_anarcho_liberal;Шин Фейн;X;X;X;X;X;X
IRE_socialist;Лейбористская партия;X;X;X;X;X;X
IRE_communist;Коммунистическая партия;X;X;X;X;X;X
IRE_fascist;Фашистская партия;X;X;X;X;X;X
ITA_reactionary;Консервативная партия;X;X;X;X;X;X
ITA_conservative;Умеренная партия;X;X;X;X;X;X
ITA_liberal;Партия реформистов;X;X;X;X;X;X
ITA_liberal_2;Либеральная партия;X;X;X;X;X;X
ITA_conservative_2;Партия национал-либералов;X;X;X;X;X;X
ITA_conservative_3;Итальянская народная партия;X;X;X;X;X;X
ITA_socialist;Итальянская социалистическая партия;X;X;X;X;X;X
ITA_anarcho_liberal;Радикальная партия;X;X;X;X;X;X
ITA_communist;Коммунистическая партия;X;X;X;X;X;X
ITA_fascist;Национальная фашистская партия;X;X;X;X;X;X
JAI_conservative;Партия роялистов;X;X;X;X;X;X
JAI_liberal;Либеральная партия;X;X;X;X;X;X
JAI_reactionary;Националистическая партия;X;X;X;X;X;X
JAI_anarcho_liberal;Радикальная партия;X;X;X;X;X;X
JAI_socialist;Социалистическая партия;X;X;X;X;X;X
JAI_communist;Коммунистическая партия;X;X;X;X;X;X
JAI_fascist;Фашистская партия;X;X;X;X;X;X
JAS_conservative;Партия роялистов;X;X;X;X;X;X
JAS_liberal;Либеральная партия;X;X;X;X;X;X
JAS_reactionary;Националистическая партия;X;X;X;X;X;X
JAS_anarcho_liberal;Радикальная партия;X;X;X;X;X;X
JAS_socialist;Социалистическая партия;X;X;X;X;X;X
JAS_communist;Коммунистическая партия;X;X;X;X;X;X
JAS_fascist;Фашистская партия;X;X;X;X;X;X
JAV_conservative;Партия роялистов;X;X;X;X;X;X
JAV_liberal;Либеральная партия;X;X;X;X;X;X
JAV_reactionary;Националистическая партия;X;X;X;X;X;X
JAV_anarcho_liberal;Радикальная партия;X;X;X;X;X;X
JAV_socialist;Социалистическая партия;X;X;X;X;X;X
JAV_communist;Коммунистическая партия;X;X;X;X;X;X
JAV_fascist;Фашистская партия;X;X;X;X;X;X
JOD_conservative;Партия роялистов;X;X;X;X;X;X
JOD_liberal;Либеральная партия;X;X;X;X;X;X
JOD_reactionary;Националистическая партия;X;X;X;X;X;X
JOD_anarcho_liberal;Радикальная партия;X;X;X;X;X;X
JOD_socialist;Социалистическая партия;X;X;X;X;X;X
JOD_communist;Коммунистическая партия;X;X;X;X;X;X
JOD_fascist;Фашистская партия;X;X;X;X;X;X
KAL_conservative;Партия роялистов;X;X;X;X;X;X
KAL_liberal;Либеральная партия;X;X;X;X;X;X
KAL_reactionary;Националистическая партия;X;X;X;X;X;X
KAL_anarcho_liberal;Радикальная партия;X;X;X;X;X;X
KAL_socialist;Социалистическая партия;X;X;X;X;X;X
KAL_communist;Коммунистическая партия;X;X;X;X;X;X
KAL_fascist;Фашистская партия;X;X;X;X;X;X
KAS_conservative;Партия роялистов;X;X;X;X;X;X
KAS_liberal;Либеральная партия;X;X;X;X;X;X
KAS_reactionary;Националистическая партия;X;X;X;X;X;X
KAS_anarcho_liberal;Радикальная партия;X;X;X;X;X;X
KAS_socialist;Социалистическая партия;X;X;X;X;X;X
KAS_communist;Коммунистическая партия;X;X;X;X;X;X
KAS_fascist;Фашистская партия;X;X;X;X;X;X
KHI_conservative;Партия роялистов;X;X;X;X;X;X
KHI_liberal;Либеральная партия;X;X;X;X;X;X
KHI_reactionary;Националистическая партия;X;X;X;X;X;X
KOK_conservative;Партия роялистов;X;X;X;X;X;X
KOK_liberal;Либеральная партия;X;X;X;X;X;X
KOK_reactionary;Националистическая партия;X;X;X;X;X;X
KOK_anarcho_liberal;Радикальная партия;X;X;X;X;X;X
KOK_socialist;Социалистическая партия;X;X;X;X;X;X
KOK_communist;Коммунистическая партия;X;X;X;X;X;X
KOK_fascist;Фашистская партия;X;X;X;X;X;X
KOR_reactionary;Партия консерваторов;X;X;X;X;X;X
KOR_liberal;Партия сторонников Тэвонгуна;X;X;X;X;X;X
KOR_liberal_2;Прояпонская партия;X;X;X;X;X;X
KOR_conservative;Движение Тонхак;X;X;X;X;X;X
KOR_liberal_3;Либеральная партия;X;X;X;X;X;X
KOR_anarcho_liberal;Радикальная партия;X;X;X;X;X;X
KOR_conservative_2;Партия роялистов;X;X;X;X;X;X
KOR_socialist;Социалистическая партия;X;X;X;X;X;X
KOR_communist;Коммунистическая партия;X;X;X;X;X;X
KOR_fascist;Фашистская партия;X;X;X;X;X;X
KRA_conservative;Католическая партия;X;X;X;X;X;X
KRA_liberal;Либеральная партия;X;X;X;X;X;X
KRA_socialist;Союз рабочих;X;X;X;X;X;X
KRA_conservative_2;Аграрная партия;X;X;X;X;X;X
KRA_conservative_3;Националистическая партия;X;X;X;X;X;X
KRA_reactionary;Реакционная партия;X;X;X;X;X;X
KRA_anarcho_liberal;Радикальная партия;X;X;X;X;X;X
KRA_communist;Коммунистическая партия;X;X;X;X;X;X
KRA_fascist;Фашистская партия;X;X;X;X;X;X
KUT_conservative;Партия роялистов;X;X;X;X;X;X
KUT_liberal;Либеральная партия;X;X;X;X;X;X
KUT_reactionary;Националистическая партия;X;X;X;X;X;X
KUT_anarcho_liberal;Радикальная партия;X;X;X;X;X;X
KUT_socialist;Социалистическая партия;X;X;X;X;X;X
KUT_communist;Коммунистическая партия;X;X;X;X;X;X
KUT_fascist;Фашистская партия;X;X;X;X;X;X
LAD_conservative;Партия роялистов;X;X;X;X;X;X
LAD_liberal;Либеральная партия;X;X;X;X;X;X
LAD_reactionary;Националистическая партия;X;X;X;X;X;X
LAD_anarcho_liberal;Радикальная партия;X;X;X;X;X;X
LAD_socialist;Социалистическая партия;X;X;X;X;X;X
LAD_communist;Коммунистическая партия;X;X;X;X;X;X
LAD_fascist;Фашистская партия;X;X;X;X;X;X
LIB_conservative;Демократическая партия;X;X;X;X;X;X
LIB_conservative_2;Партия вигов;X;X;X;X;X;X
LIB_liberal;Партия реформ;X;X;X;X;X;X
LIB_liberal_2;Панафриканская партия;X;X;X;X;X;X
LIB_socialist;Африканская революционная партия;X;X;X;X;X;X
LIB_reactionary;Националистическая партия;X;X;X;X;X;X
LIB_anarcho_liberal;Радикальная партия;X;X;X;X;X;X
LIB_communist;Коммунистическая партия;X;X;X;X;X;X
LIB_fascist;Фашистская партия;X;X;X;X;X;X
LEV_conservative;Партия Мошнил;X;X;X;X;X;X
LEV_conservative_2;Партия Подсосов;X;X;X;X;X;X
LEV_liberal;Партия Честных Войн;X;X;X;X;X;X
LEV_liberal_2;Панафриканская Партия Лиги Миноров;X;X;X;X;X;X
LEV_socialist;Эту Партию Все Равно Никто Не Увидит;X;X;X;X;X;X
LEV_reactionary;Партия Свободной Львумбии;X;X;X;X;X;X
LEV_anarcho_liberal;Радикальная партия;X;X;X;X;X;X
LEV_communist;Коммунистическая партия;X;X;X;X;X;X
LEV_fascist;Фашистская партия;X;X;X;X;X;X
LIP_liberal;Либерально-демократическая партия;X;X;X;X;X;X
LIP_conservative;Партия 'Центра';X;X;X;X;X;X
LIP_liberal_2;Национал-либеральная партия;X;X;X;X;X;X
LIP_liberal_3;Свободная партия;X;X;X;X;X;X
LIP_socialist;Союз немецких рабочих обществ;X;X;X;X;X;X
LIP_socialist_2;СДРП;X;X;X;X;X;X
LIP_socialist_3;Социалистическая рабочая партия;X;X;X;X;X;X
LIP_reactionary;Национальная партия;X;X;X;X;X;X
LIP_conservative_2;Консервативная партия;X;X;X;X;X;X
LIP_conservative_3;Христианско-социальная рабочая партия;X;X;X;X;X;X
LIP_anarcho_liberal;Радикальная рабочая партия;X;X;X;X;X;X
LIP_communist;Коммунистическая рабочая партия;X;X;X;X;X;X
LIP_fascist;НСДАП;X;X;X;X;X;X
LIT_conservative;Партия роялистов;X;X;X;X;X;X
LIT_liberal;Либеральная партия;X;X;X;X;X;X
LIT_reactionary;Националистическая партия;X;X;X;X;X;X
LIT_anarcho_liberal;Радикальная партия;X;X;X;X;X;X
LIT_socialist;Социалистическая партия;X;X;X;X;X;X
LIT_communist;Коммунистическая партия;X;X;X;X;X;X
LIT_fascist;Фашистская партия;X;X;X;X;X;X
LIV_conservative;Партия роялистов;X;X;X;X;X;X
LIV_liberal;Либеральная партия;X;X;X;X;X;X
LIV_reactionary;Националистическая партия;X;X;X;X;X;X
LIV_anarcho_liberal;Радикальная партия;X;X;X;X;X;X
LIV_socialist;Социалистическая партия;X;X;X;X;X;X
LIV_communist;Коммунистическая партия;X;X;X;X;X;X
LIV_fascist;Фашистская партия;X;X;X;X;X;X
LOM_reactionary;Партия монархистов;X;X;X;X;X;X
LOM_liberal;Партия непримиримых;X;X;X;X;X;X
LOM_conservative;Умеренная партия;X;X;X;X;X;X
LOM_socialist;Социалистическая партия;X;X;X;X;X;X
LOM_communist;Революционная партия;X;X;X;X;X;X
LOM_reactionary_2;Католическая партия;X;X;X;X;X;X
LOM_anarcho_liberal;Радикальная партия;X;X;X;X;X;X
LOM_fascist;Фашистская партия;X;X;X;X;X;X
LUA_conservative;Партия роялистов;X;X;X;X;X;X
LUA_liberal;Либеральная партия;X;X;X;X;X;X
LUA_reactionary;Националистическая партия;X;X;X;X;X;X
LUA_anarcho_liberal;Радикальная партия;X;X;X;X;X;X
LUA_socialist;Социалистическая партия;X;X;X;X;X;X
LUA_communist;Коммунистическая партия;X;X;X;X;X;X
LUA_fascist;Фашистская партия;X;X;X;X;X;X
LUB_liberal;Либерально-демократическая партия;X;X;X;X;X;X
LUB_conservative;Партия 'Центра';X;X;X;X;X;X
LUB_liberal_2;Национал-либеральная партия;X;X;X;X;X;X
LUB_liberal_3;Свободная партия;X;X;X;X;X;X
LUB_socialist;Союз немецких рабочих обществ;X;X;X;X;X;X
LUB_socialist_2;СДРП;X;X;X;X;X;X
LUB_socialist_3;Социалистическая рабочая партия;X;X;X;X;X;X
LUB_reactionary;Национальная партия;X;X;X;X;X;X
LUB_conservative_2;Консервативная партия;X;X;X;X;X;X
LUB_conservative_3;Христианско-социальная рабочая партия;X;X;X;X;X;X
LUB_anarcho_liberal;Радикальная рабочая партия;X;X;X;X;X;X
LUB_communist;Коммунистическая рабочая партия;X;X;X;X;X;X
LUB_fascist;НСДАП;X;X;X;X;X;X
LUC_reactionary;Партия консерваторов;X;X;X;X;X;X
LUC_conservative;Умеренная партия;X;X;X;X;X;X
LUC_liberal;Партия реформистов;X;X;X;X;X;X
LUC_liberal_2;Либеральная партия;X;X;X;X;X;X
LUC_socialist;Социалистическая партия;X;X;X;X;X;X
LUC_conservative_2;Народная партия;X;X;X;X;X;X
LUC_anarcho_liberal;Радикальная партия;X;X;X;X;X;X
LUC_communist;Коммунистическая партия;X;X;X;X;X;X
LUC_fascist;Фашистская партия;X;X;X;X;X;X
LUX_liberal;Либеральная партия;X;X;X;X;X;X
LUX_conservative;Консервативная партия;X;X;X;X;X;X
LUX_socialist;Социалистическая партия;X;X;X;X;X;X
LUX_reactionary;Националистическая партия;X;X;X;X;X;X
LUX_anarcho_liberal;Радикальная партия;X;X;X;X;X;X
LUX_communist;Коммунистическая партия;X;X;X;X;X;X
LUX_fascist;Фашистская партия;X;X;X;X;X;X
MAK_conservative;Партия роялистов;X;X;X;X;X;X
MAK_liberal;Либеральная партия;X;X;X;X;X;X
MAK_reactionary;Националистическая партия;X;X;X;X;X;X
MAK_anarcho_liberal;Радикальная партия;X;X;X;X;X;X
MAK_socialist;Социалистическая партия;X;X;X;X;X;X
MAK_communist;Коммунистическая партия;X;X;X;X;X;X
MAK_fascist;Фашистская партия;X;X;X;X;X;X
JOH_conservative;Партия роялистов;X;X;X;X;X;X
JOH_liberal;Либеральная партия;X;X;X;X;X;X
JOH_reactionary;Националистическая партия;X;X;X;X;X;X
JOH_anarcho_liberal;Радикальная партия;X;X;X;X;X;X
JOH_socialist;Социалистическая партия;X;X;X;X;X;X
JOH_communist;Коммунистическая партия;X;X;X;X;X;X
JOH_fascist;Фашистская партия;X;X;X;X;X;X
MAN_communist;Коммунистическая партия;X;X;X;X;X;X
MAN_liberal;Независимая демократическая партия Нью-Йорка;X;X;X;X;X;X
MAN_conservative;Партия реюнионистов;X;X;X;X;X;X
MAN_socialist;Независимые коммунисты;X;X;X;X;X;X
MAN_reactionary;Националистическая партия;X;X;X;X;X;X
MAN_anarcho_liberal;Радикальная партия;X;X;X;X;X;X
MAN_fascist;Фашистская партия;X;X;X;X;X;X
MEC_liberal;Либерально-демократическая партия;X;X;X;X;X;X
MEC_conservative;Партия 'Центра';X;X;X;X;X;X
MEC_liberal_2;Национал-либеральная партия;X;X;X;X;X;X
MEC_liberal_3;Свободная партия;X;X;X;X;X;X
MEC_socialist;Союз немецких рабочих обществ;X;X;X;X;X;X
MEC_socialist_2;СДРП;X;X;X;X;X;X
MEC_socialist_3;Социалистическая рабочая партия;X;X;X;X;X;X
MEC_reactionary;Национальная партия;X;X;X;X;X;X
MEC_conservative_2;Консервативная партия;X;X;X;X;X;X
MEC_conservative_3;Христианско-социальная рабочая партия;X;X;X;X;X;X
MEC_anarcho_liberal;Радикальная рабочая партия;X;X;X;X;X;X
MEC_communist;Коммунистическая рабочая партия;X;X;X;X;X;X
MEC_fascist;НСДАП;X;X;X;X;X;X
MEI_liberal;Либерально-демократическая партия;X;X;X;X;X;X
MEI_conservative;Партия 'Центра';X;X;X;X;X;X
MEI_liberal_2;Национал-либеральная партия;X;X;X;X;X;X
MEI_liberal_3;Свободная партия;X;X;X;X;X;X
MEI_socialist;Союз немецких рабочих обществ;X;X;X;X;X;X
MEI_socialist_2;СДРП;X;X;X;X;X;X
MEI_socialist_3;Социалистическая рабочая партия;X;X;X;X;X;X
MEI_reactionary;Национальная партия;X;X;X;X;X;X
MEI_conservative_2;Консервативная партия;X;X;X;X;X;X
MEI_conservative_3;Христианско-социальная рабочая партия;X;X;X;X;X;X
MEI_anarcho_liberal;Радикальная рабочая партия;X;X;X;X;X;X
MEI_communist;Коммунистическая рабочая партия;X;X;X;X;X;X
MEI_fascist;НСДАП;X;X;X;X;X;X
MEW_conservative;Партия роялистов;X;X;X;X;X;X
MEW_liberal;Либеральная партия;X;X;X;X;X;X
MEW_reactionary;Националистическая партия;X;X;X;X;X;X
MEW_anarcho_liberal;Радикальная партия;X;X;X;X;X;X
MEW_socialist;Социалистическая партия;X;X;X;X;X;X
MEW_communist;Коммунистическая партия;X;X;X;X;X;X
MEX_conservative;Консервативная партия;X;X;X;X;X;X
MEX_liberal;Либеральная партия;X;X;X;X;X;X
MEX_anarcho_liberal;Федералистская партия;X;X;X;X;X;X
MEX_conservative_2;Умеренно-либеральная партия;X;X;X;X;X;X
MEX_liberal_2;Радикально-либеральная партия;X;X;X;X;X;X
MEX_liberal_3;Прогрессивная партия;X;X;X;X;X;X
MEX_conservative_3;Конституционная партия;X;X;X;X;X;X
MEX_liberal_4;Партия антиреелекционистов;X;X;X;X;X;X
MEX_reactionary;Империалистическая партия;X;X;X;X;X;X
MEX_reactionary_2;Партия силы Корсара;X;X;X;X;X;X
MEX_socialist;Социалистическая партия;X;X;X;X;X;X
MEX_communist;Коммунистическая партия;X;X;X;X;X;X
MEX_fascist;Фашистская партия;X;X;X;X;X;X
MOD_reactionary;Партия консерваторов;X;X;X;X;X;X
MOD_conservative;Умеренная партия;X;X;X;X;X;X
MOD_liberal;Партия реформистов;X;X;X;X;X;X
MOD_liberal_2;Либеральная партия;X;X;X;X;X;X
MOD_socialist;Социалистическая партия;X;X;X;X;X;X
MOD_conservative_2;Народная партия;X;X;X;X;X;X
MOD_anarcho_liberal;Радикальная партия;X;X;X;X;X;X
MOD_communist;Коммунистическая партия;X;X;X;X;X;X
MOD_fascist;Фашистская партия;X;X;X;X;X;X
MOL_reactionary;Боярская партия;X;X;X;X;X;X
MOL_liberal;Национальная партия;X;X;X;X;X;X
MOL_liberal_2;Либеральная партия;X;X;X;X;X;X
MOL_conservative;Консервативная партия;X;X;X;X;X;X
MOL_conservative_2;Царанистская партия;X;X;X;X;X;X
MOL_anarcho_liberal;Радикальная партия;X;X;X;X;X;X
MOL_socialist;Социал-демократическая партия;X;X;X;X;X;X
MOL_conservative_3;Консервативно-демократическая партия;X;X;X;X;X;X
MOL_reactionary_2;Национально-демократическая партия;X;X;X;X;X;X
MOL_communist;Коммунистическая партия;X;X;X;X;X;X
MOL_fascist;Железная гвардия;X;X;X;X;X;X
MON_conservative;Партия роялистов;X;X;X;X;X;X
MON_liberal;Либеральная партия;X;X;X;X;X;X
MON_reactionary;Националистическая партия;X;X;X;X;X;X
MON_anarcho_liberal;Радикальная партия;X;X;X;X;X;X
MON_socialist;Социалистическая партия;X;X;X;X;X;X
MON_communist;Коммунистическая партия;X;X;X;X;X;X
MON_fascist;Фашистская партия;X;X;X;X;X;X
MOR_conservative;Партия роялистов;X;X;X;X;X;X
MOR_liberal;Либеральная партия;X;X;X;X;X;X
MOR_reactionary;Националистическая партия;X;X;X;X;X;X
MOR_anarcho_liberal;Радикальная партия;X;X;X;X;X;X
MOR_socialist;Социалистическая партия;X;X;X;X;X;X
MOR_communist;Коммунистическая партия;X;X;X;X;X;X
MOR_fascist;Фашистская партия;X;X;X;X;X;X
MTC_conservative;Партия роялистов;X;X;X;X;X;X
MTC_liberal;Либеральная партия;X;X;X;X;X;X
MTC_reactionary;Националистическая партия;X;X;X;X;X;X
MTC_anarcho_liberal;Радикальная партия;X;X;X;X;X;X
MTC_socialist;Социалистическая партия;X;X;X;X;X;X
MTC_communist;Коммунистическая партия;X;X;X;X;X;X
MTC_fascist;Фашистская партия;X;X;X;X;X;X
MUG_conservative;Партия роялистов;X;X;X;X;X;X
MUG_liberal;Либеральная партия;X;X;X;X;X;X
MUG_reactionary;Националистическая партия;X;X;X;X;X;X
MUG_anarcho_liberal;Радикальная партия;X;X;X;X;X;X
MUG_socialist;Социалистическая партия;X;X;X;X;X;X
MUG_communist;Коммунистическая партия;X;X;X;X;X;X
MUG_fascist;Фашистская партия;X;X;X;X;X;X
MYS_conservative;Партия роялистов;X;X;X;X;X;X
MYS_liberal;Либеральная партия;X;X;X;X;X;X
MYS_reactionary;Националистическая партия;X;X;X;X;X;X
MYS_anarcho_liberal;Радикальная партия;X;X;X;X;X;X
MYS_socialist;Социалистическая партия;X;X;X;X;X;X
MYS_communist;Коммунистическая партия;X;X;X;X;X;X
MYS_fascist;Фашистская партия;X;X;X;X;X;X
NAG_conservative;Партия роялистов;X;X;X;X;X;X
NAG_liberal;Либеральная партия;X;X;X;X;X;X
NAG_reactionary;Националистическая партия;X;X;X;X;X;X
NAG_anarcho_liberal;Радикальная партия;X;X;X;X;X;X
NAG_socialist;Социалистическая партия;X;X;X;X;X;X
NAG_communist;Коммунистическая партия;X;X;X;X;X;X
NAG_fascist;Фашистская партия;X;X;X;X;X;X
NAL_conservative;Партия воортреккеров;X;X;X;X;X;X
NAL_conservative_2;Бурская партия;X;X;X;X;X;X
NAL_liberal;Либеральная партия;X;X;X;X;X;X
NAL_reactionary;Националистическая партия;X;X;X;X;X;X
NAL_anarcho_liberal;Радикальная партия;X;X;X;X;X;X
NAL_socialist;Социалистическая партия;X;X;X;X;X;X
NAL_communist;Коммунистическая партия;X;X;X;X;X;X
NAL_fascist;Фашистская партия;X;X;X;X;X;X
NAS_liberal;Либерально-демократическая партия;X;X;X;X;X;X
NAS_conservative;Партия 'Центра';X;X;X;X;X;X
NAS_liberal_2;Национал-либеральная партия;X;X;X;X;X;X
NAS_liberal_3;Свободная партия;X;X;X;X;X;X
NAS_socialist;Союз немецких рабочих обществ;X;X;X;X;X;X
NAS_socialist_2;СДРП;X;X;X;X;X;X
NAS_socialist_3;Социалистическая рабочая партия;X;X;X;X;X;X
NAS_reactionary;Национальная партия;X;X;X;X;X;X
NAS_conservative_2;Консервативная партия;X;X;X;X;X;X
NAS_conservative_3;Христианско-социальная рабочая партия;X;X;X;X;X;X
NAS_anarcho_liberal;Радикальная рабочая партия;X;X;X;X;X;X
NAS_communist;Коммунистическая рабочая партия;X;X;X;X;X;X
NAS_fascist;НСДАП;X;X;X;X;X;X
NEJ_conservative;Партия роялистов;X;X;X;X;X;X
NEJ_liberal;Либеральная партия;X;X;X;X;X;X
NEJ_reactionary;Националистическая партия;X;X;X;X;X;X
NEJ_anarcho_liberal;Радикальная партия;X;X;X;X;X;X
NEJ_socialist;Социалистическая партия;X;X;X;X;X;X
NEJ_communist;Коммунистическая партия;X;X;X;X;X;X
NEJ_fascist;Фашистская партия;X;X;X;X;X;X
NEN_liberal;Федералистская партия;X;X;X;X;X;X
NEN_conservative;Демократическая партия;X;X;X;X;X;X
NEN_liberal_2;Прогрессивная партия;X;X;X;X;X;X
NEN_socialist;Объединенные социалисты;X;X;X;X;X;X
NEN_reactionary;Националистическая партия;X;X;X;X;X;X
NEN_anarcho_liberal;Радикальная партия;X;X;X;X;X;X
NEN_communist;Коммунистическая партия;X;X;X;X;X;X
NEN_fascist;Фашистская партия;X;X;X;X;X;X
NEP_conservative;Партия роялистов;X;X;X;X;X;X
NEP_liberal;Либеральная партия;X;X;X;X;X;X
NEP_reactionary;Националистическая партия;X;X;X;X;X;X
NEP_anarcho_liberal;Радикальная партия;X;X;X;X;X;X
NEP_socialist;Социалистическая партия;X;X;X;X;X;X
NEP_communist;Коммунистическая партия;X;X;X;X;X;X
NEP_fascist;Фашистская партия;X;X;X;X;X;X
NEW_liberal;Либеральная партия;X;X;X;X;X;X
NEW_conservative;Консервативная партия;X;X;X;X;X;X
NEW_socialist;Рыболовецкий союз;X;X;X;X;X;X
NEW_reactionary;Националистическая партия;X;X;X;X;X;X
NEW_anarcho_liberal;Радикальная партия;X;X;X;X;X;X
NEW_communist;Коммунистическая партия;X;X;X;X;X;X
MEW_fascist;Фашистская партия;X;X;X;X;X;X
NGF_liberal;Конституционалистская партия;X;X;X;X;X;X
NGF_conservative;Партия католического центра;X;X;X;X;X;X
NGF_liberal_2;Партия германского единства;X;X;X;X;X;X
NGF_liberal_3;Франкфуртская партия;X;X;X;X;X;X
NGF_socialist;Федерация независимых профсоюзов;X;X;X;X;X;X
NGF_socialist_2;СДРП;X;X;X;X;X;X
NGF_socialist_3;Левая социалистическая партия;X;X;X;X;X;X
NGF_reactionary;Союз немецких офицеров;X;X;X;X;X;X
NGF_conservative_2;Национал-патриотический союз;X;X;X;X;X;X
NGF_conservative_3;Христианская народная партия;X;X;X;X;X;X
NGF_anarcho_liberal;Правая республиканская партия;X;X;X;X;X;X
NGF_communist;Немецкий красный фронт;X;X;X;X;X;X
NGF_fascist;Боевой союз революционных национал-социалистов;X;X;X;X;X;X
NIC_conservative;Консервативная партия;X;X;X;X;X;X
NIC_liberal;Либеральная партия;X;X;X;X;X;X
NIC_reactionary;Националистическая партия;X;X;X;X;X;X
NIC_anarcho_liberal;Радикальная партия;X;X;X;X;X;X
NIC_socialist;Социалистическая партия;X;X;X;X;X;X
NIC_communist;Коммунистическая партия;X;X;X;X;X;X
NIC_fascist;Фашистская партия;X;X;X;X;X;X
NIP_reactionary;Сторонники сегуната;X;X;X;X;X;X
NIP_conservative;Партия императорского двора;X;X;X;X;X;X
NIP_conservative_2;Общество вишни;X;X;X;X;X;X
NIP_reactionary_2;Общество белого дракона;X;X;X;X;X;X
NIP_conservative_3;Общество государственных основ;X;X;X;X;X;X
NIP_liberal;Общество белого волка;X;X;X;X;X;X
NIP_socialist;Общество трудящихся;X;X;X;X;X;X
NIP_anarcho_liberal;Общество гильотины;X;X;X;X;X;X
NIP_communist;Фракция твердого ядра;X;X;X;X;X;X
NIP_fascist;Общество правого действия;X;X;X;X;X;X
NOR_liberal;Партия Венстре;X;X;X;X;X;X
NOR_conservative;Правая партия;X;X;X;X;X;X
NOR_socialist;Норвежская рабочая партия;X;X;X;X;X;X
NOR_liberal_2;Рабочая демократическая партия;X;X;X;X;X;X
NOR_liberal_3;Либеральная Венстре;X;X;X;X;X;X
NOR_liberal_4;Соборная партия;X;X;X;X;X;X
NOR_liberal_5;Умеренная Венстре;X;X;X;X;X;X
NOR_liberal_6;Крестьянская партия;X;X;X;X;X;X
NOR_conservative_2;Буржуазная партия;X;X;X;X;X;X
NOR_anarcho_liberal;Радикальная партия;X;X;X;X;X;X
NOR_communist;Коммунистическая партия;X;X;X;X;X;X
NOR_fascist;Национальный союз;X;X;X;X;X;X
NWZ_liberal;Либеральная партия;X;X;X;X;X;X
NWZ_conservative;Партия консерваторов;X;X;X;X;X;X
NWZ_socialist;Лейбористская партия;X;X;X;X;X;X
NWZ_communist;Социал-демократическая партия;X;X;X;X;X;X
NWZ_reactionary;Националистическая партия;X;X;X;X;X;X
NWZ_anarcho_liberal;Радикальная партия;X;X;X;X;X;X
NWZ_fascist;Фашистская партия;X;X;X;X;X;X
OLD_liberal;Либерально-демократическая партия;X;X;X;X;X;X
OLD_conservative;Партия 'Центра';X;X;X;X;X;X
OLD_liberal_2;Национал-либеральная партия;X;X;X;X;X;X
OLD_liberal_3;Свободная партия;X;X;X;X;X;X
OLD_socialist;Союз немецких рабочих обществ;X;X;X;X;X;X
OLD_socialist_2;СДРП;X;X;X;X;X;X
OLD_socialist_3;Социалистическая рабочая партия;X;X;X;X;X;X
OLD_reactionary;Национальная партия;X;X;X;X;X;X
OLD_conservative_2;Консервативная партия;X;X;X;X;X;X
OLD_conservative_3;Христианско-социальная рабочая партия;X;X;X;X;X;X
OLD_anarcho_liberal;Радикальная рабочая партия;X;X;X;X;X;X
OLD_communist;Коммунистическая рабочая партия;X;X;X;X;X;X
OLD_fascist;НСДАП;X;X;X;X;X;X
OMA_conservative;Партия роялистов;X;X;X;X;X;X
OMA_liberal;Либеральная партия;X;X;X;X;X;X
OMA_reactionary;Националистическая партия;X;X;X;X;X;X
OMA_anarcho_liberal;Радикальная партия;X;X;X;X;X;X
OMA_socialist;Социалистическая партия;X;X;X;X;X;X
OMA_communist;Коммунистическая партия;X;X;X;X;X;X
OMA_fascist;Фашистская партия;X;X;X;X;X;X
ORA_conservative;Партия воортреккеров;X;X;X;X;X;X
ORA_conservative_2;Бурская партия;X;X;X;X;X;X
ORA_liberal;Либеральная партия;X;X;X;X;X;X
ORA_reactionary;Националистическая партия;X;X;X;X;X;X
ORA_anarcho_liberal;Радикальная партия;X;X;X;X;X;X
ORA_socialist;Социалистическая партия;X;X;X;X;X;X
ORA_communist;Коммунистическая партия;X;X;X;X;X;X
ORA_fascist;Фашистская партия;X;X;X;X;X;X
ORI_conservative;Партия роялистов;X;X;X;X;X;X
ORI_liberal;Либеральная партия;X;X;X;X;X;X
ORI_reactionary;Националистическая партия;X;X;X;X;X;X
ORI_anarcho_liberal;Радикальная партия;X;X;X;X;X;X
ORI_socialist;Социалистическая партия;X;X;X;X;X;X
ORI_communist;Коммунистическая партия;X;X;X;X;X;X
ORI_fascist;Фашистская партия;X;X;X;X;X;X
PAN_conservative;Партия роялистов;X;X;X;X;X;X
PAN_liberal;Либеральная партия;X;X;X;X;X;X
PAN_reactionary;Националистическая партия;X;X;X;X;X;X
PAN_anarcho_liberal;Радикальная партия;X;X;X;X;X;X
PAN_socialist;Социалистическая партия;X;X;X;X;X;X
PAN_communist;Коммунистическая партия;X;X;X;X;X;X
PAN_fascist;Фашистская партия;X;X;X;X;X;X
PAP_reactionary;Партия консерваторов;X;X;X;X;X;X
PAP_conservative;Умеренная партия;X;X;X;X;X;X
PAP_anarcho_liberal;Партия реформистов;X;X;X;X;X;X
PAP_socialist;Партия христианских социалистов;X;X;X;X;X;X
PAP_liberal;Либеральная партия;X;X;X;X;X;X
PAP_communist;Общественная партия;X;X;X;X;X;X
PAP_fascist;Фашистская партия;X;X;X;X;X;X
PAR_reactionary;Партия консерваторов;X;X;X;X;X;X
PAR_conservative;Умеренная партия;X;X;X;X;X;X
PAR_liberal;Партия реформистов;X;X;X;X;X;X
PAR_liberal_2;Либеральная партия;X;X;X;X;X;X
PAR_socialist;Социалистическая партия;X;X;X;X;X;X
PAR_conservative_2;Народная партия;X;X;X;X;X;X
PAR_anarcho_liberal;Радикальная партия;X;X;X;X;X;X
PAR_communist;Коммунистическая партия;X;X;X;X;X;X
PAR_fascist;Фашистская партия;X;X;X;X;X;X
PER_conservative;Шахская партия;X;X;X;X;X;X
PER_liberal;Национальный фронт;X;X;X;X;X;X
PER_reactionary;Абадгаран;X;X;X;X;X;X
PER_anarcho_liberal;Шиитская партия;X;X;X;X;X;X
PER_socialist;Партия трудящихся;X;X;X;X;X;X
PER_communist;Пейкар;X;X;X;X;X;X
PER_fascist;Сумка;X;X;X;X;X;X
PEU_conservative;Общенародная партия;X;X;X;X;X;X
PEU_liberal;Либеральная партия;X;X;X;X;X;X
PEU_reactionary;Националистическая партия;X;X;X;X;X;X
PEU_anarcho_liberal;Радикальная партия;X;X;X;X;X;X
PEU_socialist;Социалистическая партия;X;X;X;X;X;X
PEU_communist;Коммунистическая партия;X;X;X;X;X;X
PEU_fascist;Фашистская партия;X;X;X;X;X;X
PNM_conservative;Консервативная партия;X;X;X;X;X;X
PNM_liberal;Либеральная партия;X;X;X;X;X;X
PNM_reactionary;Националистическая партия;X;X;X;X;X;X
PNM_anarcho_liberal;Радикальная партия;X;X;X;X;X;X
PNM_socialist;Социалистическая партия;X;X;X;X;X;X
PNM_communist;Коммунистическая партия;X;X;X;X;X;X
PNM_fascist;Фашистская партия;X;X;X;X;X;X
POL_conservative;Партия реальной политики;X;X;X;X;X;X
POL_liberal;Гражданская платформа;X;X;X;X;X;X
POL_reactionary;Национально-демократический союз;X;X;X;X;X;X
POL_anarcho_liberal;Национально-радикальный союз;X;X;X;X;X;X
POL_socialist;Социалистическая партия;X;X;X;X;X;X
POL_communist;Рабочая партия;X;X;X;X;X;X
POL_fascist;Армия Крайова;X;X;X;X;X;X
POR_conservative;Партия кабралистов;X;X;X;X;X;X
POR_liberal;Партия сентябристов;X;X;X;X;X;X
POR_liberal_2;Историческая партия;X;X;X;X;X;X
POR_liberal_3;Прогрессивная партия;X;X;X;X;X;X
POR_liberal_4;Реформистская партия;X;X;X;X;X;X
POR_conservative_2;Партия возрождения;X;X;X;X;X;X
POR_liberal_5;Республиканская партия;X;X;X;X;X;X
POR_socialist;Социалистическая партия;X;X;X;X;X;X
POR_liberal_6;Партия либерального возрождения;X;X;X;X;X;X
POR_liberal_7;Демократическая партия;X;X;X;X;X;X
POR_reactionary;Партия монархистов;X;X;X;X;X;X
POR_anarcho_liberal;Радикальная партия;X;X;X;X;X;X
POR_communist;Коммунистическая партия;X;X;X;X;X;X
POR_fascist;Новое государство;X;X;X;X;X;X
PRG_reactionary;Партия авторитаристов;X;X;X;X;X;X
PRG_conservative;Партия консерваторов;X;X;X;X;X;X
PRG_liberal;Либеральная партия;X;X;X;X;X;X
PRG_conservative_2;Партия красных;X;X;X;X;X;X
PRG_liberal_2;Либеральная партия;X;X;X;X;X;X
PRG_anarcho_liberal;Радикальная партия;X;X;X;X;X;X
PRG_socialist;Социалистическая партия;X;X;X;X;X;X
PRG_communist;Коммунистическая партия;X;X;X;X;X;X
PRG_fascist;Фашистская партия;X;X;X;X;X;X
PRU_liberal;Либерально-демократическая партия;X;X;X;X;X;X
PRU_conservative;Немецкий национальный союз;X;X;X;X;X;X
PRU_liberal_2;Национал-демократическая партия;X;X;X;X;X;X
PRU_liberal_3;Франкфуртская лига;X;X;X;X;X;X
PRU_socialist;Социалистическая партия;X;X;X;X;X;X
PRU_socialist_2;Немецкая социалистичская партия;X;X;X;X;X;X
PRU_socialist_3;Социал-демократическая лига;X;X;X;X;X;X
PRU_reactionary;Неоабсолютистская партия;X;X;X;X;X;X
PRU_conservative_2;Военная партия;X;X;X;X;X;X
PRU_conservative_3;Лютеранская народная партия;X;X;X;X;X;X
PRU_anarcho_liberal;Республиканская правая партия;X;X;X;X;X;X
PRU_communist;Коммунистический интернационал;X;X;X;X;X;X
PRU_fascist;Немецкий национальный союз;X;X;X;X;X;X
QUE_liberal;Патриотическая партия;X;X;X;X;X;X
QUE_liberal_2;Либеральная партия;X;X;X;X;X;X
QUE_conservative;Консервативная партия;X;X;X;X;X;X
QUE_socialist;Рабочая партия;X;X;X;X;X;X
QUE_liberal_3;Националистическая партия;X;X;X;X;X;X
QUE_reactionary;Националистическая партия;X;X;X;X;X;X
QUE_anarcho_liberal;Радикальная партия;X;X;X;X;X;X
QUE_communist;Коммунистическая партия;X;X;X;X;X;X
QUE_fascist;Фашистская партия;X;X;X;X;X;X
ROM_reactionary;Боярская партия;X;X;X;X;X;X
ROM_liberal;Национальная партия;X;X;X;X;X;X
ROM_liberal_2;Либеральная партия;X;X;X;X;X;X
ROM_conservative;Консервативная партия;X;X;X;X;X;X
ROM_conservative_2;Царанистская партия;X;X;X;X;X;X
ROM_anarcho_liberal;Радикальная партия;X;X;X;X;X;X
ROM_socialist;Социал-демократическая партия;X;X;X;X;X;X
ROM_conservative_3;Консервативно-демократическая партия;X;X;X;X;X;X
ROM_reactionary_2;Национально-демократическая партия;X;X;X;X;X;X
ROM_communist;Коммунистическая партия;X;X;X;X;X;X
ROM_fascist;Железная гвардия;X;X;X;X;X;X
RUS_conservative;Партия славянофилов;X;X;X;X;X;X
RUS_liberal;Партия западников;X;X;X;X;X;X
RUS_communist;РСДРП(м);X;X;X;X;X;X
RUS_communist_2;РСДРП(б);X;X;X;X;X;X
RUS_socialist;Эсеры-максималисты;X;X;X;X;X;X
RUS_reactionary;Фракция Панславистов;X;X;X;X;X;X
RUS_liberal_2;Конституционно-демократическая партия;X;X;X;X;X;X
RUS_conservative_2;Союз 17 октября;X;X;X;X;X;X
RUS_socialist_2;Народно-социалистическая партия;X;X;X;X;X;X
RUS_socialist_3;Трудовая группа;X;X;X;X;X;X
RUS_anarcho_liberal;Правые эсеры;X;X;X;X;X;X
RUS_fascist;Всероссийская фашистская партия;X;X;X;X;X;X
RUT_conservative;Партия державного единства;X;X;X;X;X;X
RUT_liberal;Самостийная демократическая партия;X;X;X;X;X;X
RUT_reactionary;Сторонники гетьманата;X;X;X;X;X;X
RUT_anarcho_liberal;Партия революционного крестьянства;X;X;X;X;X;X
RUT_socialist;Социал-демократическая народная партия;X;X;X;X;X;X
RUT_communist;Коммунистическая партия;X;X;X;X;X;X
RUT_fascist;SS-Галичина;X;X;X;X;X;X
SAF_liberal;Африканерский союз;X;X;X;X;X;X
SAF_conservative;Прогрессивная партия;X;X;X;X;X;X
SAF_socialist;Лейбористская партия;X;X;X;X;X;X
SAF_conservative_2;Юнионистская партия;X;X;X;X;X;X
SAF_liberal_2;Южно-Африканская партия;X;X;X;X;X;X
SAF_conservative_3;Национальная партия;X;X;X;X;X;X
SAF_reactionary;Националистическая партия;X;X;X;X;X;X
SAF_anarcho_liberal;Радикальная партия;X;X;X;X;X;X
SAF_communist;Коммунистическая партия;X;X;X;X;X;X
SAF_fascist;Фашистская партия;X;X;X;X;X;X
SAR_reactionary;Партия консерваторов;X;X;X;X;X;X
SAR_conservative;Партия умеренных;X;X;X;X;X;X
SAR_liberal;Партия реформистов;X;X;X;X;X;X
SAR_liberal_2;Либеральная партия;X;X;X;X;X;X
SAR_socialist;Социалистическая партия;X;X;X;X;X;X
SAR_conservative_2;Народная партия;X;X;X;X;X;X
SAR_anarcho_liberal;Радикальная партия;X;X;X;X;X;X
SAR_communist;Коммунистическая партия;X;X;X;X;X;X
SAR_fascist;Фашистская партия;X;X;X;X;X;X
SAX_liberal;Либерально-демократическая партия;X;X;X;X;X;X
SAX_conservative;Партия 'Центра';X;X;X;X;X;X
SAX_liberal_2;Национал-либеральная партия;X;X;X;X;X;X
SAX_liberal_3;Свободная партия;X;X;X;X;X;X
SAX_socialist;Союз немецких рабочих обществ;X;X;X;X;X;X
SAX_socialist_2;СДРП;X;X;X;X;X;X
SAX_socialist_3;Социалистическая рабочая партия;X;X;X;X;X;X
SAX_reactionary;Национальная партия;X;X;X;X;X;X
SAX_conservative_2;Консервативная партия;X;X;X;X;X;X
SAX_conservative_3;Христианско-социальная рабочая партия;X;X;X;X;X;X
SAX_anarcho_liberal;Радикальная рабочая партия;X;X;X;X;X;X
SAX_communist;Коммунистическая рабочая партия;X;X;X;X;X;X
SAX_fascist;Фашистская партия;X;X;X;X;X;X
SCA_liberal;Объединенная либеральная партия;X;X;X;X;X;X
SCA_anarcho_liberal;Антиреволюционная партия;X;X;X;X;X;X
SCA_conservative;Правая партия;X;X;X;X;X;X
SCA_reactionary;Партия монархистов;X;X;X;X;X;X
SCA_socialist;Социалистический союз;X;X;X;X;X;X
SCA_communist;Пролетарский союз борьбы;X;X;X;X;X;X
SCA_liberal_2;Финская партия;X;X;X;X;X;X
SCA_liberal_3;Крестьянский союз;X;X;X;X;X;X
SCA_conservative_2;Норвежская партия;X;X;X;X;X;X
SCA_liberal_4;Датская юнионистская партия;X;X;X;X;X;X
SCA_fascist;Национал-социалистический блок;X;X;X;X;X;X
SCH_liberal;Либерально-демократическая партия;X;X;X;X;X;X
SCH_conservative;Партия 'Центра';X;X;X;X;X;X
SCH_liberal_2;Национал-либеральная партия;X;X;X;X;X;X
SCH_liberal_3;Свободная партия;X;X;X;X;X;X
SCH_socialist;Союз немецких рабочих обществ;X;X;X;X;X;X
SCH_socialist_2;СДРП;X;X;X;X;X;X
SCH_socialist_3;Социалистическая рабочая партия;X;X;X;X;X;X
SCH_reactionary;Национальная партия;X;X;X;X;X;X
SCH_conservative_2;Консервативная партия;X;X;X;X;X;X
SCH_conservative_3;Христианско-социальная рабочая партия;X;X;X;X;X;X
SCH_anarcho_liberal;Радикальная рабочая партия;X;X;X;X;X;X
SCH_communist;Коммунистическая рабочая партия;X;X;X;X;X;X
SCH_fascist;НСДАП;X;X;X;X;X;X
SCO_conservative;Партия вигов;X;X;X;X;X;X
SCO_conservative_2;Консервативная партия;X;X;X;X;X;X
SCO_liberal;Либеральная партия;X;X;X;X;X;X
SCO_conservative_3;Юнионистская партия;X;X;X;X;X;X
SCO_socialist;Лейбористская партия;X;X;X;X;X;X
SCO_liberal_2;Партия мелких арендаторов;X;X;X;X;X;X
SCO_reactionary;Националистическая партия;X;X;X;X;X;X
SCO_anarcho_liberal;Радикальная партия;X;X;X;X;X;X
SCO_communist;Коммунистическая партия;X;X;X;X;X;X
SCO_fascist;Фашистская партия;X;X;X;X;X;X
SHI_conservative;Партия роялистов;X;X;X;X;X;X
SHI_liberal;Либеральная партия;X;X;X;X;X;X
SHI_reactionary;Националистическая партия;X;X;X;X;X;X
SHI_anarcho_liberal;Радикальная партия;X;X;X;X;X;X
SHI_socialist;Социалистическая партия;X;X;X;X;X;X
SHI_communist;Коммунистическая партия;X;X;X;X;X;X
SHI_fascist;Фашистская партия;X;X;X;X;X;X
SER_conservative;Абсолютистская партия;X;X;X;X;X;X
SER_liberal;Либерал-демократическая партия;X;X;X;X;X;X
SER_conservative_2;Прогрессивная партия;X;X;X;X;X;X
SER_liberal_2;Демократическая партия;X;X;X;X;X;X
SER_conservative_3;Новая Сербия;X;X;X;X;X;X
SER_socialist;Радикальная партия;X;X;X;X;X;X
SER_reactionary;Православная партия;X;X;X;X;X;X
SER_anarcho_liberal;Партия свободы;X;X;X;X;X;X
SER_communist;Союз коммунистов;X;X;X;X;X;X
SER_fascist;Четники;X;X;X;X;X;X
SGF_liberal;Либерально-демократическая партия;X;X;X;X;X;X
SGF_conservative;Партия 'Центра';X;X;X;X;X;X
SGF_liberal_2;Национал-либеральная партия;X;X;X;X;X;X
SGF_liberal_3;Свободная партия;X;X;X;X;X;X
SGF_socialist;Союз немецких рабочих обществ;X;X;X;X;X;X
SGF_socialist_2;СДРП;X;X;X;X;X;X
SGF_socialist_3;Социалистическая рабочая партия;X;X;X;X;X;X
SGF_reactionary;Национальная партия;X;X;X;X;X;X
SGF_conservative_2;Консервативная партия;X;X;X;X;X;X
SGF_conservative_3;Христианско-социальная рабочая партия;X;X;X;X;X;X
SGF_anarcho_liberal;Радикальная рабочая партия;X;X;X;X;X;X
SGF_communist;Коммунистическая рабочая партия;X;X;X;X;X;X
SGF_fascist;НСДАП;X;X;X;X;X;X
SIA_conservative;Партия роялистов;X;X;X;X;X;X
SIA_liberal;Либеральная партия;X;X;X;X;X;X
SIA_reactionary;Националистическая партия;X;X;X;X;X;X
SIA_anarcho_liberal;Радикальная партия;X;X;X;X;X;X
SIA_socialist;Социалистическая партия;X;X;X;X;X;X
SIA_communist;Коммунистическая партия;X;X;X;X;X;X
SIA_fascist;Тайланд;X;X;X;X;X;X
SIC_reactionary;Партия консерваторов;X;X;X;X;X;X
SIC_conservative;Умеренная партия;X;X;X;X;X;X
SIC_liberal;Партия реформистов;X;X;X;X;X;X
SIC_liberal_2;Либеральная партия;X;X;X;X;X;X
SIC_socialist;Социалистическая партия;X;X;X;X;X;X
SIC_conservative_2;Народная партия;X;X;X;X;X;X
SIC_anarcho_liberal;Радикальная партия;X;X;X;X;X;X
SIC_communist;Коммунистическая партия;X;X;X;X;X;X
SIC_fascist;Фашистская партия;X;X;X;X;X;X
SIE_conservative;Партия роялистов;X;X;X;X;X;X
SIE_liberal;Либеральная партия;X;X;X;X;X;X
SIE_reactionary;Националистическая партия;X;X;X;X;X;X
SIE_anarcho_liberal;Радикальная партия;X;X;X;X;X;X
SIE_socialist;Социалистическая партия;X;X;X;X;X;X
SIE_communist;Коммунистическая партия;X;X;X;X;X;X
SIE_fascist;Фашистская партия;X;X;X;X;X;X
SIK_conservative;Партия роялистов;X;X;X;X;X;X
SIK_liberal;Либеральная партия;X;X;X;X;X;X
SIK_reactionary;Националистическая партия;X;X;X;X;X;X
SIK_anarcho_liberal;Радикальная партия;X;X;X;X;X;X
SIK_socialist;Социалистическая партия;X;X;X;X;X;X
SIK_communist;Коммунистическая партия;X;X;X;X;X;X
SIK_fascist;Фашистская партия;X;X;X;X;X;X
SIN_conservative;Партия роялистов;X;X;X;X;X;X
SIN_liberal;Либеральная партия;X;X;X;X;X;X
SIN_reactionary;Националистическая партия;X;X;X;X;X;X
SIN_anarcho_liberal;Радикальная партия;X;X;X;X;X;X
SIN_socialist;Социалистическая партия;X;X;X;X;X;X
SIN_communist;Коммунистическая партия;X;X;X;X;X;X
SIN_fascist;Фашистская партия;X;X;X;X;X;X
SLO_conservative;Неоабсолютистская партия;X;X;X;X;X;X
SLO_liberal;Партия национальной солидарности;X;X;X;X;X;X
SLO_reactionary;Державная лига;X;X;X;X;X;X
SLO_anarcho_liberal;Республиканская альтернатива;X;X;X;X;X;X
SLO_socialist;Левая рабочая партия;X;X;X;X;X;X
SLO_communist;Союз коммунистов;X;X;X;X;X;X
SLO_fascist;Домомбраны;X;X;X;X;X;X
SLV_conservative;Партия роялистов;X;X;X;X;X;X
SLV_liberal;Либеральная партия;X;X;X;X;X;X
SLV_reactionary;Националистическая партия;X;X;X;X;X;X
SLV_anarcho_liberal;Радикальная партия;X;X;X;X;X;X
SLV_socialist;Социалистическая партия;X;X;X;X;X;X
SLV_communist;Коммунистическая партия;X;X;X;X;X;X
SLV_fascist;Фашистская партия;X;X;X;X;X;X
SOK_conservative;Партия роялистов;X;X;X;X;X;X
SOK_liberal;Либеральная партия;X;X;X;X;X;X
SOK_reactionary;Националистическая партия;X;X;X;X;X;X
SOK_anarcho_liberal;Радикальная партия;X;X;X;X;X;X
SOK_socialist;Социалистическая партия;X;X;X;X;X;X
SOK_communist;Коммунистическая партия;X;X;X;X;X;X
SOK_fascist;Фашистская партия;X;X;X;X;X;X
SPA_conservative;Умеренная партия;X;X;X;X;X;X
SPA_liberal;Прогрессивная партия;X;X;X;X;X;X
SPA_conservative_2;Либеральный союз;X;X;X;X;X;X
SPA_reactionary;Карлистская партия;X;X;X;X;X;X
SPA_liberal_2;Федерально-республиканская партия;X;X;X;X;X;X
SPA_liberal_3;Республиканская унитарная партия;X;X;X;X;X;X
SPA_socialist;Народный фронт;X;X;X;X;X;X
SPA_liberal_4;Радикально-республиканская партия;X;X;X;X;X;X
SPA_liberal_5;Республиканский союз;X;X;X;X;X;X
SPA_communist;Регионально-федеративная партия;X;X;X;X;X;X
SPA_liberal_6;Республиканско-реформистская партия;X;X;X;X;X;X
SPA_conservative_3;Каталонская регионалистская партия;X;X;X;X;X;X
SPA_liberal_7;Партия каталонской солидарности;X;X;X;X;X;X
SPA_conservative_4;Баскская националистическая партия;X;X;X;X;X;X
SPA_conservative_5;Национальный фронт;X;X;X;X;X;X
SPA_anarcho_liberal;Радикальная партия;X;X;X;X;X;X
SPA_fascist;Испанская фаланга;X;X;X;X;X;X
SWE_conservative;Консервативная партия;X;X;X;X;X;X
SWE_liberal;Либеральная партия;X;X;X;X;X;X
SWE_socialist;Социал-демократическая партия;X;X;X;X;X;X
SWE_conservative_2;Шведский аграрный союз;X;X;X;X;X;X
SWE_conservative_3;Крестьянский союз;X;X;X;X;X;X
SWE_liberal_2;Новая крестьянская партия;X;X;X;X;X;X
SWE_communist;Социал-демократическая Венстре;X;X;X;X;X;X
SWE_liberal_3;Крестьянская партия;X;X;X;X;X;X
SWE_liberal_4;Партия Старой земли;X;X;X;X;X;X
SWE_conservative_4;Всеобщий союз избирателей;X;X;X;X;X;X
SWE_conservative_5;Шведский аграрный союз;X;X;X;X;X;X
SWE_liberal_5;Крестьянская партия;X;X;X;X;X;X
SWE_liberal_6;Либеральная коалиционная партия;X;X;X;X;X;X
SWE_reactionary;Националистическая партия;X;X;X;X;X;X
SWE_anarcho_liberal;Антиреволюционная партия;X;X;X;X;X;X
SWE_fascist;Национал-социалистический блок;X;X;X;X;X;X
SWI_liberal;Свободная партия;X;X;X;X;X;X
SWI_reactionary;Консервативная партия;X;X;X;X;X;X
SWI_conservative;Католическо-консервативная партия;X;X;X;X;X;X
SWI_socialist;Социалистическая партия;X;X;X;X;X;X
SWI_conservative_2;Либерально-демократическая партия;X;X;X;X;X;X
SWI_reactionary_2;Протестанская партия;X;X;X;X;X;X
SWI_conservative_3;Протестанско-консервативная партия;X;X;X;X;X;X
SWI_anarcho_liberal;Радикальная партия;X;X;X;X;X;X
SWI_communist;Коммунистическая партия;X;X;X;X;X;X
SWI_fascist;Фашистская партия;X;X;X;X;X;X
TEX_liberal;Демократическая партия;X;X;X;X;X;X
TEX_conservative;Партия вигов;X;X;X;X;X;X
TEX_conservative_2;Популистская партия;X;X;X;X;X;X
TEX_anarcho_liberal;Радикальная партия;X;X;X;X;X;X
TEX_reactionary;Националистическая партия;X;X;X;X;X;X
TEX_socialist;Социалистическая партия;X;X;X;X;X;X
TEX_fascist;Фашистская партия;X;X;X;X;X;X
TIB_conservative;Ламаистская партия;X;X;X;X;X;X
TIB_liberal;Либеральная партия;X;X;X;X;X;X
TIB_reactionary;Националистическая партия;X;X;X;X;X;X
TIB_anarcho_liberal;Радикальная партия;X;X;X;X;X;X
TIB_socialist;Социалистическая партия;X;X;X;X;X;X
TIB_communist;Коммунистическая партия;X;X;X;X;X;X
TIB_fascist;Фашистская партия;X;X;X;X;X;X
TRA_conservative;Партия роялистов;X;X;X;X;X;X
TRA_liberal;Либеральная партия;X;X;X;X;X;X
TRA_reactionary;Националистическая партия;X;X;X;X;X;X
TRA_anarcho_liberal;Радикальная партия;X;X;X;X;X;X
TRE_reactionary;Партия монархистов;X;X;X;X;X;X
TRE_liberal;Партия непримиримых;X;X;X;X;X;X
TRE_conservative;Умеренная партия;X;X;X;X;X;X
TRE_socialist;Социалистическая партия;X;X;X;X;X;X
TRE_communist;Революционная партия;X;X;X;X;X;X
TRE_reactionary_2;Католическая партия;X;X;X;X;X;X
TRE_anarcho_liberal;Радикальная партия;X;X;X;X;X;X
TRE_fascist;Фашистская партия;X;X;X;X;X;X
TRI_conservative;Партия роялистов;X;X;X;X;X;X
TRI_liberal;Либеральная партия;X;X;X;X;X;X
TRI_reactionary;Националистическая партия;X;X;X;X;X;X
TRI_anarcho_liberal;Радикальная партия;X;X;X;X;X;X
TRA_socialist;Социалистическая партия;X;X;X;X;X;X
TRA_communist;Коммунистическая партия;X;X;X;X;X;X
TRA_fascist;Фашистская партия;X;X;X;X;X;X
TRN_conservative;Партия воортреккеров;X;X;X;X;X;X
TRN_conservative_2;Бурская партия;X;X;X;X;X;X
TRN_liberal;Либеральная партия;X;X;X;X;X;X
TRN_reactionary;Националистическая партия;X;X;X;X;X;X
TRN_anarcho_liberal;Радикальная партия;X;X;X;X;X;X
TRN_socialist;Социалистическая партия;X;X;X;X;X;X
TRN_communist;Коммунистическая партия;X;X;X;X;X;X
TRN_fascist;Фашистская партия;X;X;X;X;X;X
TUN_conservative;Партия роялистов;X;X;X;X;X;X
TUN_liberal;Либеральная партия;X;X;X;X;X;X
TUN_reactionary;Националистическая партия;X;X;X;X;X;X
TUN_anarcho_liberal;Радикальная партия;X;X;X;X;X;X
TUN_socialist;Социалистическая партия;X;X;X;X;X;X
TUN_communist;Коммунистическая партия;X;X;X;X;X;X
TUN_fascist;Фашистская партия;X;X;X;X;X;X
TUR_reactionary;Партия янычар;X;X;X;X;X;X
TUR_conservative;Имперская партия;X;X;X;X;X;X
TUR_liberal;Партия младотурок;X;X;X;X;X;X
TUR_socialist;Курдская партия;X;X;X;X;X;X
TUR_communist;Революционная партия;X;X;X;X;X;X
TUR_liberal_2;Народный союз;X;X;X;X;X;X
TUR_socialist_2;Демократический фронт;X;X;X;X;X;X
TUR_anarcho_liberal;Радикальная партия;X;X;X;X;X;X
TUR_fascist;Фашистская партия;X;X;X;X;X;X
TUS_reactionary;Партия консерваторов;X;X;X;X;X;X
TUS_conservative;Умеренная партия;X;X;X;X;X;X
TUS_liberal;Партия реформистов;X;X;X;X;X;X
TUS_liberal_2;Либеральная партия;X;X;X;X;X;X
TUS_socialist;Социалистическая партия;X;X;X;X;X;X
TUS_conservative_2;Народная партия;X;X;X;X;X;X
TUS_anarcho_liberal;Радикальная партия;X;X;X;X;X;X
TUS_communist;Коммунистическая партия;X;X;X;X;X;X
TUS_fascist;Фашистская партия;X;X;X;X;X;X
UCA_conservative;Консервативная партия;X;X;X;X;X;X
UCA_liberal;Либеральная партия;X;X;X;X;X;X
UCA_reactionary;Националистическая партия;X;X;X;X;X;X
UCA_anarcho_liberal;Радикальная партия;X;X;X;X;X;X
UCA_socialist;Социалистическая партия;X;X;X;X;X;X
UCA_communist;Коммунистическая партия;X;X;X;X;X;X
UCA_fascist;Фашистская партия;X;X;X;X;X;X
UKR_conservative;Сторонники княжества;X;X;X;X;X;X
UKR_liberal;Сторонники рады;X;X;X;X;X;X
UKR_reactionary;Сторонники гетьмана;X;X;X;X;X;X
UKR_anarcho_liberal;Революционная украинская партия;X;X;X;X;X;X
UKR_socialist;Организация украинских националистов;X;X;X;X;X;X
UKR_communist;Революционная повстанческая армия;X;X;X;X;X;X
UKR_fascist;Социал-националистическая партия;X;X;X;X;X;X
URU_conservative;Партия белых;X;X;X;X;X;X
URU_conservative_2;Национальная партия;X;X;X;X;X;X
URU_liberal;Партия красных;X;X;X;X;X;X
URU_liberal_2;Партия красных;X;X;X;X;X;X
URU_socialist;Партия красных;X;X;X;X;X;X
URU_conservative_3;Гражданский союз Уругвая;X;X;X;X;X;X
URU_communist;Социалистическая партия;X;X;X;X;X;X
URU_liberal_3;Либеральная партия;X;X;X;X;X;X
URU_reactionary;Националистическая партия;X;X;X;X;X;X
URU_anarcho_liberal;Радикальная партия;X;X;X;X;X;X
URU_socialist_2;Социалистическая партия;X;X;X;X;X;X
URU_fascist;Фашистская партия;X;X;X;X;X;X
USA_liberal;Демократическая партия;X;X;X;X;X;X
USA_conservative;Республиканская партия;X;X;X;X;X;X
USA_liberal_2;Либертарианская партия;X;X;X;X;X;X
USA_liberal_3;Партия фрисойлеров;X;X;X;X;X;X
USA_conservative_3;Конституционная юнионистская партия;X;X;X;X;X;X
USA_liberal_4;Популистская партия;X;X;X;X;X;X
USA_socialist;Социалистическая партия;X;X;X;X;X;X
USA_anarcho_liberal;Ку-Клукс-Клан;X;X;X;X;X;X
USA_communist;Коммунистическая партия;X;X;X;X;X;X
USA_fascist;Национал-социалистическая партия;X;X;X;X;X;X
VEN_reactionary;Партия монархистов;X;X;X;X;X;X
VEN_liberal;Партия непримиримых;X;X;X;X;X;X
VEN_conservative;Умеренная партия;X;X;X;X;X;X
VEN_socialist;Социалистическая партия;X;X;X;X;X;X
VEN_communist;Революционная партия;X;X;X;X;X;X
VEN_reactionary_2;Католическая партия;X;X;X;X;X;X
VEN_anarcho_liberal;Радикальная партия;X;X;X;X;X;X
VEN_fascist;Фашистская партия;X;X;X;X;X;X
WIA_conservative;Партия роялистов;X;X;X;X;X;X
WIA_liberal;Либеральная партия;X;X;X;X;X;X
WIA_reactionary;Националистическая партия;X;X;X;X;X;X
WIA_anarcho_liberal;Радикальная партия;X;X;X;X;X;X
WIA_socialist;Социалистическая партия;X;X;X;X;X;X
WIA_communist;Коммунистическая партия;X;X;X;X;X;X
WIA_fascist;Фашистская партия;X;X;X;X;X;X
VNZ_conservative;Консервативная партия;X;X;X;X;X;X
VNZ_liberal;Либеральная партия;X;X;X;X;X;X
VNZ_conservative_2;Централистская партия;X;X;X;X;X;X
VNZ_liberal_2;Федералистская партия;X;X;X;X;X;X
VNZ_reactionary;Унитарная партия;X;X;X;X;X;X
VNZ_liberal_3;Партия либерального возрождения;X;X;X;X;X;X
VNZ_anarcho_liberal;Радикальная партия;X;X;X;X;X;X
VNZ_socialist;Социалистическая партия;X;X;X;X;X;X
VNZ_communist;Коммунистическая партия;X;X;X;X;X;X
VNZ_fascist;Фашистская партия;X;X;X;X;X;X
WAL_reactionary;Боярская партия;X;X;X;X;X;X
WAL_liberal;Национальная партия;X;X;X;X;X;X
WAL_liberal_2;Либеральная партия;X;X;X;X;X;X
WAL_conservative;Консервативная партия;X;X;X;X;X;X
WAL_conservative_2;Царанистская партия;X;X;X;X;X;X
WAL_anarcho_liberal;Радикальная партия;X;X;X;X;X;X
WAL_socialist;Социал-демократическая партия;X;X;X;X;X;X
WAL_conservative_3;Консервативно-демократическая партия;X;X;X;X;X;X
WAL_reactionary_2;Национально-демократическая партия;X;X;X;X;X;X
WAL_communist;Коммунистическая партия;X;X;X;X;X;X
WAL_fascist;Железная гвардия;X;X;X;X;X;X
WEI_liberal;Либерально-демократическая партия;X;X;X;X;X;X
WEI_conservative;Партия 'Центра';X;X;X;X;X;X
WEI_liberal_2;Национал-либеральная партия;X;X;X;X;X;X
WEI_liberal_3;Свободная партия;X;X;X;X;X;X
WEI_socialist;Союз немецких рабочих обществ;X;X;X;X;X;X
WEI_socialist_2;СДРП;X;X;X;X;X;X
WEI_socialist_3;Социалистическая рабочая партия;X;X;X;X;X;X
WEI_reactionary;Национальная партия;X;X;X;X;X;X
WEI_conservative_2;Консервативная партия;X;X;X;X;X;X
WEI_conservative_3;Христианско-социальная рабочая партия;X;X;X;X;X;X
WEI_anarcho_liberal;Радикальная рабочая партия;X;X;X;X;X;X
WEI_communist;Коммунистическая рабочая партия;X;X;X;X;X;X
WLL_conservative;Партия роялистов;X;X;X;X;X;X
WLL_liberal;Либеральная партия;X;X;X;X;X;X
WLL_reactionary;Националистическая партия;X;X;X;X;X;X
WLL_anarcho_liberal;Радикальная партия;X;X;X;X;X;X
WLL_socialist;Социалистическая партия;X;X;X;X;X;X
WLL_communist;Коммунистическая партия;X;X;X;X;X;X
WUR_liberal;Фашистская партия;X;X;X;X;X;X
WUR_conservative;Партия 'Центра';X;X;X;X;X;X
WUR_liberal_2;Национал-либеральная партия;X;X;X;X;X;X
WUR_liberal_3;Свободная партия;X;X;X;X;X;X
WUR_socialist;Союз немецких рабочих обществ;X;X;X;X;X;X
WUR_socialist_2;СДРП;X;X;X;X;X;X
WUR_socialist_3;Социалистическая рабочая партия;X;X;X;X;X;X
WUR_reactionary;Национальная партия;X;X;X;X;X;X
WUR_conservative_2;Консервативная партия;X;X;X;X;X;X
WUR_conservative_3;Христианско-социальная рабочая партия;X;X;X;X;X;X
WUR_anarcho_liberal;Радикальная рабочая партия;X;X;X;X;X;X
WUR_communist;Коммунистическая рабочая партия;X;X;X;X;X;X
WUR_fascist;НСДАП;X;X;X;X;X;X
ZAN_conservative;Партия роялистов;X;X;X;X;X;X
ZAN_liberal;Либеральная партия;X;X;X;X;X;X
ZAN_reactionary;Националистическая партия;X;X;X;X;X;X
ZAN_anarcho_liberal;Радикальная партия;X;X;X;X;X;X
ZAN_socialist;Социалистическая партия;X;X;X;X;X;X
ZAN_communist;Коммунистическая партия;X;X;X;X;X;X
ZAN_fascist;Фашистская партия;X;X;X;X;X;X
ZUL_conservative;Партия роялистов;X;X;X;X;X;X
ZUL_liberal;Либеральная партия;X;X;X;X;X;X
ZUL_reactionary;Националистическая партия;X;X;X;X;X;X
ZUL_anarcho_liberal;Радикальная партия;X;X;X;X;X;X
ZUL_socialist;Социалистическая партия;X;X;X;X;X;X
ZUL_communist;Коммунистическая партия;X;X;X;X;X;X
ZUL_fascist;Фашистская партия;X;X;X;X;X;X
SIG;Гогенцоллерн-Зигмаринген;X;X;X;X;X;X
SIG_ADJ;Зигмарингенск.;X;X;X;X;X;X
SIG_liberal;Либерально-демократическая партия;X;X;X;X;X;X
SIG_conservative;Партия 'Центра';X;X;X;X;X;X
SIG_socialist;Союз немецких рабочих обществ;X;X;X;X;X;X
SIG_reactionary;Национальная партия;X;X;X;X;X;X
SIG_anarcho_liberal;Радикальная рабочая партия;X;X;X;X;X;X
SIG_communist;Коммунистическая рабочая партия;X;X;X;X;X;X
SIG_fascist;НСДАП;X;X;X;X;X;X
YAR;Яури;X;X;X;X;X;X
YAR_ADJ;Яурийск.;X;X;X;X;X;X
KBB;Хауса;X;X;X;X;X;X
KBB_ADJ;Хаусалендск.;X;X;X;X;X;X
KTS;Катсина;X;X;X;X;X;X
KTS_ADJ;Катсинск.;X;X;X;X;X;X
KBO_conservative;Фракция короля;X;X;X;X;X;X
KBO_liberal;Фракция реформаторов;X;X;X;X;X;X
KBO_reactionary;Фракция вождей;X;X;X;X;X;X
KBO_anarcho_liberal;Радикальный альянс;X;X;X;X;X;X
KBO_socialist;Национальный конгресс;X;X;X;X;X;X
KBO_communist;Союз коммунистов;X;X;X;X;X;X
KBO_fascist;Фракция империалистов;X;X;X;X;X;X
KBO_ADJ;Канемск.;X;X;X;X;X;X
KBO;Борну;X;X;X;X;X;X
IGM;Империя Великих Моголов;X;X;X;X;X;X
IGM_proletarian_dictatorship;Объединённые Могольские коммуны;X;X;X;X;X;X
IGM_fascist_dictatorship;Великая Моголия;X;X;X;X;X;X
IGM_bourgeois_dictatorship;Исламская Могольская республика;X;X;X;X;X;X
IGM_ADJ;Могольск.;X;X;X;X;X;X
IGM_liberal;Либеральная партия;X;X;X;X;X;X
IGM_conservative; Национальная партия;X;X;X;X;X;X
IGM_reactionary;Националистическая партия;X;X;X;X;X;X
IGM_anarcho_liberals;Радикальная партия;X;X;X;X;X;X
IGM_socialist;Социалистическая партия;X;X;X;X;X;X
IGM_communist;Коммунистическая партия;X;X;X;X;X;X
IGM_fascist;Фашистская партия;X;X;X;X;X;X
NAM;Намибия;X;X;X;X;X;X
NAM_ADJ; Намибск.;X;X;X;X;X;X
RPC;Российско-Персидская компания;X;X;X;X;X;X
RPC_ADJ;Персидский;X;X;X;X;X;X
GPC;Германско-Персидская компания;X;X;X;X;X;X
GPC_ADJ;Персидский;X;X;X;X;X;X
TPC;Турецко-Персидская компания;X;X;X;X;X;X
TPC_ADJ;Персидский;X;X;X;X;X;X
VAI;Вадаи;X;X;X;X;X;X
VAI_ADJ;Вадайск.;X;X;X;X;X;X
VAI_conservative;Консервативная партия Вадаи;X;X;X;X;X;X
VAI_liberal;Либеральная партия Вадаи;X;X;X;X;X;X
VAI_reactionary;Реакционная партия Вадаи;X;X;X;X;X;X
VAI_anarcho_liberal;Народная партия Вадаи;X;X;X;X;X;X
VAI_socialist;Социалистическая партия Вадаи;X;X;X;X;X;X
VAI_communist;Коммунистическая партия Вадаи;X;X;X;X;X;X
VAI_fascist;Завоевательная партия Вадаи;X;X;X;X;X;X
BAG;Багирми;X;X;X;X;X;X
BAG_ADJ;Багирмск.;X;X;X;X;X;X
BAG_conservative;Консервативная партия Багирми;X;X;X;X;X;X
BAG_liberal;Либеральная партия Багирми;X;X;X;X;X;X
BAG_reactionary;Реакционная партия Багирми;X;X;X;X;X;X
BAG_anarcho_liberal;Народная партия Багирми;X;X;X;X;X;X
BAG_socialist;Социалистическая партия Багирми;X;X;X;X;X;X
BAG_communist;Коммунистическая партия Багирми;X;X;X;X;X;X
BAG_fascist;Завоевательная партия Багирми;X;X;X;X;X;X
DAR;Дарфур;X;X;X;X;X;X
DAR_ADJ;Дарфурск.;X;X;X;X;X;X
DAR_conservative;Консервативная партия Дарфура;X;X;X;X;X;X
DAR_liberal;Либеральная партия Дарфура;X;X;X;X;X;X
DAR_reactionary;Реакционная партия Дарфура;X;X;X;X;X;X
DAR_anarcho_liberal;Народная партия Дарфура;X;X;X;X;X;X
DAR_socialist;Социалистическая партия Дарфура;X;X;X;X;X;X
DAR_communist;Коммунистическая партия Дарфура;X;X;X;X;X;X
DAR_fascist;Завоевательная партия Дарфура;X;X;X;X;X;X
BEN;Бенин;X;X;X;X;X;X
BEN_ADJ;Бенинск.;X;X;X;X;X;X
BEN_conservative;Консервативная партия Бенина;X;X;X;X;X;X
BEN_liberal;Либеральная партия Бенина;X;X;X;X;X;X
BEN_reactionary;Реакционная партия Бенина;X;X;X;X;X;X
BEN_anarcho_liberal;Народная партия Бенина;X;X;X;X;X;X
BEN_socialist;Социалистическая партия Бенина;X;X;X;X;X;X
BEN_communist;Коммунистическая партия Бенина;X;X;X;X;X;X
BEN_fascist;Завоевательная партия Бенина;X;X;X;X;X;X
OIO;Ойо;X;X;X;X;X;X
OIO_ADJ;Ойо;X;X;X;X;X;X
OIO_conservative;Консервативная партия Ойо;X;X;X;X;X;X
OIO_liberal;Либеральная партия Ойо;X;X;X;X;X;X
OIO_reactionary;Реакционная партия Ойо;X;X;X;X;X;X
OIO_anarcho_liberal;Народная партия Ойо;X;X;X;X;X;X
OIO_socialist;Социалистическая партия Ойо;X;X;X;X;X;X
OIO_communist;Коммунистическая партия Ойо;X;X;X;X;X;X
OIO_fascist;Завоевательная партия Ойо;X;X;X;X;X;X
DCH;Дачмен;X;X;X;X;X;X
DCH_ADJ;Дачменск.;X;X;X;X;X;X
DCH_conservative;Консервативная партия Дачмена;X;X;X;X;X;X
DCH_liberal;Либеральная партия Дачмена;X;X;X;X;X;X
DCH_reactionary;Реакционная партия Дачмена;X;X;X;X;X;X
DCH_anarcho_liberal;Народная партия Дачмена;X;X;X;X;X;X
DCH_socialist;Социалистическая партия Дачмена;X;X;X;X;X;X
DCH_communist;Коммунистическая партия Дачмена;X;X;X;X;X;X
DCH_fascist;Завоевательная партия Дачмена;X;X;X;X;X;X
ASH;Ашанти;X;X;X;X;X;X
ASH_ADJ;Ашантийск.;X;X;X;X;X;X
ASH_conservative;Консервативная партия Ашанти;X;X;X;X;X;X
ASH_liberal;Либеральная партия Ашанти;X;X;X;X;X;X
ASH_reactionary;Реакционная партия Ашанти;X;X;X;X;X;X
ASH_anarcho_liberal;Народная партия Ашанти;X;X;X;X;X;X
ASH_socialist;Социалистическая партия Ашанти;X;X;X;X;X;X
ASH_communist;Коммунистическая партия Ашанти;X;X;X;X;X;X
ASH_fascist;Завоевательная партия Ашанти;X;X;X;X;X;X
MAS;Массина;X;X;X;X;X;X
MAS_ADJ;Массинск.;X;X;X;X;X;X
MAS_conservative;Консервативная партия Массины;X;X;X;X;X;X
MAS_liberal;Либеральная партия Массины;X;X;X;X;X;X
MAS_reactionary;Реакционная партия Массины;X;X;X;X;X;X
MAS_anarcho_liberal;Народная партия Массины;X;X;X;X;X;X
MAS_socialist;Социалистическая партия Массины;X;X;X;X;X;X
MAS_communist;Коммунистическая партия Массины;X;X;X;X;X;X
MAS_fascist;Завоевательная партия Массины;X;X;X;X;X;X
KAA;Каарта;X;X;X;X;X;X
KAA_ADJ;Каартинск.;X;X;X;X;X;X
KAA_conservative;Консервативная партия Каарты;X;X;X;X;X;X
KAA_liberal;Либеральная партия Каарты;X;X;X;X;X;X
KAA_reactionary;Реакционная партия Каарты;X;X;X;X;X;X
KAA_anarcho_liberal;Народная партия Каарты;X;X;X;X;X;X
KAA_socialist;Социалистическая партия Каарты;X;X;X;X;X;X
KAA_communist;Коммунистическая партия Каарты;X;X;X;X;X;X
KAA_fascist;Завоевательная партия Каарты;X;X;X;X;X;X
FUG;Фуго-Хуило;X;X;X;X;X;X
FUG_ADJ;Фуго-Хуильск.;X;X;X;X;X;X
FUG_conservative;Консервативная партия Фуго-Хуило;X;X;X;X;X;X
FUG_liberal;Либеральная партия Фуго-Хуило;X;X;X;X;X;X
FUG_reactionary;Реакционная партия Фуго-Хуило;X;X;X;X;X;X
FUG_anarcho_liberal;Народная партия Фуго-Хуило;X;X;X;X;X;X
FUG_socialist;Социалистическая партия Фуго-Хуило;X;X;X;X;X;X
FUG_communist;Коммунистическая партия Фуго-Хуило;X;X;X;X;X;X
FUG_fascist;Завоевательная партия Фуго-Хуило;X;X;X;X;X;X
GOB;Гобир;X;X;X;X;X;X
GOB_ADJ;Гобирск.;X;X;X;X;X;X
GOB_conservative;Консервативная партия Гобира;X;X;X;X;X;X
GOB_liberal;Либеральная партия Гобира;X;X;X;X;X;X
GOB_reactionary;Реакционная партия Гобира;X;X;X;X;X;X
GOB_anarcho_liberal;Народная партия Гобира;X;X;X;X;X;X
GOB_socialist;Социалистическая партия Гобира;X;X;X;X;X;X
GOB_communist;Коммунистическая партия Гобира;X;X;X;X;X;X
GOB_fascist;Завоевательная партия Гобира;X;X;X;X;X;X
AYS;Аусса;X;X;X;X;X;X
AYS_ADJ;Аусский;X;X;X;X;X;X
AYS_conservative;Консервативная партия Ауссы;X;X;X;X;X;X
AYS_liberal;Либеральная партия Ауссы;X;X;X;X;X;X
AYS_reactionary;Реакционная партия Ауссы;X;X;X;X;X;X
AYS_anarcho_liberal;Народная партия Ауссы;X;X;X;X;X;X
AYS_socialist;Социалистическая партия Ауссы;X;X;X;X;X;X
AYS_communist;Коммунистическая партия Ауссы;X;X;X;X;X;X
AYS_fascist;Завоевательная партия Ауссы;X;X;X;X;X;X
HAR;Харэр;X;X;X;X;X;X
HAR_ADJ;Харэрск.;X;X;X;X;X;X
HAR_conservative;Консервативная партия Харэра;X;X;X;X;X;X
HAR_liberal;Либеральная партия Харэра;X;X;X;X;X;X
HAR_reactionary;Реакционная партия Харэра;X;X;X;X;X;X
HAR_anarcho_liberal;Народная партия Харэра;X;X;X;X;X;X
HAR_socialist;Социалистическая партия Харэра;X;X;X;X;X;X
HAR_communist;Коммунистическая партия Харэра;X;X;X;X;X;X
HAR_fascist;Завоевательная партия Харэра;X;X;X;X;X;X
KAF;Каффа;X;X;X;X;X;X
KAF_ADJ;Каффск.;X;X;X;X;X;X
KAF_conservative;Консервативная партия Каффы;X;X;X;X;X;X
KAF_liberal;Либеральная партия Каффы;X;X;X;X;X;X
KAF_reactionary;Реакционная партия Каффы;X;X;X;X;X;X
KAF_anarcho_liberal;Народная партия Каффы;X;X;X;X;X;X
KAF_socialist;Социалистическая партия Каффы;X;X;X;X;X;X
KAF_communist;Коммунистическая партия Каффы;X;X;X;X;X;X
KAF_fascist;Завоевательная партия Каффы;X;X;X;X;X;X
TIG;Тыграй;X;X;X;X;X;X
TIG_ADJ;Тыграйск.;X;X;X;X;X;X
TIG_conservative;Консервативная партия Тыграя;X;X;X;X;X;X
TIG_liberal;Либеральная партия Тыграя;X;X;X;X;X;X
TIG_reactionary;Реакционная партия Тыграя;X;X;X;X;X;X
TIG_anarcho_liberal;Народная партия Тыграя;X;X;X;X;X;X
TIG_socialist;Социалистическая партия Тыграя;X;X;X;X;X;X
TIG_communist;Коммунистическая партия Тыграя;X;X;X;X;X;X
TIG_fascist;Завоевательная партия Тыграя;X;X;X;X;X;X
GOD;Годжэм;X;X;X;X;X;X
GOD_ADJ;Годжэмск.;X;X;X;X;X;X
GOD_conservative;Консервативная партия Годжэма;X;X;X;X;X;X
GOD_liberal;Либеральная партия Годжэма;X;X;X;X;X;X
GOD_reactionary;Реакционная партия Годжэма;X;X;X;X;X;X
GOD_anarcho_liberal;Народная партия Годжэма;X;X;X;X;X;X
GOD_socialist;Социалистическая партия Годжэма;X;X;X;X;X;X
GOD_communist;Коммунистическая партия Годжэма;X;X;X;X;X;X
GOD_fascist;Завоевательная партия Годжэма;X;X;X;X;X;X
ISA;Исаак;X;X;X;X;X;X
ISA_ADJ;Исаакск.;X;X;X;X;X;X
ISA_conservative;Консервативная партия Исаака;X;X;X;X;X;X
ISA_liberal;Либеральная партия Исаака;X;X;X;X;X;X
ISA_reactionary;Реакционная партия Исаака;X;X;X;X;X;X
ISA_anarcho_liberal;Народная партия Исаака;X;X;X;X;X;X
ISA_socialist;Социалистическая партия Исаака;X;X;X;X;X;X
ISA_communist;Коммунистическая партия Исаака;X;X;X;X;X;X
ISA_fascist;Завоевательная партия Исаака;X;X;X;X;X;X
GEL;Геледи;X;X;X;X;X;X
GEL_ADJ;Геледийск.;X;X;X;X;X;X
GEL_conservative;Консервативная партия Геледи;X;X;X;X;X;X
GEL_liberal;Либеральная партия Геледи;X;X;X;X;X;X
GEL_reactionary;Реакционная партия Геледи;X;X;X;X;X;X
GEL_anarcho_liberal;Народная партия Геледи;X;X;X;X;X;X
GEL_socialist;Социалистическая партия Геледи;X;X;X;X;X;X
GEL_communist;Коммунистическая партия Геледи;X;X;X;X;X;X
GEL_fascist;Завоевательная партия Геледи;X;X;X;X;X;X
BYG;Буганда;X;X;X;X;X;X
BYG_ADJ;Бугандск.;X;X;X;X;X;X
BYG_conservative;Консервативная партия Буганды;X;X;X;X;X;X
BYG_liberal;Либеральная партия Буганды;X;X;X;X;X;X
BYG_reactionary;Реакционная партия Буганды;X;X;X;X;X;X
BYG_anarcho_liberal;Народная партия Буганды;X;X;X;X;X;X
BYG_socialist;Социалистическая партия Буганды;X;X;X;X;X;X
BYG_communist;Коммунистическая партия Буганды;X;X;X;X;X;X
BYG_fascist;Завоевательная партия Буганды;X;X;X;X;X;X
BYN;Биноро;X;X;X;X;X;X
BYN_ADJ;Бинорийск.;X;X;X;X;X;X
BYN_conservative;Консервативная партия Биноро;X;X;X;X;X;X
BYN_liberal;Либеральная партия Биноро;X;X;X;X;X;X
BYN_reactionary;Реакционная партия Биноро;X;X;X;X;X;X
BYN_anarcho_liberal;Народная партия Биноро;X;X;X;X;X;X
BYN_socialist;Социалистическая партия Биноро;X;X;X;X;X;X
BYN_communist;Коммунистическая партия Биноро;X;X;X;X;X;X
BYN_fascist;Завоевательная партия Биноро;X;X;X;X;X;X
VAL;Значение;X;X;X;X;X;X
TKG;Сёгунат Токугава;X;X;X;X;X;X
TKG_ADJ;Токугавск.;X;X;X;X;X;X
YMT;Ямато;X;X;X;X;X;X
YMT_ADJ;Яматск.;X;X;X;X;X;X
AVA;Ава;X;X;X;X;X;X
AVA_ADJ;Авск.;X;X;X;X;X;X
ASA;Асано;X;X;X;X;X;X
ASA_ADJ;Асанск.;X;X;X;X;X;X
DAT;Датэ;X;X;X;X;X;X
DAT_ADJ;Датэск.;X;X;X;X;X;X
EDZ;Эдзо;X;X;X;X;X;X
EDZ_ADJ;Эдзоск.;X;X;X;X;X;X
RYK;Рюкю;X;X;X;X;X;X
INC;Индокитай;;;;;;;;;;;;;x
INC_ADJ;Индокитайский;;;;;;;;;;;;;x
ZZZ_LOC_PAD_countries;x;X;X;X;X;X
