# Decisions / inventions title+desc;x;X;X;X;X;X
peking_convention_title;Пекинская конвенция;X;X;X;X;X;X
peking_convention_desc;С момента Нерчинского соглашения (1689), Российская империя признала реку Айгунь и горы естественными границами между Россией и Китаем. В середине XIX столетия русские перешли данные границы, чтобы захватить обширные земли между горами и Амуром. Позднее Западный альянс провел против Китая Вторую Опиумную войну, сжег летние дворцы китайского Императора, и вошел в Пекин. Хитрый генерал-майор по имени Николей Игнатьев был убежден, что только российская поддержка Китая заставит союзников покинуть Пекин. Ценой за эту поддержку было заключение Пекинской конвенции, подтверждающей присоединение к России территории между Рекой Уссури и Tихим океаном. Таким образом, Россия приобрела 350 000 квадратных миль территории, не совершив ни единого выстрела.;X;X;X;X;X;X
russian_vladivostok_title;Правитель Востока;X;X;X;X;X;X
russian_vladivostok_desc;В июле 1860 город Владивосток, или «Правитель Востока», был основан около корейской границы. Он стал главным российским торговым портом и верфью. В конечном счете он стал причиной строительства межконтинентальной железной дороги для связи с этим научным, культурным и крупным индустриальным центром. Царь мечтал, что город станет центром, соединяющим запад с востоком. Возможно, железная дорога во Владивосток в конечном счете заменит Суэцкий канал в качестве обменного пункта товаров и сырья между Востоком и Западом?;X;X;X;X;X;X
law_of_guarantees_title;Закон о Гарантиях;X;X;X;X;X;X
law_of_guarantees_desc;13 мая 1871 итальянской стороной в одностороннем порядке был принят «Закон о Гарантиях», ставивший своей целью разрешить «римский вопрос». Папа Римский получал привелегии, аналогичные королю Италии - содержание в размере трёх миллионов лир, право принимать и посылать послов, свободу проведения конклавов, свободу почтовой и телеграфной связи с другими государствами. И хотя папа Пий IX отказался принять закон, столицей молодого Итальянского королевства становился Рим, и уж с этим Папа ничего поделать не мог.;X;X;X;X;X;X
form_byzantine_empire_title;«Царь царей, Король королей»;X;X;X;X;X;X
form_byzantine_empire_desc;После гибели Османской империи, претензии турецких владык на римские имперские титулы стали лишь воспоминаниями. Константинополь, «желанный», снова стал греческим, после нескольких веков оккупации турецкими варварами. А это значит что мы, гордые потомки великих ромеев, можем провозгласить восстановление великого государства наших предков - Византийской Империи!;X;X;X;X;X;X
form_israel_title;Декларация Бальфура;X;X;X;X;X;X
form_israel_desc;«Правительство Его Величества с одобрением рассматривает вопрос о создании в Палестине национального очага для еврейского народа и приложит все усилия для содействия достижению этой цели...»\n\nТак как мы оказываем значительное влияние на Иудею и Левант, древнюю родину еврейского народа, мы можем выразить благоприятственное отношение к восстановлению там еврейского государства.;X;X;X;X;X;X
build_the_tower_of_babylon_title;Вавилонская Башня;X;X;X;X;X;X
build_the_tower_of_babylon_desc;За последние тысячелетия прогресс шагнул вперёд не так уж и далеко, а это значит, что мы всё ещё можем гордится великим проектом наших вавилонских предков. С учётом восхождения Ирака к статусу одной из лидирующих мировых держав, зазвучали голоса в поддержку этого строительства, как основы идеологии Нового Ирака. А с новыми технологиями кто знает, что у нас может получится??;X;X;X;X;X;X
raise_the_bonnie_blue_flag_title;«Заветный синий флаг!»;X;X;X;X;X;X
raise_the_bonnie_blue_flag_desc;«Hurrah! Hurrah!\nFor Southern rights, hurrah!\nHurrah for the Bonnie Blue Flag that bears a single star!»\n\n«Bonnie Blue Flag» или «Заветный синий флаг» был первым, неофициальным флагом Конфедеративных Штатов Америки. Он представлял из себя синее полотнище с белой пятиконечной звездой. Также, так называлась популярная походная песня, которую поэт Гарри Маккарти написал в честь этого флага. Поднимите «Заветный синий флаг» и следите за тем, как новобранцы пополняют ряды армии КША.;X;X;X;X;X;X
the_bonnie_blue_flag_desc;Белая пятиконечная звезда на синем фоне ведёт наши войска на бой с мерзкими янки.;X;X;X;X;X;X
webster_ashburton_treaty_title;Договор Уэбстера-Ашбертона;X;X;X;X;X;X
webster_ashburton_treaty_desc;В 1842 году, после Арукстукской войны, в Вашингтоне был подписан договор Уэбстера-Ашбертона. По этому договору граница между британскими колониями в Канаде и США устанавливалась по 49 параллели, урегулировал вопросы совместного использования британцами и американцами Великих Озёр и обязывал стороны запретить работорговлю на Атлантическом побережье Африки и строго следить за соблюдением этого запрета.;X;X;X;X;X;X
the_vega_expedition_title;Экспедиция парохода «Вега»;X;X;X;X;X;X
the_vega_expedition_desc;в 1878-80-ых годах Нильс Адольф Эрик Норденшельд, при финансовой поддержке короля Швеции и Норвегии Оскара II, впервые осуществил сквозное (с зимовкой в пути) плавание Северо-восточным проходом из Атлантического океана в Тихий и через Суэцкий канал вернулся в Швецию (1880), впервые обойдя таким образом всю Евразию. И хотя плавания через Северный морской путь предпринимались и раньше, но именно плавание Норденшельда считается первым полностью доказанным по этому пути. Оно очень широко отмечалось.;X;X;X;X;X;X
rhodesia_charter_title;Британская Южно-Африканская компания;X;X;X;X;X;X
rhodesia_charter_desc;Британская Южно-Африканская компания была основана британским магнатом-империалистом Сесилем Родсом в 1889. Компания была создана по образу и подобию Британской Вест-Индской Компании и была создана с целью содействия дальнейшей колонизации британцами Южной и Центральной Африки. Зона интересов Компании простиралась вдоль реки Замбези. Эта зона с 1895 стала известной как «Родезия» и была названа в честь Сесиля Родса.;X;X;X;X;X;X
kaiser_wilhelms_land_title;Земля Кайзера Вильгельма;X;X;X;X;X;X
kaiser_wilhelms_land_desc;«Землёй Кайзера Вильгельма» называлась сеть немецких колоний в Тихом Океане, включавшая в себя северо-восток острова Новая Гвинея, архипелаг Бисмарка и прочие, более мелкие немецкие колонии в данном регионе. В 1914 году эти территории оккупировали австралийские войска, а после окончания Первой Мировой войны земля Кайзера Вильгельма стала «территорией Новая Гвинея», которой управляло правительство Австралии.;X;X;X;X;X;X
megali_idea_title;Великая Идея;X;X;X;X;X;X
megali_idea_desc;Великая Идея - это ирридентистская концепция греков под игом Османской империи. Она подразумевала создание Великой Греции, которая должна была включать в себя всю Фракию, Константинополь, Додеканесские острова, Кипр и всё западное побережье Малой Азии. Концепция медленно шла к своей реализации весь XIX век, и была почти полностью реализована после Первой Мировой Войны, ведь по Севрскому мирнному договору к Греции отходили практически все эти территории. Но в войне за независимость Турции 1919-1922-ых годов, греки и армяне потерпели поражение, и по Лозаннскому миру должны были уступить почти все свои новые приобретения.;X;X;X;X;X;X
expand_motala_verkstad_title;Мутальский машиностроительный завод;X;X;X;X;X;X
expand_motala_verkstad_desc;«Motala Verkstad» (Мутальский машиностроительный завод) был основан Бальцаром фон Платеном в 1822 году, во время строительства Гёта-канала. Под руководством Отто Эдварда Карлсунда, в 40-60-ые годы XIX века, Мутальский завод стал одним из самых больших и известных предприятий Швеции. Завод упоминается в романе Жюля Верна «20000 льё под водой», как производитель тарана для субмарины «Наутилус».;X;X;X;X;X;X
court_yard_speech_title;Шведский конституционный кризис 1914 года;X;X;X;X;X;X
court_yard_speech_desc;Шведский конституционный кризис 1914 был спровоцирован резким сокращением оборонных расходов либеральным правительством Карла Стаафа. Шестого февраля 1914 года король Густав V обратился с речью поддержки и одобрения к тридцатитысячной толпе шведских крестьян, которые через всю страну маршировали в Стокгольм, чтобы поддержать своего короля, Родину и Вооружённые силы. Это было последнее вмешательство шведских королей в политическую жизнь страны..;X;X;X;X;X;X
italia_irredenta_title;Великая Италия;X;X;X;X;X;X
italia_irredenta_desc;Движение за объединение Италии стремилось к включанию в состав Италии всех прилегающих территорий иностранных государств, на которых проживало значительное итальянское меньшинство. Таким образом, итальянские территориальные претензии распространялись куда дальше захваченных Австрией по итогам Наполеоновских войн земель в Италии, и включали в себя значительные территории в Далмации и Австрии.;X;X;X;X;X;X
the_heligoland_question_title;Гельголандский Вопрос;X;X;X;X;X;X
the_heligoland_question_desc;Небольшой островок в Северном море под названием Гельголанд перешёл к Великобритании во время Наполеоновских войн, по Кильскому мирному соглашению 1814 года. После объединения Германии остров стал объектом территориальных претензий со стороны Германской империи, так как населён был преимущественно немцами.;X;X;X;X;X;X
miskatonic_university_title;Мискатоникский университет;X;X;X;X;X;X
miskatonic_university_desc;Мискатоникский университет находится в живописном городе Аркхем, на берегу мрачной реки Мискатоник, в прекрасном графстве Эссекс. Мискатоникский университет - одно из самых известных высших учебных учреждений Новой Англии. Он хорошо известен своей коллекцией редкостей, обширным собранием старинных и оккультных книг, своими спортивными соревнованиями, а среди прочего - отрывками легендарной Книги Эйбона и оригинальной рукописью «Безымянного культа» - образцового труда Фридриха фон Юнцта.;X;X;X;X;X;X
construct_the_walhalla_title;Вальхалла;X;X;X;X;X;X
construct_the_walhalla_desc;«Вальхалла» - это возвышающийся над Дунаем храм в стиле нео-классицизма, построенный в период с 1830 по 1842 годы в Баварии. Созданный по задумке Людвига I, зал является памятником выдающимся личностям германской истории, от Арминия до Коперника.;X;X;X;X;X;X
introduce_the_presbyteries_title;Ввести пресвитерианство;X;X;X;X;X;X
introduce_the_presbyteries_desc;В 1848 году, власти Королевства Ганновер решили укрепить народное представительство в Государственной Церкви Ганновера и ввели в неё институт пресвитерианства, и все церковные отныне поручаются всенародно избираемым пресвитерам.;X;X;X;X;X;X
build_gotthard_tunnel_title;Построить Готардский тоннель;X;X;X;X;X;X
build_gotthard_tunnel_desc;Готардский железнодорожный тоннель строился с 1871 по 1881 для того, чтобы соеденить города Гёшенен и Айроло. Первый тоннель, который был построен под горным массивом, Готардский тоннель был большим и значимым достижением своего времени.;X;X;X;X;X;X
the_lambert_charter_title;Договор Ламбера;X;X;X;X;X;X
the_lambert_charter_desc;Договор Ламбера - документ, используемый Францией с целью оправдать своё проникновение, а впоследствии и аннексию королевства Имерины. Документ был подписан наследным принцем Радамой II и якобы давал французам права вывозить с острова полезные ископаемые и прочие ресурсы, в обмен на 10% отчисление от стоимости ресурсов в пользу королевского дома Мадагаскара..;X;X;X;X;X;X
end_the_merina_monarchy_title;Конец имеринской монархии;X;X;X;X;X;X
end_the_merina_monarchy_desc;После местного восстания 1897, Франция, которая уже давно формально включила Мадагаскар в сферу влияния, окончательно аннексировала монархию Имерина и низложила местный королевский дом..;X;X;X;X;X;X
the_congo_conference_title;Принять Конференцию по Конго;X;X;X;X;X;X
the_congo_conference_desc;В 1884 году, в Берлине прошла международная «Конференция по Конго» или «Берлинская конференция», созванная по инициативе немецкого канцлера Бисмарка. Итогом конференции стал «Генеральный акт», который закреплял за великими державами их нынешние владения в Африке, а также подтверждал статус свободного государства Конго как личного владения бельгийских королей. Каким будет результат на этот раз? Примите конференцию по Конго и вращайте рулетку! Мы должны быть готовы к тому, что рассылка приглашений, принятие решения по участию в конференции, а также путь иностранных послов до нашей столицы займёт несколько месяцев..;X;X;X;X;X;X
unification_humiliate_cb_desc;Потребовать от другой великой державы признать ваше лидерство в данной культурной группе. Все страны в сфере влияния данной державы, принадлежащие к вашей культурной группе перейдут в вашу сферу влияния.;X;X;X;X;X;X
annex_the_congo_title;Аннексия Конго;X;X;X;X;X;X
annex_the_congo_desc;Многочисленные нарушения в колониальной политике в Конго привели к сильному международному давлению на $COUNTRY$. На Свободное Государство в личном владении нашего правителя обрушился шквал международной критики из-за черезчур жестокой колониальной критики. Возможно, было бы благоразумнее окончательно включить Свободное Государство в состав нашей страны.;X;X;X;X;X;X
the_congo_refrom_association_desc;Международная организация созданная с целью изменить ситуацию с правами человека в Конго к лучшему.;X;X;X;X;X;X
rename_the_congo_title;Исследование Конго!;X;X;X;X;X;X
rename_the_congo_desc;После того, как Конго было объявлено личной собственностью короля Леопольда II, было бы справедливо и логично провести экспедицию, с целью получше исследовать эту страну, не так ли?;X;X;X;X;X;X
brazzas_expedition_title;Экспедиция Браззы;X;X;X;X;X;X
brazzas_expedition_desc;Франко-итальянский исследователь и первопроходец Пьетро-Паоло Саворнан ди Бразза исследовал многие земли Центральной Африки, в частности, земли к западу от реки Конго и открыл сей регион для французской колонизации. В его честь названа столица Французского Конго, город Браззавиль.;X;X;X;X;X;X
von_moltkes_staff_reforms_title;Реформы фон Мольтке;X;X;X;X;X;X
von_moltkes_staff_reforms_desc;В 1857 году Хельмут фон Мольтке стал главой прусского генерального штаба и сразу же взялся за реформирование прусской армии. При Мольтке возник отдел исторических исследований, появились «военные игры», которые воссоздавали события белых войн и рассматривали их ошибки, был создан отдел по изучению и катологизации железных дорог и телеграфных сетей Пруссии. Конечным результатом стали блестящие победы прусского оружия в войнах за объединение Германии, прусский генштаб стал считаться одним из самых передовых и эффективных в Европе. Мольтке оставался главой прусского и немецкого генштаба более тридцати лет, и вошёл в историю как один из самых гениальных стратегов XIX века.;X;X;X;X;X;X
kanun_i_esasi_title;«Конституция Мидхата»;X;X;X;X;X;X
kanun_i_esasi_desc;Опубликованная 23 декабря 1876, «Конституция Мидхата» (от имени Мидхат-паши, великого визиря Османской Империи в 1876-1877 годах) была первой попыткой конституционно ограничить монархию в Османской Империи. И хотя «Основной закон» был отменён султаном Абдул-Хамидом в 1878 году, эта конституция стала важной вехой в турецкой истории.;X;X;X;X;X;X
the_ruhr_boom_title;Поддержать Рурский бум;X;X;X;X;X;X
the_ruhr_boom_desc;Рурская область, включающая в себя бывшие графства Берг, Марк и Клеве, меняется день ото дня. Каждый день открываются новые угольные рудники и шахты, железные дороги постоянно расширяются, новые заводы, основанные на купленных у британцев технологиях растут как грибы, после дождя. Рурская область переживает небывалый промышленный бум, и тот же бум ждёт и остальную Германию, если вы его поддержите.;X;X;X;X;X;X
support_ruhr_industrialism_title;Поддержать промышленников из рода Крупп;X;X;X;X;X;X
the_rhine_crisis_title;Левый берег Рейна;X;X;X;X;X;X
the_rhine_crisis_desc;Во времена Наполеоновских войн, всё левобережье Рейна находилось в руках Франции. В 1840 году, французский премьер-министр, Луи Адольф Тьер публично заявил, что по его мнению, Рейн всё ещё остаётся природной восточной границей Франции. Это заявление привело к «Рейнскому кризису» - крупному международному скандалу между Францией и немецкими государствами.;X;X;X;X;X;X
build_the_eiffel_tower_title;Построить Эйфелеву Башню;X;X;X;X;X;X
build_the_eiffel_tower_desc;Построенная в 1889 как входная арка парижской Всемирной выставки 1889 года, Эйфелева Башня и поныне является одним из главных символов Парижа и Франции вообще. Названная в честь архитектора, сконструировшего его, Густава Эйфеля, эта башня была высочайшим в мире сооружением более сорока лет до 1930 - пока её не превзошёл Крайслер Билдинг;X;X;X;X;X;X
confiscations_of_mendizabal_title;Испанская секуляризация;X;X;X;X;X;X
confiscations_of_mendizabal_desc;Секуляризация церковного имущества произошла в Испании в 1835-1837-ых годах, в разгар карлистской гражданской войны. Эта секуляризация разъярила традиционалистов и усилила раскол в испанском общества. Во время секуляризации были разрушены многие старинные монастыри.;X;X;X;X;X;X
haussmanns_renovations_title;Османизация Парижа;X;X;X;X;X;X
haussmanns_renovations_desc;Во времена Второй Французской империи (1852-1870) Париж был радикально перестроен. Необходимость реконструкции центра Парижа назрела после начала урбанизации и роста городов. Окраины Парижа разрослись, а вот центр не мог более связывать части города между собой и представлял из себя скопление средневековых построек. Широкие, длинные и просторные бульвары и по сей день остаются визитной карточкой Парижа;X;X;X;X;X;X
austria_anschluss_title;Аншлюс Австрии;X;X;X;X;X;X
austria_anschluss_desc;"Было ясно, что большинство австрийцев, которые 13 марта сказали бы ""да"" Шушнигу, 10 апреля скажут ""да"" Гитлеру. Многие из них верили, что прочный союз с Германией, даже нацистской, желателен и неизбежен для Австрии, что Австрия не сможет долго существовать сама по себе, что она способна выжить только в составе германского рейха.";X;X;X;X;X;X
european_blitzkrieg_title;Европейский блицкриг;X;X;X;X;X;X
european_blitzkrieg_desc;Пришло время Германии показать, кто в Европе хозяин.;X;X;X;X;X;X
leave_soi_title;Покинуть сферу влияния;X;X;X;X;X;X
leave_soi_desc;Мы можем выйти из сферы влияния, но у великой державы появится повод объявить нам войну;X;X;X;X;X;X
gunboat_desc;Вынудить должника к выплате нам.;X;X;X;X;X;X
move_capital_to_moscow_title;Возвращение к Третьему Риму;X;X;X;X;X;X
move_capital_to_moscow_desc;Славный Санкт-Петербург, город Петра Великого, неудобно прилегает к границе. Возможно, будет благоразумно перенести нашу столицу назад в Москву, в «Первопрестольную», которую вражеской армии будет сложнее достичь...;X;X;X;X;X;X
precious_metal_desc;Драгоценными металлами не торгуют на мировом рынке, а сразу превращают их в деньги.;X;X;X;X;X;X
bad_debter_desc;В следствие нашей безответственной экономической политики в прошлом банки будут выдавать нам займы только под высокие проценты.;X;X;X;X;X;X
form_union_nation_title;Создание державы $CULTURE_GROUP_UNION$;X;X;X;X;X;X
form_union_nation_desc;Наше доминирующее положение среди наших братьев по культуре позволяет нам сформировать державу $CULTURE_GROUP_UNION$.;X;X;X;X;X;X
cavours_diplomacy_title;Дипломатия Кавура;X;X;X;X;X;X
cavours_diplomacy_desc;Камилло Паоло Филиппо Джулио Бензо, граф ди Кавур, премьер-министр Сардинского королевства, был ключевой фигурой движения за объединение Италии. Особенно ему ставят в заслугу дипломатические усилия по обеспечению поддержки Наполеона III против Австрии во время второй войны за независимость Италии.;X;X;X;X;X;X
residency_desc;Правом голоса обладают только представители основной культуры государства.;X;X;X;X;X;X
limited_citizenship_desc;Правом голоса обладают представители основной и признанных культур.;X;X;X;X;X;X
small_arms_production_desc;С изобретением казнозарядных винтовок, механического сверления нарезов, полуавтоматических винтовок и других технических улучшений в разработке оружия, производство стрелкового вооружения в течение XIX века возросло в разы.;X;X;X;X;X;X
ammunition_production_desc;На протяжении XIX века разработка и производство основных боеприпасов увидели немало значительных улучшений. Достижения в области конструкции - переход от дульного до казнозарядного заряжения к полуавтоматическим винтовкам и пулеметам - привели к гигантскому росту производства боеприпасов.;X;X;X;X;X;X
explosives_production_desc;Викторианская эра стала свидетелем потрясающих достижений человечества в области взрывчатки. Эпоха, начавшаяся практически лишь с простого черного пороха, закончилась появлением пластических взрывчатых веществ и нитроглицерина.;X;X;X;X;X;X
artillery_production_desc;Промышленная революция XIX века повлияла практически на все сферы человеческой деятельности, и производство артиллерии не было исключением. То, что ранее было длительным процессом литья бронзовых пушках - в руках корифеев индустрии вроде Альфреда Круппа или Хайрема Максима - стало точной наукой.;X;X;X;X;X;X
rude_boy_desc;Принуждение другой §Yдержавы§W, отбросившей все условности цивилизованного поведения в сфере международных отношений, к значительному ограничению ее аппетитов.;X;X;X;X;X;X
egyptian_excavations_desc;Наша держава возглавляет археологические раскопки в Долине царей.;X;X;X;X;X;X
red_shirts_title;Краснорубашечники;X;X;X;X;X;X
red_shirts_desc;Краснорубашечниками называли добровольцев, служивших под началом Джузеппе Гарибальди во время его борьбы за создание единой страны из множества мелких итальянских государств. Они получили это название за цвет своих рубах. Харизматичный Гарибальди, широко известный борец за свободу как на родине, так и заграницей, сыграл важную роль в объединении Италии под короной Сардинии. Эти итальянские пан-националисты сражаются за создание единой Италии.;X;X;X;X;X;X
demand_concession_casus_belli_desc;Принуждение §Yнецивилизованного государства§W к уступке части своей территории для создания колониальной области.;X;X;X;X;X;X
establish_protectorate_casus_belli_desc;Захват §Yнецивилизованного государства§W и создание на его территории собственного протектората.;X;X;X;X;X;X
unification_casus_belli_desc;Освобождение национальной территории нашей §Yкультурной унии§W.;X;X;X;X;X;X
motor_city_title;Большая Тройка!;X;X;X;X;X;X
motor_city_desc;Детройт считается колыбелью мирового автомобилестроения. Именно здесь были открыты заводы «Большой Детройтской тройки» - крупнейших производителей автомобилей 20 века: Chrysler Group LLC, Ford Motor Company и General Motors.И так же, в случае крупной войны, правительство США сможет в кротчайшие сроки переоснастить мощности Большой Тройки, на военные нужды!;X;X;X;X;X;X
motor_city_work_title;Большая детройтская тройка!;X;X;X;X;X;X
motor_city_work_desc;Детройт считается колыбелью мирового автомобилестроения. Именно здесь были открыты заводы «Большой Детройтской тройки» - крупнейших производителей автомобилей 20 века  : Chrysler Group LLC, Ford Motor Company и General Motors.И также в случае крупной войны, правительство США сможет в КРОТчайшие сроки переоснастить мощности Большой Тройки, на военные нужды!;X;X;X;X;X;X
motor_city_work_2_title;Арсенал Демократии!;X;X;X;X;X;X
motor_city_work_2_desc;Сила нашей нации не должна быть ослаблена неспособностью правительства защитить экономическое благополучие своих граждан.Народ ожидает, что наша оборонная промышленность будет продолжать работу без перерыва из-за забастовок или локаутов. Это означает, что руководство и рабочие должны урегулировать свои разногласия добровольно или правовыми средствами! Мы должны стать Великим Арсеналом Демократии, который спасёт мир от войн!;X;X;X;X;X;X
annex_hawaii_title;Резолюция Ньюлендса;X;X;X;X;X;X
annex_hawaii_desc;Резолюция Ньюлендса, названная так в честь конгрессмена от штата Невада Фрэнсиса Ньюлендса, была совместным решением Конгресса США, принятым в 1898 году, по которому республика Гавайи была включена в состав США в качестве территории.;X;X;X;X;X;X
ionian_islands_question_title;Лондонский договор 1864 года;X;X;X;X;X;X
ionian_islands_question_desc;Ионические острова с 1815 года находились под протекторатом Великобритании. В 1862 году содержание этих островов было признано слишком дорогим, и после двух лет переговоров они были подарены Греции.;X;X;X;X;X;X
release_puppet_desc;Освобождение §Yдержавы§W от власти ее суверена.;X;X;X;X;X;X
alaskan_purchase_title;Холодильник Сьюарда;X;X;X;X;X;X
alaskan_purchase_desc;После Крымской войны русское правительство поняло, что в случае новой войны с Британией защитить свои владения в Северной Америке будет практически невозможно. Поэтому были начаты переговоры о продаже того, что потом стало сорок девятым штатом США. Территория была куплена Соединенными штатами в 1867 году по цене в 4 доллара 73 цента за квадратный километр, или по 2 цента за акр. В американской прессе того времени эта покупка широко высмеивалась под названием «Холодильник Сьюарда» или «Прихоть Сьюарда», поскольку государственный секретарь Уильям Сьюард был ициатором сделки с американской стороны.;X;X;X;X;X;X
unification_annex_casus_belli_desc;Освобождение национальной территории нашей §Yкультурной унии§W.;X;X;X;X;X;X
enlightenment_thought_desc;Права человека;X;X;X;X;X;X
springtime_of_nations_desc;Дремлющие нации Европы проснулись, чтобы сбросить призраки деспотизма и тирании.;X;X;X;X;X;X
indian_sepoys_title;Сипаи;X;X;X;X;X;X
indian_sepoys_desc;Сипаями (это слово происходит от персидского 'сипахи', означающего 'солдат') называли военнослужащих, рекрутировавшихся в Индии на службу европейскими державами. В 1857 часть нанятых Британской Ост-Индской компанией сипаев взбунтовалась, и вскоре мятеж, вошедший в историю под именем «Восстание сипаев» (или «Первая индийская война за независимость»), охватил всю Индию. Восставшие сипаи сражаются за освобождение Индии от власти колонизаторов.;X;X;X;X;X;X
austrian_form_south_german_confederation_title;Южно-Германская конфедерация;X;X;X;X;X;X
austrian_form_south_german_confederation_desc;Германия была объединена только после провозглашения Германской империи в результате франко-прусской войны, но рост национализма в 19-м веке привел к тому, что идея объединения возникла задолго до этого. Важным предвестником объединения была Франкфуртская ассамблея 1848 г. Если мы займем доминирующее положение среди южногерманских государств, то сможем создать Южногерманский союз.;X;X;X;X;X;X
annex_core_country_desc;Захват иностранной §Yдержавы§W, все территории которой являются нашими национальными.;X;X;X;X;X;X
liberal_rebels_title;Якобинцы;X;X;X;X;X;X
liberal_rebels_desc;Либералы-якобинцы борются за включение широких народных масс в управление страной. В абсолютной монархии они восстанут для введения конституции, тогда как во всех других случаях будут стремиться установить демократию.;X;X;X;X;X;X
dismantle_forts_desc;Демонтаж крепостей и морских баз.;X;X;X;X;X;X
liberate_country_desc;Освободить §Yвсе регионы страны§W от угнетателей;X;X;X;X;X;X
increase_tension_focus_desc;Рост напряженности в горячей точке около §Y$VAL$§W% каждый месяц.;X;X;X;X;X;X
vacuum_tube_desc;Электронная лампа (так же известна, как радиолампа) - устройство, работающее за счет протекания электрического тока в вакууме. В результате термоэлектронной эмиссии (Эффект Эдисона) электроны покидают поверхность негативно заряженного катода и движутся сквозь вакуум к позитивно заряженному электроду (аноду). Дополнительные электроды между катодом и анодом добавили позже, открыв возможность усиления и переключения сигналов. Электронные лампы имели важное значение для производства и коммерциализации радио, телефонов, телевизоров, радаров, и ранних компьютеров;X;X;X;X;X;X
tulls_seed_drill_desc;До сего времени, фермеры сажали семена вручную, складывая их в сумку и ходя по полю, раскидывая их. Они разбрасывали их руками во вспаханную и боронованную землю. Проблема этого метода в том, что он не давал равномерного распределения семян. Это было нерациональным использованием семян и, следовательно, значительная их часть расходовалась впустую. Джетро Талл изобрел сеялку, которую можно было запрягать лошадью. Она состояла из колесного транспортного средства, содержащего ящик, наполненный зерном. Там была управляемая колесом трещотка, которая распыляла семена равномерно по всему пути следования сеялки.;X;X;X;X;X;X
rotherham_plough_desc;Ротерхэмский или Йоркширский плуг изобретен Диснеем Станифортом и Джозефом Фолджамбом. Он был улучшением традиционного плуга. Он был собран из дерева, как обычный плуг, но арматура и сошник (режущее лезвие) были сделаны из железа. Отвал и лемех также были покрыты железными пластинами. Он был легче, чем традиционный плуг и с ним можно было легко работать парой лошадей.;X;X;X;X;X;X
telephone_switchboard_desc;Телефонная станция представляет собой систему электрических компонентов, используемых для подключения телефонных звонков. Первый телефонный коммутатор был изобретен венгром Тивадаром Пушкашем в 1877, когда он работал у Томаса Эдисона. Примитивные телефонные станции для коммерческого ипользования появились в 1881 в восточной части США и Западной Европе. Телефонные станции состояли из сотен коммутаторов, где штат операторов вручную соединял абонентов телефонной линии. Элмон Браун Строугер запатентовал первый тумблер в 1891, который мог автоматически соединять абонентов.;X;X;X;X;X;X
sioux_nation_title;Народ Сиу;X;X;X;X;X;X
sioux_nation_desc;Сиу поднялись на защиту своих земель от американских солдат и переселенцев. Они возмущены невыполнением обещаний Вашингтоном и будут яростно сражаться против колонизации запада.;X;X;X;X;X;X
apache_title;Апачи;X;X;X;X;X;X
apache_desc;Апачи поднялись на защиту своих земель от американских солдат и переселенцев. Они возмущены невыполнением обещаний Вашингтоном и будут яростно сражаться против колонизации запада.;X;X;X;X;X;X
flintlock_rifle_armament_desc;Появившееся в начале XVII века, оружие с кремнёвым замком быстро вытеснило старые типы зажигательных механизмов, таких как самопал или колесцовый замок. Оно по-прежнему находится в общем пользовании более двух столетий, в течении этого времени был заменён пистон, а позже добавлена магазинная система. Хоть кремнёвое оружие и вышло из массового производства, оно продолжает пользоваться популярностью у любителей пороховой стрельбы.;X;X;X;X;X;X
post_napoleonic_army_doctrine_desc;Французская революция и Наполеоновские войны, вызвали также революцию в военной стратегии. Влияние этого периода ощущалось как американской гражданской войне, так и на ранних этапах Первой Мировой. С появлением дешевого стрелкового оружия и высоким ростом населения, армия быстро росла в размерах, что привело к изменению в ее структуре. Потребовалось разделить армию сначала на дивизии, а затем и на корпуса. Наряду с пехотными подразделениями также появилась дивизионная артиллерия - легкие, мобильные пушки с огневым диапазоном и мощью. Жесткая формация пикенеров и мушкетеров, стрелявших массивными залпами, дала путь легкой пехоте, участвовавшей в небольших стычках.;X;X;X;X;X;X
muzzle_loaded_rifle_armament_desc;Дульнозарядное ружье - это оружие, в котором снаряд и метательный заряд загружается с дула, в отличии от казеннозарядных винтовок. Первое ручное дульнозарядное оружие появилось в 40-х годах XV века. Самым известным дульнозарядным ружьем стала Винтовка Кентукки, которая на самом деле была создана в Пенсильвании. Это американская винтовка за основу которой взят немецкий 'Jager'.;X;X;X;X;X;X
breech_loaded_rifle_armament_desc;Казеннозарядное оружие - это огнестрельное оружие, в которое патрон или снаряд заряжается в специальную камеру в задней части ствола. Несмотря на то, что казеннозарядное оружие было разработаны еще в конце XIV века, повсеместное его использование началось с появлением точного машиностроения в XIX веке.;X;X;X;X;X;X
bolt_action_rifle_armament_desc;Скользящий затвор - механизм огнестрельного стрелкового оружия, обеспечивающий открывание и закрывание канала ствола путём прямолинейного поступательного движения затвора вдоль оси ствола. Впервые был применен в 1824 году Иоганном Николаусом фон Дрейзе в одноименной винтовке. Европейские армии продолжали совершенствовать этот механизм вплоть до конца XIX века, и в 1898 году появилась Винтовка Маузера, одна из самых удачных и совершенных систем такого оружия.;X;X;X;X;X;X
machine_gun_armament_desc;Пушка Гатлинга, запатентованная в 1861 году Ричардом Джорданом Гатлингом, была первым оружием, которое производило контролируемый последовательный огонь с автоматической загрузкой. Однако во время американской гражданской войны у этого оружия были выявлены серьезные недостатки, и впоследствии оно было усовершенствовано и широко использовано во франко-прусской войне и северо-западном восстании. Данное оружие активно использовалось вплоть до начала XX века. Первым же пулеметом с автономным питанием стал изобретенный в 1885 году сэром Хайрам Максимом «Пулемет Максим». Он использовал энергию отдачи оружия, которая до этого никак не использовалась, позволяя значительно увеличить темп стрельбы, чем это было возможно в более ранних конструкциях.;X;X;X;X;X;X
cuirassier_activation_desc;Кирасиры - конные войска, оснащенные броней и оружием, впервые появились в конце XV века в Европе. Первый кирасиры были хорошо защищены и использовали огнестрел в качестве основного оружия. Важное значение они получили в ходе наполеоновских войн, а в последний раз использовались на начальных этапах Первой Мировой Войны. Сейчас же кирасиры являются неотъемлемым атрибутом торжественных военных парадов во многих странах мира.;X;X;X;X;X;X
dragoon_activation_desc;Словом драгун первоначально называли конную пехоту - солдат, которые прошли обучение как верховой езде, так и навыкам пехоты. Тем не менее, использование этого термина в течении XVIII века изменилось, и драгуны превратились в обычную легкую кавалерию. Драгунские полки были созданы в большинстве европейских армий в конце XVII и начале XVIII веков.;X;X;X;X;X;X
hussar_activation_desc;Гусары относятся к одному из видов легкой кавалерии, которая возникла в Венгрии в XV веке. Название и необычная форма этих всадников получили впоследствии широкое распространение в европейских и других кавалерийских полках. Гусары играли заметную роль как кавалерия в наполеоновских войнах. В свете того что они являются кавалеристами на быстрых конях, они могут использоваться для молниеносных атак и для разведки.;X;X;X;X;X;X
military_aviation_desc;Военная авиация - это использование воздушных судов и других летательных аппаратов при ведении войны. Целесообразность применения более тяжелых, чем воздух воздушных судов стала очевидной сразу после их появления. Модель Райт была приобретена в 1909 году на вооружение армии США, а в 1911 году итальянцы использовали различные типы самолетов для разведки, фото-разведки и бомбардировки целей в рамках итало-турецкой войны. В ходе Первой Мировой Войне военная авиация получила мощный толчок в развитии, появилось множество специализированных типов самолетов, таких как разведчики, истребители и бомбардировщики.;X;X;X;X;X;X
become_independent_desc;Объявление независимости от вашего сюзерена силой оружия;X;X;X;X;X;X
unification_release_puppet_cb_desc;Освободить наших братьев от чужеземного контроля и добавить их в свою сферу влияния;X;X;X;X;X;X
colonial_negotiations_desc;«Что бы ни случилось, у нас есть Пулемет Максима, а у них нет». Пулеметы позволили армиям опустошать земли, используя тактику массированного огня, которая очень пригодилась во время покорения «нецивилизованных» народов, которые отказывались подчиняться колонизаторам.;X;X;X;X;X;X
colonial_competition_desc;Получить §Yколониальный регион§!;X;X;X;X;X;X
the_greenland_purchase_title;Покупка белых медведей;X;X;X;X;X;X
the_greenland_purchase_desc;Долгое время жителей Великой Канады беспокоил тот факт, что белые медведи не объединены под одним флагом. Мы должны сблизиться с Скандинавией и попросить их продать нам часть их медведей.;X;X;X;X;X;X
unite_moldavia_wallachia_title;Союз Молдавии и Валахии!;X;X;X;X;X;X
unite_moldavia_wallachia_desc;Народы Молдавии и Валахии решили объединиться и сформировать Румынию!;X;X;X;X;X;X
form_yugoslavia_title;Югославия;X;X;X;X;X;X
form_yugoslavia_desc;Братские народы южных славян наконец-то объеденться под единым флагом;X;X;X;X;X;X
liberate_liberia_title;Освободить Либерию;X;X;X;X;X;X
liberate_liberia_desc;Свободное, суверенное и независимое государство, называемое Республикой Либерия было провозглашено Джозефом Дженкинсом Робертсом. Оно управляется из соседнего Сьерра-Леоне и рассматривается Содружеством и его родительской организацией Американским Колонизационнвм Сообществом (АКО) как «частная собственность», которая не может стать суверенной страной. Тем не менее, процесс оформления независимости продолжается. Хотя суверенитет Либерии был подтвержден Правительством Соединенных Штатов, официальное признание новая республика получила только во время Гражданской войны.;X;X;X;X;X;X
liberian_constitution_title;Конституция Либерии;X;X;X;X;X;X
liberian_constitution_desc;Страна, которая несколько лет назад была всего лишь колонией, выросла в размерах и стала достаточно сильной, чтобы стать свободным, суверенным и независимым государством. Проект новой Конституции готов быть представленным на референдуме. Она гарантирует базовые гражданские права и разделение власти, похожие на аналогичные в США, но отделяющие новую страну от правительства Америки.;X;X;X;X;X;X
aar_fake1_title;Кэтмен!;X;X;X;X;X;X
aar_fake2_title;Смерть Гаусса;X;X;X;X;X;X
aar_fake3_title;Ответственное правительство!;X;X;X;X;X;X
install_communist_gov_cb_desc;Провозгласить коммунистическое правительство.;X;X;X;X;X;X
uninstall_communist_gov_cb_desc;Свергнуть коммунистическое правительство.;X;X;X;X;X;X
acquire_substate_region_desc;Получить регион от вражеской §Yавтономии§W;X;X;X;X;X;X
make_puppet_desc;Держава становится сателлитом;X;X;X;X;X;X
CB_gen_plus_desc;Можно быстрее фабриковать повод для войны.;X;X;X;X;X;X
CB_gen_minus_desc;Фабрикование повода для войны будет занимать больше времени;X;X;X;X;X;X
no_schools_desc;Нет общественных школ;X;X;X;X;X;X
low_schools_desc;Общественные школы;X;X;X;X;X;X
acceptable_schools_desc;У нас достаточно общественных школ;X;X;X;X;X;X
good_schools_desc;У нас очень много общественных школ;X;X;X;X;X;X
no_land_reform_desc;Нет земельной реформы;X;X;X;X;X;X
yes_land_reform_desc;Перераспределение прав на землю, приводящих к более эффективному сельскому хозяйству и горной промышленности;X;X;X;X;X;X
no_admin_reform_desc;Нет административных реформ;X;X;X;X;X;X
yes_admin_reform_desc;Наша администрация теперь современна и эффективна;X;X;X;X;X;X
no_finance_reform_desc;Нет финансовых реформ;X;X;X;X;X;X
yes_finance_reform_desc;Финансовая реформа;X;X;X;X;X;X
finance_reform_two_desc;Теперь мы можем занимать деньги у других наций;X;X;X;X;X;X
no_education_reform_desc;Нет образовательных реформ;X;X;X;X;X;X
yes_education_reform_desc;Базовое обучение в нашей стране;X;X;X;X;X;X
no_transport_improv_desc;Устаревшая транспортная система;X;X;X;X;X;X
yes_transport_improv_desc;Современная транспортная система;X;X;X;X;X;X
no_pre_indust_desc;Нам не нужна индустриализация;X;X;X;X;X;X
yes_pre_indust_desc;Построено несколько основных заводов при помощи иностранных советников. Станет ли это началом индустриальной революции?;X;X;X;X;X;X
no_industrial_construction_desc;Нет улучшенных заводов;X;X;X;X;X;X
yes_industrial_construction_desc;Иностранные советники помогают нам в строительстве новых улучшенных заводов;X;X;X;X;X;X
no_foreign_training_desc;Подразделения обучаются традиционным способом;X;X;X;X;X;X
yes_foreign_training_desc;Подразделения обучаются иностранными военными советниками;X;X;X;X;X;X
no_foreign_weapons_desc;Традиционное вооружение;X;X;X;X;X;X
yes_foreign_weapons_desc;Это моя гром-палка!!!;X;X;X;X;X;X
no_military_constructions_desc;Фортификации отсутствуют;X;X;X;X;X;X
yes_military_constructions_desc;Эффективные фортификации;X;X;X;X;X;X
no_foreign_officers_desc;Наши отряды возглавляют местные офицеры;X;X;X;X;X;X
yes_foreign_officers_desc;Теперь наши поздразделения сильнейшие в мире!;X;X;X;X;X;X
no_army_schools_desc;Мы обучаемся в боях;X;X;X;X;X;X
yes_army_schools_desc;Офицеры хорошо обучаются перед боями;X;X;X;X;X;X
no_foreign_naval_officers_desc;Нашими кораблями командуют местные офицеры;X;X;X;X;X;X
yes_foreign_naval_officers_desc;Иностранные офицеры помогают нашим капитанам;X;X;X;X;X;X
no_naval_schools_desc;Обучение в ходе службы;X;X;X;X;X;X
yes_naval_schools_desc;Обучение военно-морской теории;X;X;X;X;X;X
no_foreign_navies_desc;Корабли местного производства;X;X;X;X;X;X
yes_foreign_navies_desc;Мы покупаем зарубежные чертежи на Западе;X;X;X;X;X;X
cut_down_to_size_boxer_desc;Принудить еще одну §Yстрану§W к разоружению и выплате репараций;X;X;X;X;X;X
free_press_promised_desc;Мы обещали появление в стране свободной прессы. Люди ждут, когда мы исполним обещание;X;X;X;X;X;X
yes_meeting_promised_desc;Мы обещали дать права на проведение митингов. Люди ждут, когда мы исполним обещание;X;X;X;X;X;X
trade_unions_promised_desc;Мы обещали дать права на создание профсоюзов. Люди ждут, когда мы исполним обещание;X;X;X;X;X;X
recent_safari_desc;У нас недавно проводили сафари;X;X;X;X;X;X
recent_safari2_desc;В последнее время было слишком много сафари;X;X;X;X;X;X
unciv_reactionary_rebels_title;Реакционеры;X;X;X;X;X;X
unciv_reactionary_rebels_desc;Реакционеры поддерживают традиционную манеру жизни - жизни своих предков - и отвергают любые новшества.;X;X;X;X;X;X
french_growth_nerf_desc;Темпы роста нашего населения значительно замедлились:;X;X;X;X;X;X
nationalize_title;Взять средства производства!;X;X;X;X;X;X
nationalize_desc;Больше эти заморские свиньи не будут жиреть за счет нашего народа! Пора направить все активы чужеземцев в нашей стране на нужды государства.;X;X;X;X;X;X
dar_al_funun_desc;Первый современный университет Персии.;X;X;X;X;X;X
Jap_core_title;Корки на Корею;X;X;X;X;X;X
Jap_core_desc;Гений на корсаре не добавил сюда нормальную локализацию;X;X;X;X;X;X
in_bankrupcy_desc;Мы обанкротились!;X;X;X;X;X;X
great_war_penalty_cb_desc;Принуждение державы §Ycountry§! к разоружению и выплате репараций.;X;X;X;X;X;X
form_gran_colombia_title;Возрождение Великой Колумбии;X;X;X;X;X;X
form_gran_colombia_desc;Симон Боливар, освободитель южноамериканских наций от испанского колониального господства создал единую и сильную Великую Колумбию, состоящую из Колумбии, Эквадора и Венесуэлы. Однако ещё при его жизни федерация распалась на небольшие слабые государства. Мы можем вернуться к заветам Боливара и вернуть нашим народам единую и сильную государственность.;X;X;X;X;X;X
form_arabia_title;Арабское отечество;X;X;X;X;X;X
form_arabia_desc;Братья, свобода уже стучится в наши двери! Арабская нация уже выиграла борьбу за единство и свободу и готова начать путь к своему истинному величию в едином арабском национальном Отечестве!;X;X;X;X;X;X
war_we_lose_censored_large_title;НАШИ ПАРНИ ВОЗВРАЩАЮТСЯ ДОМОЙ.\nМИР С $TAG_2_0_UPPER$ ПОДПИСАН!;X;X;X;X;X;X
war_we_lose_censored_large_desc; $DATE_LONG_1$ наше правительство приняло решение капитулировать в войне с $TAG_2_0$. Противостояние, именуемое как $STRING_0_0$, перешло в горячую фазу $DATE_SHORT_0$ и велось по причине $STRING_9_0$, разрешилось же следующим образом $STRINGS_LIST_4$. «Мы не щадили самих себя и можем гордится нашими солдатами, доказавшими, что мы не мальчики для битья, - заметили правительственные чиновники. - Но в конце концов, дальше проливать кровь наших соотечественников было просто бессмысленно». Все граждане могут радоваться вести о том, что наши мужественные защитники возвращаются домой, хотя никаких официальных торжеств на данный момент не запланировано.;X;X;X;X;X;X
war_we_lose_censored_medium_title;МИР С $TAG_2_0_UPPER$!;X;X;X;X;X;X
war_we_lose_censored_medium_desc;On $DATE_LONG_1$ наше правительство решило капитулировать в войне с $TAG_2_0$. Противостояние, известное как $STRING_0_0$, берет начало $DATE_SHORT_0$ и велось по причине $STRING_9_0$, в результате $STRINGS_LIST_4$.;X;X;X;X;X;X
war_we_lose_censored_small_title;Мирное соглашение с $TAG_2_0$;X;X;X;X;X;X
war_we_lose_censored_small_desc;$STRING_0_0$ закончилась нашей капитуляцией перед неожиданным победителем $TAG_2_0$.;X;X;X;X;X;X
gwar_we_win_large_title;$TAG_3_0_UPPER$ СДАЕТСЯ!;X;X;X;X;X;X
gwar_we_win_large_desc;$DATE_LONG_1$ Великая Война между державами $TAG_0_0$ и $TAG_1_0$ закончилась нашей великой победой. Война, известная как $STRING_0_0$, началась $DATE_SHORT_0$ и длилась до $STRING_9_0$, результатом стало $STRINGS_LIST_4$.;X;X;X;X;X;X
gwar_we_win_medium_title;ПОДПИСАНО ПЕРЕМИРИЕ!\n ПОБЕДА!;X;X;X;X;X;X
gwar_we_win_medium_desc;$DATE_LONG_1$ Великая Война между державами $TAG_0_0$ и $TAG_1_0$ закончилась нашей великой победой. Война, известная как $STRING_0_0$, началась $DATE_SHORT_0$ и длилась до $STRING_9_0$;X;X;X;X;X;X
gwar_we_win_small_title;Победа над державой $TAG_3_0$!;X;X;X;X;X;X
gwar_we_win_small_desc;$STRING_0_0$ закончилась поражением $TAG_3_0$.;X;X;X;X;X;X
gwar_we_lose_large_title;ДЕНЬ ПОЗОРА.\n МИР С ДЕРЖАВОЙ $TAG_2_0_UPPER$ ПОДПИСАН!;X;X;X;X;X;X
gwar_we_lose_large_desc;$DATE_LONG_1$ Великая Война против державы $TAG_2_0$ закончилась нашим позорным поражением. Война, известная как $STRING_0_0$, длилась с $DATE_SHORT_0$ до $STRING_9_0$, и результатом ее стало $STRINGS_LIST_4$.;X;X;X;X;X;X
gwar_we_lose_medium_title;ПЕРЕМИРИЕ С ДЕРЖАВОЙ $TAG_2_0_UPPER$!;X;X;X;X;X;X
gwar_we_lose_medium_desc;$DATE_LONG_1$ Великая Война между державами $TAG_0_0$ и $TAG_1_0$ закончилась нашим позорным поражением. Война, известная как $STRING_0_0$, бушевала с $DATE_SHORT_0$ до $STRING_9_0$.;X;X;X;X;X;X
gwar_we_lose_small_title;Мир с державой $TAG_2_0$;X;X;X;X;X;X
gwar_we_lose_small_desc;$STRING_0_0$ закончилась нашим поражение от рук $TAG_2_0$;X;X;X;X;X;X
war_we_win_large_title;ПОДПИСАНО ПЕРЕМИРИЕ\n $TAG_3_0_UPPER$ СДАЕТСЯ;X;X;X;X;X;X
war_we_win_large_desc;$DATE_LONG_1$ война между $TAG_0_0$ и $TAG_1_0$ закончилась нашей славной победой. Война, известная как $STRING_0_0$, длилась с $DATE_SHORT_0$ до $STRING_9_0$, и результатом стало $STRINGS_LIST_4$.;X;X;X;X;X;X
war_we_win_medium_title;ПЕРЕМИРИЕ ПОДПИСАНО!\n ПОБЕДА!;X;X;X;X;X;X
war_we_win_medium_desc;$DATE_LONG_1$ война между $TAG_0_0$ и $TAG_1_0$ закончилась нашей славной победой. Война, известная как $STRING_0_0$, длилась с $DATE_SHORT_0$ до $STRING_9_0$.;X;X;X;X;X;X
war_we_win_small_title;Победа над державой $TAG_3_0$!;X;X;X;X;X;X
war_we_win_small_desc;$STRING_0_0$ закончилась поражением державы $TAG_3_0$.;X;X;X;X;X;X
war_we_lose_large_title;ПОЗОРНЫЙ ДЕНЬ.\n МИР С ДЕРЖАВОЙ $TAG_2_0_UPPER$ ПОДПИСАН!;X;X;X;X;X;X
war_we_lose_large_desc;$DATE_LONG_1$ война против $TAG_2_0$ закончилась нашим позорным поражением. Война, известная как $STRING_0_0$, длилась с $DATE_SHORT_0$ до $STRING_9_0$, результатом стало $STRINGS_LIST_4$.;X;X;X;X;X;X
war_we_lose_medium_title;ПОЗОРНЫЙ МИР ПОДПИСАН!;X;X;X;X;X;X
war_we_lose_medium_desc;$DATE_LONG_1$, война между державами $TAG_0_0$ и $TAG_1_0$ закончилась нашим позорным поражением. Война, известная как $STRING_0_0$, длилась с $DATE_SHORT_0$ до $STRING_9_0$, держава $TAG_2_0$ стала победителем.;X;X;X;X;X;X
war_we_lose_small_title;Мир с державой $TAG_2_0$;X;X;X;X;X;X
war_we_lose_small_desc;$STRING_0_0$ закончилась нашим поражением от рук державы $TAG_2_0$;X;X;X;X;X;X
rebels_win_small_title;Революция!;X;X;X;X;X;X
rebels_win_small_desc;$STRING_0_0$ закончилось победой над державой $TAG_0_0$, это почти разрушило страну, что же $STRING_0_3$ $STRING_0_4$ будет делать теперь?;X;X;X;X;X;X
build_kiel_canal_title;Постройка Кильского канала;X;X;X;X;X;X
build_kiel_canal_desc;Постройка канала между Балтийским и Северным морями принесет огромную пользу нашему судоходству. Мы можем построить такой канал в Киле.;X;X;X;X;X;X
build_suez_canal_title;Постройка Суэцкого канала;X;X;X;X;X;X
build_suez_canal_desc;Одной из давних проблем для торговых плаваний на Дальний Восток и в Индию была необходимость огибать Африку. Постройка канала через Суэц сократит путь в Азию на многие дни и станет выдающимся достижением современной инженерной мысли.;X;X;X;X;X;X
build_panama_canal_title;Постройка Панамского канала;X;X;X;X;X;X
build_panama_canal_desc;Первые предложения о постройке канала через Панамский перешеек восходят, вероятно, к моменту открытия этих земель. Полоса суши, соединяющая Северную и Южную Америки, уже всего именно здесь. Современное инженерное искусство позволит сократить путь между Атлантическим и Тихим океанами на много дней, если построить здесь канал.;X;X;X;X;X;X
stock_market_crash_desc;Наша страна переживает последствия биржевого краха.;X;X;X;X;X;X
institute_central_bank_title;Закон о национальных банках;X;X;X;X;X;X
institute_central_bank_desc;Наше правительство уже давно обзавелось центральным банком. Сейчас некоторые призывают к введению жесткой монополии правительства на выпуск денег в обращение. Сторонники монополии утверждают, что это упрочит экономическую стабильность, а противники видят в ней подрыв основ свободной торговли.;X;X;X;X;X;X
central_bank_established_desc;Центральный банк нашего правительства сохраняет жесткую монополию на печать денег.;X;X;X;X;X;X
local_stock_exchange_desc;В этой провинции действует местная фондовая биржа, она повышает объем производства в провинции.;X;X;X;X;X;X
economic_boom_desc;Наша экономика бурно развивается благодаря нашим инвестиционным банкам и долгому периоду низкой безработицы.;X;X;X;X;X;X
status_quo_desc;Попытка вмешательства в войну, дабы не допустить достижения любой из сторон своих §Yвоенных целей§W.;X;X;X;X;X;X
add_to_sphere_desc;Расширение свой §Yсферы влияния§W на эту державу.;X;X;X;X;X;X
take_from_sphere_desc;Исключение страны из §Yсферы влияния§W другой державы с включением ее в нашу сферу.;X;X;X;X;X;X
acquire_core_state_desc;Захват вражеского §Yрегиона§W, в котором находятся наши §Yнациональные провинции§W.;X;X;X;X;X;X
acquire_state_desc;Захват §Yрегиона§W, принадлежащего врагу.;X;X;X;X;X;X
acquire_small_state_desc;Захват малого §Yрегиона§W, принадлежащего врагу.;X;X;X;X;X;X
place_in_the_sun_desc;Захват §Yколониальной области§W, принадлежащей врагу.;X;X;X;X;X;X
cut_down_to_size_desc;Принуждение другой §Yдержавы§W к разоружению и выплате репараций нам.;X;X;X;X;X;X
free_peoples_desc;Освобождение §Yстраны§W от власти ее угнетателей.;X;X;X;X;X;X
protect_minor_desc;Выберите §Yрегион§W из списка справа.;X;X;X;X;X;X
humiliate_desc;Восстановим нашу страну репарациями от другой §Yдержавы§W. Потребуем репарации с них.;X;X;X;X;X;X
humiliate2_desc;Демонстрация нашей превосходящей военной мощи с помощью унижения другой §Yдержавы§W. Это увеличит наш §Yпрестиж§W и понизит их.;X;X;X;X;X;X
humiliate3_desc;Кбшка нужна просто, чтобы цель и не менять лидера войны в случае чего;X;X;X;X;X;X
repeal_the_corn_laws_title;Отмена 'Хлебного закона';X;X;X;X;X;X
repeal_the_corn_laws_desc;«Хлебными законами» называли ряд весьма непопулярных пошлин, которые стали редким примером меркантилизма в Великобритании. Эти законы должны были «защищать» британских фермеров от конкуренции с дешевым зарубежным зерном. Естественно, это приводило к повышению цен на хлеб для бедных британцев. После неурожая 1845 г. и последовавшего затем картофельного голода в Ирландии, Хлебные законы были окончательно отменены в 1846 г. Отмена этих пошлин стала в Британии началом длительного периода невмешательства государства в экономику: он продлился большую часть XIX века.;X;X;X;X;X;X
corn_laws_repealed_desc;Отменены непопулярные пошлины на импорт - Хлебные законы.;X;X;X;X;X;X
crown_empress_of_india_title;Императрица Индии;X;X;X;X;X;X
crown_empress_of_india_desc;После ликвидации Империи Великих Моголов и Британской Ост-Индской компании королева Виктория в 1857 г. получила титул императрицы Индии. Инициативу создания этого титула обычно приписывают премьер-министру Бенджамину Дизраэли. Установив британское правление в Индии, мы обеспечим Британской Империи место под солнцем!;X;X;X;X;X;X
svenska_pansarbats_foreningen_title;Шведская ассоциация боевого крейсера;X;X;X;X;X;X
svenska_pansarbats_foreningen_desc;Шведская ассоциация боевого крейсера была создана в 1912 г. с целью сбора средств на приобретение современного крейсера береговой защиты для шведского флота. Это начинание получило огромную поддержку в народе, и всего через сто дней ассоциация смогла передать Его Величеству Густаву V 15 миллионов крон, на которые был приобретен корабль «Швеция», вошедший в состав флота в 1915 г.;X;X;X;X;X;X
enact_female_suffrage_title;Предоставление прав женщинам;X;X;X;X;X;X
enact_female_suffrage_desc;На протяжении 19-го столетия в западном обществе набирала силу идея равных прав для женщин. Сначала ее отстаивали в своих произведениях философы либерального толка (например в Англии - Мэри Вулстонкрафт и Джон Стюарт Милль), а затем суфражистская идея постепенно развилась в цельную и самостоятельную идеологию: феминизм. Считается, что опыт Первой мировой войны, когда женщины работали на заводах и выполняли другую работу, которая в мирное время считалась исключительно мужской, оказал решающее влияние на предоставление женщинам права на труд, избирательных прав и уравнения их в правах с мужчинами в целом.;X;X;X;X;X;X
female_suffrage_desc;Наша страна предоставляет женщинам равенство с мужчинами в глазах закона и право голоса на всеобщих выборах.;X;X;X;X;X;X
support_ruhr_industrialism_desc;В промышленно развитой области Рур возникает специфический военно-промышленный комплекс. Несколько крупнейших промышленников, в основном из семьи Крупп, совместно с офицерами и чиновниками прусской армии и правительства работают над увеличением нашей военной и промышленной мощи в соответствии с государственной идеологией Пруссии. Вольтер называл Пруссию страной при армии, и для Рура это определение более чем справедливо.;X;X;X;X;X;X
westernize_nation_title;Принятие вестернизации;X;X;X;X;X;X
westernize_nation_desc;Наша страна находится под интеллектуальным натиском современности и западного мира. В области современных технологий, промышленности и военной теории старые традиции и институты больше не могут служить нам, как прежде. Западное влияние распространяется как лесной пожар по нашему государству, среди нашего народа и в наших душах. Если мы хотим остаться собой и не потерять свою суть, сейчас самое время взять нашу судьбу в свои руки. Ведущим представителям нашей интеллектуальной элиты стало очевидно, что единственная возможность остановить разрушительный напор чудовища с запада - плыть его курсом. Сунь Цзы говорил: «Тростник гнется вместе с ветром и этим сопротивляется ему.»;X;X;X;X;X;X
form_kellys_irish_brigade_title;Ирландская бригада Келли;X;X;X;X;X;X
form_kellys_irish_brigade_desc;«Ну что, эти трусливые выкормыши Линкольна, задрожали, когда встретили Ирландскую бригаду»?\n\nХотя большая часть иммигрантов из Ирландии в гражданской войне сражалась на стороне северян, некоторые решили принять сторону Конфедерации. Возможно, отделение Юга в их глазах было сродни борьбе самой Ирландии за независимость от Англии.;X;X;X;X;X;X
carlist_rebels_title;Карлисты;X;X;X;X;X;X
carlist_rebels_desc;Карлизм - это движение испанских традиционалистов и легитимистов. Они чувствуют политическую и экономическую угрозу со стороны либеральной идеологии и в особенности ненавидят антиклерикальных прогрессистов, которых за их ненависть к церкви и традициям считают марионетками масонов. Кроме того, карлисты полагают, что истинная стабильность может быть достигнута только при твердом правлении законного наследника инфанта Дона Карлоса.;X;X;X;X;X;X
restore_mexican_empire_title;Восстановление Мексиканской империи;X;X;X;X;X;X
restore_mexican_empire_desc;Французская военная интервенция в Мексику, поводом к которой стало прекращение выплат по займам в 1861 г., привела австрийского эрцгерцога Максимилиана Фердинанда (Максимилиана I) на трон восстановленной Мексиканской империи. Хотя империя просуществовала всего три года, Максимилиан пользовался некоторой поддержкой мексиканских консерваторов. Если мы предложим ему занять трон, то сможем снова сделать Мексику монархией, но это очень рискованный шаг.;X;X;X;X;X;X
academic_confusion_desc;Наша академия находится в полном смятении из-за смены парадигмы в академических кругах. Пока это не закончится, наш престиж и наша наука будут терпеть урон.;X;X;X;X;X;X
switch_to_soviet_tech_title;Советская школа;X;X;X;X;X;X
switch_to_soviet_tech_desc;Образование в Советском Союзе было тесно связано с воспитанием и формированием качеств личности. Советская школа была призвана не только решать общеобразовательные задачи, обучая учащихся знанием законов развития природы, общества и мышления, трудовыми навыками и умениями, но и формировать на этой основе коммунистические взгляды и убеждения учащихся, воспитывать учащихся в духе высокой нравственности, советского патриотизма и пролетарского интернационализма.;X;X;X;X;X;X
switch_to_traditional_academic_title;Восстановление академии;X;X;X;X;X;X
switch_to_traditional_academic_desc;Многие представители наших академических кругов полагают, что руководство академии предвзято и что нам необходимо вернуться к более традиционной академической структуре.;X;X;X;X;X;X
switch_to_army_tech_title;Военно-промышленный комплекс;X;X;X;X;X;X
switch_to_army_tech_desc;Сотрудничество частных промышленников и армии в вопросах национальной обороны и военной политики привело к созданию исключительно важной паутины связей, личных отношений и знакомств, в весьма незначительной степени основанной на коррупции. Лучше всего это явление можно описать термином «военно-промышленный комплекс». Если вы поддержим намерения и амбиции этих неформальных сетей по отношению к нашей академии, то можем дать толчок исследованиям в военной и промышленной сферах за счет флота и культуры.;X;X;X;X;X;X
switch_to_navy_tech_title;Морская сила и торговый флот;X;X;X;X;X;X
switch_to_navy_tech_desc;Говорят, что в нашей стране лучший путь к преуспеванию лежит через морское училище. Значительная часть военной и политической элиты страны получила морское образование или служила в торговом флоте. Нельзя недооценивать значение флота для такой страны, как наша. Оказав этим «флотским» кругам политическую поддержку, мы сможем ускоренно развивать морские технологии. Правда, за счет других исследований.;X;X;X;X;X;X
switch_to_culture_tech_title;Авангард интеллигенции;X;X;X;X;X;X
switch_to_culture_tech_desc;Культурный и идеологический авангард нашей страны в последние годы приступил к завоеванию академических институтов. Сторонники новых радикальных идеологий упорно прокладывают себе путь вверх по лестнице научных званий и готовятся полностью разрушить старую академическую систему в своих идеологических интересах. Если мы поддержим это начинание, то сможем ускорить развитие культуры. К сожалению, это произойдет за счет других областей интеллектуального прогресса.;X;X;X;X;X;X
switch_to_trade_tech_title;Школа бизнеса и промышленный капитализм;X;X;X;X;X;X
switch_to_trade_tech_desc;В последнее время влияние отдельных группировок элиты в нашей стране становится все сильнее. Все эти люди вышли из одних и тех же элитных бизнес-школ и компаний. Если мы поддержим их, то поставим нашу науку на службу их интересам, которые лежат в сферах торговли и промышленности. Однако это произойдет за счет других областей науки.;X;X;X;X;X;X
switch_to_industry_tech_title;Корпоративный индустриализм;X;X;X;X;X;X
declare_republic_of_neuchatel_title;Невшательская республика;X;X;X;X;X;X
declare_republic_of_neuchatel_desc;В 1707 г. Невшатель перешел во владение прусского короля Фридриха Вильгельма I из-за его родства с Оранско-Нассауской династией, и княжество фактически оказалось в персональной унии с Прусским королевством и династией Гогенцоллернов. Во время наполеоновских войн Пруссия потеряла Невшатель после поражения от Наполеона. Затем Невшатель, по предложению Фридриха Вильгельма III, вошел в состав Швейцарии как ее 21-й кантон, однако формально остался прусским княжеством. В 1848 г. провинция избавилась от своего монархического наследия и была провозглашена республикой в составе Швейцарской Конфедерации. Пруссия окончательно отказалась от своих притязаний в 1857 г.;X;X;X;X;X;X
switch_to_industry_tech_desc;В нашей стране капитал и правительство уже некоторое время изо всех сил плетут между собой сложную паутину личных отношений, которая постепенно принимает формы симбиоза и взаимной зависимости. Если мы будем развивать эти связи между общественной и частной сферами нашего общества, то сможем намного ускорить развитие нашей промышленности, однако это произойдет за счет других исследований.;X;X;X;X;X;X
emancipation_proclamation_title;Прокламация об освобождении рабов;X;X;X;X;X;X
emancipation_proclamation_desc;Прокламацией об освобождении называют два законодательных акта, подписанных президентом Авраамом Линкольном во время гражданской войны. В них все рабы южных штатов объявлялись свободными. Если мы издадим Прокламацию об освобождении, то покажем миру, что эта война идет за свободу всех чернокожих США.;X;X;X;X;X;X
an_elephant_for_america_title;Слон для Америки?;X;X;X;X;X;X
an_elephant_for_america_desc;В 1861 г. король Рама IV, также известный как король Монгкут, четвертый монарх Сиама из династии Чакри, написал письмо президенту США Джеймсу Бьюкенену. От посетившего Сиам американского капитана он услышал, что в Америке нет слонов, и в письме выразил желание подарить одного слона Соединенным Штатам. Если мы предложим американцам слона, наши отношения, безусловно, улучшатся!;X;X;X;X;X;X
torching_of_the_summer_palace_title;Сжечь Летний дворец!;X;X;X;X;X;X
torching_of_the_summer_palace_desc;Старый Летний дворец, который по-китайски назывался Садами Безупречного Сияния - это комплекс садов к северо-западу от Императорского города в Пекине. Сады были разбиты в 18-м и начале 19-го века и использовались как резиденция императоров династии Цин. Этот дворец был дотла сожжен англо-французскими войсками во время оккупации Пекина во Второй Опиумной войне. Это был сильный удар по боевому духу китайцев, но уничтожение дворца осудили многие европейские интеллектуалы, в том числе Виктор Гюго. В их глазах это был преступный акт жестокости по отношению к китайцам. Если мы сожжем это уникальное культурное наследие истории Китая, то подорвем боевой дух китайцев.;X;X;X;X;X;X
clear_out_the_manchu_elite_title;Конец господства маньчжуров;X;X;X;X;X;X
clear_out_the_manchu_elite_desc;С самого начала династии Цин ключевые места в администрации и бюрократии китайской империи занимала могущественная маньчжурская элита. При императорах Цин этнические ханьцы подвергались жесткой дискриминации. В 1860-е гг. вдовствующая императрица Цыси фактически покончила с этой практикой, когда во время восстаний тайпинов доверила командование самой сильной боевой частью страны военачальнику ханьского происхождения, Цзэн Гофаню. Если мы избавимся от маньчжурской элиты, то сделаем важный шаг на пути модернизации.;X;X;X;X;X;X
enact_muhammad_alis_reforms_title;Реформы Мухаммеда Али;X;X;X;X;X;X
enact_muhammad_alis_reforms_desc;Албанец Мухаммед Али родился в Македонии, бывшей тогда частью Османской империи. В начале 19-го века он служил в османской армии в Египте, в добровольческом корпусе Кавалы. После отступления армии Наполеона из Египта в результате долгих политических маневров Мухаммед добился избрания вали (губернатором) Османского Египта. Он использовал эту должность, чтобы фактически самостоятельно править Египтом, так как власть мамелюков слабела. За время своего правления он провел серию более-менее популярных и более-менее успешных реформ, целью которых было превратить Египет современное государство по европейскому образцу. Среди прочего он построил верфь в Александрии, перевел значительную часть обрабатываемой земли в прямое государственное управление и отправил в Европу делегации, которые должны были раздобыть и доставить в Египет западные знания и технологии. Проведение этих реформ позволит Египту сделать небольшой шаг на пути модернизации.;X;X;X;X;X;X
civil_war_desc;Наша держава находится в состоянии гражданской войны!;X;X;X;X;X;X
enact_radical_reconstruction_title;Радикальная реконструкция;X;X;X;X;X;X
enact_radical_reconstruction_desc;Собирательным термином «Реконструкция» называют законы, постановления, поправки к конституции и президентские указы, принятые после гражданской войны в США с целью реинтеграции бывших конфедеративных штатов в Союз. Они в основном касались таких вопросов, как прекращение «Власти рабов», подавление национализма и реваншизма южан и признание южными штатами 13-й поправки к конституции. В 1877 г. реконструкция закончилась компромиссом, и федеральные войска наконец-то были выведены с Юга. Растоптанные знамена конфедератов лежат в пепле Саванны и Ричмонда. Пришло время начать реконструкцию.;X;X;X;X;X;X
abolish_serfdom_title;Крестьянская реформа;X;X;X;X;X;X
abolish_serfdom_desc;Институт крепостной зависимости как вид феодальных отношений существовал в различных формах со времен Киевской Руси. С веками этот институт изменялся и реформировался, но первые шаги к полной его отмене были предприняты только в 1810-х гг., когда крепостная зависимость была отменена в Курляндии, Эстонии и Ливонии. Полностью крепостное право было отменено только реформой 1861 г., в царствование Александра II, который боялся, что в обратном случае русское крестьянство попытается получить свободу силой.;X;X;X;X;X;X
tanzimat_reforms_title;Реформы 'Танзимат';X;X;X;X;X;X
tanzimat_reforms_desc;Танзимат ('реформы' по-турецки) - ряд реформ, проведенных в Османской империи во второй половине 19-го века. Они должны были сбить подъем национализма среди многочисленных и разных народов, населявших ее, и объединить различные этнические группы под знаменем «османизма». Османское государство позиционировало себя как альтернативу построенным по этническому признаку национальным государствам, к созданию которых стремились радикально настроенные меньшинства. Реформы также давали им расширенное представительство в органах власти и автономию. Хотя в конечном счете танзимат не смог предотвратить упадок Османской империи, можно говорить о том, что реформы несколько отсрочили его.;X;X;X;X;X;X
establish_la_guardia_civil_title;Национальная гвардия;X;X;X;X;X;X
establish_la_guardia_civil_desc;Национальная гвардия (буквально - 'гражданская гвардия') - жандармский корпус, созданный во время правления Изабеллы II для подавления карлистских симпатий в деревне, после того как либералы одержали победу в карлистских войнах. Национальная гвардия - нечто среднее между полицией и военными частями, она подчиняется непосредственно правительству и существует до настоящего времени.;X;X;X;X;X;X
la_guardia_civil_desc;Жандармерия - гордость нашей страны.;X;X;X;X;X;X
support_french_foreign_legion_title;Иностранный легион;X;X;X;X;X;X
support_french_foreign_legion_desc;Иностранный легион - военная часть во французской армии, в которую принимают новобранцев независимо от их национальности и не глядя на их прошлое. Легион был впервые создан еще в 1830 г., но получил заслуженную славу только после того, как принял участие в карлистских войнах в Испании, во французской интервенции в Мексике, в битве при Камароне, во франко-прусской войне, а впоследствии - почти в каждом военном конфликте с участием Франции до наших дней. Образ юноши, бегущего от личной трагедии, притеснения, долгов или криминального прошлого и вступающего во французский Иностранный легион, чтобы пройти искупление в алжирских пустынях, стал одним из самых распространенных знаков 19-го века. Создайте Легион, и рекруты сбегутся под наши знамена.;X;X;X;X;X;X
the_french_foreign_legion_desc;Слава нашей армии гремит по всему миру, не в последнюю очередь благодаря истории Иностранного легиона.;X;X;X;X;X;X
establish_the_dar_al_funun_title;Основать Дар-аль-Фунун;X;X;X;X;X;X
establish_the_dar_al_funun_desc;Дар-аль-Фунун был первым университетом современного типа, созданным в Персии. В 1851 г. его основал Амир Кабир, визирь Насреддин-шаха из династии Каджар, чтобы обучать персидскую молодежь из высших классов медицине, естественным наукам и военному делу. Давайте дадим нашей молодежи ощутить вкус современного мира и заведем этот прекрасный университет!;X;X;X;X;X;X
fatherland_volunteers_title;Добровольцы Отечества;X;X;X;X;X;X
fatherland_volunteers_desc;Во время войны с Тройным альянсом парагвайские войска вторглись в бразильскую провинцию Мату-Гроссу. Император Бразилии Педро II, разъяренный некомпетентностью своих военачальников, потребовал, чтобы ему позволили лично отправиться на фронт. Когда кабинет министров и Национальная ассамблея отказали ему в этом, Педро пригрозил отречься от трона и вступить в армию добровольцем со словами «они могут не пустить на фронт императора, но не могут запретить мне отречься и пойти добровольцем Отечества». Конечно, выбора у правительства не осталось. Бразильских добровольцев на этой войне называли «добровольцами Отечества», по выражению императора. Скажите то, что сказал Педро, и страна пойдет за вами хоть на край света.;X;X;X;X;X;X
law_1420_of_general_common_education_title;Закон номер 1420;X;X;X;X;X;X
law_1420_of_general_common_education_desc;Закон номер 420 о всеобщем образовании был принят в Аргентине в 1884 г. при президенте Хулио Архентино Роке. В стране была создана первая система бесплатного, обязательного, общегосударственного и светского образования. Светский уклон этого закона вызвал определенные трения между католической церковью и аргентинским правительством, но в любом случае этот закон стал поворотным пунктом в истории образования в Аргентине.;X;X;X;X;X;X
danmarks_riges_grundlov_title;Конституция Дании;X;X;X;X;X;X
danmarks_riges_grundlov_desc;С 1660 г. Дания была абсолютной монархией. 5 июня 1849 г. король Фредерик VII ввел в действие конституцию Дании. Принятия ограничивающей власть монарха конституции всеми силами пытались избежать предшественники Фредерика. Однако в период национального объединения Дании, последовавшего за первой войной за Шлезвиг, это произошло. Конституция знаменует переход Дании от абсолютизма к конституционной монархии. Давайте дадим народу конституцию!;X;X;X;X;X;X
adopt_die_stem_title;Утверждение 'Зова';X;X;X;X;X;X
adopt_die_stem_desc;«Мы будем жить и умрем за Тебя, Южная Африка!»\n\n«Зов Южной Африки» обрел статус национального гимна Южной Африки только в 1957 г., однако неофициальным гимном стал задолго до этого. Первоначально это было стихотворение, написанное в 1918 г. Корнелисом Якобусом Лангенховеном. В 1921 г. Мартинус Лоуренс де Виллерс написал к нему музыку. «Зов» часто звучал в передачах Африканской вещательной компании: им вместе с гимном «Боже, храни короля» завершались ежедневные программы. Утвердите «Зов» и дайте нашей юной стране подходящий гимн!;X;X;X;X;X;X
found_the_bbc_title;Создание Би-би-си;X;X;X;X;X;X
found_the_bbc_desc;Британская вещательная корпорация была основана 18 октября 1922 г. как государственная радиовещательная, а позднее и телевизионная компания. Ее основателями стали шесть радиокомпаний, а первая передача вышла в эфир из Лондона 14 ноября 1922 г. Создайте Би-би-си, и пусть «народ народу понесет слова мира».;X;X;X;X;X;X
establish_the_sovnarkom_title;Учреждение Совнаркома;X;X;X;X;X;X
establish_the_sovnarkom_desc;Совет Народных Комиссаров по конституции РСФСР 1918 г. стал высшим органом исполнительной власти в Советской России. Совнарком был подотчетен Всероссийскому съезду советов, а в перерывах между заседаниями съезда обладал всей полнотой власти. Решение увеличивает повышение класса населения;X;X;X;X;X;X
sign_treaty_of_london_title;Лондонский договор;X;X;X;X;X;X
sign_treaty_of_london_desc;Бельгия добилась фактической независимости от Нидерландов силой оружия, в ходе бельгийской революции 1831 г. Однако юридически эта независимость была подтверждена только в 1839 г. в Лондонском договоре, подписанном Нидерландами и всеми великими державами. Договор гарантировал независимость и нейтралитет Бельгии. Если мы подпишем этот договор, то откажемся от своих претензий на Бельгию, но наша репутация на мировой арене от этого выиграет.;X;X;X;X;X;X
form_north_german_confederation_title;Северогерманский союз;X;X;X;X;X;X
form_north_german_confederation_desc;Германия была объединена только после провозглашения Германской империи в результате франко-прусской войны, но идея объединения возникла задолго до этого, с ростом национализма. Важным предвестником объединения была Франкфуртская ассамблея 1848 г. Если мы займем доминирующее положение среди северогерманских государств, то сможем создать Северогерманский союз.;X;X;X;X;X;X
form_south_german_confederation_title;Южно-Германская конфедерация;X;X;X;X;X;X
form_south_german_confederation_desc;Германия была объединена только после провозглашения Германской империи в результате франко-прусской войны, но рост национализма в 19-м веке привел к тому, что идея объединения возникла задолго до этого. Важным предвестником объединения была Франкфуртская ассамблея 1848 г. Если мы займем доминирующее положение среди южногерманских государств, то сможем создать Южногерманский союз.;X;X;X;X;X;X
die_wacht_am_rhein_title;Вахта на Рейне;X;X;X;X;X;X
schwabing_circles_title;Швабингские круги;X;X;X;X;X;X
schwabing_circles_desc;Во время правления принца-регента Луитпольда мюнхенский район Швабинг благодаря большому университету и многочисленным студентам получил известность как место сосредоточения интеллектуальной богемы. Это привлекало туда многих художников и писателей - от братьев Манн до Генрика Ибсена и Василия Кандинского. Поддержите швабингские круги, чтобы поднять ваш престиж.;X;X;X;X;X;X
the_grunderzeit_title;Архитектура эпохи грюндерства;X;X;X;X;X;X
the_grunderzeit_desc;Эпоха грюндерства ('Эпоха основания' по-немецки) - это период примерно с 1840 до середины 1870-х годов, время быстрой модернизации экономики и индустриализации Германии и Восточной Европы (в том числе и Вены) в целом. Эта эпоха выделяется, среди прочего, особым архитектурным стилем, вдохновленным неоготическими образами и приемами, а также новыми строительными школами, которые вызвала к жизни индустриализация. Кроме того, это было время усиления либерализма в политике. Поддержите эти новые тенденции, чтобы дать начало расцвету Вены.;X;X;X;X;X;X
die_wacht_am_rhein_desc;В 1840 г. французский премьер-министр Адольф Тьер объявил реку Рейн естественной границей Франции. Его заявление вызвало так называемый «Рейнский кризис», так как было воспринято в Германии как угроза прусским владениям на западном берегу реки. Поэт и торговец Макс Шнекенбургер, вдохновленный этими событиями, написал патриотическое стихотворение, в котором призывал «Отечество сохранять спокойствие», поскольку «твердо и уверенно стоят часовые на Рейне». Это был намек на то, что Германия защитит реку от любых, то есть французских, посягательств. Стихотворение было положено на музыку в 1854 г. и приобрело исключительную популярность в Германии во время франко-прусской войны 1870-71 гг.;X;X;X;X;X;X
boxer_rebels_title;Боксеры;X;X;X;X;X;X
boxer_rebels_desc;«Справедливое общество гармоничных кулаков», членов которого на Западе называли «боксерами» - движение, выступающее за восстановление независимости Китая от посягательств иностранных империалистов. Это движение традиционалистов не пренебрегает никакими средствами для достижения своей цели, «очищения» Китая. Под лозунгом «Поддержи Цин, уничтожь чужое» боксеры при первой возможности устроят резню европейцев и обращенных в христианство китайцев.;X;X;X;X;X;X
support_boxers_title;Поддержать боксеров!;X;X;X;X;X;X
support_boxers_desc;Справедливое общество гармоничных кулаков начало действовать в некоторых провинциях, куда вторглись иностранцы. Поддержите это движение, и будем надеяться, что боксеры смогут покончить с европейским влиянием в Китае.;X;X;X;X;X;X
support_schaumburgs_title;Поддержать Шомбергов-Липпе;X;X;X;X;X;X
support_schaumburgs_desc;Смерть бездетного Вольдемара, князя Липпе-Детмольда, в 1895 г. положила начало двадцатилетнему спору между двумя ветвями династии Липпе, Шомбергами и Бистерфельдами. Если мы завещаем княжество одной из сторон, то сможем предотвратить возникновение этого спора.;X;X;X;X;X;X
support_biesterfelds_title;Поддержать Шомбергов-Бистерфельдов;X;X;X;X;X;X
support_biesterfelds_desc;Смерть бездетного Вольдемара, князя Липпе-Детмольда, в 1895 г. положила начало двадцатилетнему спору между двумя ветвями династии Липпе, Шомбергами и Бистерфельдами. Если мы передадим княжество одной из сторон, то сможем предотвратить возникновение этого спора.;X;X;X;X;X;X
award_order_of_st_francis_title;Королевский орден Франциска I;X;X;X;X;X;X
award_order_of_st_francis_desc;Королевский орден Франциска I был учрежден 28 сентября 1829 г. как орден Королевства Обеих Сицилий, которым награждали за гражданские и военные заслуги. Если мы наградим этим орденом заслуженного сановника, то нас будут воспринимать как справедливую и великодушную монархию, каковой мы, конечно, и являемся.;X;X;X;X;X;X
statuto_albertino_title;Альбертинский статут;X;X;X;X;X;X
statuto_albertino_desc;Альбертинский статут - это конституция, принятая в королевстве Сардиния-Пьемонт 4 марта 1848 г. как ответ на революционные настроения в стране. Статут официально устанавливал абсолютную монархию как форму правления в стране. Впоследствии статут в несколько измененном виде был использован как основа для итальянской конституции, действовавшей до 1948 г.;X;X;X;X;X;X
das_zivilgesetzbuch_title;Книга гражданских законов;X;X;X;X;X;X
das_zivilgesetzbuch_desc;Десятый ландтаг (парламент) Великого Герцогства Гессен на заседаниях в 1844-47 гг. посвятил много времени попыткам соединить Гражданский Кодекс Наполеона, который действовал в провинции Рейнгессен, в том числе в Майнце, с обычным германским правом, применявшимся на остальной территории герцогства. Результатом этих усилий стала публикация Книги гражданских законов в 1847 г., которая стала единым источником права для всего герцогства.;X;X;X;X;X;X
niederwald_denkmal_title;Нидервальдский памятник;X;X;X;X;X;X
niederwald_denkmal_desc;Нидервальдский памятник стоит в Нидервальдском парке (Гессен, Германия). Его центральная фигура - десятиметровая статуя Германии, воплощение германского народа, которая поднимает восстановленную имперскую корону Германии. Две статуи по бокам символизируют Войну и Мир. Памятник, который стал символом возрождения Германской империи, был создан между 1871 и 1883 гг., его строительство началось после франко-прусской войны. Давайте создадим символ славы нашей нации и построим монумент, неподвластный векам!;X;X;X;X;X;X
build_vittoriano_title;Алтарь Отечества;X;X;X;X;X;X
build_vittoriano_desc;Алтарь Отечества, или «Витториано» - памятник в Риме, открытый в 1911 г. Он посвящен Виктору Эммануилу II и построен в честь создания итальянской нации. Пусть остальные народы греются в лучах славы возрожденного Рима! Давайте создадим монумент, достойный нашей юной нации.;X;X;X;X;X;X
annals_of_the_fulani_jihad_title;Анналы Джихада Фулани;X;X;X;X;X;X
annals_of_the_fulani_jihad_desc;Эмир Гванду Абдуллахи дан Фодио (1766-1828), написал книгу о Джихаде Фулани, пламенной верой которого было создан султанат Сокото. Если мы будем способствовать распространению этой замечательной исторической книги, то наша страна обретет славу и признание.;X;X;X;X;X;X
become_negusa_nagast_title;'Негуса Нагаст';X;X;X;X;X;X
become_negusa_nagast_desc;«Эпоха князей» в истории Эфиопии продолжалась с 1769 г. до коронации Теодроса II в 1855 г. В это время Эфиопия была раздроблена из-за политических распрей, а власть императора была фактически сведена к нулю. Коронация Теодроса, получившего титул «Негуса Нагаст», или «Царь Царей», завершила эпоху князей и ознаменовала начало современной имперской эры в Эфиопии. Пришло ли время для коронации?;X;X;X;X;X;X
hellenic_parliament_title;Парламент Греции;X;X;X;X;X;X
hellenic_parliament_desc;Первый национальный парламент современного греческого государства был создан только в 1843 г., и только после революции 3-го сентября того же года он вынудил короля Оттона дать стране конституцию. Созыв первого греческого парламента означает не только переход страны к конституционной монархии, но и первый с античных времен глоток демократии для Эллады.;X;X;X;X;X;X
palais_garnier_title;Постройка Дворца Гарнье;X;X;X;X;X;X
palais_garnier_desc;С момента постройки Дворца Гарнье в 1875 г. и до 1989 г. он был основным зданием Парижской оперы. Гарнье создал его в стиле нового барокко, и в свое время он считался шедевром современной архитектуры. Этому дворцу подражали многие западные архитекторы. Он также вдохновил Гастона Леруа написать классический роман «Призрак оперы».;X;X;X;X;X;X
the_scotland_yard_title;Скотланд-Ярд;X;X;X;X;X;X
the_scotland_yard_desc;Полиция Большого Лондона, созданная соответствующим законом 1829 г., в викторианскую эпоху получила неофициальное название Скотланд-Ярд по своей штаб-квартире в Уайтхолл Пэлис, 4, которая раньше называлась Большим Шотландским Двором. Это была одна из образцовых полицейских служб своей эпохи. Скотланд-Ярд описывали в своих произведениях Жюль Верн, Конан Дойль и другие авторы. Он, безусловно, поможет нам раскрыть пару преступлений.;X;X;X;X;X;X
the_yard_desc;Полиция Большого Лондона, или Скотланд-Ярд, изо всех сил помогает Шерлоку Холмсу.;X;X;X;X;X;X
call_geneva_convention_title;Женевская конвенция;X;X;X;X;X;X
call_geneva_convention_desc;Жан Анри Дюнан стал очевидцем жестокости и ужасов войны после битвы при Сольферино. В 1862 г. он за свой счет опубликовал свои воспоминания об этом в книге «Воспоминание о Сольферино». Личный опыт привел его к идее создания международной организации, которая оказывала бы помощь раненым. Он также объехал с лекциями всю Швейцарию. Швейцарский парламент откликнулся на его идеи и в 1864 г. созвал международный съезд в Женеве с целью создания международных законов ведения войны.;X;X;X;X;X;X
signed_the_geneva_convention_desc;Наша страна подписала Женевскую конвенцию;X;X;X;X;X;X
sign_the_geneva_convention_title;Подписать Женевскую конвенцию;X;X;X;X;X;X
sign_the_geneva_convention_desc;Наша страна пока не подписала Женевскую конвенцию, которая определяет законные способы ведения войны и предписывает нормы обращения с ранеными. Конечно, мы можем ее подписать.;X;X;X;X;X;X
pass_folkskolereformen_title;Реформа народной школы;X;X;X;X;X;X
pass_folkskolereformen_desc;Реформа народной школы была проведена по закону, принятому в Швеции в 1842 г. По закону государство предоставляло обязательное школьное образование по ряду основных предметов. Народные школы оставались основой шведской системы образования до начала 1970-х гг., когда от нее отказались в пользу невежества и неграмотности.;X;X;X;X;X;X
folkis_educates_desc;Современная и эффективная система обязательного школьного образования даст вашей молодежи знания по основным предметам.;X;X;X;X;X;X
the_case_of_edgardo_mortara_title;Эдгардо Мортара;X;X;X;X;X;X
the_case_of_edgardo_mortara_desc;Эдгардо Мортара родился в 1851 г. в еврейской семье из Болоньи. В 1857 г. он заболел, и служанка-католичка крестила его из опасения, что иначе он как нехристианин попадет после смерти в ад. На основании этого крещения полиция Папского государства отняла Эдгардо у родителей, и он был воспитан как католик. По законам Папского государства нехристианам было запрещено воспитывать детей-христиан, даже своих собственных. Этот случай получил международную огласку и вызвал протесты Наполеона III, императора Франца-Иосифа, газеты «Лондон Таймс» и других. Впоследствии Мортара стал католическим священником и восстановил связь со своей семьей.;X;X;X;X;X;X
the_first_vatican_council_title;Ватиканский собор;X;X;X;X;X;X
the_first_vatican_council_desc;В 1868 г. папа Пий IX созвал 20-й вселенский собор римской католической церкви. Собор должен был обсудить проблему новых идеологий либерализма, рационализма и материализма, а также изложить догматы католицизма. Хотя собор вскоре прервал заседания из-за оккупации Рима войсками только что созданного Итальянского королевства, он оказал долговременное влияние на католическую теологию, приняв догмат о непогрешимости папы.;X;X;X;X;X;X
manifesto_on_unshakable_autocracy_title;Манифест о незыблемости самодержавия;X;X;X;X;X;X
manifesto_on_unshakable_autocracy_desc;Манифест о незыблемости самодержавия был издан Александром III 29 апреля 1881 г. по юлианскому календарю, через два месяца после гибели его отца, Александра II, от рук террориста-народовольца Игнатия Гриневецкого. Манифест напрочь отвергал любые идеи либеральных реформ, многие из которых выдвинул Александр II, зато подтверждал незыблемость традиционного для России самодержавия.;X;X;X;X;X;X
promulgate_the_ems_ukaz_title;Эмский указ;X;X;X;X;X;X
promulgate_the_ems_ukaz_desc;Эмский указ - распоряжение Александра, подписанное в 1876 г. и направленное на ограничение использования малорусского наречия (украинского языка) в печатных изданиях. Исключение было сделано только для исторических документов и произведений изящной словесности. Указ назван по месту подписания, немецкому курорту Бад-Эмсу.;X;X;X;X;X;X
become_guatemala_title;Провозглашение Гватемалы;X;X;X;X;X;X
become_guatemala_desc;Мечта об объединенном центрально-американском государстве канула в лету. Другие провинции были слишком озабочены доминирующим положением Гватемалы, чтобы оценить те жертве, которые мы приносили ради сохранения союза. Больше такого не будет. Мы покончили с этим. Отныне Гватемала будет одна искать свою судьбу.;X;X;X;X;X;X
aeroplane_factory_desc;Для производства самолетов требуется резина, электроприборы и механизмы. (Г) — без городской инфраструктуры в штате: §R-70%§! (село) / §R-25%§! (урбан, заморская кол.) / §R-10%§! или §R-20%§! (внутр. кол.) / §G0%§! (нет колоний + урбан).;X;X;X;X;X;X
barrel_factory_desc;Танки - это артиллерия на колесах. Поэтому для производства танков требуются автомобили и артиллерия. (Г) — без городской инфраструктуры в штате: §R-70%§! (село) / §R-25%§! (урбан, заморская кол.) / §R-10%§! или §R-20%§! (внутр. кол.) / §G0%§! (нет колоний + урбан).;X;X;X;X;X;X
automobile_factory_desc;Для производства автомобилей требуется резина, электроприборы и механизмы. (Г) — без городской инфраструктуры в штате: §R-70%§! (село) / §R-25%§! (урбан, заморская кол.) / §R-10%§! или §R-20%§! (внутр. кол.) / §G0%§! (нет колоний + урбан).;X;X;X;X;X;X
radio_factory_desc;Радиоприемники стали одним из первых потребительских товаров 20-го столетия. Их делают из стекла и электроприборов. (Г) — без городской инфраструктуры в штате: §R-70%§! (село) / §R-25%§! (урбан, заморская кол.) / §R-10%§! или §R-20%§! (внутр. кол.) / §G0%§! (нет колоний + урбан).;X;X;X;X;X;X
telephone_factory_desc;Изобретение телефона - это прорыв в области коммуникации. Для производства телефона требуется стекло и электроприборы. (Г) — без городской инфраструктуры в штате: §R-70%§! (село) / §R-25%§! (урбан, заморская кол.) / §R-10%§! или §R-20%§! (внутр. кол.) / §G0%§! (нет колоний + урбан).;X;X;X;X;X;X
electric_gear_factory_desc;Для производства электроприборов требуется резина, уголь и железо. Электроприборы используются в авто- и авиастроении. (Г) — без городской инфраструктуры в штате: §R-70%§! (село) / §R-25%§! (урбан, заморская кол.) / §R-10%§! или §R-20%§! (внутр. кол.) / §G0%§! (нет колоний + урбан).;X;X;X;X;X;X
machine_parts_factory_desc;Механизмы и машины необходимы в любом производстве. Для их создания требуются сталь и уголь. (Г) — без городской инфраструктуры в штате: §R-70%§! (село) / §R-25%§! (урбан, заморская кол.) / §R-10%§! или §R-20%§! (внутр. кол.) / §G0%§! (нет колоний + урбан).;X;X;X;X;X;X
synthetic_oil_factory_desc;Заводы искусственного топлива производят горючие материалы из угля. Они жизненно необходимы государствам, не располагающим доступом к нефти. (Г) — без городской инфраструктуры в штате: §R-70%§! (село) / §R-25%§! (урбан, заморская кол.) / §R-10%§! или §R-20%§! (внутр. кол.) / §G0%§! (нет колоний + урбан).;X;X;X;X;X;X
synthetic_rubber_factory_desc;Заводы искусственной резины производят резину из нефти. Они жизненно необходимы государствам, не располагающим доступом к резине. (Г) — без городской инфраструктуры в штате: §R-70%§! (село) / §R-25%§! (урбан, заморская кол.) / §R-10%§! или §R-20%§! (внутр. кол.) / §G0%§! (нет колоний + урбан).;X;X;X;X;X;X
synthetic_sulphur_factory_desc;Заводы искусственной серы - это новая веха в развитии химии!.  (Г) — без городской инфраструктуры в штате: §R-70%§! (село) / §R-25%§! (урбан, заморская кол.) / §R-10%§! или §R-20%§! (внутр. кол.) / §G0%§! (нет колоний + урбан).;X;X;X;X;X;X
fuel_refinery_desc;Этот топливный завод использует нефть для производства автомобильного топлива. (Г) — без городской инфраструктуры в штате: §R-70%§! (село) / §R-25%§! (урбан, заморская кол.) / §R-10%§! или §R-20%§! (внутр. кол.) / §G0%§! (нет колоний + урбан).;X;X;X;X;X;X
steamer_shipyard_desc;Пароходы имеют преимущество перед клиперами, так как не зависят от ветра, они больше и прочнее клиперов. Для их производства требуются сталь и уголь. (Г) — без городской инфраструктуры в штате: §R-70%§! (село) / §R-25%§! (урбан, заморская кол.) / §R-10%§! или §R-20%§! (внутр. кол.) / §G0%§! (нет колоний + урбан).;X;X;X;X;X;X
luxury_clothes_factory_desc;Для производства роскошной одежды для богатых используется готовая повседневная одежда и шелк. (Г) — без городской инфраструктуры в штате: §R-70%§! (село) / §R-25%§! (урбан, заморская кол.) / §R-10%§! или §R-20%§! (внутр. кол.) / §G0%§! (нет колоний + урбан).;X;X;X;X;X;X
luxury_furniture_factory_desc;Для производства роскошной мебели требуется мебель и тропическое дерево. Роскошная мебель приобретается высшим обществом. (Г) — без городской инфраструктуры в штате: §R-70%§! (село) / §R-25%§! (урбан, заморская кол.) / §R-10%§! или §R-20%§! (внутр. кол.) / §G0%§! (нет колоний + урбан).;X;X;X;X;X;X
steel_factory_desc;Уголь и железо использовались в производстве стали. Сталь использовалась в производстве оружия, рельсов и других конструкционных материалов. (Г) — без городской инфраструктуры в штате: §R-70%§! (село) / §R-25%§! (урбан, заморская кол.) / §R-10%§! или §R-20%§! (внутр. кол.) / §G0%§! (нет колоний + урбан).;X;X;X;X;X;X
steel_manufactory_desc;Малое предприятие по выплавке стали с преимущественно устаревшими методами обработки. Требует меньше ресурсов на постройку, но производит меньше продукции, чем полноценный сталелитейный завод.;X;X;X;X;X;X
artillery_factory_desc;В производстве артиллерии используется сталь и боеприпасы. Артиллерия усиливает огневую мощь нашей армии. (Г) — без городской инфраструктуры в штате: §R-70%§! (село) / §R-25%§! (урбан, заморская кол.) / §R-10%§! или §R-20%§! (внутр. кол.) / §G0%§! (нет колоний + урбан).;X;X;X;X;X;X
clipper_shipyard_desc;Клиперы - простые торговые парусные суда. Для их производства требуется ткань и пиломатериалы. (Г) — без городской инфраструктуры в штате: §R-70%§! (село) / §R-25%§! (урбан, заморская кол.) / §R-10%§! или §R-20%§! (внутр. кол.) / §G0%§! (нет колоний + урбан).;X;X;X;X;X;X
small_arms_factory_desc;Для производства стрелкового оружия требуются сталь и боеприпасы. Все новые дивизии вооружаются стрелковым оружием. (Г) — без городской инфраструктуры в штате: §R-70%§! (село) / §R-25%§! (урбан, заморская кол.) / §R-10%§! или §R-20%§! (внутр. кол.) / §G0%§! (нет колоний + урбан).;X;X;X;X;X;X
furniture_factory_desc;Для производства мебели используются пиломатериалы. Мебель покупается всеми слоями населения. (Г) — без городской инфраструктуры в штате: §R-70%§! (село) / §R-25%§! (урбан, заморская кол.) / §R-10%§! или §R-20%§! (внутр. кол.) / §G0%§! (нет колоний + урбан).;X;X;X;X;X;X
paper_mill_desc;На бумажной фабрике для производства бумаги требуются пиломатериалы. Бумага используется в печати: книгах, газетах и других источниках информации.;X;X;X;X;X;X
regular_clothes_factory_desc;Для производства повседневной одежды для широких слоев населения используется ткань и красильные вещества. (Г) — без городской инфраструктуры в штате: §R-70%§! (село) / §R-25%§! (урбан, заморская кол.) / §R-10%§! или §R-20%§! (внутр. кол.) / §G0%§! (нет колоний + урбан).;X;X;X;X;X;X
explosives_factory_desc;Для производства взрывчатки требуются удобрения и боеприпасы. Взрывчатка используется в артиллерии. (Г) — без городской инфраструктуры в штате: §R-70%§! (село) / §R-25%§! (урбан, заморская кол.) / §R-10%§! или §R-20%§! (внутр. кол.) / §G0%§! (нет колоний + урбан).;X;X;X;X;X;X
ammunition_factory_desc;Здесь производятся многие виды боеприпасов. В производстве используются железо, уголь и сера. (Г) — без городской инфраструктуры в штате: §R-70%§! (село) / §R-25%§! (урбан, заморская кол.) / §R-10%§! или §R-20%§! (внутр. кол.) / §G0%§! (нет колоний + урбан).;X;X;X;X;X;X
canned_food_factory_desc;Для производства консервов требуется сталь и мясо. Благодаря длительным срокам хранения консервированная пища используется в армии. (Г) — без городской инфраструктуры в штате: §R-70%§! (село) / §R-25%§! (урбан, заморская кол.) / §R-10%§! или §R-20%§! (внутр. кол.) / §G0%§! (нет колоний + урбан).;X;X;X;X;X;X
canned_food_factory_b_desc;Для производства консерв требуется сталь и фрукты. Благодаря фруктовым садам нашей страны, солдаты на поле боя не забывают о доме!.X (Г) — без городской инфраструктуры в штате: §R-70%§! (село) / §R-25%§! (урбан, заморская кол.) / §R-10%§! или §R-20%§! (внутр. кол.) / §G0%§! (нет колоний + урбан).;X;X;X;X;X;X
canned_food_factory_c_desc;Для производства консерв требуется сталь и вегетерианцы. Благодаря этим консервам солдаты помнят за что они сражаются.X (Г) — без городской инфраструктуры в штате: §R-70%§! (село) / §R-25%§! (урбан, заморская кол.) / §R-10%§! или §R-20%§! (внутр. кол.) / §G0%§! (нет колоний + урбан).;X;X;X;X;X;X
canned_food_factory_d_desc;Для производства консерв требуется сталь и рыба. Благодаря культурному обмену с Японией наши солдаты могут разнообразить своё питание.X (Г) — без городской инфраструктуры в штате: §R-70%§! (село) / §R-25%§! (урбан, заморская кол.) / §R-10%§! или §R-20%§! (внутр. кол.) / §G0%§! (нет колоний + урбан).;X;X;X;X;X;X
dye_factory_desc;Красильные вещества можно получить из растений или искуственным путем при помощи угля. (Г) — без городской инфраструктуры в штате: §R-70%§! (село) / §R-25%§! (урбан, заморская кол.) / §R-10%§! или §R-20%§! (внутр. кол.) / §G0%§! (нет колоний + урбан).;X;X;X;X;X;X
liquor_distillery_desc;Спирт - это алкоголь, доступный широким слоям населения. Для производства спирта требуется зерно. (Г) — без городской инфраструктуры в штате: §R-70%§! (село) / §R-25%§! (урбан, заморская кол.) / §R-10%§! или §R-20%§! (внутр. кол.) / §G0%§! (нет колоний + урбан).;X;X;X;X;X;X
winery_desc;Вино - символ высшего общества. Для производства вина требуются фрукты. (Г) — без городской инфраструктуры в штате: §R-70%§! (село) / §R-25%§! (урбан, заморская кол.) / §R-10%§! или §R-20%§! (внутр. кол.) / §G0%§! (нет колоний + урбан).;X;X;X;X;X;X
lumber_mill_desc;На складе пиломатериалов древесина перерабатывается в пиломатериалы для производства бумаги, кораблей и мебели, а также строительства.;X;X;X;X;X;X
fabric_factory_desc;Для производства ткани требуется хлопок. Ткань используется в производстве парусов и одежды.;X;X;X;X;X;X
fabric_factory_b_desc;Для производства ткани требуется шерсть. Ткань используется в производстве парусов и одежды.;X;X;X;X;X;X
cement_factory_desc;Цемент - основной материал при строительстве объектов особой прочности, таких как мосты и крепости. Для производства цемента требуется уголь. (Г) — без городской инфраструктуры в штате: §R-70%§! (село) / §R-25%§! (урбан, заморская кол.) / §R-10%§! или §R-20%§! (внутр. кол.) / §G0%§! (нет колоний + урбан).;X;X;X;X;X;X
glass_factory_desc;Этому заводу требуется уголь для производства стекла. Стекло используется в производстве зеркал и окон.;X;X;X;X;X;X
fertilizer_factory_desc;На этом заводе сера используется в производстве удобрений. Удобрения повышают урожайность наших ферм. (Г) — без городской инфраструктуры в штате: §R-70%§! (село) / §R-25%§! (урбан, заморская кол.) / §R-10%§! или §R-20%§! (внутр. кол.) / §G0%§! (нет колоний + урбан).;X;X;X;X;X;X
fascist_rebels_title;Фашисты;X;X;X;X;X;X
fascist_rebels_desc;Фрайкоры состоят из революционеров, исповедующих радикальную новую идеологию - фашизм. Эти боевики-революционеры, приверженцы насилия и массовых акций, не остановятся ни перед чем, чтобы свергнуть старые монархии и юные демократии и заменить их Левиафаном фашистского государства.;X;X;X;X;X;X
communist_rebels_title;Коммунисты;X;X;X;X;X;X
communist_rebels_desc;Красная гвардия состоит из коммунистов, поднявших открытое восстание против правительства и, что еще важнее, против всего, что они считают реакционными признаками буржуазного государства и даже общества в целом. Вместо институтов религии, традиций, частной собственности и семьи эти революционеры стремятся установить диктатуру пролетариата: первый шаг на долгом и усеянном трупами пути к обещанной бесклассовой Утопии.;X;X;X;X;X;X
anarcho_liberal_rebels_title;Либертарианцы;X;X;X;X;X;X
anarcho_liberal_rebels_desc;Гражданское ополчение состоит из либералов, поднявших восстание против реального или кажущегося притеснения граждан правительством и государственным аппаратом, чтобы защитить свою личную свободу любой ценой. Борясь с тиранией государства, эти революционеры считают себя борцами за свободу в истинном смысле этого слова.;X;X;X;X;X;X
reactionary_rebels_title;Реакционеры;X;X;X;X;X;X
reactionary_rebels_desc;Повстанцы-реакционеры страстно желают возвращения старых добрых времен. Это могут быть закоренелые монархисты или, по их словам, просто противники современных идей. Эти контрреволюционеры всегда находятся на переднем крае борьбы с социализмом и либерализмом.;X;X;X;X;X;X
pan_nationalist_rebels_title;Пан-националисты;X;X;X;X;X;X
pan_nationalist_rebels_desc;Пан-националистические повстанцы хотят объединить разделенные, по их представлениям, народы в свободном и независимом государстве-нации. Ими движут романтические идеалы националистического движения. Чувство принадлежности к земле, за которую они сражаются, превращает их в реальную угрозу миру и порядку.;X;X;X;X;X;X
nationalist_rebels_title;Националисты;X;X;X;X;X;X
nationalist_rebels_desc;Националисты стремятся завоевать свободу для своего народа. Они отлично экипированы, у них прекрасные лидеры, однако они не слишком стремятся покидать свои родные провинции.;X;X;X;X;X;X
patriot_rebels_title;Патриоты;X;X;X;X;X;X
patriot_rebels_desc;Повстанцы-патриоты мечтают об объединении со своей культурной семьей в одном государстве. Будьте осторожны: захваченные ими провинции могут отложиться от вашей державы.;X;X;X;X;X;X
partisans_title;Партизаны;X;X;X;X;X;X
partisans_desc;Партизаны сражаются с оккупантами и мечтают изгнать врага из своей страны.;X;X;X;X;X;X
disgruntled_rabble_title;Недовольный сброд;X;X;X;X;X;X
disgruntled_rabble_desc;Это недовольные граждане, сбившиеся в толпы с целью грабежа и мародерства.;X;X;X;X;X;X
form_germany_title;Да здравствует Германия!;X;X;X;X;X;X
form_germany_desc;Прямой или косвенный контроль над множеством княжеств, герцогств и свободных городов, которые составляют германскую нацию, позволит нам объединить наш народ в единое государство-нацию. Да здравствует Германская империя!;X;X;X;X;X;X
form_italy_title;Вперед, Италия!;X;X;X;X;X;X
form_italy_desc;Если мы займем господствующее положение на Итальянском полуострове, то сможем объявить себя главной объединяющей силой нашего народа и дать ему национальное отечество - единое итальянское государство.;X;X;X;X;X;X
form_scandinavia_title;Благо братских народов!;X;X;X;X;X;X
form_scandinavia_desc;Если мы добьемся господствующего положения в Скандинавии, то сможем объединить скандинавские народы под одним флагом. Для этого мы должны включить всю Скандинавию либо в состав нашего государства, либо в нашу сферу влияния. Ради блага братских народов!;X;X;X;X;X;X
concede_finland_title;Отказ от Финляндии;X;X;X;X;X;X
concede_finland_desc;После разгрома шведских армий в Финской войне и перехода восточной половины шведской империи под власть Русского Орла прошло уже много десятилетий. Хотя из Финляндии поступают сведения о растущем недовольстве русским правлением, мало кто желает возвращения в состав Швеции. Но ради поддержания хороших отношений мы вернем часть их земель, и принудим отказаться от другой половины. ;X;X;X;X;X;X
gag_rule_title;Закон о жестком регламенте;X;X;X;X;X;X
gag_rule_desc;Очевидно безрезультатные дебаты по вопросу о рабстве угрожают расколоть нашу страну. Если мы проведем закон о жестком регламенте в палате представителей и запретим выносить билли о рабстве на обсуждение палаты, то, возможно, в какой-то мере приглушим самые жесткие разногласия.;X;X;X;X;X;X
clay_and_douglas_draft_title;Проект Клея и Дугласа;X;X;X;X;X;X
clay_and_douglas_draft_desc;Сенаторы Генри Клей и Стивен Дуглас внесли компромиссный законопроект по вопросу о рабстве. Его главная идея - право отдельных штатов самостоятельно решать вопрос об отмене рабства. Если мы поддержим этот законопроект, то сможем смягчить напряжение в вопросе о рабстве хотя бы на какое-то время.;X;X;X;X;X;X
corwin_amendment_title;Поправка Корвина;X;X;X;X;X;X
corwin_amendment_desc;Напряжение в вопросе о рабстве вот-вот достигнет точки кипения. Если мы примем поправку сенатора Томаса Корвина, то можем воспретить конгрессу принимать какие-либо запрещающие или затрудняющие рабовладение поправки к конституции. Это крайняя мера, но наше положение также отчаянное.;X;X;X;X;X;X
fugitive_slave_act_title;Закон о беглых рабах;X;X;X;X;X;X
fugitive_slave_act_desc;Принятие федерального закона о беглых рабах позволит возвращать рабов их хозяевам в рабовладельческих штатах. Это хотя бы на какое-то время успокоит опасения южан по поводу аболиционизма.;X;X;X;X;X;X
nashville_convention_title;Нэшвилльский конвент;X;X;X;X;X;X
nashville_convention_desc;Отдельные представители южных штатов не согласны с голосами об отделении, которые раздаются среди сторонников крайних мер. Если мы неофициально поддержим их съезд, то они, возможно, сумеют унять сепаратистские настроения.;X;X;X;X;X;X
ostend_manifesto_title;Остендский манифест;X;X;X;X;X;X
ostend_manifesto_desc;Остендский манифест предлагает Соединенным Штатам аннексировать остров Куба и превратить его в рабовладельческий штат, чтобы уравновесить влияние новых свободных штатов на западе. Если мы поддержим манифест, то острота вопроса о рабстве внутри страны немного спадет, но наша репутация у великих европейских держав может значительно пострадать.;X;X;X;X;X;X
kansas_nebraska_act_title;Закон Канзас-Небраска;X;X;X;X;X;X
kansas_nebraska_act_desc;Принятие этого закона фактически отменит Миссурийский компромисс 1820 г. и позволит суверенному народу определить, разрешать ли рабовладение в бывшей колонии Луизиане и на территориях, выделяемых из нее. Аболиционисты будут возмущены, но этот закон необходим, чтобы предотвратить распад нашего Союза.;X;X;X;X;X;X
wilmot_proviso_title;Поправка Уилмота;X;X;X;X;X;X
wilmot_proviso_desc;Конгрессмен Дэвид Уилмот внес на обсуждение поправку, запрещающую рабовладение в штатах, созданных на территории, которую уступила нам Мексика по итогам войны. Принятие этой поправки успокоит северян, которые беспокоятся, что часть страны превращается в рабовладельческую державу. Однако это усилит страхи южан относительно аболиционизма.;X;X;X;X;X;X
apply_for_USA_statehood_title;Просьба о статусе;X;X;X;X;X;X
apply_for_USA_statehood_desc;Учитывая наше положение на североамериканском континенте, а также традиционные культурные связи с США, положительный ответ на нашу просьбу весьма вероятен. Это означает, что наша страна войдет в состав Соединенных Штатов.;X;X;X;X;X;X
manifest_destiny_title;Предопределенная судьба;X;X;X;X;X;X
king_cotton_title;Король Хлопок;X;X;X;X;X;X
king_cotton_desc;«Без единого пушечного выстрела и не обнажая меча мы можем поставить на колени весь мир, если они посмеют начать с нами войну... Что произойдет, если в течение трех лет не будет поставки хлопка?.. Англия сделает все возможное и мобилизует весь цивилизованный мир, чтобы спасти Юг», - сказал Джеймс Гаммонд\n\nЕсли мы примем политику «Короля Хлопка» и наложим эмбарго на продажу хлопка европейским державам, они вступят в конфликт между штатами на нашей стороне.;X;X;X;X;X;X
bixby_letter_title;Письмо Биксби;X;X;X;X;X;X
bixby_letter_desc;«В бумагах военного департамента я увидел сообщение генерал-адъютанта Массачусетса, где говорится, что Вы мать пятерых сыновей, павших смертью храбрых на полях сражений. Я понимаю, что никакие мои слова не утешат Вас. Никто и ничто не сможет Вам помочь в Вашем горе. Но я попробую предложить Вам следующее: может быть, Вы найдете утешение в благодарности Республики, защищая которую пали Ваши сыновья». - Авраам Линкольн\n\nОтправив это письмо миссис Биксби, мы получим дополнительную поддержку народа в войне.;X;X;X;X;X;X
enact_anaconda_plan_title;План 'Анаконда';X;X;X;X;X;X
enact_anaconda_plan_desc;Этот план был предложен главнокомандующим Винфилдом Скоттом и предусматривал удушение Конфедерации плотной морской блокадой, а также продвижение войск вдоль реки Миссисипи. Если мы начнем блокаду портов южан, то отрежем поставки жизненно важных товаров и увеличим их усталость от войны.;X;X;X;X;X;X
shermans_march_to_the_sea_title;'Марш к морю' Шермана.;X;X;X;X;X;X
shermans_march_to_the_sea_desc;Во время кампании в Джорджии в ноябре-декабре 1864 г. генерал-майор Уильям Шерман применил доктрину тотальной войны, для описания которой лучше всего подходит определение «Кампания террора против гражданского населения Юга». Часто говорят, что действия Шермана в глубине территории Конфедерации и уничтожение значительной части гражданской инфраструктуры Джорджии сломили волю южан к борьбе. Воспользуйтесь методами генерала - они могут стать последним гвоздем в гроб Конфедерации.;X;X;X;X;X;X
forced_egyptological_excavations_title;Долина Царей;X;X;X;X;X;X
forced_egyptological_excavations_desc;Луксор в наших руках, и теперь мы можем послать экспедицию в Долину Царей для проведения археологических раскопок. Открытия, сделанные в египетских гробницах, могут поднять наш престиж.;X;X;X;X;X;X
egyptological_excavations_title;Долина Царей;X;X;X;X;X;X
egyptological_excavations_desc;Долина Царей в Египте - это практически неисчерпаемый источник новых археологических открытий. Если мы обратимся к правительству Египта с просьбой предоставить нам монопольное право на раскопки в Долине Царей, то сможем сделать все эти фантастические открытия без участия других великих держав.;X;X;X;X;X;X
abolish_prohibition_title;Отмена сухого закона;X;X;X;X;X;X
abolish_prohibition_desc;Многие считают, что наши эксперименты с запретом на алкоголь зашли слишком далеко, и его необходимо отменить.;X;X;X;X;X;X
enact_liquor_prohibition_title;Сухой закон;X;X;X;X;X;X
enact_liquor_prohibition_desc;Лига трезвости, осмелев после многих побед в борьбе против употребления и злоупотребления алкоголем, лоббирует общенациональный запрет на продажу, использование и владение алкогольными напитками. Оппоненты указывают на то, что этот запрет может превратить рынок алкоголя в прибыльный бизнес для организованной преступности. Однако Лига трезвости полагает, что алкоголь есть корень многих общественных зол, не последним из которых является сама преступность.;X;X;X;X;X;X
die_groot_trek_title;Великое переселение;X;X;X;X;X;X
die_groot_trek_desc;Великим переселением называют исход южноафриканских фермеров (в основном голландского происхождения - буров), из подвластной Британии Капской колонии на земли за реками Оранжевой и Вааль, и в бурские республики, основанные их соотечественниками в глубине Южной Африки.;X;X;X;X;X;X
attack_the_laagers_title;Атака переселенцев;X;X;X;X;X;X
attack_the_laagers_desc;Белые люди, называющие себя бурами, начали переселяться из британской Капской колонии на север и на восток, за воды Нкоме. Мы видели, что они идут вместе со своими женщинами и детьми, и мы подозреваем, что они хотят остаться здесь. Но это наша земля...;X;X;X;X;X;X
sand_river_convention_title;Конвенция Санд-Ривер;X;X;X;X;X;X
sand_river_convention_desc;Если мы определим границу с британской Капской колонией, то улучшим наши отношения с Соединенным Королевством.;X;X;X;X;X;X
orange_river_convention_title;Конвенция Оранжевой реки;X;X;X;X;X;X
orange_river_convention_desc;Если мы определим границу с британской Капской колонией, то улучшим наши отношения с Соединенным Королевством.;X;X;X;X;X;X
enact_dual_monarchy_title;Австро-венгерский компромисс;X;X;X;X;X;X
enact_dual_monarchy_desc;Дворянство Венгерского королевства с некоторого времени требует расширения независимых прав венгерского народа и короны Св. Стефана. Подготовлен проект соглашения, по которому королевство Венгрия и Австрийская империя сольются в новое политическое образование: двойную Австро-Венгерскую монархию. Сохрани, Боже, защити, Боже!;X;X;X;X;X;X
reichsland_elsass_title;Земля Эльзас-Лотарингия;X;X;X;X;X;X
reichsland_elsass_desc;Поскольку мы завладели бывшей французской областью Альзас-Леран, то нам, наверное, следует переименовать улицы, не так ли? Давайте создадим новую германскую землю Эльзас-Лотарингия!;X;X;X;X;X;X
restore_alsace_title;Возвращение Эльзаса и Лотарингии!;X;X;X;X;X;X
restore_alsace_desc;Поскольку мы вернули Эльзас в его законные границы в составе Франции, нам следует перевести дорожные знаки обратно на французский.;X;X;X;X;X;X
trail_of_tears_title;Дорога слез;X;X;X;X;X;X
trail_of_tears_desc;«Дорога слез» - английский перевод названия, которое индейцы чероки дали насильственному перемещению великого народа чероки из его родных мест в Джорджии, Теннесси, Алабаме и т.д. на созданные в Оклахоме индейские территории. По закону о переселении индейцев 1830 года, принятие этого решения ложится на нас.;X;X;X;X;X;X
custers_expedition_title;Экспедиция в Черные Холмы;X;X;X;X;X;X
custers_expedition_desc;Наше правительство признало Черные Холмы на территории Дакота владением индейцев сиу. Однако эта область до сих пор не была исследована на предмет полезных ископаемых. В последних докладах сообщается, что индейцы добывают огромное количество золота на этой гряде холмов. Один молодой способный подполковник, некий Джордж Кастер, готов отправиться к Черным Холмам, чтобы изучить ситуацию.;X;X;X;X;X;X
enact_the_homestead_act_title;Закон о гомстедах;X;X;X;X;X;X
enact_the_homestead_act_desc;Этот закон был подписан президентом Линкольном в 1862 г. и предоставлял во владение отвечающим определенным требованиям гражданам участки размером в 160 акров. Это один из целого ряда подобных законов. Благодаря им сложился образ Америки как страны новых возможностей.;X;X;X;X;X;X
ems_dispatch_title;Эмсская депеша;X;X;X;X;X;X
ems_dispatch_desc;Первоначально это был меморандум для внутреннего пользования о результатах неофициальной встречи короля Вильгельма I с французским послом на курорте Бад-Эмс в прусской провинции Гессен-Нассау, отправленный монархом канцлеру Пруссии Отто фон Бисмарку. Бисмарк изменил его текст, придав ему оскорбительный для Франции характер, и предал огласке. Это стало одним из основных поводов к франко-прусской войне. Отправляя эту депешу, мы рискуем вызвать войну с Францией.;X;X;X;X;X;X
liberty_enlightening_the_world_title;Свобода, озаряющая мир;X;X;X;X;X;X
liberty_enlightening_the_world_desc;Прошло почти сто лет с того момента, как Франция и генерал Лафайет пришли на помощь храброй молодой Американской республике в трудный час ее рождения. С тех пор Американская республика вдохновляла всех борцов за свободу и напоминала миру о том, чего могут достичь свободные люди. Французские республиканцы предлагают отметить столетие рождения независимой нации подарком американскому народу, чтобы напомнить об исторических узах, связывающих его с французским народом. Да здравствует Свобода!;X;X;X;X;X;X
construct_germania_werft_title;Верфь 'Германия';X;X;X;X;X;X
construct_germania_werft_desc;На этой крупнейшей германской верфи в Киле во время двух мировых войн было построено множество немецких подлодок. Там же построили личную яхту кайзера Вильгельма II. Верфь была основана в 1867 г. как «Северогерманское судостроительное общество» и приобретена знаменитым промышленником Круппом в 1902 г., когда и получила свое название. Если мы построим эту верфь, то Германия никогда не будет испытывать недостатка в кораблях.;X;X;X;X;X;X
protect_eastern_christians_title;Защитник восточного христианства;X;X;X;X;X;X
protect_eastern_christians_desc;Все говорят, что Оттоманская империя плохо обращается со своими христианскими подданными. Если мы объявим себя защитниками восточного христианства, то сможем оказывать на нее давление, вынуждая изменить обращение с нашими единоверцами. Но это может привести к столкновению с другими великими державами Европы.;X;X;X;X;X;X
colonial_dry_spell_desc;Летом в этой провинции выпало очень мало дождей, посевы страдают.;X;X;X;X;X;X
colonial_exploitation_desc;Мы выдаиваем из этой провинции все ценное.;X;X;X;X;X;X
trustee_system_desc;В тюрьмах этой области одним заключенным дана власть над другими, и это повышает выработку.;X;X;X;X;X;X
penal_colonies_desc;По окраинам нашей империи рассеяны несколько исправительных колоний разного типа и размера. Туда мы отправляем самых опасных преступников.;X;X;X;X;X;X
the_statue_of_liberty_desc;Первое, что видят люди, подплывающие на корабле из Старого Света к гавани Нью-Йорка - мерцающую верхушку огромного факела, который символизирует свободу Нового Света. Для многих иммигрантов это становится незабываемым первым впечатлением от страны, рожденной в пламени свободы - их нового дома.;X;X;X;X;X;X
germania_werft_desc;Корабли выходят из сухого дока в Киле с поразительной быстротой. Это работа верфи «Германия», принадлежащей семье Крупп.;X;X;X;X;X;X
colonial_museum_of_natural_history_desc;В этой провинции создан музей естественной истории.;X;X;X;X;X;X
colonial_mismanagement_desc;Недостаток средств, выделенных колониальной администрации на административные расходы, погрузил эту колонию в управленческий хаос.;X;X;X;X;X;X
colonial_recruitment_desc;Правительственная кампания привлекает иммигрантов в эту провинцию, обещая им землю и хорошие возможности.;X;X;X;X;X;X
baby_bood_desc;Кампания за повышение рождаемости привела к увеличению числа новорожденных в провинции.;X;X;X;X;X;X
loyal_askaris_desc;Жители этой провинции в основном поддерживают нас. Некоторые из них уже служат или хотят служить в полках колониальных войск.;X;X;X;X;X;X
railroad_build_desc;Капиталисты на §Y$VAL$§W% чаще будут строить железные дороги.;X;X;X;X;X;X
immigration_focus_desc;Иммигранты на §Y$VAL$§W% чаще будут выбирать этот регион.;X;X;X;X;X;X
colony_focus_desc;Уровень колонии будет увеличиваться на §Y$VAL$§W% каждый месяц.;X;X;X;X;X;X
protectionism_desc;Торговля между государствами ограничена.;X;X;X;X;X;X
free_trade_desc;Торговцы вольны вести дела и заключать сделки без какого-либо вмешательства со стороны государства.;X;X;X;X;X;X
laissez_faire_desc;Государство не вмешивается в дела производства.\n\nФактор повышения статуса: §G+0.10§!\nФактор понижения статуса: §G+0.05§!;X;X;X;X;X;X
interventionism_desc;В целом, это свободная рыночная экономика, но государство оставляет за собой право вмешаться, если чувствует угрозу национальным интересам.;X;X;X;X;X;X
fascist_capitalism_desc;Государство контролирует командные высоты в экономике, но ограниченное присутствие инвесторов разрешено.;X;X;X;X;X;X
state_capitalism_desc;Государство контролирует командные высоты в экономике, но ограниченное присутствие частных компаний разрешено.;X;X;X;X;X;X
planned_economy_desc;Государство принимает все решения по производству и потреблению товаров и услуг.;X;X;X;X;X;X
pro_atheism_desc;Церковь полностью отделена от государства, а вопрос о религии является личным делом каждого.;X;X;X;X;X;X
secularized_desc;Религия не является вопросом государственной политики, однако правительство учитывает традиционные религиозные ценности.;X;X;X;X;X;X
pluralism_desc;Активно поддерживается государственная религия, но к остальным религиозным убеждениям относятся терпимо.;X;X;X;X;X;X
moralism_desc;Церковь и государство едины, а потому религиозные меньшинства постоянно притесняются.;X;X;X;X;X;X
full_citizenship_desc;Все избиратели равны между собой.;X;X;X;X;X;X
jingoism_desc;Вооруженные силы являются основной государства, а расходам на армию и флот отдается приоритет.;X;X;X;X;X;X
pro_military_desc;Правительство является активным сторонником развития вооруженных сил.;X;X;X;X;X;X
anti_military_desc;Вооруженные силы отсекаются от государственной казны, а правительство направляет свои бюджетные средства на другие расходные статьи.;X;X;X;X;X;X
pacifism_desc;Правительство враждебно относится к интересам вооруженных сил, считая их угрозой государственной политике.;X;X;X;X;X;X
yes_slavery_desc;Фактор повышение статуса: §G+0.05§!\nФактор понижения статуса: §G+0.05§!;X;X;X;X;X;X
no_slavery_desc;Запрещение рабства.;X;X;X;X;X;X
appointed_desc;Только аристократы и капиталисты, выбранные правителем страны, могут занимать места в Верхней палате.;X;X;X;X;X;X
party_appointed_desc;Только члены правящей партии с той же идеологией могут представлять ее в Верхней палате.;X;X;X;X;X;X
state_equal_weight_desc;Каждая область государства выдвигает в Верхнюю палату двух своих представителей.;X;X;X;X;X;X
population_equal_weight_desc;Состав Верхней палаты определяется идеологическими предпочтениями населения.;X;X;X;X;X;X
none_voting_desc;Никому не разрешено голосовать.;X;X;X;X;X;X
landed_voting_desc;Только аристократы и капиталисты могут голосовать.;X;X;X;X;X;X
wealth_weighted_voting_desc;Только граждане с высокими доходами (не ниже служащих) могут голосовать, однако у богатых два голоса против одного у представителей средних классов.;X;X;X;X;X;X
wealth_voting_desc;Только верхние и средние классы могут голосовать.;X;X;X;X;X;X
universal_weighted_voting_desc;Голосовать могут все, но голос богатых весит больше.;X;X;X;X;X;X
universal_voting_desc;Голосовать могут все.;X;X;X;X;X;X
first_past_the_post_desc;Побеждает кандидат, получивший большинство голосов избирателей.;X;X;X;X;X;X
jefferson_method_desc;Метод Джефферсона - метод наибольшего среднего, используемый при распределении мест в парламенте.;X;X;X;X;X;X
proportional_representation_desc;Процент голосос избирателей, полученных кандидатами на выборах, равен проценту полученных в парламенте мест.;X;X;X;X;X;X
yes_meeting_desc;Разрешены общественные собрания и митинги.;X;X;X;X;X;X
no_meeting_desc;Общественные собрания запрещены.;X;X;X;X;X;X
state_press_desc;Разрешена пресса, контролируемая государством.;X;X;X;X;X;X
censored_press_desc;Разрешена свободная пресса, но под цензурой государства.;X;X;X;X;X;X
free_press_desc;Разрешена свободная пресса без государственного вмешательства.;X;X;X;X;X;X
no_trade_unions_desc;Профсоюзы запрещены.;X;X;X;X;X;X
state_controlled_desc;Разрешены только контролируемые государством профсоюзы.;X;X;X;X;X;X
non_socialist_desc;Разрешены только несоциалистические профсоюзы.;X;X;X;X;X;X
all_trade_unions_desc;Разрешены все профсоюзы.;X;X;X;X;X;X
underground_parties_desc;Правительство активное препятствует другим партиям вести публичную борьбу за голоса избирателей.;X;X;X;X;X;X
harassment_desc;Правящая партия изводит население, заставляя голосовать за нее.;X;X;X;X;X;X
gerrymandering_desc;Количество избирательных округа или их границы сознательно изменяются в предвыборных целях, что приносит правящей партии больше голосов. Партия власти может использовать джерримэндеринг, чтобы заставить население голосовать за нее.;X;X;X;X;X;X
non_secret_ballots_desc;Проводимые в стране выборы являются открытыми. Правящая партия знает, кто как голосует, и потому может давить на избирателей, дабы заставить их голосовать за нее.;X;X;X;X;X;X
secret_ballots_desc;Выбор избирателя является конфиденциальной информацией, дабы никто не мог повлиять на него посредством подкупа или угрозами. В результате правящая партия не может влиять на выбор населения.;X;X;X;X;X;X
no_minimum_wage_desc;Нет минимального уровня оплаты труда.;X;X;X;X;X;X
trinket_wage_desc;Очень низкая оплата труда.;X;X;X;X;X;X
low_minimum_wage_desc;Низкая оплата труда.;X;X;X;X;X;X
acceptable_minimum_wage_desc;Приемлемая оплата труда.;X;X;X;X;X;X
good_minimum_wage_desc;Оплата труда выше обычного уровня.;X;X;X;X;X;X
no_work_hour_limit_desc;Нет ограничения рабочего дня.;X;X;X;X;X;X
fourteen_hours_desc;Максимальный рабочий день равен 14 часам.;X;X;X;X;X;X
twelve_hours_desc;Максимальный рабочий день равен 12 часам.;X;X;X;X;X;X
ten_hours_desc;Максимальный рабочий день равен 10 часам.;X;X;X;X;X;X
eight_hours_desc;Максимальный рабочий день равен 8 часам.;X;X;X;X;X;X
no_safety_desc;Безопасность производства не обеспечивается.;X;X;X;X;X;X
trinket_safety_desc;Наличие правил безопасности, регулирующих смертельные случаи.;X;X;X;X;X;X
low_safety_desc;Наличие правил безопасности, регулирующих случаи, связанные с травмами.;X;X;X;X;X;X
acceptable_safety_desc;Наличие правил безопасности, регулирующих случаи, связанные с физической работой.;X;X;X;X;X;X
good_safety_desc;Наличие развитой системы правил безопасности.;X;X;X;X;X;X
no_subsidies_desc;Нет пособий по безработице.;X;X;X;X;X;X
trinket_subsidies_desc;Очень низкие пособия по безработице.;X;X;X;X;X;X
low_subsidies_desc;Низкие пособия по безработице.;X;X;X;X;X;X
acceptable_subsidies_desc;Приемлемые пособия по безработице.;X;X;X;X;X;X
good_subsidies_desc;Щедрые пособия по безработице.;X;X;X;X;X;X
no_pensions_desc;Нет государственных пенсий.;X;X;X;X;X;X
trinket_pensions_desc;Очень низкие государственные пенсии.;X;X;X;X;X;X
low_pensions_desc;Низкие государственные пенсии.;X;X;X;X;X;X
acceptable_pensions_desc;Приемлемые государственные пенсии.;X;X;X;X;X;X
good_pensions_desc;Высокие государственные пенсии.;X;X;X;X;X;X
no_health_care_desc;Нет системы общественного здравоохранения.;X;X;X;X;X;X
trinket_health_care_desc;Общественное здравоохранение очень низкого уровня.;X;X;X;X;X;X
low_health_care_desc;Общественное здравоохранение низкого уровня.;X;X;X;X;X;X
acceptable_health_care_desc;Общественное здравоохранение приемлемого уровня.;X;X;X;X;X;X
good_health_care_desc;Общественное здравоохранение высокого уровня.;X;X;X;X;X;X
army_doctrine_desc;Здесь находятся изменения военной доктрины вашей армии. Новые идеи позволяют увеличить защиту ваших войск, скорость их передвижения, а также усилить укрепления.;X;X;X;X;X;X
post_napoleonic_thought_desc;Посленаполеоновская военная мысль;X;X;X;X;X;X
strategic_mobility_desc;Стратегическая мобильность;X;X;X;X;X;X
field_fortifications_desc;Это были первые укрепления, при строительстве которых применялись новейшие материалы и последние достижения инженерной мысли. Данная технология позволяет вам строить укрепления нового типа.;X;X;X;X;X;X
railroad_transport_groups_desc;Эшелоны представляли собой железнодорожные составы обеспеченные необходимым персоналом, который мог быстро загрузить и разгрузить этот состав, что оказало большое влияние наобеспечивало своевременное перемещение военных подразделений и грузов.;X;X;X;X;X;X
signal_detachments_desc;С этого момента в состав дивизии вводятся отделения связи, что существенно улучшает взаимодействие между подразделениями.;X;X;X;X;X;X
point_defense_system_desc;Система точечной защиты;X;X;X;X;X;X
flexible_firepower_desc;Развитие вооружений и оборонительных сооружений позволило создавать закрытые огневые позиции, вследствие чего артиллерия смогла вести эффективный огонь по всему полю боя. Развитие данной технологии позволяет вам строить новый вид оборонительных сооружений.;X;X;X;X;X;X
synchronized_heavy_support_desc;Артиллерийские части специально подготавливаются к тому, чтобы оказывать непосредственную поддержку пехотных частей ведением заградительного огня и огня по площадям.;X;X;X;X;X;X
staff_command_support_desc;Создание штабов на уровне дивизий, полков и батальонов стало возможным благодаря возросшей эффективности генерального штаба. Вскоре у всех командиров подразделений появился штаб.;X;X;X;X;X;X
deep_defense_system_desc;Система глубокой обороны;X;X;X;X;X;X
trench_systems_desc;По мере роста огневой мощи маневрирование уже не могло обеспечить безопасность пехотных подразделений. И теперь даже подразделения, находящиеся на передовой вынуждены окапываться, чтобы не быть уничтоженными огнем противника. Вскоре все поле боя покрывается системой окопов и траншей. Данная технология позволяет строить новые виды укреплений.;X;X;X;X;X;X
gas_attack_capability_desc;Использование боевых отравляющих веществ в артиллерийских боеприпасах позволило создавать на поле боя обширные зараженные зоны. Газовая атака также затрудняет передвижения обороняющихся войск и сводит на нет пользу от укреплений.;X;X;X;X;X;X
gas_defense_capability_desc;Использование противогазов, а также разработка инструкций по поведению во время газовой атаки сильно уменьшили потери во время химических атак и снизили их эффективность.;X;X;X;X;X;X
elastic_defense_system_desc;Дальнейшее развитие оборонительных сооружений привело к созданию систем окопов и траншей, расположенных в две или даже три линии и усиленных долговременными оборонительными сооружениями и пулеметными точками. Для тех, кто пытался прорвать такую оборону, все это создавало настоящий ад, подобный описанному Данте в «Божественной комедии».;X;X;X;X;X;X
flexible_counterattacks_desc;Подобная тактика применяется, когда противник прорвался через переднюю линию обороны, и его продвижение замедлилось. Нанося фланговые удары, обороняющиеся отбивали свои позиции и отсекали вражескую пехоту, достигшую второй или третьей линии окопов. Отрезанные пехотные части не имели возможности вызвать артиллерийскую поддержку и пополнить боекомплект, поэтому их легко ликвидировали. Иногда успешная контратака даже позволяла занять исходные позиции противника.;X;X;X;X;X;X
infiltration_desc;Проникновение в тыл противника;X;X;X;X;X;X
low_echelon_fire_support_desc;Включение артиллерийских батарей в состав батальонов позволило командирам этих подразделений своевременно получать необходимую артиллерийскую поддержку, что было совершенно необходимо как в наступлении, так и в обороне.;X;X;X;X;X;X
stormtrooper_training_desc;Развитие тактики и стратегии боевых действий привело к созданию специально подготовленных штурмовых подразделений, предназначенных для создания брешей в обороне противника.;X;X;X;X;X;X
tank_experiments_desc;Первые опыты по использованию танков увенчалось относительным успехом, главным недостатком этих стальных монстров была чрезвычайно низкая надежность. Но, как бы то ни было, они работали и могли прорвать фактически любую оборону.;X;X;X;X;X;X
tank_exploits_desc;Постепенно танки становились все более надежными и стали использоваться для создания брешей в оборонительных сооружениях противника, в которые проникали штурмовики и простая пехота.;X;X;X;X;X;X
modern_army_doctrine_desc;Современная военная доктрина;X;X;X;X;X;X
firepower_vs_mobility_desc;После окончания Первой мировой войны великим державам пришлось пересмотреть свои стратегии ведения войны. Жестокие уроки, полученные за долгие годы кровопролитной и почти безрезультатной позиционной войны, не пропали даром. Одна школа военной теории ставила во главу угла массированную огневую подготовку. Артиллерия должна была сокрушать противника и буквально пробивать бреши в его позициях для наступления. Другая школа сделала упор на мобильность войск, которые должны были умело маневрировать и избегать лобовых атак на укрепленные позиции противника.;X;X;X;X;X;X
grand_battle_plan_vs_superior_firepower_desc;Те армии, которые предпочли огневую мощь, должны были также решить, как ее использовать. Первый путь - массированная артподготовка, состоял в создании сложных и подробных планов нанесения артиллерийских ударов по заранее намеченным целям непосредственно перед главным наступлением, а другой - в том, чтобы просто собрать как можно больше артиллерии и обстреливать врага до тех пор, пока его оборона не дрогнет.;X;X;X;X;X;X
human_wave_vs_spearhead_desc;Армиям, которые предпочли мобильность, предстояло также избрать ее аспект, на который будет сделан основной упор. Они могли воевать большими массами обычной пехоты, не отягощенной тяжелым оружием, или сделать ставку на передовые отряды, часто механизированные, которые значительно превосходили пехоту в скорости и быстро находили и использовали слабости в обороне противника.;X;X;X;X;X;X
light_armament_desc;Здесь находятся разработки основного оружия ваших подразделений. Усовершенствования в этой области поднимут боевые качества Ваших дивизий на новый уровень и, в частности, повысят их стрелковые характеристики.;X;X;X;X;X;X
flintlock_rifles_desc;Кремневые ружья;X;X;X;X;X;X
muzzle_loaded_rifles_desc;Дульнозарядные ружья;X;X;X;X;X;X
breech_loaded_rifles_desc;Казеннозарядные ружья;X;X;X;X;X;X
machine_guns_desc;Пулеметы;X;X;X;X;X;X
bolt_action_rifles_desc;Магазинные ружья;X;X;X;X;X;X
modern_divisional_structure_desc;Современная дивизионная структура;X;X;X;X;X;X
interwar_infantry_desc;В период между мировыми войнами армии многих государств продолжали активно реформироваться. Появилась новая дивизионная структура и специализированные войска - от морской пехоты до горных подразделений. В армиях появлялось все больше моторизированных подразделений.;X;X;X;X;X;X
interwar_cavalry_desc;Огромные потери, понесенные в Первой мировой войне и начавшаяся моторизация стали предвестниками заката кавалерии как традиционного рода войск. Способы ее использования и роль на поле боя изменились, так как пехота на грузовиках передвигалась быстрее и обладала большей огневой мощью и скоростью развертывания.;X;X;X;X;X;X
rear_area_dumps_desc;Технический прогресс, в частности моторизация, изменили многие традиционные представления о войне. В значительной степени эти изменения коснулись снабжения войск - ключевой проблемы любой войны. Стало возможным (и необходимым) создание крупных складов для снабжения войск на значительной территории. Исчезла необходимость сопровождать боевые части огромными обозами, так как недостаток любого вида снабжения можно было легко восполнить с тылового склада.;X;X;X;X;X;X
heavy_armament_desc;Пушки и мортиры - Ваша мощная и надежная поддержка. Последующие улучшения значительно повысят боевые качества Ваших артиллерийских батарей. Тяжелая артиллерия добавит эффективности Вашим войскам.;X;X;X;X;X;X
bronze_muzzle_loaded_artillery_desc;Бронзовые гладкоствольные орудия;X;X;X;X;X;X
iron_muzzle_loaded_artillery_desc;Железные гладкоствольные орудия;X;X;X;X;X;X
iron_breech_loaded_artillery_desc;Железные нарезные орудия;X;X;X;X;X;X
steel_breech_loaded_artillery_desc;Стальные нарезные орудия;X;X;X;X;X;X
indirect_artillery_fire_desc;Огонь с закрытых позиций;X;X;X;X;X;X
heavy_armament_dunno_desc;Тяжелое вооружение;X;X;X;X;X;X
tankette_desc;Опыт использования танков в Первой мировой войне показал их большой потенциал, однако первые танки с трудом передвигались по пересеченной местности, а их скорость было недостаточной. Именно с танкеток начался долгий путь создания настоящих танков - скоростных и маневренных.;X;X;X;X;X;X
light_tank_desc;Легкие танки стали большим шагом вперед в развитии бронетанковых войск. Обычно на них устанавливали пулеметы или легкое орудие, так что это были первые «настоящие» танки. Их использовали для поддержки пехоты, которая получила так необходимую ей мобильную огневую поддержку с достаточной защитой от вражеского огня.;X;X;X;X;X;X
armoured_cars_desc;Бронемашины использовали там, где не годились танки и обычная пехота на грузовиках. Обычно придаваемые кавалерийским или полицейским частям, они были способны быстро передвигаться по дорогам и обладали неплохой огневой мощью.;X;X;X;X;X;X
anti_aircraft_artillery_desc;Для противодействия авиации, роль которой в войне постоянно росла, были созданы новые средства и методы. Специализированная зенитная артиллерия являлась значительным шагом вперед в этой области.;X;X;X;X;X;X
improved_anti_aircraft_artillery_desc;Самолеты становились все более совершенными, но развитие зенитной артиллерии также не стояло не месте. Появились более мощные орудия с улучшенной системой наведения иулучшенными снарядами.;X;X;X;X;X;X
light_artillery_desc;Как показал опыт Первой мировой, пехота, особенно на труднопроходимой местности, нуждается в средствах огневой поддержки. Обычные орудия были слишком тяжелыми и громоздкими для этих целей. Были разработаны артиллерийские орудия меньшего калибра и дальнобойности, которые легко можно было перевозить с помощью лошадей и автомобилей и даже катить вручную. Их называли горными пушками.;X;X;X;X;X;X
medium_artillery_desc;Средние артиллерийские орудия создавались на основе старых образцов, усовершенствованных с учетом опыта Первой мировой войны. Более мощные и мобильные, они входили в штат пехотных соединений.;X;X;X;X;X;X
heavy_artillery_desc;Тяжелые дальнобойные орудия играли большую роль на поле боя. Их размещали далеко за передовыми позициями для поддержки пехоты в наступлении и обороне.;X;X;X;X;X;X
military_science_desc;Военная наука - это совершенствования Вашей армии с учетом научных достижений. Важными аспектами военного искусства становятся статистика, материально-техническое обеспечение и грамотное планирование. Дальнейшие улучшения повысят организованность Ваших подразделений.;X;X;X;X;X;X
military_staff_system_desc;Система военных штабов;X;X;X;X;X;X
military_plans_desc;Военные планы;X;X;X;X;X;X
telegraph_coordination_desc;Использование телеграфа для управления войсками и связи между подразделениями значительно повысили управляемость и эффективность вооруженных сил.;X;X;X;X;X;X
mobilization_time_tables_desc;Предварительное планирование мобилизации, заключавшееся в создании для всех резервных частей точек сбора, маршрутов движения, а так же графика, в соответствии с которым они должны получить вооружение и оборудование и погрузится в эшелоны.;X;X;X;X;X;X
personnel_category_tables_desc;Штатное расписание регламентирует место в строю и боевые задачи личного состава, что облегчало развертывание частей в боевые порядки. Ускоряется и процесс мобилизации, т.к. каждый резервист уже приписан к конкретной роте.;X;X;X;X;X;X
military_statistics_desc;Военная статистика;X;X;X;X;X;X
ammunition_area_effect_calculations_desc;Статистические расчеты, предоставлявшие информацию о необходимом количестве боеприпасов для борьбы с определенным подразделением противника на определенном участке местности, значительно увеличили эффективность боевых действий.;X;X;X;X;X;X
empirical_combat_efficiency_matrix_desc;Учитывая такие факторы как боевой дух, снабжение продовольствием, болезни и количество раненых, стало возможным заранее рассчитать, насколько это подразделение будет эффективно в боевых действиях.;X;X;X;X;X;X
combat_loss_evaluation_schemata_desc;С использованием этой схемы стало возможным, подсчитав потери с обеих сторон, оценить возможные потери в грядущих сражениях.;X;X;X;X;X;X
military_logistics_desc;Система снабжения;X;X;X;X;X;X
pre_planned_depot_systems_desc;Планирование и строительство системы складов в мирное время значительно облегчало снабжение войск во время войны.;X;X;X;X;X;X
logistical_calculations_desc;Расчеты того, какое количество припасов и подкреплений потребуется стандартному подразделению на определенный период времени облегчает подготовку к войне.;X;X;X;X;X;X
replenishment_transport_organisation_desc;Естественно, хорошо организованные склады снабжения являются необходимым условием для нормального функционирования ваших армий, но одних складов мало, необходимо еще и организовать бесперебойную доставку всего необходимого, начиная от боеприпасов и заканчивая туалетной бумагой, в действующую армию.;X;X;X;X;X;X
military_directionism_desc;Военный контроль;X;X;X;X;X;X
army_political_lobbying_desc;Тот факт, что офицеры высокого ранга имеют связи в политических кругах и являются экспертами в комиссиях по делам обороны и т.д. позволил армии оказывать сильное влияние на принятие политических решений, касающихся обороны и безопасности.;X;X;X;X;X;X
army_military_political_decision_making_desc;В военное время армия становится все более влиятельной и может захватить полный контроль не только над руководством непосредственно военными действиями, но и над экономикой страны. Такую ситуацию можно охарактеризовать как военную диктатуру, осуществляемую генеральным штабом.;X;X;X;X;X;X
army_local_military_government_desc;В милитаризированных обществах, а во время войны и в остальных, часто возникает необходимость создавать не только местные администрации, состоящие как из гражданских, так и из военных, но и администрации, состоящие из офицеров. Это не только усиливало контроль военных на местах, но и делало армию несравненно более влиятельной, чем другие правительственные структуры.;X;X;X;X;X;X
aeronautics_desc;Воздухоплаванье;X;X;X;X;X;X
early_interwar_bombers_desc;С того момента, когда неизвестный летчик сбросил первую гранату на голову противника, началось использование авиации как средства доставки боеприпасов на позиции врага. Вскоре появились специализированные бомбардировщики, эффективность которых была по достоинству оценена и стала учитываться в тактическом и стратегическом планировании.;X;X;X;X;X;X
late_interwar_bombers_desc;Улучшения в конструкции и новые авиационные двигатели привели к появлению новыз моделей бомбардировщиков с увеличенной дальностью полета, повышенной бомбовой нагрузкой и более надежной защитой от вражеского огня.;X;X;X;X;X;X
early_interwar_fighters_desc;Потребность в защите воздушного пространства над войсками от вражеской авиации возникла на заре воздушной войны. Первые истребители предназначались для борьбы с разведчиками противника и появились задолго до специализированных бомбардировщиков.;X;X;X;X;X;X
late_interwar_fighters_desc;В вечном противостоянии щита и меча усиление одной стороны неминуемо приводит к усилению другой. Специализированные истребители развивались также быстро, как и бомбардировщики, и в тех же направлениях: новые двигатели, улучшенные конструкции, системы прицеливания и вооружение.;X;X;X;X;X;X
t_air_superiority_desc;Вскоре после появления авиации возник вопрос об их боевом применении. Первой ее задачей стала разведка, затем самолеты начали применять для бомбардировки и борьбы с самолетами противника. Появилась необходимость в новых идеях относительно ведения воздушной войны.;X;X;X;X;X;X
flying_circus_doctrine_desc;Со временем перехват и уничтожение вражеских самолетов с помощью истребителей приобретал все большую важность. Вскоре после начала применения истребителей выяснилось, что они гораздо лучше справляются со своими задачами, когда действуют в группе, обеспечивая взаимную поддержку в бою.;X;X;X;X;X;X
force_substitution_doctrine_desc;Воздушные бои происходили все чаще, и возникла необходимость смены самолетов и экипажей на прифронтовых аэродромах, чтобы уменьшить износ техники и избежать истощения личного состава. Ротация сил позволяла эффективнее использовать самых опытных пилотов и добиваться превосходство в воздухе.;X;X;X;X;X;X
battlefield_destruction_doctrine_desc;Эта доктрина предусматривала концентрацию усилий авиации на бомбардировке соединений противника на линни фронта, а также тесное взаимодействие с наступающими наземными войсками.;X;X;X;X;X;X
operational_destruction_doctrine_desc;Эта доктрина предусматривала концентрацию усилий авиации на бомбардировке инфраструктуры, в районе боевых действий. . Авиация должна была препятствовать снабжению и перемещению войск, понижать мобильность противника и, таким образом, лишать его возможности оперативно реагировать на атаки наземных сил.;X;X;X;X;X;X
strategic_destruction_doctrine_desc;Эта доктрина предусматривала концентрацию усилий авиации на бомбардировке городов и заводов противника, чтобы лишить его возможности производить оружие и припасы, сломить дух населения и вынудить правительство к капитуляции.;X;X;X;X;X;X
army_leadership_desc;Это образование и навыки руководства, свойственные офицерскому корпусу вашей армии. Чем лучше руководство, тем выше организованность и боевой дух подразделений.;X;X;X;X;X;X
army_command_principle_desc;Субординация;X;X;X;X;X;X
army_professionalism_desc;Профессионализм в армии;X;X;X;X;X;X
army_academic_training_desc;Дальнейшее развитие военного дела привело к такой ситуации, когда для того, чтобы стать офицером, недостаточно было быть благородного происхождения. Необходимо было также получить высшее образование, уровень которого зачастую ни в чем не уступал ведущим гражданским вузам. Это стало одной из важнейших причин возросшего профессионализма офицеров.;X;X;X;X;X;X
field_training_desc;Раньше все обучение войск заключалось в строевой подготовке и муштре. Но введение в курс подготовки полевых учений в корне изменило ситуацию. Теперь войска тренировались в поле так, как если бы их часть принимала участие в реальных боевых действиях. Новые методы подготовки серьезно увеличили боевую эффективность войск.;X;X;X;X;X;X
army_societal_status_desc;Профессионализм офицерского корпуса и тот факт, что большинство офицеров принадлежало к среднему классу, а не к классу мелких дворян позволили повысить их социальный статус.;X;X;X;X;X;X
army_decision_making_desc;Принятие решений в армии;X;X;X;X;X;X
army_independent_command_desc;Старые правила гласили, что офицер, нарушивший приказ старшего по званию, подлежит трибуналу. Это делало его нерешительным при принятии решений. В связи с этим новый устав гласил, что офицер должен придерживаться основной идеи приказа вышестоящего офицера, а способ выполнения оставлялся на его усмотрение.;X;X;X;X;X;X
army_continuous_issuing_of_orders_desc;Использование более совершенной системы управления позволило командиру отдавать приказы непрерывно и точно.;X;X;X;X;X;X
army_delegated_power_desc;Офицер мог временно передавать полномочия одному или нескольким свои подчиненным с точным определением компетенции. Это означало, что ему было необязательно постоянно контролировать все вопросы, и он мог сконцентрироваться на наиболее важных.;X;X;X;X;X;X
army_risk_management_desc;Управление рисками в армии;X;X;X;X;X;X
army_wargames_desc;Командно-штабные учения являлись важным этапом в подготовке штабов к войне. Во время этих учений разыгрывался воображаемый военный конфликт, в котором два штаба действовали друг против друга. Во время командно-штабных учений офицеры отрабатывали управление войсками, планирование операций, осуществление связи, а также оперативно-тактические навыки.;X;X;X;X;X;X
army_alternative_plans_desc;В ситуации, когда штаб разрабатывал несколько альтернативных планов действия, командир получал возможность выбирать лучший и оперативно менять план действий в случае необходимости.;X;X;X;X;X;X
saddle_orders_desc;Боевые условия требовали от командира способности отдавать адекватные и своевременные приказы в стрессовой ситуации. Такие навыки специально отрабатывались или приобретались с опытом, если была возможность.;X;X;X;X;X;X
army_nco_training_desc;Подготовка унтер-офицеров в армии;X;X;X;X;X;X
army_literate_ncos_desc;Грамотный унтер-офицерский состав повышает эффективность подразделения и уровень боевой подготовки солдат.;X;X;X;X;X;X
nco_field_training_desc;Интенсивная подготовка унтер-офицерского состава делает из унтер-офицеров обученных инструкторов, которые сами способны готовить вверенные отделения.;X;X;X;X;X;X
army_nco_tactical_training_desc;Отработка различных схем в унтер-офицерских школах делает из унтер-офицеров командиров отделений, способных не только выполнять приказы офицеров, но и брать инициативу на себя, когда это необходимо.;X;X;X;X;X;X
great_war_experience_desc;Опыт Первой мировой;X;X;X;X;X;X
naval_doctrine_desc;Принятие морской доктрины - это изменение целей и задач вашего флота. Новые идеи в области тактики и стратегии позволяют увеличить показатели атаки и защиты ваших кораблей, а также их скорость.;X;X;X;X;X;X
post_nelsonian_thought_desc;Посленельсоновская военная мысль;X;X;X;X;X;X
naval_hero_thesis_desc;Данная доктрина базировалась на идеях Жомини и его последователя Мехена. Основная идея заключалась в том, что личные качества адмирала и боевой дух личного состава являются ключом к победе. Теория Мехена была гораздо более сложной и содержала в себе современные геополитические идеи, позже переработанные Маккиндером.;X;X;X;X;X;X
superior_crew_thesis_desc;Фактически эта доктрина являлась переработкой идей фон Клаузевица, адаптированной для военно-морских сил, с добавлениями новых элементов, разработанных Корбетом. Основная идея заключалась в том, что хорошая организация и выучка личного состава станут ключом к победе над противником.;X;X;X;X;X;X
naval_hero_thesis_vs_superior_crew_thesis_desc;Эра Нельсона закончилась. Появились новые идеи, и наши военно-морские стратеги разделились на две группы. Одни считают, что хорошая организация и выучка личного состава станут ключом к победе над противником, другие вслед за Мэхеном отводят решающую роль личным качествам адмирала и боевому духу личного состава. Выбор за нами.;X;X;X;X;X;X
battleship_column_doctrine_desc;Доктрина строя линейных кораблей;X;X;X;X;X;X
long_range_fire_tactic_desc;Суть этой тактики заключается в ведении огня по кораблям противника, не находясь в зоне действия его орудий. Достигается это либо применением дальнобойных орудий, либо умелым маневрированием, когда ваши корабля сближаются с противником, наносят удар и отходят за пределы действия его орудий.;X;X;X;X;X;X
speedy_maneuvering_tactic_desc;Суть тактики заключается в быстром маневрировании кораблями с одновременным ведением огня, что затрудняет обстрел кораблей противником, и позволяет нанести решающий удар в наиболее удобное время.;X;X;X;X;X;X
raider_group_doctrine_desc;Доктрина соединений рейдеров;X;X;X;X;X;X
sealane_hunters_desc;Строительство достаточно быстроходных кораблей, обладающих большим запасом хода, позволило вести активные действия по прерыванию морских коммуникаций противника.;X;X;X;X;X;X
fast_ship_killer_desc;Новые технологии позволили строить очень быстроходные корабли, обладающие небольшим водоизмещением и, как следствие, более уязвимые.;X;X;X;X;X;X
big_ship_competitor_desc;Применение этой технологии позволило строить корабли основных классов, обладающие небольшими размерами, но несущее мощное артиллерийское вооружение.;X;X;X;X;X;X
standard_raider_group_doctrine_desc;Суть этой доктрины заключалась в использовании групп специально оборудованных судов - рейдеров для действий на морских коммуникациях противника.;X;X;X;X;X;X
blue_and_brown_water_schools_desc;Океанские и прибрежные флоты;X;X;X;X;X;X
blue_water_school_desc;Суть данной доктрины заключалась в создании флота, способного действовать в открытом море, что подразумевало строительство крупных боевых кораблей и кораблей сопровождения.;X;X;X;X;X;X
brown_water_school_desc;Суть этой доктрины заключается в сосредоточении основных усилий на защите своих территориальных вод с одновременным действием рейдеров на коммуникациях противника.;X;X;X;X;X;X
high_sea_battle_fleet_desc;Флот Открытого Моря;X;X;X;X;X;X
offensive_attitude_desc;Суть этой стратегии в обнаружении и уничтожении флота противника в открытом море любой ценой.;X;X;X;X;X;X
defensive_attitude_desc;Такая стратегия не предполагает активного участия флота открытого моря в боевых действиях, а генеральное сражение на море рассматривается только как последняя возможность.;X;X;X;X;X;X
modern_naval_doctrine_desc;Современная морская доктрина;X;X;X;X;X;X
decisive_firepower_doctrine_desc;С появлением современных, построенных построенных по новой схеме «только большие пушки», линкоров, многие адмиралы стали представлять войну на море как поиск вражеского флота для единственного решающего сражения главных сил. Их стратегия заключалась в том, чтобы собрать как можно больше линкоров в одну эскадру, обнаружить основные силы противника и решить вопрос о превосходстве на море в одном сражении. Преимущество должен был получить тот флот, который превосходил противника в количестве и калибре основных орудий.;X;X;X;X;X;X
naval_firepower_doctrine_desc;Хотя стремление добиться победы на море в генеральном сражении преобладало, в дополнение к орудиям главного калибра линкоров считалось полезным использовать также и другое оружие. Корабли других классов были призваны быстро маневрировать и атаковать противника торпедами, а орудия малых калибров должны были препятствовать таким атакам. Для победы в морском сражении необходимо было соблюдать баланс между кораблями основных классов и кораблями сопровождения.;X;X;X;X;X;X
fleet_auxiliary_cv_doctrine_desc;Даже после ввода в строй первых авианосцев главным элементом войны на море продолжал считаться бой между крупными надводными кораблями. Авианосцы не должны были принимать самостоятельного участия в битве, их роль ограничивалась воздушной разведкой и уничтожением поврежденных кораблей врага после сражения.;X;X;X;X;X;X
fleet_auxiliary_ss_doctrine_desc;Вначале роль подлодок сводилась к поддержке надводных кораблей в бою. Их самостоятельные действия не предусматривались. Например, корабли могли получить приказ атаковать противника, чтобы затем притворным отступлением заманить его на заранее занятые подлодками позиции для торпедной атаки.;X;X;X;X;X;X
convoy_sailing_desc;До сих пор торговые суда во время войны передвигались без сопровождения. Считалось, что лучший способ защиты судоходства - охота за рейдерами противника. Однако с появлением быстроходных и многочисленных рейдеров и подводных лодок стало очевидно, что гораздо легче формировать караваны торговых судов и защищать с эскортом для их защиты.;X;X;X;X;X;X
integrated_naval_doctrine_desc;Появление и распространение кораблей новых классов (авианосцев и подлодок) заставило адмиралов определиться с выбором стратегии войны на море. Стратегия наличествующего флота придавала основное значение мощному надводному флоту, который оказывает воздействие одним фактом своего существования, стратегия ударов по базам предполагала наличие и активное использование авианосцев, а стратегия прерывание коммуникаций предусматривала активные действия рейдеров и подлодок на морских путях противника.;X;X;X;X;X;X
ship_construction_desc;На протяжении XIX в. корабли изменились до неузнаваемости. Развивая технологии конструкции кораблей, вы модернизируете флот и смените деревянные парусники на железные пароходы и броненосцы, а затем - на стальные крейсера.;X;X;X;X;X;X
clipper_design_desc;Конструкция клипера;X;X;X;X;X;X
building_station_shipyards_desc;Механизация процесса постройки судов значительно снизила время их постройки.;X;X;X;X;X;X
corvettes_desc;Корвет - самый маленький из деревянных трехмачтовых кораблей, обладающий только одной пушечной палубой, основным предназначением которых являлась разведка. Корветы - это глаза и уши основных сил.;X;X;X;X;X;X
steamers_desc;Пароходы;X;X;X;X;X;X
mechanized_fishing_vessels_desc;Начато производство новых рыбацких судов. Теперь можно было не только использовать механизированные сети, но и сортировать, чистить и запаковывать рыбу прямо на борту.;X;X;X;X;X;X
steamer_automatic_construction_plants_desc;На этих огромных заводах использовались специальные передвижные машины, которые помощью которых создавались пароходы.;X;X;X;X;X;X
steamer_transports_desc;Транспортные параходы пришли на смену клиперам. Традиционные паруса на них были заменены паровой установкой, что увеличило скорость и надежность этих судов.;X;X;X;X;X;X
commerce_raiders_desc;Рейдеры представляли собой переоборудованные гражданские суда, вооруженные пушками и иногда торпедами, которые превосходили в скорости большинство военных кораблей и предназначались для действий на морских коммуникациях противника.;X;X;X;X;X;X
iron_steamers_desc;Железные пароходы;X;X;X;X;X;X
ironclads_desc;Броненосцы - это защищенные стальной броней корабли, которые обладают большей скоростью и прочностью, чем их деревянные предшественники, однако они были гораздо дороже и не такие крупные.;X;X;X;X;X;X
monitors_desc;Мониторы стали следующим шагом в военном судостроении после броненосцев. Это были низкобортные корабли, вследствие чего в них было труднее попасть, более быстроходные, тяжеловооруженные и лучше защищенные, чем первые броненосцы.;X;X;X;X;X;X
steel_steamers_desc;Стальные пароходы;X;X;X;X;X;X
protected_cruisers_desc;Крейсера стали наследниками функций деревянных линкоров в войне на море. Уступая линкорам в толщине брони и мощи вооружения, крейсера значительно превосходили их в скорости.;X;X;X;X;X;X
destroyers_desc;Основным предназначением эсминцев является борьба с катерами и малотоннажными кораблями противника. На эсминцах установлено несколько орудийных башен малого калибра, что позволяет им вести заградительный огонь против малотоннажных кораблей.;X;X;X;X;X;X
submarines_desc;Подводные лодки обладают торпедно-пушечным вооружением и способны передвигаться под водой, хотя для ведения боя они все же должны подниматься на поверхность.;X;X;X;X;X;X
pre_dreadnought_desc;Додредноуты это крупные корабли, чья броня способна выдержать несколько попаданий. Они вооружены орудиями большого калибра.;X;X;X;X;X;X
steam_turbine_ships_desc;Корабли с паровой турбиной;X;X;X;X;X;X
dreadnoughts_desc;Дредноуты - это наиболее совершенные боевые корабли начала XX столетия, на вооружении которых стоят орудия крупного калибра, что делает их основной ударной силой флота.;X;X;X;X;X;X
light_cruisers_desc;Легкие крейсера - это крейсера с дополнительным вооружением. Они не так хорошо бронированы, как линкоры, поэтому превосходят их в скорости.;X;X;X;X;X;X
battlecruisers_desc;Даже после появления дредноутов сохранился значительный интерес к кораблям, которые были бы способны соединить огневую мощь главного калибра дредноута и скорость крейсера. Так родились линейные крейсера. Они могли вести разведку для основных сил флота и были способны справиться один на один с любым кораблем, кроме линкора. Недостаточное бронирование было их основным слабым местом.;X;X;X;X;X;X
ocean_going_submarines_desc;На протяжении 1920-х гг. конструкции подлодок продолжали совершенствоваться. Подлодки могли проводить все больше времени в море и перехватывать военные и торговые корабли противника вдали от своих баз.;X;X;X;X;X;X
oil_driven_ships_desc;Дизельные корабли;X;X;X;X;X;X
advanced_destroyers_desc;Подлодки стали серьезной угрозой для надводных кораблей и торговых судов, а роль основного средства борьбы с ними выпала на долю эсминцев, ранее защищавших крупные корабли от надводных торпедных атак. После Первой мировой войны в конструкцию и оборудование эсминцев были внесены изменения, которые позволяли им успешно находить и топить подлодки (например, гидролокатор).;X;X;X;X;X;X
modern_destroyers_desc;Перед Второй мировой войной размеры эсминцев увеличиваются, также расширяются и их задачи, к которым добавляется борьба со все более и более опасной авиацией с помощью зенитных орудий и пулеметов.;X;X;X;X;X;X
advanced_cruisers_desc;К началу 20-х гг. ХХ века существовало два основных типа крейсеров: легкие крейсера, обычно оснащенные 6-дюймовыми орудиями главного калибра, и тяжелые с 8-дюймовым вооружением. Они выполняли такие задачи как поддержка основных сил флота совместно с эсминцами, защита торговых путей и рейдерство.;X;X;X;X;X;X
modern_cruisers_desc;Дальнейшее улучшение конструкции крейсеров в межвоенный период состояло в усилении бронирования и увеличении количества орудий, как главного калибра, так и зенитных.;X;X;X;X;X;X
advanced_battlecruisers_desc;Сразу после окончания Первой мировой войны многие недостроенные линейные крейсера были проданы на слом или переоборудованы в авианосные крейсера. Оставшиеся были оснащены улучшенной артиллерией главных калибров и броневой защитой.;X;X;X;X;X;X
advanced_battleships_desc;Опыт Первой мировой войны дал возможность внести некоторые улучшения в конструкцию линкоров: более эффективное бронирование для защиты от навесного огня, улучшенная противоторпедная защита, повсеместный переход на дизельные двигатели и дальнейшее усовершенствование вооружения и систем управления огнем. Количество новых линкоров, построенных в первые годы после мировой войны, было невелико из-за экономических трудностей и ограничений по военно-морским договорам, однако многие старые линкоры были перестроены в соответствии с новыми требованиями и возможностями.;X;X;X;X;X;X
modern_battleships_desc;В 1930-е гг создаются линкоры нового поколения. Они обладали более мощным вооружением, особенно зенитным, а также улучшенной броневой защитой корпуса и высокой скоростью (около 28 узлов).;X;X;X;X;X;X
experimental_carriers_desc;Первые эксперименты по использованию авиации морского базирования обычно ограничивались постройкой небольших взлетно-посадочных полос на уже существующих кораблях. Они показали принципиальную возможность взлета и посадки самолетов на палубу, и ВМС разных стран начали переоборудовать небольшие корабли под авианосцы. На них отрабатывались способы и тактика боевого использования авианосцев, однако эти корабли были слишком малы, чтобы оказывать решающее влияние на ход войны на море.;X;X;X;X;X;X
converted_hulk_carriers_desc;Следующим шагом в строительстве авианосцев стало использование корпусов крупных кораблей (линкоров и линейных крейсеров). Такие авианосцы вмещали гораздо больше самолетов и были первыми кораблями этого класса, которые могли проводить действительно самостоятельные операции. Однако их возможности все еще были ограничены особенностями конструкции.;X;X;X;X;X;X
purpose_built_carriers_desc;Опыт создания ранних авианосцев заставил ВМС крупных держав приступить к разработке и строительству авианосцев с нуля. Этот подход открыл путь к внедрению различных усовершенствований: увеличению вместимости, бронированию взлетно-посадочной палубы, установке зенитного вооружения и новых мер борьбы за живучесть корабля. Именно эти новые корабли в конце концов доказали решающее значение авианосцев в войне на море.;X;X;X;X;X;X
advanced_submarines_desc;Уроки подводной войны в период Первой мировой были учтены при конструировании подлодок в 1920-е и 1930-е гг. Подлодки стали еще более грозным оружием.;X;X;X;X;X;X
modern_battlecruisers_desc;Интерес к линейным крейсерам ненадолго возродился в 1930-е гг., когда некоторые морские державы строили новые корабли этого типа, предназначенные для рейдерства на торговых путях или охоты на крейсера противника. Эти корабли получили улучшенную защиту, не потеряв при этом в скорости. Они стали предшественниками быстроходных линкоров.;X;X;X;X;X;X
naval_engineering_desc;Технологии, связанные с морским инженерным делом, улучшают вооружение и оснащение кораблей. Со временем Ваши адмиралы получат много замечательных игрушек, таких как бронебойные снаряды, мины и палубную разведывательную авиацию.;X;X;X;X;X;X
naval_design_bureaus_desc;Конструкторские бюро флота;X;X;X;X;X;X
fire_control_systems_desc;Системы наведения огня;X;X;X;X;X;X
optical_rangefinders_desc;Оптические дальномеры позволяли точно определить расстояние до корабля противника, что существенно увеличило эффективность и точность огня.;X;X;X;X;X;X
gyrostabilized_fire_control_desc;Это изобретение упростило прицеливание и ведение огня, а также увеличило скорострельность и точность.;X;X;X;X;X;X
weapon_platforms_desc;Орудийные платформы;X;X;X;X;X;X
sea_mine_equipment_desc;Развитие минного оружия привело к созданию особых типов судов: минных заградителей и минных тральщиков, способных, соответственно, устанавливать и убирать минные заграждения. Морские мины не только сокращали возможности для маневра, но и могли быть смертельно опасным оружием, особенно в темное время суток или при плохих погодных условиях.;X;X;X;X;X;X
self_propelled_torpedoes_desc;Новые торпеды позволили кораблям произвести залп и уйти, в то время как торпеда самостоятельно двигалась к цели. Однако прицеливание можно было произвести только в момент выстрела, так что попасть торпедой в цель было не очень просто.;X;X;X;X;X;X
armour_piercing_projectiles_desc;Бронебойные снаряды специально разрабатывались для того, чтобы пробивать тяжелую броню крупных боевых кораблей. Создание данного типа боеприпасов стало ответом на все увеличивающуюся толщину броневых листов устанавливаемых на кораблях.;X;X;X;X;X;X
armour_piercing_exploding_projectiles_desc;Бронебойные снаряды специально разрабатывались для того, чтобы пробивать тяжелую броню крупных боевых кораблей. Создание данного типа боеприпасов стало ответом на все увеличивающуюся толщину броневых листов устанавливаемых на кораблях.;X;X;X;X;X;X
armoured_turrets_desc;Установка артиллерийских орудий в бронированных башнях серьезно улучшила живучесть кораблей.;X;X;X;X;X;X
main_armament_desc;Орудия главного колибра;X;X;X;X;X;X
bomb_guns_desc;Мортиры вели огонь по навесной траектории под углом более 45 градусов. Снаряды, используемые в этих пушках должны были пробивать палубу, которая как правило была не так сильно бронирована, как борт корабля.;X;X;X;X;X;X
rifled_guns_desc;Снаряды, выпущенные из нарезнго ствола, вращались вокруг своей оси, что позволило увеличить дальность стрельбы и повысить точность.;X;X;X;X;X;X
quick_firing_guns_desc;Скорострельные орудия малого калибра предназначались для отражения торпедных атак, осуществляемых катерами и другими малыми кораблями. Но скорострельность таких орудий была столь высока, что те же принципы стали применяться и при создании орудий более крупного калибра.;X;X;X;X;X;X
armoured_citadels_desc;Орудийная башня представляла собой закрытую вращающуюся бронеконструкцию с несколькими установленными в ней орудиями. Применение бронированных орудийных башен повысило живучесть кораблей.;X;X;X;X;X;X
heavy_caliber_guns_desc;Новые крупнокалиберные орудия обладали такой чудовищной мощью, что пробивали броню любых кораблей за исключением огромных линкоров.;X;X;X;X;X;X
advanced_naval_design_desc;Передовые проекты кораблей;X;X;X;X;X;X
on_board_recon_aircraft_desc;Небольшие самолеты-корректировщики взлетали с крупных кораблей и осуществляли воздушную разведку и корректировку огня. Позже на них стали устанавливать пулеметы и бомбы, что в итоге привело к тому, что эти самолеты стали по сути дела пикирующими бомбардировщикам.;X;X;X;X;X;X
gun_hydraulics_desc;Использование гидропривода в корабельных орудиях позволило ускорить наведение на цель. Кроме того, гидравлика применялась и для заряжания орудий.;X;X;X;X;X;X
heavy_armour_plates_desc;Установка дополнительных броневых пластин не только усиливала живучесть корабля, но и обеспечивала дополнительную защиту от новых видов боеприпасов, включая бронебойные снаряды и торпеды.;X;X;X;X;X;X
large_hull_form_desc;Увеличение размеров позволяет кораблю взять на борт пушки более крупных калибров и более мощные механизмы без потери устойчивости. Более мощные двигатели компенсируют возросший вес корабля.;X;X;X;X;X;X
modern_naval_design_desc;Современный уровень кораблестроения;X;X;X;X;X;X
wireless_desc;В начале ХХ века радиосвязь стала важным нововведением на флоте. Военно-морские штабы получили возможность поддерживать связь с соединениями в море и отдавать им приказы, а адмиралы смогли гораздо эффективнее управлять отдельными кораблями в составе своих эскадр. Однако у радиосвязи был один, но существенный недостаток: противник также мог подслушать радиосообщения. Вскоре все крупные флоты обзавелись службами радиоперехвата.;X;X;X;X;X;X
advanced_fire_control_desc;Увеличение главного калибра и, соответственно, дальнобойности орудий крупных кораблей сделало необходимой разработку систем наблюдения и измерения расстояний для корректировки огня.;X;X;X;X;X;X
15_inch_main_armament_desc;В большинстве случаев первые дредноуты вооружались 12-дюймовыми и 13.5-дюймовыми орудиями главного калибра, но скоро этого оказалось недостаточно. Новые линкоры с большим водоизмещением получали 15-дюймовые и 16-дюймовые орудия, которые были гораздо мощнее и дальнобойнее их предшественников.;X;X;X;X;X;X
naval_science_desc;Военно-морская наука позволяет модернизировать флот с помощью научных достижений. Неотъемлемым элементом создания флота становятся статистика, материально-техническое обеспечение и предварительное планирование. Новые усовершенствования увеличат организованность действий Вашего флота.;X;X;X;X;X;X
alphabetic_flag_signaling_desc;Сигнальные флажки;X;X;X;X;X;X
naval_plans_desc;Военно-морское планирование;X;X;X;X;X;X
night_training_desc;Крупномасштабные ночные учения позволяют морским подразделениям улучшить свои навыки действия в сложных условиях и улучшить подготовку командиров к действиям ночью и условиях тумана.;X;X;X;X;X;X
enemy_plotting_cards_desc;Эти документы содержали тактико-технические характеристики и изображение каждого класса кораблей противника. Благодаря ним можно узнать вооружение корабля, его максимальную скорость и т.д. Теперь принимать решения в бою или на базе стало проще.;X;X;X;X;X;X
target_hit_profile_analysis_desc;Анализ поражения цели противника показывал каким типом боеприпаса и как лучше поражать цель.;X;X;X;X;X;X
naval_statistics_desc;Военно-морская статистика;X;X;X;X;X;X
hit_evaluation_reports_desc;Внедрение системы, при которой как минимум один человек у каждого орудия и носовые наблюдатели должны были докладывать о результатах огня артиллерии, что позволило улучшить управление огнем.;X;X;X;X;X;X
empirical_interdiction_reports_desc;Измерение скорости и других параметров движения своих кораблей и кораблей противника, прогноз возможных действий противника позволили рассчитать наиболее удобное время для противодействия и предсказать подобные попытки противника.;X;X;X;X;X;X
naval_strike_success_criterium_desc;Измерение скорости и других параметров движения своих кораблей и кораблей противника, прогноз возможных действий противника позволили рассчитать наиболее удобное время для нанесения удара и предугадать возможный удар противника.;X;X;X;X;X;X
naval_logistics_desc;Система снабжения флота;X;X;X;X;X;X
underway_refueling_desc;Внедрение специальных кораблей-заправщиков позволило заправляться в движении и, таким образом, выросла дальность действия кораблей.;X;X;X;X;X;X
ammunition_conservation_system_desc;С помощью специально задаваемой скорости огня и учета специфики зоны поражения удалось оптимизировать огонь орудия, повысив его точность при минимальном расходе боеприпасов.;X;X;X;X;X;X
radio_telegraphy_desc;Внедрение радиотелеграфии коренным образом изменило войну на море: возросла мобильность кораблей, так как для получения приказов теперь не надо ждать, когда подойдут другие корабли или применять сигнальные флаги.;X;X;X;X;X;X
naval_directionism_desc;Военно-морской контроль;X;X;X;X;X;X
political_lobbying_desc;Тот факт, что офицеры высокого ранга имеют связи в политических кругах и являются экспертами в комиссиях по делам обороны и т.д. позволил военно-морскому флоту оказывать сильное влияние на принятие политических решений, касающихся обороны и безопасности.;X;X;X;X;X;X
military_political_decision_making_desc;В военное время военно-морской флот становится все более влиятельным и может захватить полный контроль не только над руководством непосредственно военными действиями, но и над экономикой страны. Такую ситуацию можно охарактеризовать как военную диктатуру, осуществляемую Адмиралтейством;X;X;X;X;X;X
local_military_government_desc;В милитаризированных обществах, а во время войны и в остальных, часто возникает необходимость создавать не только местные администрации, состоящие как из гражданских, так и из военных, но и администрации, состоящие из офицеров. Это не только усиливало контроль военных на местах, но и делало военно-морской флот несравненно более влиятельным, чем другие правительственные структуры.;X;X;X;X;X;X
naval_integration_desc;Взаимодействие на море;X;X;X;X;X;X
war_gamming_desc;Военные игры как средство планирования и подготовки к войне известны с глубокой древности. Лучшее доказательство этого - шахматы. Однако серьезные аналитические военно-морские игры появились только в конце XIX века. Штабы великих морских держав разрабатывали сложные игровые системы, в которых учитывались такие характеристики как бронирование и скорость кораблей, число и калибр орудий и другие. В этих играх проходили проверку стратегические планы и отрабатывались меры противодействия возможной стратегии и тактике противника.;X;X;X;X;X;X
combined_arms_planning_desc;После Первой мировой войны великие державы стали уделять большое внимание так называемым общевойсковым операциям. Этот термин подразумевал комбинированное использование сухопутных, морских и воздушных сил для достижения одной стратегической цели. Часто центральным пунктом таких операций была высадка морского десанта, что требовало достижения более широких целей на море - например, уничтожения военно-морских сил противника в районе операции. Флот больше не мог действовать отдельно от других видов вооруженных сил. Требовалась разработка новых приемов ведения войны, которые позволили бы вписать войну на море в более широкую стратегическую перспективу.;X;X;X;X;X;X
naval_leadership_desc;Это образование и навыки руководства, присущие офицерскому корпусу Вашего флота. Чем лучше образование и руководство, тем выше организованность и боевой дух команд кораблей.;X;X;X;X;X;X
the_command_principle_desc;Субординация;X;X;X;X;X;X
naval_professionalism_desc;Профессионализм на флоте;X;X;X;X;X;X
academic_training_desc;Дальнейшее развитие военного дела привело к такой ситуации, когда для того, чтобы стать офицером, недостаточно было быть благородного происхождения. Необходимо было также получить высшее образование, уровень которого зачастую ни в чем не уступал ведущим гражданским вузам. Это стало одной из важнейших причин возросшего профессионализма офицеров.;X;X;X;X;X;X
combat_station_training_desc;Так как в морской войне все больше и больше использовались новые технические достижения, возросла важность военно-морских учений. Часто подготовка проводилась в условиях максимально приближенным к боевым, когда две эскадры участвовали в учебном бою.;X;X;X;X;X;X
societal_status_desc;Профессионализм офицерского корпуса и тот факт, что большинство офицеров принадлежало к среднему классу, а не к классу мелких дворян позволили повысить их социальный статус.;X;X;X;X;X;X
naval_decision_making_desc;Принятие решений на флоте;X;X;X;X;X;X
independent_command_desc;Старые правила гласили, что офицер, нарушивший приказ старшего по званию, подлежит трибуналу. Это делало его нерешительным при принятии решений. В связи с этим новый устав гласил, что офицер должен придерживаться основной идеи приказа вышестоящего офицера, а способ выполнения оставлялся на его усмотрение.;X;X;X;X;X;X
continuous_issuing_of_orders_desc;Использование более совершенной системы управления позволило командиру отдавать приказы непрерывно и точно.;X;X;X;X;X;X
delegated_power_desc;Офицер мог временно передавать полномочия одному или нескольким свои подчиненным с точным определением компетенции. Это означало, что ему было необязательно постоянно контролировать все вопросы, и он мог сконцентрироваться на наиболее важных.;X;X;X;X;X;X
naval_risk_management_desc;Управление рисками на флоте;X;X;X;X;X;X
wargames_desc;Командно-штабные учения являлись важным этапом в подготовке штабов к войне. Во время этих учений разыгрывался воображаемый военный конфликт, в котором два штаба действовали друг против друга. Во время командно-штабных учений офицеры отрабатывали управление войсками, планирование операций, осуществление связи, а также оперативно-тактические навыки.;X;X;X;X;X;X
alternative_plans_desc;В ситуации, когда штаб разрабатывал несколько альтернативных планов действия, командир получал возможность выбирать лучший и оперативно менять план действий в случае необходимости.;X;X;X;X;X;X
n_saddle_orders_desc;Боевые условия требовали от командира способности отдавать адекватные и своевременные приказы в стрессовой ситуации. Такие навыки специально отрабатывались или приобретались с опытом, если была возможность.;X;X;X;X;X;X
naval_nco_training_desc;Подготовка унтер-офицеров на флоте;X;X;X;X;X;X
literate_ncos_desc;Грамотный унтер-офицерский состав повышает эффективность подразделения и уровень боевой подготовки солдат.;X;X;X;X;X;X
nco_combat_station_training_desc;Интенсивная подготовка унтер-офицерского состава делает из унтер-офицеров обученных инструкторов, которые сами способны готовить вверенные отделения.;X;X;X;X;X;X
nco_tactical_training_desc;Отработка различных схем в унтер-офицерских школах делает из унтер-офицеров командиров отделений, способных не только выполнять приказы офицеров, но и брать инициативу на себя, когда это необходимо.;X;X;X;X;X;X
modern_naval_training_desc;Современное обучение моряков;X;X;X;X;X;X
amphibious_warfare_training_desc;Первая мировая война не только раскрыла большие перспективы крупномасштабных морских десантных операций, но и выявила крупные недостатки в их организации и нехватку специального оборудования. В межвоенный период великие державы уделяли большое внимание подготовке к таким операциям. Создавалось соответствующее оборудование (например, специальные средства для высадки с моря), проводилось обучение специальных десантных частей и выработка тактики и стратегии действий флота по поддержке и защите десантных операций.;X;X;X;X;X;X
naval_exercises_desc;Ключевым элементом подготовки к войне на море были учения, на которых корабли сходились в тренировочных боях и выполняли другие задачи в обстановке, приближенной к боевой. В таких учениях, которые могли продолжаться неделями, участвовали целые флоты. Они были также необходимы для оценки действий экипажей кораблей.;X;X;X;X;X;X
financial_institutions_desc;Финансовые институты - это организации, которые регулируют движение денег в стране. Они проходят долгий путь развития: от становления первых частных банков, до создания Совета банковского надзора.;X;X;X;X;X;X
private_banks_desc;Частные банки;X;X;X;X;X;X
stock_exchange_desc;Фондовый рынок;X;X;X;X;X;X
multitude_of_financial_instruments_desc;Внедрение разнообразных финансовых инструментов означало не только облегчение передвижения капитала, но и более высокий доход среднего класса от частных инвестиций.;X;X;X;X;X;X
insurance_companies_desc;Создание страховых компаний упростило и обезопасило бизнес. Семьи также ощутили пользу от нововведений, таких как страхование жилища и т.д.;X;X;X;X;X;X
regulated_buying_and_selling_of_stocks_desc;Это не только обезопасило, но и удешевило в долгосрочной перспективе продажу и покупку акций, так как теперь эти процедуры стали четко регламентированными.;X;X;X;X;X;X
business_banks_desc;Коммерческие банки;X;X;X;X;X;X
liquidation_of_assets_desc;Это означало, что обанкротившаяся фирма должна продать свои активы для выплат кредиторам. Это был сложный, но важный свод законов, который явился первым шагом к стабилизации правового механизма банкротства.;X;X;X;X;X;X
capital_for_investors_desc;Поведение рынка указывало, что растет спрос на капитал, что означало необходимость создания рынка капиталов.;X;X;X;X;X;X
distribution_channels_desc;Так как путь от добычи ресурсов до производства конечного продукта стал дольше, были открыты каналы специализации в виде компаний, распределяющих продукцию по торговым точкам. Это сделало снабжение более эффективным.;X;X;X;X;X;X
investment_banks_desc;Инвестиционные банки;X;X;X;X;X;X
industrial_rnd_investments_desc;Бизнес начинает повышать эффективность производства, инвестируя в разработку новых средств производства и продуктов.;X;X;X;X;X;X
industrial_production_investments_desc;Бизнес начинает повышать эффективность производства, инвестируя в новые заводы и покупая мелких поставщиков комплектующих.;X;X;X;X;X;X
industrial_distribution_investments_desc;Бизнес начинает повышать эффективность производства путем инвестиций в каналы распределения.;X;X;X;X;X;X
bank_inspection_board_desc;Совет банковского надзора;X;X;X;X;X;X
private_bank_monitoring_desc;Создание специального органа для контроля над деятельностью частных банков обеспечило правительству возможность предотвращения банкротства банков или их мошенничества.;X;X;X;X;X;X
market_behaviour_monitoring_desc;Создание специального органа для контроля над поведением рынка обеспечило правительству возможность предотвращения банкротства фирм или их мошенничества.;X;X;X;X;X;X
mutual_funds_desc;Взаимно предоставляемые фонды;X;X;X;X;X;X
buying_on_margin_desc;С начала ХХ века все больше людей стали вкладывать средства в ценные бумаги. Появилась практика покупки с маржей, которая позволяла приобретать значительно объемы ценных бумаг, вкладывая относительно небольшие начальные средства. Если вложения приносят прибыль, то она позволяет покрывать расходы на привлечение средств. Риск заключается в том, что если инвестор несет потери, то ему приходится покрывать разницу между первоначальными вложениями и комиссионными за приобретение больших объемов ценных бумаг. Низкий порог первоначальных вложений позволяет большему числу людей участвовать в биржевой игре, однако увеличивает риск банкротства для инвесторов с ограниченными средствами.;X;X;X;X;X;X
monetary_system_desc;Функционирующая экономика нуждается в хорошо отлаженной денежной системе. Для того, чтобы сделки совершались без сбоев, необходимо наличие требуемого количества денег. Кроме того, денежная политика выступает эффективным регулятором экономики.;X;X;X;X;X;X
no_standard_desc;Отсутствие стандартов;X;X;X;X;X;X
ad_hoc_money_bill_printing_desc;Печать денег по необходимости;X;X;X;X;X;X
silver_standard_desc;Валютная система основывается на серебре. Выпуск денег становится дешевле для правительства, что помогает предотвратить недостаток денежно массы.. Проблема была в том, что цены, привязанные к серебру, доминировали над ценами, привязанными к золоту, что негативно сказывалось на иностранной торговле.;X;X;X;X;X;X
decimal_monetary_system_desc;После упразднения нестандартизированной валюты (гинеи, шиллинги и т.д) и внедрения десятичной системы, подобной американской (1 доллар = 100 центам), повседневное использование денег упростилось.;X;X;X;X;X;X
private_bank_money_bill_printing_desc;Печать денег частными банками;X;X;X;X;X;X
double_standard_desc;Валютная система основывается на серебре и золоте одновременно. Это создавало условия для выпуска дешевых денег государством в любое время, но разница в изменениях цен создавала трудности для граждан.;X;X;X;X;X;X
fixed_intramonetary_exchange_rates_desc;Система сравнения цен в разных валютах и упрощенная система покупки и продажи валют увеличили возможности иностранной торговли.;X;X;X;X;X;X
central_bank_money_bill_printing_desc;Монополия Центрального банка;X;X;X;X;X;X
gold_standard_desc;Валютная система основывается на золоте. Выпуск становится дороже для правительства, в следствие чего денежная масса в стране уменьшается. Но это также стабилизирует валюту из-за высокого доверия к золоту.;X;X;X;X;X;X
international_monetary_exchange_rates_desc;Система сравнения цен в разных валютах и упрощенная система покупки и продажи валют увеличили возможности иностранной торговли.;X;X;X;X;X;X
modern_central_bank_system_desc;Современная система ЦБ;X;X;X;X;X;X
state_bond_monetary_mechanism_desc;Регулируя государственную систему облигаций, правительство могло выдавать займы внутри страны и осуществлять контроль над денежными потоками. Это была важная мера для обеспечения стабильности валютной системы.;X;X;X;X;X;X
interest_inflation_weapon_desc;Позволяя Центральному Банку изменять процентные ставки, правительство могло в какой-то мере создать баланс между инфляцией и уровнем безработицы.;X;X;X;X;X;X
market_determined_exchange_rates_desc;Рыночные обменные курсы;X;X;X;X;X;X
hyperinflation_desc;Социальное и экономическое напряжение внутри воюющих индустриальных держав привело к огромным дефицитам в бюджетах, и быстрое возвращение к золотому стандарту оказалось для них невозможным. Нагрузка на бюджет вследствие социальных обязательств перед ветеранами войны, а для проигравших также и финансовых обязательств перед победителями, стала непосильной и вынудила пойти по пути увеличения количества денег в обращении. Эти деньги не были ничем обеспечены, и стоимость валют этих государств относительно других валют и золота стремительно покатилась вниз. Такая политика тяжело отразилась на положении тех слоев общества, которые имели ограниченные или фиксированные доходы или вложения в быстро обесценивающейся валюте. Многие из пострадавших от таких действий правительства стали приверженцами идеологий, обещавших восстановить порядок и стабильность в обществе.;X;X;X;X;X;X
economic_thought_and_critique_desc;Развитие экономической теории оказало большое влияние на функционирование мировой экономики, как на микро, так и на макроуровне. Новые идеи и теории были немедленно взяты на вооружение предпринимателями и государством, чтобы увеличить эффективность хозяйственной деятельности.;X;X;X;X;X;X
early_classical_theory_and_critique_desc;Ранняя классическая теория;X;X;X;X;X;X
late_classical_theory_desc;Поздняя классическая теория;X;X;X;X;X;X
john_elliot_cairnes_desc;Джон Эллиот Кэрнс был последователем Джона Стюарта Милля. Его книга «Власть Рабства» (1862) содержала идеи, поддерживающие Север в американской Гражданской войне, что произвело огромное впечатление на англичан. Кэрнс писал о неконкурентных группах на рынке труда и был известен за свое недоверие к математической экономике. Среди его работ «Характер и логический метод политической экономики» (1857) и «Новое объяснение нескольких принципов политической экономики» (1874).;X;X;X;X;X;X
robert_torrens_desc;Роберт Торренс был офицером британской армии и владел влиятельной газетой «Глоуб». Роберт Торренс независимо от Рикардо открыл принцип «сравнительного преимущества» в международной торговле (хотя и продвигал идеи «взаимных тарифов», а не «односторонней свободной торговли»). Роберт Торренс также совместно с Рикардо открыл теорию «дифференцированной ренты», хотя в поздних изданиях отрекся от мальтузианской доктрины ограничения населения, на которой основывалась теория. Торренс остался последовательным критиком «трудовой теории стоимости».;X;X;X;X;X;X
john_ramsay_mcculloch_desc;Плодотворный шотландский журналист, один из убежденных последователей классической школы Рикардо. Джон Рамсей Мак-Куллох начал свою карьеру с должности редактора «Скотсмен», впоследствии работал в либеральной «Эдинбург Ревью», где занимал должность редактора экономического отдела до конца 1830-х гг. Джон Рамсей Мак-Куллох использовал свое положение для популяризации классических теорий и пропагандировал такие действия в области экономики, как отмена закона о торговле зерном, продолжение действия законов о бедных, легализация профсоюзов. Джон Рамсей Мак-Куллох также читал лекции по политэкономии в Университетском колледже Лондона с 1828 до 1832 гг. В 1838 г. он был назначен ревизором управления по изданию официальных документов. Главная работа Мак-Кулоха «Принципы» (1825) была, наверное, первым «серьезным» учебником по экономике (довольно лояльная версия теории Рикардо). Тем не менее, считается, что Мак-Куллох не внес серьезного вклада в развитие экономической теории. Его главным вкладом была злополучная теория фонда заработной платы (1824), (1825), (1826). Он также был редактором издания Адама Смита «Богатство наций» (1828) и работы Дэвида Рикардо (1846). Мак-Куллох составил несколько отчетов по экономике, полностью одобряя теорию Рикардо. Его монументальный труд 1837 года доказывал несостоятельность мальтузианской теории ограничения населения.;X;X;X;X;X;X
nassau_william_sr_desc;Работы этого экономиста были напечатаны и распространены в Вашей стране. После того как ученые обсудят и выделят все достоинства, они станут известны широким слоям населения. Это окажет влияние на экономические процессы в стране.;X;X;X;X;X;X
james_mill_desc;Джеймс Милль - радикальный мыслитель, работавший в тени блистательного Джереми Бентама. Вместе они могут быть названы основателями утилитаризма. Их идеи были выражены в работах Милля «Элементы политэкономии» (1821), «Анализ феномена человеческого разума» (1829).;X;X;X;X;X;X
john_stuart_mill_desc;Джон Стюарт Милль, сын Джеймса Милля, один из самых известных утилитаристов, быстро стал известен как один из блестящих и одновременно самых радикальных умов Великобритании. Он опубликовал несколько книг, включая «Систему логики» (1843), «Принципы политэкономии» (1848), «Эссе о свободе» (1859), «Размышления о представительном» (1861) и «Утилитаризм» (1861), которые сделали его центральной фигурой учения социал-либерализма и более гуманного взгляда на общество.;X;X;X;X;X;X
collectivist_theory_desc;Коллективистская теория;X;X;X;X;X;X
pierre_joseph_proudhon_desc;Прудон был отдан в ученичество к типографщику и начал интересоваться политикой, когда печатал «Новый хозяйственный социетарный мир» Шарля Фурье. Прудон начал писать и в 1843 г. опубликовал «Что такое собственность?». В книге Прудон критиковал несправедливость неравенства и даже ввел термин «собственность - это кража». Главная работа Прудона «Система экономических противоречий или философия нищеты» была опубликована в 1846 г. Карл Маркс полемизировал с Прудоном в своей книге «Нищета философии» (1847). Это стало началом идейной борьбы двух мыслителей. Прудон противопоставлял себя авторитаризму Маркса, и его влияние было особенно заметно среди представителей социалистического движения борцов за свободу.;X;X;X;X;X;X
karl_marx_desc;Изначально Карл Маркс был гегельянцем, но впоследствии он существенно изменил идеалистическую теорию своего учителя. Позднее в Париже Маркс впервые в жизни столкнулся с представителями рабочего класса. Маркс был поражен их нищетой и чувством товарищества. В статье, которую он написал для Франко-Германских анналов, Маркс применил диалектику Гегеля к тому, что он наблюдал в Париже. Маркс, называвший себя коммунистом, считал, что рабочий класс (пролетариат) станет освободителем общества. Наиболее значительными работами Маркса являются «Немецкая идеология», «Манифест Коммунистической партии», «Принципы коммунизма» и «Капитал». Большую часть жизни он прожил в Англии, где опубликовывал свои работы и где стал наиболее влиятельным социалистом в истории.;X;X;X;X;X;X
friedrich_engels_desc;В юности Энгельс уехал в Манчестер, чтобы помогать отцу на хлопковой фабрике. Энгельс был шокирован нищетой, царившей в городе, и вскоре он написал статью, которая была опубликована под заголовком «Положение рабочего класса в Англии» (1844). Он встретился с Марксом, и вместе они пытались создать международную рабочую организацию в течение всей жизни. Энгельс уступал Марксу интеллектуально, но он целиком взял на себя финансирование. Поэтому без Энгельса не было бы Маркса - и наоборот.;X;X;X;X;X;X
eduard_bernstein_desc;Эдуард Бернштейн, изначально будучи верным последователем Маркса и членом Социал-демократической партии Германии, во время ссылки в Лондоне изменил свои взгляды и пришел к мнению, что добиться социализма в индустриальной стране можно лишь через деятельность профсоюзов и парламента. Он опубликовал ряд работ, в которых оспорил некоторые прогнозы Маркса о развитии капитализма. Он указал, что доходы пролетариата выросли, и что поляризация рабочего класса и класса капиталистов еще не материализовалась, а капитал не был сконцентрирован в руках немногих капиталистов. Ревизионистские взгляды Бернштейна наиболее проявились в его книге «Проблемы социализма и задачи социал-демократии» (1899).;X;X;X;X;X;X
sidney_webb_desc;Обучаясь в университете, Вебб увлекся социалистические идеи и в 1885 году он вступил в британское «Фабианское общество». Организация считала, что капитализм создал несправедливое и неэффективное общество. Члены организации считали своей главной целью реформировать общество в соответствии с высокими моральными принципами. Фабианское общество занималось исследованиями и публиковало множество брошюр о социальных вопросах разного рода. Многие из них были написаны Веббом, включая «Факты для социалистов» (1887), «Факты для лондонцев» (1888) и «Восьмичасовой рабочий день» (1891). Совместно с Дж. Шоу он написал «План предвыборной кампании лейбористов». Впоследствии Вебб стал известной фигурой в социал-демократических кругах и международном профсоюзном движении.;X;X;X;X;X;X
karl_kautsky_desc;Карл Каутский был членом социал-демократической партии (СДП) и был ответственен за разработку Эрфуртской Программы, которая должна была преобразовать СДП в марксистскую партию. Он написал и опубликовал работы «Экономическая доктрина Карла Маркса» (1887) и «Томас Мор и его утопия» (1888). Он порвал отношения с Бернштейном, которого считал отошедшим от настоящих революционных идей социализма.;X;X;X;X;X;X
jean_jaur_desc;Жорес был избран в палату депутатов в 1885. Потерпев поражение на выборах 1889 года, он вернулся в Университет Тулузы. Его взгляды стали более радикальны, и он стал активным защитником социализма. Но он не был революционером и поддерживал независимых социалистов. После своего поражения на выборах он заканчивает свой масштабный труд «Социалистическая история Великой французской революции». Вместе с Аристидом Брианом и Рене Вивани в 1904 г. он основывает левую газету «Юманите». В начале века новая Социалистическая Партия под руководством Жореса быстро разрасталась, но раскололась по вопросу о германском милитаризме. Жорес защищал политику международного арбитража, в то время как другие поддерживали действия Антанты.;X;X;X;X;X;X
the_historical_theory_desc;Историческая теория;X;X;X;X;X;X
friedrich_list_desc;Фридрих Лист был националистом и утопичным экономистом, а также основателем немецкой исторической школы. Его наиболее известная работа, «Национальная система политической экономии» (1841), выступала против теорий свободной торговли, которые преобладали в классических школах. Однако, он не был ярым защитником протекционизма. Лист оспаривал его, основываясь на собственных наблюдениях и анализе и делая упор на политические факторы, в особенности на роль нации в экономике. Лист считал, что поощрение производительных сил является обязанностью государства и только после этого возможно появление свободной торговли, что можно рассматривать как аргумент за протекционизм. Впоследствии он развил идею экономических «стадий», которая легла в основу немецкой исторической школы.;X;X;X;X;X;X
wilhelm_roscher_desc;Вильгельм Рошер, будучи профессором Лейпцигского университета (1848-94), основал немецкую историческую школу экономики, отвергающую классические принципы невмешательства государства в экономику. Труды Рошера подчеркивали эволюционный характер развития капитализма, на основе исторического анализа древних государств. Его «Начала народного хозяйства» (1854-94) была одной из самых влиятельных работ второй половины 19 века. Другой значительной работой является «История национальной экономики Германии» (1874).;X;X;X;X;X;X
bruno_hildebrand_desc;Бруно Гильдебранд безжалостно критиковал классические теории Рикардо как материалистические и космополитичные. Только впоследствии он разработал собственные идеи, в частности развивая экономическую теорию «стадий». Однако сам он не использовал эти идеи с своих эмпирических и статистических работах.;X;X;X;X;X;X
karl_knies_desc;Его линейные теории использовали принципы «морального прогресса», который сделал бы многие теории устаревшими. Однако его работа от 1873 года почти не содержала исторических методов. За его политические взгляды он был вынужден уехать во временную ссылку в 1848 году. Среди его трудов «Политэкономия с точки зрения исторических методов» (1853) и «Деньги и кредит» (1873).;X;X;X;X;X;X
gustav_von_schmoller_desc;Его оппозиционные взгляды по отношению неоклассическим теориям заставили фон Шмоллера вступить в знаменитый спор с Карлом Менгером. Хотя многие считают, что он проиграл спор, потому что практически не участвовал в нем (сообщалось, что, получив материалы размышлений Менгера, фон Шмоллер просто отправил их обратно не читая, сказав, что они не стоят его внимания), фон Шмоллер сохранил свое влияние в немецких университетах, и классические и неоклассические теории не преподавались в Германии. Фон Шмоллер стал обладателем репутации единственного оппонента австрийской школы Менгера. Политическая деятельность фон Шмоллера так же значительна: в 1872 г. он создал Общество социальной политики, организацию консервативных экономистов, поддерживающих идею связи государство-промышленность-труд. Либералы поддерживали идеи поддержки государственного вмешательства и дали фон Шмоллеру и его последователям прозвище «Кафедральные социалисты» (катедер-социалисты), от которого они никогда не смогли избавиться.;X;X;X;X;X;X
adolph_wagner_desc;Хотя Вагнер считался соратником фон Шмоллера, фактически он поддерживал Менгера. Он прославился своими работами по общественными финансам. Вагнер был единомышленником Ласаля и Робертуса, хотя и не разделял полностью их социалистические идеи, имея более консервативные взгляды в политике. Вагнер был сторонником смягчения условий труда и не считал правильным неконтролируемый капитализм. Среди его работ «Финансовая наука. Том 1-4» (1877-1901) и «Основы политэкономии» (1876).;X;X;X;X;X;X
william_cunningham_desc;Каннингем был противником зарождающейся неоклассической теории, поддерживая своего коллегу Альфреда Маршалла. В экономике он занимался поиском способа продвижения исторического метода, что сделало его одним из ведущих защитников английской исторической школы. Несмотря на непрекращающуюся критику Каннингема, Маршалл отказался включить в совместные труды мысль о том, что действительность экономических законов обуславливается историческими, социальными и культурными факторами. Неприятие Каннингемом неоклассицизма было всей его политикой. Он рьяно противостоял утилитарной философии и политики невмешательства и написал несколько трудов, пропагандирующих профсоюзы и протекционизм. Он также возродил интерес к старому меркантилистскому учению.;X;X;X;X;X;X
neoclassical_theory_desc;Неоклассическая теория;X;X;X;X;X;X
johann_heinrich_von_thunen_desc;Иоганн Генрих фон Тюнен - владел землями в северогерманской области Мекленбург. Получив образование в Геттингене, он провел большую часть своей жизни в своем имении Теллов. В своем первом труде «Изолированное государство» (1826), он дал трактовку пространственной экономики, соединяя ее с теорией ренты. Его второй том (1850) развил идеи теории распределения доходов, базирующаяся на предельной производительности, и сделал его автора известным прото-маргиналистом своего времени. Перед смертью он попросил выгравировать на своем памятнике уравнение предельного продукта труда и заработной платы.;X;X;X;X;X;X
Leon_Walras_desc;Йозеф Шумпетер отзывался о Вальрасе восхвалялся как о «величайшем экономисте». Вальрас был одним из трех лидеров «маргиналистской революции». Его работа «Начала чистой политической экономии или теория общественного богатства» была опубликована в 1874 г., на 3 года позже Уильяма Стэнли Джевонса и Карла Менгера. Тем не менее, среди трех революционеров именно Вальрас изложил новую «маргиналистскую» или «неоклассическую» теорию в соответствии с моделью общего экономического равновесия. Он дополнил ее идеями о множественности рынка и математическими расчетами, от которых воздержались Менгер и Джевонс. Вальрас по праву считается основателем модели общего экономического равновесия.;X;X;X;X;X;X
stanley_jevons_desc;Невозможно переоценить вклад Стэнли Джевонса в экономическую науку. Его авторитет основателя неоклассической теории незыблем. Однако ему недоставало известности. Джевонс мог разработать свои идеи о чистом обмене в широкомасштабную теорию, объединяя производство, капитал, деньги и промышленный цикл, что выбило бы теорию Рикардо со сцены. Если бы не его ранняя смерть, возможно, он бы этого добился, однако его научный труд, над которым он работал и который был опубликован после его смерти в 1905 г., не ставил таких амбициозных целей. К моменту его смерти «маргиналистская революция» только зарождалась. Эта была скорее экспериментальная теория, научная гипотеза, чем устойчивое тщательно разработанное учение. Необходимо отметить, что Джевонс сделал для логики столь же много, сколько и для экономики, достигнув выдающихся результатов и в этой области.;X;X;X;X;X;X
carl_menger_desc;Карл Менгер считается одним из трех лидеров «маргиналистской революции», вместе с Уильямом Стэнли Джевонсом и Леоном Вальрасом. Однако «Принципы» Менгера, опубликованные в 1871 г., не содержат математических выкладок, дополняющих работы двух других революционеров. Исходя из этого, многие экономисты считают, что Менгер должен рассматриваться отдельно. Это может оцениваться по-разному. В отличие от Джевонса и Вальраса, Менгер основал крупную школу, которая более или менее сохранила свою самобытность, а именно австрийскую школу. Два его последователя Евгений фон Бем-Баверк и Фридрих фон Визер сделали большой вклад в развитие этой школы.;X;X;X;X;X;X
thorstein_veblen_desc;Торстейн Веблен в экономике - это Джонатан Свифт в английской литературе, мастер сатиры. Идеи, содержащиеся в сатирическом произведении, должны звучать двусмысленно, чтобы читатель не понял, серьезен ли автор, или просто разыгрывает читателя. На этом принципе основаны «Гулливер» Свифта, а также «Теория праздного класса» (1899), «Инстинкт мастерства и уровень развития технологии производства» (1914), «Империалистская Германия и индустриальная революция» (1915), «Высшее образование в Америке» (1918), «Отсутствующая собственность» (1923) и многие другие сочинения Веблена. Веблен использовал этот принцип во всех своих работах, кроме «Теории делового предпринимательства» (1904), которая больше похожа на обычный академический труд. В любом его труде можно обнаружить идею, что жизнь в современном индустриальном обществе состоит из конфликта между «финансистами» и «предпринимателями», между «предпринимательством» и «индустрией», между «товарностью» и «эксплуатационной пригодностью», в общем, между капиталом и производством. Существует классовая борьба, но не между пролетариатом и буржуазией, а между бизнесменами и инженерами. Экономическое мышление объединяет банкиров, юристов, брокеров и менеджеров, и, напротив, техническое мышление объединяет рабочих и инженеров и техников, руководящих ими.;X;X;X;X;X;X
alfred_marshall_desc;Альфред Маршалл был первым и главным блестящим теоретиком, который считал, что экономика должна делать вклад в благосостояние общества и что студенты-экономисты должны знать об экономике и социальных факторах современного мира так же хорошо, как и о теоретических подходах, с помощью которых можно понять экономику. Множество понятий стало известно нам благодаря Маршаллу. Анализ частичной устойчивости, кривые спроса и предложения, понятие эластичности, потребительская и производственная прибавочная стоимость, способы разделения времени в рынке, короткие и длинные циклы - все это было описано в знаменитых «Принципах» Маршалла, опубликованных в 1890 г. и переиздававшихся восемь раз только при жизни автора.;X;X;X;X;X;X
augustin_cournot_desc;Французского философа, математика и экономиста Огюстена Курно по праву называли одним из величайших прото-маргиналистов. Уникальные мысли, содержащиеся в «Исследовании математических принципов теории богатства» (1838) не имели аналогов. Хотя он и не был признан при жизни, его вклад в современную экономику трудно переоценить.;X;X;X;X;X;X
jules_dupuit_desc;Жюль Дюпюи был, пожалуй, наиболее известным французским инженером-экономистом. Получив образование в Парижском колледже мостов и дорог, Дюпюи сделал блестящую карьеру инженера-строителя. Его профессиональная деятельность в области развития инфраструктуры вдохновила его на занятия экономической теорией.;X;X;X;X;X;X
knut_wicksell_desc;Шведский экономист, чьи работы привели к распространению термина «естественный» по отношению к долгосрочной равновесной процентной ставке. Идеи Викселля оказали серьезное влияние на экономиста Джеймса М. Бьюканана. Теория общественного выбора Бьюканана была естественным продолжением утверждения Викселля о том, что экономисты должны прекратить действовать как будто правительство это великодушный деспот. Викселль был мальтузианцем и сторонником ограничения рождаемости. Он часто выступал по вопросам морали. Наиболее известной его работой является «Доход и цены», в которой он изложил свои мысли по поводу количественной теории денег. Его взгляды отличались от обычных, он рассматривал косвенный эффект влияния денежной массы на ценообразование. Викселль также разрабатывал теорию предельной производительности, утверждающую, что затраты на каждый из факторов производства уравнивают факторы предельной производительности. Он также утверждал, что эффективное распределение ресурсов не подразумевает равное распределение, так как заранее проведенное распределение доходов предполагает форму распределения ресурсов, а распределение доходов не всегда справедливо. Стокгольмская экономическая школа развивалась на идеях Викселля, его количественной и ценовой теориях.;X;X;X;X;X;X
irving_fischer_desc;Ирвинг Фишер принадлежал к ранним американским неоклассикам нестандартных математических методов. Его вклад в «неоклассическую», или «маргиналистскую революцию» исключительно важен. Этот экономист из Йельского университета был эксцентричной и колоритной личностью. Когда Фишер писал свою диссертацию в 1892 г., он построил интересную машину с насосами, колесами, рычагами и трубами для того, чтобы проиллюстрировать свою ценовую теорию. В общественном отношении он был сторонником евгеники и здоровых диет. Он сделал состояние на системе карт «ролодекс» и поддерживал идею системы стопроцентных резервных банковских требований. Его финансовое положение и репутация пострадали во время финансового кризиса 1929 г., когда буквально за несколько дней до кризиса он убеждал инвесторов, что акции не были переоценены, а достигли нового постоянного уровня.;X;X;X;X;X;X
joseph_schumpeter_desc;После быстрой защиты докторской диссертации Шумпетер занимался юриспруденцией, не связывая себя постоянной работой. Преподавая в Черновцах (сегодня это Украина) он написал свою «Теорию экономического развития» (1911), где впервые развил знаменитую идею предпринимательства. Он противопоставлял смелость предпринимателей и технические и финансовые инновации падению доходов и конкуренции, а именно эти факторы, по его мнению, определяли рост экономики. В 1919 г. он стал министром финансов Австрии, но из-за гиперинфляции он был снят со своего поста уже через год. Хотя лучше всего ему удавалось преподавать: он занимался наукой и во время работы в Гарварде написал еще три книги: «Циклы бизнеса» (1939), «Капитализм, социализм и демократия» (1942), в которой он предсказал закат капитализма под руководством интеллигенции.;X;X;X;X;X;X
eugen_von_bohm_bawerk_desc;Научная карьера Бем-Баверка была скачкообразной. Наиболее значительным периодом в его научной деятельности была работа в Инсбрукском университете (1881-1889). В 1880-х гг. он опубликовал первые два из трех томов своей книги «Капитал и доход». В последующие годы вплоть до 1890-х гг. он занимал пост австрийского министра финансов, за что был удостоен портрета на банкноте в сто шиллингов. После завершения политической карьеры в 1904 г он вернулся к преподаванию. Поучив кафедру в Венском университете он сблизился с Визером, последователем удалившегося от дел Менгера. Среди студентов, обучавшихся в университете под началом Бем-Баверка в последнее десятилетие его карьеры (и жизни: он умер в 1914) были Йозеф Шумпетер и Людвиг фон Мизес.;X;X;X;X;X;X
keynesian_economics_desc;Кейнсианская модель экономики;X;X;X;X;X;X
john_maynard_keynes_desc;Этот английский экономист бросил вызов традиционным взглядам на роль государства в управлении экономикой и на взаимосвязь спроса и предложения во время кризисов. Исходя из способности государств к мобилизации экономики во время войны, Кейнс утверждал, что государство может эффективно влиять на экономику и в мирное время. Однако его основным вкладом в науку стала теория о роли совокупного спроса. Он полагал, что именно спрос, а не предложение, является ключевым фактором, влияющим на состояние и рост экономики и производства, и в период спада или кризиса необходимо оживить спрос, который поглотит излишки предложения товаров и создаст благоприятные условия для восстановления и дальнейшего увеличения производства. Его теория подвергалась ожесточенной критике, но понемногу завоевывала умы политиков и экономистов ХХ века.;X;X;X;X;X;X
richard_kahn_desc;Этот английский экономист в начале 1930-х гг. разработал понятие эффекта мультипликатора расходов в экономике. Суть его в том, что расходы на товары и услуги создают новый спрос со стороны поставщиков этих первичных товаров и услуг. Таким образом, увеличение спроса превышает сумму первоначальных расходов. Джон Мэйнард Кейнс использовал это открытие в своей теории роли совокупного спроса в экономике. В дальнейшем идеи Кана были приняты на вооружение во многих государствах, переживающих фазу кризиса, как основание для повышения государственных расходов, ведущих к оживлению спроса и возвращению к фазе экономического роста.;X;X;X;X;X;X
ludwig_von_mises_desc;Этот австрийский экономист был противником Кейнса, на основании теорий которого многие страны ввели государственное регулирование экономики в 1930-е гг. Фон Мизес полагал, что увеличение государственных расходов для оживления спроса чревато инфляцией, дисбалансом рыночного спроса и предложения и, как следствие, ставит под угрозу стабильный рост экономики. Фон Мизес также критиковал социалистические модели в экономике, считая, что отсутствие рыночных механизмов регулирования цен неизбежно приводит к несоответствию предложения и спроса на товары.;X;X;X;X;X;X
friedrich_hayek_desc;Этот австрийский экономист был противником Кейнса, на основании теорий которого многие страны ввели государственное регулирование экономики в 1930-е гг. Хайек считал планирование экономики неотъемлемыми чертами социалистической и фашистской политических моделей, которые приобретали в то время все большую популярность. Как и его учитель Людвиг фон Мизес, Хайек критиковал рекомендации Кейнса для кризисных периодов и считал, что это лекарство хуже болезни, так как увеличение спроса при отставании предложения создает предпосылки для инфляции. Он отвергал идею централизованного планирования из-за его неспособности обеспечить соответствие количественного и качественного предложения товаров и спроса на них.;X;X;X;X;X;X
market_functionality_desc;Данная область охватывает функционирование рыночной системы. Основными показателями состояния рынка является число рыночных субъектов и уровень регулирования.;X;X;X;X;X;X
freedom_of_trade_desc;Свобода торговли;X;X;X;X;X;X
market_structure_desc;Рыночная структура;X;X;X;X;X;X
polypoly_structure_desc;Законодательство Вашей страны структурировало рынок таким образом, что каждая отрасль представлена множеством фирм примерно одинакового размера.;X;X;X;X;X;X
oligopoly_structure_desc;Законодательство вашей страны структурировало рынок таким образом, что каждая отрасль представлена несколькими крупными фирмами.;X;X;X;X;X;X
monopoly_structure_desc;Законодательство вашей страны структурировало рынок таким образом, что каждая отрасль котролируется одной крупной компанией.;X;X;X;X;X;X
business_regulations_desc;Регулирование деловой активности;X;X;X;X;X;X
limited_partnership_company_desc;Этот законодательный акт, позволяющий владеть фирмой без прямой ответственности, был первым шагом, направленным на обеспечение притока инвестиций от частных лиц.;X;X;X;X;X;X
joint_stock_company_desc;Этот законодательный акт увеличил возможности фирмы по привлечению капитала граждан и обеспечил частным инвесторам высокий возможный доход при определенном риске.;X;X;X;X;X;X
patent_desc;Этот законодательный акт обеспечил закрепление юридических прав на интеллектуальную собственность и на изобретения, что стимулировало изобретателей патентовать свои идеи и продавать их фирмам, которые могли внедрить их в производство.;X;X;X;X;X;X
trademark_desc;Этот законодательный акт означал гарантию того, что фирма имела исключительные права на производство определенного продукта. Этот продукт имел сильные позиции на рынке, так как ассоциировался с качеством, надежностью и т.д.;X;X;X;X;X;X
market_regulations_desc;Регулирование рынка;X;X;X;X;X;X
anti_trust_laws_desc;Этот законодательный акт прекратил концентрацию власти на рынке. Иногда в отрасли появлялся монополист, имевший слишком большое влияние, что уменьшало конкуренцию и вызывало непропорциональный рост цен.;X;X;X;X;X;X
financial_regulations_desc;Вводится финансовый контроль деятельности частных фирм на финансовых рынках.;X;X;X;X;X;X
banking_regulations_desc;Вводится контроль деятельности частных банков.;X;X;X;X;X;X
economic_responsibility_desc;Экономическая ответственность;X;X;X;X;X;X
working_board_of_directors_desc;Это означало, что члены совета директоров предприятия, принимающие долгосрочные стратегические решения, также занимались и рутинной деятельностью фирмы, что увеличивало вероятность принятия правильных решений.;X;X;X;X;X;X
bankruptcy_proceedings_desc;Внедрение процедуры банкротства не только упростило и ускорило процесс банкротства, но и сократило риски кредиторов.;X;X;X;X;X;X
annual_report_proceedings_desc;Внедрение процедуры ежегодных отчетов обеспечило прозрачность рынка, что было выгодно как инвесторам, так и владельцам фирм. Это также облегчило наблюдение за проблемными фирмами.;X;X;X;X;X;X
government_interventionism_desc;Государственное вмешательство;X;X;X;X;X;X
priming_the_pump__desc;После серии катастроф, которые потрясли мировую экономику в первой половине ХХ столетия, некоторые политики попали под влияние новых теорий о взаимовлиянии спроса и предложения в период кризиса. Идеи о том, что вброшенные в экономику деньги дают эффект мультипликатора, создают новые доходы и увеличивают деловую активность путем создания нового спроса, породили призывы к применению бюджетного накачивания для увеличения спроса, стимулирующего рост экономики. Некоторые политики и экономисты восприняли эти идеи как пропаганду социалистических принципов. Однако те слои населения, на плечи которых ложилась основная тяжесть кризисов, активно приветствовали вмешательство государства и его попытки улучшить состояние экономики.;X;X;X;X;X;X
mixed_economy_desc;С наступлением XX века и усилением влияния альтернативных моделей экономического развития, отличных от капиталистической системы, развитой в некоторых странах, некоторые политики не отрицали, что объединение лучшего из капитализма и плановой экономики может дать плоды. В результате некоторые государства начали вмешиваться в определенные экономические области, оставляя капиталистические основы экономики. В то время как многие радикальные критики спорили о том, было ли этих преобразований недостаточно или слишком много, результаты создания смешанной экономической системы в целях увеличения продукции и уменьшения конфликтов между социальными слоями были часто впечатляющими.;X;X;X;X;X;X
centralized_economic_planning_desc;В начале ХХ века радикальные идеологические альтернативы либеральной демократии приобретали все больше сторонников. Перестройка экономики на основе государственного контроля осуществлялась коммунистическими и фашистскими режимами и часто давала впечатляющие результаты. Снижение безработицы, увеличение промышленного производства, устранение базы конфликтов между трудящимися и предпринимателями провозглашались свидетельствами превосходства таких систем над системой свободного рынка. Однако социальные и экономические издержки таких экспериментов часто были очень высоки, и сопротивление полному государственному контролю над хозяйственной жизнью иногда приходилось подавлять репрессивными методами. Об этих внутренних проблемах было мало что известно во внешнем мире, и со стороны такие общества казались достойной альтернативой капитализму, которой не существовало в прошлом веке.;X;X;X;X;X;X
autarky_desc;В начале ХХ века к автаркии (самодостаточности, др. греч.) стремились многие государства, воспринимавшие усиливавшуюся зависимость от общемировой экономики как угрозу национальной независимости или идеологии правящего режима. Для достижения этой цели такие страны вводили огромные пошлины - заградительные барьеры для иностранных товаров, поощряли развитие своей промышленности для замещения импорта, жестко регулировали внешнюю торговлю и пытались найти замену важным видам сырья, которое им приходилось закупать за рубежом. Автаркию в ХХ веке можно назвать в некотором роде возвращением к политике меркантилизма. Хотя политику автаркии в основном проводили коммунистические и фашистские режимы, отвергавшие капиталистическую модель хозяйства, многим капиталистическим странам также приходилось отгораживаться от мировой экономики в периоды экономической нестабильности, особенно если они могли получать необходимое сырье из своих колоний.;X;X;X;X;X;X
import_substitution_industrialization_desc;Быстрый рост мировой экономики в XIX и начале ХХ вв. вызвал увеличение спроса на промышленные товары со стороны государств, не принадлежащих к Западной цивилизации. Однако в периоды войн между индустриальными державами и участившихся экономических кризисов традиционные поставщики таких товаров не всегда были в состоянии удовлетворить спрос остального мира. Вследствие этого местные производители получили возможность заполнить образовавшуюся нишу, и в не незападных странах началась индустриализация. Вследствие необходимости защитить своих производителей от конкуренции с импортом некоторые сохранившие политическую независимость государства прибегли к политике импортозамещающей индустриализации, которая должна была ослабить их зависимость от западных товаров и укрепить их позиции в мировой экономике. Эта тенденция набирала силу на протяжении всего ХХ века.;X;X;X;X;X;X
rubber_sintec_desc;Быстрый рост мировой экономики в XIX и начале ХХ вв. вызвал увеличение спроса на резину, добыча которой была сильно ограничена;X;X;X;X;X;X
tech_organization_desc;Данная область включает внутреннее развитие предприятий. Внутренние правила и стиль работы изменялись с течением времени, по мере развития экономической науки.;X;X;X;X;X;X
guild_based_production_desc;Цеховое производство;X;X;X;X;X;X
organized_factories_desc;Фабрики;X;X;X;X;X;X
work_classification_desc;Систематизация производства повысила производительность и эффективность производства.;X;X;X;X;X;X
work_specialization_desc;Трудовая специализация повысила скорость выполнения работ и компетенцию рабочих.;X;X;X;X;X;X
work_control_and_hierarchy_desc;Внедрение системы рабочего контроля и иерархии, в которой осуществлялся профессиональный надзор за производством, повысило эффективность и производительность предприятий.;X;X;X;X;X;X
scientific_management_desc;Научный менеджмент;X;X;X;X;X;X
sequence_planning_desc;Внедрение системы расчета временных и материальных затрат и системы планирования производства на всех стадиях: от покупки сырья до продажи конечного продукта повысило эффективность производственных цепочек.;X;X;X;X;X;X
inventory_planning_desc;Введено планирование использования товаров и оборудования и обеспечение деятельности фондов, на средства которых приобретается новое оборудование для поддержания уровня производства.;X;X;X;X;X;X
quality_assurance_procedure_desc;Введена процедура проверки товаров на наличие единого подтвержденного уровня качества.;X;X;X;X;X;X
time_saving_measures_desc;Экономия времени;X;X;X;X;X;X
time_studies_desc;Применение анализа временных затрат на выполнение задачи каждым работником и анализа мер по повышению производительности, которое достигается либо изменением методов производства, либо последовательной передачей задания другим работникам.;X;X;X;X;X;X
time_clock_desc;Введение фиксированной длительности рабочего дня повысило эффективность производства. Теперь рабочие могли работать посменно, что еще более повысило производительность, а со старой жизнью, когда работали от рассвета до заката, было покончено. Эта мера также ослабила социальное напряжение в обществе.;X;X;X;X;X;X
lighting_desc;Внедрение освещения в цехах предприятий увеличило производительность труда. Рабочие теперь могут работать и в ночную смену, что еще более повысит уровень производства.;X;X;X;X;X;X
management_strategy_desc;Стратегия управления;X;X;X;X;X;X
old_style_family_business_desc;Этот стиль ведения бизнеса означал, что владельцы относились к нему как к семейному предприятию, например магазину или ресторану. Граница между личным и относящимся к бизнесу была размыта. Практика ведения дел была очень эмоциональной и владельцы бизнеса брали на себя огромные риски, им недоставало профессионализма.;X;X;X;X;X;X
anynomous_investor_business_desc;Этот стиль ведения бизнеса означал, что владельцы бизнеса относились к нему как к объекту капиталовложения. Владение предприятием не предусматривало производство и продажу товаров. Единственной целью владения бизнесом было повышение экономических показателей предприятия. Эта деятельность была профессиональной, но ей не хватало финансовых обязательств и инициативы.;X;X;X;X;X;X
marketized_smallholder_business_desc;Этот стиль ведения бизнеса означал, что владельцы бизнеса либо основали его с нуля, либо купили его в готовом состоянии. Это часто подразумевало консервативный, но довольно успешный способ ведения бизнеса.;X;X;X;X;X;X
organizational_development_desc;Организация труда;X;X;X;X;X;X
i_scientific_management_desc;Эта теория управления производством, созданная Фредериком Уинслоу Тейлором в 1911 г., утверждала, что производительность труда можно увеличить до максимума путем оптимизации и правильного распределения операций между узко специализированными рабочими. Эта идея о «приспособлении рабочих к работе», в сочетании с предоставлением им перерывов для снятия напряжения от монотонной трудовой деятельности, легла в основу нового подхода к организации и расширению производства. Однако Тейлор рассматривал рабочих как шестеренки в общем механизме производства, и некоторые считали распространение тейлоризма причиной роста профсоюзного движения и распространения социалистических идей в рабочей среде.;X;X;X;X;X;X
human_resource_development_desc;Эта теория управления производством получила развитие в работах Элтона Майо, изучавшего производительность труда на заводах Хоторна в Чикаго в 1920-е гг. В отличие от Тейлора Майо, основываясь на данных своих предлагал уделять большее внимание человеческому фактору в деле повышения производительности труда. Он считал, что нужно заставить рабочих почувствовать себя важной частью процесса производства, а не просто винтиками машины. Аргументы Майо были опровергнуты многими исследователями, но его теория нашла многих сторонников.;X;X;X;X;X;X
aesthetics_desc;Эстетика охватывает развитие и совершенствование литературы, искусства и музыки.;X;X;X;X;X;X
classicism_n_early_romanticism_desc;Классицизм и ранний романтизм;X;X;X;X;X;X
romanticism_desc;Романтизм;X;X;X;X;X;X
romanticist_literature_desc;Приверженцы романтизма окончательно порвали с требованиями строгости и корректности классицизма. Прославляя и исследуя человеческие эмоции и воображение, они заложили фундамент для будущих культурных течений в 19-20 вв. Среди приверженцев романтизма были Вильям Вордсворт, Сэмюель Тейлор Кольридж, лорд Байрон, Перси Биш Шелли и Джон Китс.;X;X;X;X;X;X
romanticist_art_desc;Приверженцы романтизма окончательно порвали с требованиями строгости и корректности классицизма. Прославляя и исследуя человеческие эмоции и воображение, они заложили фундамент для будущих культурных течений в 19-20 вв. Среди великих художников-приверженцев романтизма были Дж. М. В. Тернер, Каспар Давид Фредерик, Джон Констебль, Вильям Блейк.;X;X;X;X;X;X
romanticist_music_desc;Приверженцы романтизма окончательно отказались от традиционных для музыки того времени строгости и корректности. Они не стеснялись показывать и воспевать человеческие эмоции и чувства, заложив основу культурных тенденций XIX и XX веков. Самыми выдающимися композиторами эпохи романтизма стали Людвиг ван Бетховен, Фридрих Шопен и Франц Шуберт.;X;X;X;X;X;X
realism_desc;Реализм;X;X;X;X;X;X
realist_literature_desc;Реалисты выступали против свойственной современной им культуре идеализации жизни. Свою цель они видели в изображении жизни такой, какая она есть на самом деле. Внимание реалистов было часто приковано к мелким деталям из жизни простых людей.;X;X;X;X;X;X
realist_art_desc;Реалисты выступали против свойственной современной им культуре идеализации жизни. Свою цель они видели в изображении жизни такой, какая она есть на самом деле. Внимание реалистов было часто приковано к мелким деталям в жизни простых людей.;X;X;X;X;X;X
realist_music_desc;Реалисты выступали против свойственной современной им культуре идеализации жизни. Свою цель они видели в изображении жизни такой, какая она есть на самом деле. Внимание реалистов было часто приковано к мелким деталям из жизни простых людей.;X;X;X;X;X;X
impressionism_desc;Импрессионизм;X;X;X;X;X;X
impressionist_literature_desc;Импрессионисты стремились изображать мир не таким, каким они его видят и какой он есть на самом деле, а таким, каким они его чувствуют и каким он может быть. Для самовыражения им пришлось существенно расширить арсенал имеющихся художественных средств. В литературе импрессионисты обычно обращались к символизму, описывая чувства очень туманно и неясно. Среди писателей и поэтов-импрессионистов наиболее известны Пол Верлен, Стефан Малларме, американцы Ти Эс Эллиот и Джеймс Джойс.;X;X;X;X;X;X
impressionist_art_desc;Импрессионисты стремились изображать мир не таким, каким они его видят и какой он есть на самом деле, а таким, каким они его чувствуют и каким он может быть. Для самовыражения им пришлось существенно расширить арсенал имеющихся художественных средств. Среди художников, чей вклад в мировую культуру особенно велик, можно отметить импрессионистов Клода Моне, Огюста Ренуара, Альфреда Сисли и Фреда Базиля.;X;X;X;X;X;X
impressionist_music_desc;Импрессионисты стремились изображать мир не таким, каким они его видят и какой он есть на самом деле, а таким, каким они его чувствуют и каким он может быть. Для самовыражения им пришлось существенно расширить арсенал имеющихся художественных средств. Предвестником музыки импрессионизма стал Клод Дебюсси, а основными композиторами-импрессионистами - Морис Равель, Фредерик Делиус и Отторино Респиги, музыка которых стала бунтом против идеалов романтизма, который доминировал в течение многих лет.;X;X;X;X;X;X
expressionism_desc;Экспрессионизм;X;X;X;X;X;X
expressionist_literature_desc;Экспрессионисты уделяли особое внимание изображению человеческих эмоций, души, внутреннего мира.;X;X;X;X;X;X
expressionist_art_desc;Экспрессионисты уделяли особое внимание изображению человеческих эмоций, души, внутреннего мира. Наиболее известными художниками-экспрессионистами стали представители немецкой школы Эрнст Людвиг Кирхнер, Эрих Хекель, Эмиль Нольде, Макс Пехштейн и Отто Мюллер.;X;X;X;X;X;X
expressionist_music_desc;Экспрессионисты уделяли особое внимание изображению человеческих эмоций, души, внутреннего мира. Композиторы-экспрессионисты Шенберг, Альбан Берг и Пауль Хиндемит совершили настоящий переворот в музыке, отказавшись от целостности композиции и единства музыкальной темы.;X;X;X;X;X;X
mass_culture_n_the_avant_garde_desc;Массовая культура и авангард;X;X;X;X;X;X
avantgarde_literature_desc;Используя совершенно новые средства художественного изображения, авангардисты окончательно разрушили устои традиционной культуры. Однако, несмотря на популярность этого направления, лишь немногие его представители смогли стать признанными мастерами.;X;X;X;X;X;X
avantgarde_art_desc;Используя совершенно новые средства художественного изображения, авангардисты окончательно разрушили устои традиционной культуры. Однако, несмотря на популярность этого направления, лишь немногие его представители смогли стать признанными мастерами.;X;X;X;X;X;X
avantgarde_music_desc;Используя совершенно новые средства художественного изображения, авангардисты окончательно разрушили устои традиционной культуры. Однако, несмотря на популярность этого направления, лишь немногие его представители смогли стать признанными мастерами.;X;X;X;X;X;X
surrealism_desc;Развившийся из наполненного иконоборчеством дадаизма сюрреализм пытается завлечь читателя или зрителя в путешествие по миру внутренних образов, создаваемых человеческим сознанием, где, с его точки зрения, только и существует подлинная реальность. По сути это приглашение к бегству от ужасов современной войны и разъедающей душу меркантильности общества. Сам термин был введен в обращение Андре Бертоном. Самым ярким представителем этого течения считается Сальвадор Дали.;X;X;X;X;X;X
modern_design_desc;Современные методы промышленного производства и широкое распространение новых строительных материалов в первой половине ХХ века дали толчок к появлению новой школы архитектуры и дизайна, которая решительно изменила традиционное понятие стиля. Под лозунгом «Форма следует из содержания» в архитектуру и дизайн пришли прямолинейность, вертикальность и искусственный беспорядок. Представителями этого направления были Луис Генри Салливан, Фрэнк Райт, Вальтер Гропиус и Ле Корбюзье, а также целые школы, например, Баухаус.;X;X;X;X;X;X
jazz_desc;Джаз родился начале ХХ века из смешения западных и африканских музыкальных традиций. Его родиной стал Новый Орлеан, город на юге США. Смесь быстрых заразительных ритмов и прекрасных мелодий, которые будили импровизационные таланты исполнителей, отчего одно выступление никогда не было похоже на другое, и сильного вокала разошлась по миру на пластинках, по радио и как музыка кино и покорила его. В 1920-е гг. джаз приобрел неслыханную популярность. Многие ценители классической музыки считали популярность джаза еще одним признаком духовного упадка общества и выражением бунта против традиционных ценностей.;X;X;X;X;X;X
socialist_realism_desc;В начале ХХ века растущий разрыв между элитарной культурой и народной культурами совпал с усилением и приходом к власти сторонников новых анти-либеральных идеологий, которые «во имя народа» обрушились на авангард всей мощью государства. Как коммунистические, так и фашистские режимы стремились создать «новую культуру», которая была бы понятна массам и прививала бы им необходимые режиму взгляды и ценности. Мастера культуры были поставлены перед жестким выбором: вписаться в рамки, установленные государством, или бросить ему вызов и поплатиться за это. В коммунистических государствах новая культура получила название «метод социалистического реализма», у фашистских режимов также существовали определенные творческие установки для деятелей культуры.;X;X;X;X;X;X
philosophy_desc;Философия - это сфера, отражающая развитие человеческой мысли в целом, дискуссия о глобальных вопросах, ответы на которые мы не знаем, и на которые не могут ответить естественные науки. Данная наука затрагивает настолько широкий круг проблем, что иногда ее называют «вечным рассуждением обо всем на свете».;X;X;X;X;X;X
late_enlightenment_philosophy_desc;Философия Просвещения;X;X;X;X;X;X
idealism_desc;Идеализм;X;X;X;X;X;X
neokantian_idealism_desc;Трансцендентальный идеализм Канта предполагал, что мир можно познать либо через определенные категории, внутренне присущие человеку, либо эмпирически. Иногда эту философию называют «умеренным эмпиризмом». Представители неокантианского идеализма очень далеко отошли от концепции Канта и приблизились к классическому идеализму, хотя и использовали кантианскую методологию.;X;X;X;X;X;X
hegelian_idealism_desc;В то время как неокантианцы пытались развить философию Канта, Гегель сформулировал собственную версию идеалистической философии. Основой его мировоззрения стало предположение, что Разум и Дух составляют реальность, творя историю, в которой, однако, остается место и для человеческой Воли. Влияние Гегеля невозможно переоценить, у него было много последователей, один из которых, Карл Маркс, существенно переработал взгляды философа.;X;X;X;X;X;X
proto_existentialism_desc;Протоэкзистенциализм не представлял из себя отдельное течение в философии. Отдельные мыслители пытались проанализировать различные философские концепции и выявить их недостатки. Протоэкзистенциалисты считали принципиально важным дать четкие определения понятиям интуиция, время, интеллект, бытие, чтобы впоследствии избежать споров, возникающих из-за различного толкования одних и тех же понятий.;X;X;X;X;X;X
empiricism_desc;Эмпиризм;X;X;X;X;X;X
pragmatism_desc;Прагматизм, возможно, является единственной подлинно американской философской школой. По мнению прагматиков, именно желание принести практическую пользу должно быть основой деятельности человека. Для прагматиков эксперимент является не столько методом научного исследования, сколько основным средством приспособления окружающего мира к собственным нуждам.;X;X;X;X;X;X
i_empiricism_desc;Эмпиризм в своей крайней форме, называемый эмпирицизмом - это убежденность в том, реально существует лишь то, что возможно познать опытным путем. Однако умеренный эмпиризм признает возможность существования реальности за пределами опыта. В соответсвии с идеей о трансцендентной природе реальности, человек не способен познать ее суть и может лишь довольствоваться изучением ее внешних проявлений.;X;X;X;X;X;X
analytic_philosophy_desc;Аналитическая философия;X;X;X;X;X;X
i_analytic_philosophy_desc;Первоначально аналитическая философия была школой мыслителей, которые хотели освободить логику и основы математики от устаревших и не соответствующих действительности тезисов. Позже философы занялись поиском путей сближения языка и формальной логики, чтобы создать основу для объективного познания реальности. Это направление прекратило свое существование, когда один из наиболее влиятельных его представителей, Людвиг Витгенштейн, отказался от своих взглядов и попытался доказать их несостоятельность.;X;X;X;X;X;X
modern_logics_desc;Многие из философов, занимавшихся аналитической философией, совершили настоящий переворот в логике. Большой вклад в развитие современной логики внесли и знаменитые математики, которые в ходе исследование в своей области также развили важные для логики идеи.;X;X;X;X;X;X
logical_positivism_desc;Логические позитивисты отрицали основы метафизики и традиционной философии. Они утверждали, что многие проблемы, поднимаемые философией, на самом деле бессмысленны и имеют значение только для логического анализа научного знания. Однако, им так и не удалось внятно сформулировать и обосновать собственные принципы.;X;X;X;X;X;X
philosophy_of_language_desc;Это учение о философских аспектах языка, особенно, о значении и соответствии слов, отдельных фраз и предложений. Философия языка не рассматривает значение отдельных слов или правильность предложений. Философия языка занимается поиском ответа на вопрос: что есть истина? Философия языка основана на критике Витгенштейном своих собственных взглядов и достижениях школы аналитической философии.;X;X;X;X;X;X
phenomenology_n_hermeneutic_desc;Феноменология и герменевтика;X;X;X;X;X;X
phenomenology_desc;Феноменология - это теория, в соответствии с которой любое явление необходимо рассматривать, принимая во внимание субъективность его восприятия. Феноменология не считается ни реализмом, ни идеализмом и в равной степени их отрицает.;X;X;X;X;X;X
hermeneutics_desc;Герменевтика - это одно из ответвлений феноменологии. Хотя герменевтика не исключает возможности объяснения реальности, она гораздо ближе к идеализму, чем к реализму.;X;X;X;X;X;X
anti__rationalism_desc;Антирационализм;X;X;X;X;X;X
existentialism_desc;Экзистенциализм - это учение, истоки которого можно найти, с одной стороны, в радикальном индивидуализме Кьеркегора и Ницше, а с другой - в философии Гуссерля и даже Брентано. Развили эти идеи Хайдеггер, Сартр, Бовуар и Камю. Они обратились к вопросам о смысле жизни, в которой человек по их мнению должен восприниматься в качестве существа, действующего самостоятельно и самостоятельно определяющего смысл своих действий.;X;X;X;X;X;X
nihilism_and_the_will_desc;Возникшие в конце XIX - начале ХХ века тенденции к отказу от рационалистических объяснений природы человека были вызваны возродившимся интересом к нигилизму. Некоторые философы отбросили идею о том, что жизнь человека имеет какой-либо высший смысл, заданный Богом или Природой. Человек перестал рассматриваться как ценность сам по себе, на первый план вышла его Воля - способность вмешиваться в события и добиваться своих целей. Самым ярким представителем этого течения философской мысли в конце XIX века был Фридрих Ницше. Ужасные последствия войн индустриальной эпохи начала ХХ века сильно повлияли на других философов (например, Мартина Хайдеггера) и побудили их к развитию идей Ницше. Нигилизм отвергал абсолютные ценности как основу поведения человека и, следовательно, ставил под сомнение господствовавшие в XIX веке ценности и убеждения, а некоторые из них просто отбрасывал. В то же время абсолютизация Воли поощряла критицизм по отношению к общепринятым нормам и принципам, а также поиск и создание новых.;X;X;X;X;X;X
futurism_desc;В начале ХХ века в среде интеллектуалов стало модно ставить под сомнение ценности и установки XIX века. Некоторые из них стали требовать полного и окончательного разрыва с прошлым, по их мнению, необходимого, чтобы построить новое светлое будущее, которое обещало наступление индустриальной эпохи. Футуризм возник как течение в искусстве, его последователи начали использовать новые материалы и применять новые техники в попытках выразить мощь и скорость новой эры в художественной форме. Вскоре футуризм стал воплощением отрицания традиционных общественных структур и призыва к замене их новым общественным, политическим и экономическим строем, соответствующим реальностям индустриальной цивилизации.;X;X;X;X;X;X
quantum_theory_desc;В XIX веке горизонты научного знания начали расширяться с невиданной ранее скоростью. Возникли сомнения относительно всеобщей применимости универсальной модели вселенной, получившей свое завершение в работах Исаака Ньютона конца XVII века. Новое, более точное экспериментальное оборудование позволило выявить расхождения между предсказанным теорией и реальным поведением и взаимодействием элементарных частиц. В трудах великих физиков (Альберта Эйнштейна, Вальтера Гейзенберга и др.) механистическая модель вселенной была опровергнута, и возникла альтернативная модель, ключевым свойством которой была непредсказуемость поведения частиц и результатов их взаимодействия. Эта новая теория стала большим шагом на пути понимания базовых принципов существования материального мира, но нанесла очередной удар по вере в рациональные основы мироздания и возможность их постижения разумом человека.;X;X;X;X;X;X
social_thought_desc;Данная область охватывает развитие социальных наук и влияет на общественное устройство Вашей страны.;X;X;X;X;X;X
malthusian_thought_desc;Мальтузианство;X;X;X;X;X;X
positivism_desc;Позитивизм;X;X;X;X;X;X
functionalism_desc;Функционализм;X;X;X;X;X;X
biologism_desc;Биологизм;X;X;X;X;X;X
darwinism_desc;Дарвинизм - это теория, утверждающая, что основой развития имеющихся и появления новых биологических видов является естественный отбор.;X;X;X;X;X;X
social_darwinism_desc;Социал-дарвинизм - это идеология, в соответствии с которой отдельные люди или группы людей получают преимущество перед другими благодаря своему генетическому или биологическому превосходству.;X;X;X;X;X;X
social_science_desc;Социология;X;X;X;X;X;X
sociology_desc;Социология занимается изучением общества, социальных институтов и отношений. Социологи пытаются предугадать, какое воздействие окажут на общество какие-либо шаги власти.;X;X;X;X;X;X
social_psychology_desc;Социальная психология занимается изучением отношений между людьми, а также того, что они думают об обществе и каким образом воздействуют друг на друга.;X;X;X;X;X;X
political_science_desc;Политология изучает политическое устройство государств и государственных образований.;X;X;X;X;X;X
social_anthropology_desc;Социальная антропология изучает истоки человеческого общества и отношения между отдельными индивидами.;X;X;X;X;X;X
social_alienation_desc;Социальное отчуждение;X;X;X;X;X;X
escapism_desc;Только мир иной сможет спасти наши грешные души!;X;X;X;X;X;X
we_are_one_desc;Мы одно целое, социальное отчуждение неправильно, каждый индивид, представляет малую часть всей нашей нации, но вместе мы сила!;X;X;X;X;X;X
the_revolt_of_the_masses_desc;Распространение принципа всеобщего избирательного права в качестве основы для разрешения вопроса о политической власти в обществе привело к усилению надежд на демократию как на средство удовлетворения извечных чаяний простого народа. Рост количества мелких политических партий скоро обозначил тот предел, после которого система либеральной демократии переставала выполнять свое основное назначение - погашать конфликты в обществе. Ситуация особенно обострялась в периоды экономических и политических кризисов. Разочарование в идеалах демократии и надежды на лучшую жизнь привели к поискам альтернативных способов устройства политической системы. В 1930 г. испанский философ Хосе Ортега-и-Гассет написал книгу «Восстание масс». Он предупреждал о растущей опасности для идеалов либеральной демократии, которая исходила от масс, способных опрокинуть политическую систему и заменить ее такими формами общественного устройства, которые бы уничтожили бы самые основы существования либеральной демократии. По мнению философа, этого можно было избежать только в том случае, если сама демократия приспособится к условиям эры активного участия масс в политике.;X;X;X;X;X;X
the_decline_of_the_west_and_the_lost_generation_desc;Драматичные социальные, экономические и политические перемены, которые принесла начавшаяся в XIX веке индустриализация, а также разрушительные войны индустриальной эпохи вызвали в интеллектуальной среде кризис веры в устойчивость западного общества в целом. В 1911 г. Освальд Шпенглер начал работать над книгой «Закат Европы», в которой сделал вывод о том, что сотрясаемые кризисами индустриальные общества находятся в конце естественного цикла развития цивилизаций (подъем, процветание, упадок и крушение). Эти идеи стали прямым вызовом традиционным западным представлениям о бесконечности линейного прогресса общества, управляемого человеческим разумом. В выражении «Потерянное поколение» американской писательницы Гертруды Стайн нашло отражение чувство опустошения и утраты себя, свойственное многим ветеранам, пережившим бессмысленную бойню Первой мировой. Тема упадка и потери некоторое время доминировала в культуре западных стран.;X;X;X;X;X;X
political_thought_desc;Данная область охватывает развитие политической мысли и влияет на политическую систему Вашей страны и на изменение умонастроений жителей.;X;X;X;X;X;X
ideological_thought_desc;Идеологемы;X;X;X;X;X;X
authoritarianism_desc;Авторитаризм - это общественное устройство с очень сильной государственной властью, главной заслугой которой обычно считается сохранение стабильности. Часто авторитаризм вбирает в себя некоторые элементы традиционализма для обоснования того, почему конкретный лидер должен обладать всей полнотой власти.;X;X;X;X;X;X
hierarchical_order_desc;Такой порядок подразумевал четкое разделение людей на группы, стоящие на различных ступенях иерархической лестницы. Чем выше располагалась группа, тем меньше людей в нее входило.;X;X;X;X;X;X
traditionalism_desc;Традиционализм - это доктрина, в соответствии с которой знания передаются из поколения в поколение, поэтому приверженность традициям является необходимой. Традиционализм полностью отвергает рационализм, ведущий, по мнению традиционалистов, к опасным и непродуктивным изменениям в обществе.;X;X;X;X;X;X
political_religion_desc;Политическая религия - это доктрина, увязывающая политику и религию. Знание в политической религии представляется данным свыше и не может быть оспорено.;X;X;X;X;X;X
paternalism_desc;Патернализм - это вера в то, что государство должно по-отечески относиться к своим подданным и полностью контролировать все их действия ради их же блага.;X;X;X;X;X;X
constitutionalism_desc;Конституционализм - это система правления, опирающаяся на как правило писаную конституцию. При такой системе все действия власти должны строго соответствовать конституции.;X;X;X;X;X;X
individualism_desc;Индивидуализм - это вера в важность человека и добродетель личной свободы. Эта доктрина также утверждает, что государство не должно вмешиваться в экономику.;X;X;X;X;X;X
rationalism_desc;Рационализм - это доктрина, в соответствии с которой истина есть не божественное откровение, а то, что подсказывает человеку разум. По мнению рационалистов, разум, а не опыт дает человеку знание.;X;X;X;X;X;X
secularization_desc;Секуляризация - это процесс отделения церкви от государства, а искусства и образования - от церкви и влияния религии. Кроме того, секуляризация предполагает передачу церковной собственности светским собственникам.;X;X;X;X;X;X
social_conscience_desc;Сознательность общества - это мотивация людей, основанная на четком следовании моральным и этическим принципам, принятым в обществе.;X;X;X;X;X;X
egalitarianism_desc;Эгалитаризм - это теория, согласно которой все люди равны и, следовательно, идеалом является полное политическое, экономическое и социальное равенство.;X;X;X;X;X;X
collectivism_desc;Коллективизм - это политическое учение, согласно которому люди должны совместно владеть всеми средствами производства.;X;X;X;X;X;X
determinism_desc;Детерминизм - это философское учение, согласно которому любое событие предопределено. Следовательно, детерминисты отрицают возможность свободного выбора судьбы.;X;X;X;X;X;X
atheism_desc;Атеизм - это убежденность в том, что Бога не существует. Люди, разделяющие это мнение, пытаются различными способами компенсировать отсутствие сверхъестественной силы.;X;X;X;X;X;X
social_justice_desc;Социальная справедливость предполагала гарантию соблюдения прав каждого гражданина и верховенство норм международного права.;X;X;X;X;X;X
state_n_government_desc;Государство и правительство;X;X;X;X;X;X
populism_vs._establishment_desc;Для завоевания власти претендующий на лидерство политик чаще всего пытался заручиться поддержкой представителей элиты. Этот путь был наиболее коротким, но некоторые политические деятели, в основном представители либеральной буржуазии, надеялись на поддержку со стороны народных масс, по сути не участвовавших политической жизни.;X;X;X;X;X;X
clericalism_vs._anticlericalism_desc;В течение многих столетий политические элиты использовали духовенство в качестве надежного средства обеспечения общественного порядка путем поддержания в народе веры в Бога и его церковь. После Великой французской революции и промышленного переворота в Англии в либеральных кругах и среди социалистов распространилось убеждение, что государство и общество должны быть освобождены от церковного гнета.;X;X;X;X;X;X
bureaucracy_vs._nepotism_desc;Чиновники всегда пытались освободиться от политического контроля. Они устанавливали свои собственные правила и нормы, самостоятельно брали людей на работу. Однако в некоторых странах чиновники назначались сверху, причем главным критерием являлись их политические взгляды, что позволяло обеспечить их лояльность действующей власти.;X;X;X;X;X;X
meritocracy_vs._aristocracy_desc;Низкое происхождение всегда являлось непреодолимой преградой для амбиций буржуазии. Они считали, что именно талантливые люди, обладающие выдающимися способностями, должны играть ведущую роль в стране. Однако из-за привилегий аристократии такие люди вынуждены были довольствоваться ролью представителей низших сословий, поскольку только благородное происхождение давало возможность занимать ключевые посты.;X;X;X;X;X;X
nationalism_n_imperialism_desc;Национализм и империализм;X;X;X;X;X;X
national_fraternity_desc;Кровь врагов, пролитая в многочисленных войнах, не всегда способна сплотить народ. Решающим фактором является убежденность в том, что люди, живущие в одной стране - это братство, разделяющее одни и те же принципы, стремящееся к одной цели. Доказательством является и общая история, и схожесть культурных ценностей, и необходимость противостояния внешней угрозе.;X;X;X;X;X;X
biased_multiculturalism_desc;Толерантность - это терпимость по отношению к представителям других народов и готовность жить с ними вместе в одной стране. Но на практике оказывалось, что представители некоторых национальностей имеют преимущества перед остальными людьми.;X;X;X;X;X;X
manifest_destiny_desc;Данная доктрина впервые появилась в США в 40-х годах XIX века как обоснование необходимости продвижения на Запад. После появления в 1823-м году доктрины Монро, которая объявляла нецелесообразным вмешательство в европейские дела, цель США виделась в достижении своих естественных границ и распространении своего культурного влияния на всю Америку. По мнению авторов этой доктрины, величие и экспансионизм были предначертаны американской нации Богом.;X;X;X;X;X;X
expansionism_desc;Страна, где господствует эта доктрина, стремится к расширению своей территории и усилению влияния на политику, экономику и население соседей всеми доступными средствами, включая военную силу. Поскольку экспансионизм угрожает миру и стабильности в регионе, соседние государства и великие державы обязательно постараются противостоять подобным устремлениям.;X;X;X;X;X;X
mission_to_civilize_desc;С помощью этой идеологии великие державы пытались оправдать свою колонизаторскую политику. По их мнению, многие народы являются нецивилизованными и не могут самостоятельно достичь высокого уровня развития. В этом им необходимо помочь, осуществляя справедливое, но жесткое управление местными жителями и их просвещение.;X;X;X;X;X;X
separatism_desc;Идея создания национальных государств распространялась по миру в течение всего столетия, и иногда национальные меньшинства разворачивали активную деятельность в этом направлении.;X;X;X;X;X;X
national_trauma_desc;Иногда бывает так, что страна, гражданам которой в течение многих лет твердили, что они непобедимы, неожиданно терпит военное поражение. Это поражение может стать национальной травмой. Страна начнет тратить слишком много сил, пытаясь понять, что привело их к поражению и кто в нем виноват. Иногда национальная травма способна перерасти в реваншизм.;X;X;X;X;X;X
revanchism_desc;После поражения в войне против извечного противника в стране обязательно найдутся люди, призывающие к реваншу - новой войне, единственному средству смыть позор.;X;X;X;X;X;X
revolution_n_counterrevolution_desc;Революция и контрреволюция;X;X;X;X;X;X
dogma_of_violence_desc;На определенном этапе развитие идей радикализма привело к появлению идей, оправдывающих насилие, сторонники которых утверждали, что только с его помощью можно создать общество нового типа.;X;X;X;X;X;X
dogma_of_mass_action_desc;На определенном этапе развитие идей радикализма привело к появлению массовых выступлений, сторонники которхй считали, что только массовые акции протеста, например забастовки, могут повысить сознательность рабочих и заставить их понять, что им необходимо.;X;X;X;X;X;X
terrorism_desc;Террористические акты проводились для привлечения внимания общества к сущности полицейского государства и послушного ему правосудия. Но обычно от действий террористов страдали невинные люди.;X;X;X;X;X;X
general_strikes_desc;Теперь проведение или угроза проведения всеобщей забастовки являются наиболее действенными способами достижения политических целей.;X;X;X;X;X;X
secret_police_desc;Для противодействия политическим организациям, которые ставили своей целью изменение существующего политического устройства, создавались специальные подразделения полиции. Некоторые люди считали его эффективным средством борьбы с политическими преступниками, другие - репрессивным органом, целью которого является усиление государственной власти.;X;X;X;X;X;X
womens_suffrage_movement_desc;Это движение протеста ставило своей целью борьбу с подчиненной позицией женщины и предоставление женщинам избирательных прав. Формы протеста существенно разнились, от пассивного сопротивления до проведения демонстраций. Попытки властей силой подавить протест вызвали бурю негодования среди большей части населения, и в конце концов женщины сумели добиться своего. Тем не менее, до полного равенства между мужчинами и женщинами еще далеко.;X;X;X;X;X;X
rhetoric_of_hate_desc;Последователи этого направления ораторского искусства своими речами возбуждали ненависть и призывали к борьбе с представителями определенной части общества. В большинстве стран власти старались не допускать подобной деятельности, однако это им не всегда удавалось.;X;X;X;X;X;X
nostalgic_romanticism_desc;Ностальгический романтизм был одним из главных направлений в культуре эпохи. Его представители прославляли прошлые победы и великую историю своей страны. Очень скоро ностальгический романтизм превратился в реакционное течение, отстаивающее позиции абсолютной монархии и церкви.;X;X;X;X;X;X
anti_egalitarianism_desc;Это мировоззрение базировалась на теории естественного права, убежденности в том, что всем людям воздается по справедливости, которая, по их мнению, всегда относительна. Следовательно, попытки сделать людей равноправными обречены на неудачу.;X;X;X;X;X;X
vangaurd_party_desc;По мере того, как в индустриальных государствах росло влияние социалистических идей, в некоторых менее развитых в промышленном отношении странах возникло понимание ограниченности идеи о способности рабочего класса захватить государственную власть. В 1902 г. русский социалист Владимир Ленин создал концепцию партии-авангарда как небольшой группы профессиональных революционеров, которая должна возглавить борьбу от имени масс, лишенных возможности или желания самостоятельно вести революционную борьбу. Такая партия после прихода к власти должна была установить полный контроль над обществом и провести все преобразования, необходимые для достижения конечной цели социалистов - идеального общества для трудящихся. Эта идея получила распространение в основном в левых политических кругах, но многие правые также взяли ее на вооружение по мере перехода ультранационалистических движений к более стройной идеологической системе - фашизму.;X;X;X;X;X;X
mass_politics_desc;Участие масс в политике;X;X;X;X;X;X
the_doctrine_of_fascism_desc;В начале ХХ столетия распространение революционных коммунистических идей как потенциальной альтернативы либеральным и капиталистическим основам общественного строя привело к разработке столь же радикальных моделей и на правом фланге политического спектра. Правые идеи были нацелены на устранение присущих либеральному капитализму слабостей без обязательных, по представлениям крайне левых, революций, который лишили бы верхний и средний класс традиционной власти и положения. В начале 1920-х гг. основные ультраправые идеи нашли свое выражение в фашизме. С идеологической точки зрения фашизм как политическое течение не был настолько монолитен, как коммунизм. Идеологи фашизма призывали к реорганизации общества в интересах всей нации, а не какого-то избранного класса. Желания и заботы каждого индивидуума должны были вписываться в цели и нужды целой нации, ведущей борьбу с другими нациями за влияние в мире под руководством единственной партии. Окончательно фашистские идеи были сформулированы в трудах итальянца Джованни Джентиле в начале 1930-х гг., и фашизм стал действенной альтернативой либеральному капитализму и коммунизму.;X;X;X;X;X;X
paramilitary_groups_desc;Войны между государствами в индустриальную эпоху требовали участия огромных масс людей. После заключения мира и демобилизации к гражданской жизни возвращались тысячи и миллионы ветеранов, которые не всегда могли приспособиться к ней, зато обладали военными навыками и были готовы воспользоваться ими в случае необходимости. Левые и особенно правые революционные движения стремились использовать таких недовольных ветеранов как силу, способную противостоять влиянию их идеологических противников. В периоды экономических и политических кризисов многие государства с либеральной идеологией испытывали трудности в поддержании общественного порядка в условиях активности созданных из ветеранов войны военизированных формирований.;X;X;X;X;X;X
the_police_state_desc;Почему полицейские попадаются на глаза только тогда, когда они вам не нужны?;X;X;X;X;X;X
psychology_desc;Эта область охватывает развитие психологии. Эта наука не только перевернула существовавшие до этого представления о человеке, но и систематизировала знания о поведении человека, в особенности, на уровне общества.;X;X;X;X;X;X
introspectionism_desc;Интроспективная психология;X;X;X;X;X;X
associationism_desc;Ассоциативная психология;X;X;X;X;X;X
phenomenalism_desc;Феноменализм;X;X;X;X;X;X
experimental_psychology_desc;Экспериментальная психология;X;X;X;X;X;X
psychoanalysis_desc;Психоанализ;X;X;X;X;X;X
behaviorism_desc;Бихевиоризм;X;X;X;X;X;X
mass_advertising_desc;Быстрый рост грамотности в индустриальных обществах в сочетании с появлением новых средств передачи информации создал основу для выработки новых подходов к созданию и стимулированию спроса на товары, которые эффективно налаженная промышленность производила все в больших количествах. Представители рекламного бизнеса приняли на вооружение новые идеи о природе человеческих реакций и мотивов, а также извлекли уроки из опыта государственной пропаганды во время войн. Результатом стало широкое использование простых и прямолинейных методов рекламы. В ХХ веке реклама стала частью культуры и со временем стала влиять на многие сферы общественной жизни, в том числе и на политику.;X;X;X;X;X;X
national_radio_networks_desc;В ХХ веке роль беспроводных средств связи и передачи информации все больше увеличивалась. Их история началась с радио, одним из изобретателей которого был Гильермо Маркони. К началу 1920-х гг. государства осознали огромный потенциал радио, которое теперь можно было использовать для передачи развлекательных программ, новостей, пропаганды и рекламы, и взяли под свой контроль выделение радиочастот. В некоторых странах была введена государственная монополия на радиовещание, другие разрешили создание коммерческих вещательных сетей. К 1930-м гг. домашние радиоприемники прочно вошли в быт, а политики оценили радиовещание как могучее средство влияния на умы.;X;X;X;X;X;X
the_talkies_desc;Развитие кинематографа в начале ХХ века превратило кино в массовый вид искусства. В 1920-е гг. технический прогресс дал возможность синхронизировать звуковую дорожку и изображение на экране, и это подняло значение и влияние кино на новую высоту. Первый звуковой фильм «Певец джаза» вышел в США в 1927 г., и уже через пять лет немое кино практически перестали снимать. Кино стало частью культуры и мощным средством политической и международной пропаганды.;X;X;X;X;X;X
tech_power_desc;Данная область включает в себя развитие энергетики и двигателей. Обратите внимание, что каждое улучшение в этой области является необходимым условием для всех остальных улучшений индустриальных технологий.;X;X;X;X;X;X
water_wheel_power_desc;Водяное колесо;X;X;X;X;X;X
practical_steam_engine_desc;Практичный паровой двигатель;X;X;X;X;X;X
high_n_low_pressure_steam_engines_desc;Двигатели высокого и низкого давления;X;X;X;X;X;X
steam_turbine_desc;Паровая турбина;X;X;X;X;X;X
combustion_engine_desc;Двигатель внутреннего сгорания;X;X;X;X;X;X
daimlers_automobile_desc;Даймлер создал первый автомобиль, который был запущен в серийное производство. Машина оказалась достаточно надежной, но медленной, и прошло десятилетие, прежде чем наличие автомобиля стало обычным делом в высшем обществе.;X;X;X;X;X;X
wright_n_langleys_aeroplanes_desc;Этот аэроплан стал первой машиной, которая смогла подняться в воздух. Он стоил безумно дорого, и лишь через десять лет получилось создать машину, серийное производство которой было рентабельным. В то время только очень богатые люди могли позволить себе такую покупку.;X;X;X;X;X;X
electrical_power_generation_desc;Выработка электроэнергии;X;X;X;X;X;X
direct_current_desc;Первым получившим распространение средством передачи электроэнергии на расстояние стал постоянный ток, где передвижение электронов происходит только в одном направлении. Такой ток обычно используют электроприборы, которым нужно низкое напряжение. Постоянный ток высокого напряжения применяется для передачи электроэнергии на большие расстояния, особенно через подводные кабели, и на электрифицированных железных дорогах. Томас Эдисон был сторонником постоянного тока, но в схватке технических стандартов предпочтение было отдано Николе Тесла с его переменным током.;X;X;X;X;X;X
alternating_current_desc;При переменном токе электроны одновременно движутся в двух направлениях по волновому принципу. Переменный ток победил в тяжелейшей конкурентной борьбе с постоянным током и стал источником питания для большинства бытовых и промышленных электроприборов и устройств. Одним из первых устройств, использующих переменный ток, стал электрический стул. Это не способствовало убеждению потребителей в его относительной безопасности по сравнению с постоянным током.;X;X;X;X;X;X
polyphase_system_desc;Многофазная система, при которой используются одновременно две и более фаз, дает возможность передавать переменный ток на большие расстояния без существенных потерь. В промышленности обычно используется трехфазная система, но первое время использовалась двухфазная. Многофазную систему изобрел Никола Тесла, и она означала окончательное поражение Томаса Эдисона и его постоянного тока.;X;X;X;X;X;X
mechanization_desc;Механизация производства подразумевает замену ручных средств труда машинами и механизмами. Как правило, она затрагивает оборудование фабрик и заводов, используемые инструменты и технологический процесс.;X;X;X;X;X;X
publishing_industry_desc;Издательское дело;X;X;X;X;X;X
mechanical_production_desc;Машинное производство;X;X;X;X;X;X
sharp_n_roberts_power_loom_desc;Шарп и Робертс создали один из самых первых ткацких станков. Его появление произвело переворот в ткачестве, которое больше не рассматривалось как ручная работа.;X;X;X;X;X;X
jacquard_power_loom_desc;Этот ткацкий станок позволял производить ткань более высокого качества, чем прежде.;X;X;X;X;X;X
northrop_power_loom_desc;Этот ткацкий станок позволял производить ткань более высокого качества, чем прежде. Кроме того, один и тот же станок мог производить несколько совершенно разничных видов ткани, что делало его очень практичным.;X;X;X;X;X;X
mechanical_saw_desc;Использование пилы с механическим приводом позволило значительно повысить производительность труда лесорубов.;X;X;X;X;X;X
mechanical_precision_saw_desc;Использование циркулярной пилы позволило гораздо быстрее распиливать бревна на доски.;X;X;X;X;X;X
hussey_n_mccormicks_reaping_machine_desc;Создание этой машины стало первым шагом к механизации труда крестьян и фермеров и позволило значительно повысить его производительность.;X;X;X;X;X;X
pitts_threshing_machine_desc;Эта сельскохозяйственная машина позволила облегчить труд крестьян и фермеров и повысила его производительность.;X;X;X;X;X;X
mechanized_slaughtering_block_desc;Механизация скотобоен позволила облегчить производство мяса и увеличить его эффективность.;X;X;X;X;X;X
interchangeable_parts_desc;Взаимозаменяемые детали;X;X;X;X;X;X
precision_work_desc;Прецизионная обработка позволила производить самые мелкие детали с высокой точностью. Эти детали можно было использовать для производства сложных механизмов.;X;X;X;X;X;X
machine_tools_desc;Появление механических станков позволило производить детали по определенному стандарту, в результате чего сфера применения взаимозаменяемых деталей в промышленности стала расширяться.;X;X;X;X;X;X
whitney_n_colts_standardized_small_arms_desc;Создание машин, с помощью которых можно было производить детали стрелкового оружия по определенному стандарту, привело к снижению стоимости оружия, облегчению его производства и ремонта.;X;X;X;X;X;X
food_packing_system_desc;Новые методы упаковки еды привели к резкому росту ее товарного производства и позволили людям жить в крупных городах.;X;X;X;X;X;X
integral_distillery_process_desc;Новые знания о процессе брожения, термодинамической последовательности во время кипения и перегонки, а также автоматизация процесса производства алкогольных напитков позволили создавать крупные винные, пивоваренные и ликероводочные предприятия, создав таким образом новую отрасль промышленности.;X;X;X;X;X;X
jiggs_desc;Новые технологии позволили резко повысить эффективность различных машин, в результате чего увеличилось промышленное производство.;X;X;X;X;X;X
semi_automatization_desc;Частичная автоматизация;X;X;X;X;X;X
electric_machinery_desc;Появилась возможность использовать на заводах машины, приводимые в действие электрическим током. В результате производство стало менее трудоемким.;X;X;X;X;X;X
oil_pumping_machinery_desc;Новые открытия в гидравлике и методах выкачивания позволили создать насосы для добычи черного золота из скважин большой глубины.;X;X;X;X;X;X
drying_techniques_desc;Высушивание продуктов позволило увеличить срок хранения в десятки раз, и продавать еду стало гораздо легче.;X;X;X;X;X;X
assembly_line_desc;Сборочный конвейер;X;X;X;X;X;X
fordism_desc;Внедрение системы Форда позволило наладить массовое производство товаров. Благодаря использованию конвейера и специализации рабочих качество значительно повысилось, а стоимость снизилась.;X;X;X;X;X;X
massproduced_rail_desc;Благодаря внедрению системы Форда и появлению новых технологий выплавки стали появилась возможность массового производства рельсов по более низкой цене и, следовательно, активного расширения сети железных дорог.;X;X;X;X;X;X
industrialized_armament_industry_desc;Начало массового заводского производства оружия и боеприпасов позволило значительно повысить доходы от их продажи в условиях все более жесткой гонки вооружений.;X;X;X;X;X;X
refrigerator_technology_desc;Изобретение холодильной установки стало значимым событием для пищевой и винокуренной промышленности, позволив увеличить срок хранения продуктов..;X;X;X;X;X;X
shift_work_desc;Посменная работа;X;X;X;X;X;X
metallurgy_desc;Металлургия включает в себя добычу и переработку руды и минерального сырья. Различные технологии, такие как промывка, обогащение, измельчение и плавка позволили существенно снизить выход пустой породы.;X;X;X;X;X;X
mechanized_mining_desc;Механизация шахт;X;X;X;X;X;X
clean_coal_desc;Обогащение угля;X;X;X;X;X;X
pit_coal_desc;Каменный уголь гораздо качественнее бурого, поэтому процесс его очистки гораздо проще.;X;X;X;X;X;X
coke_desc;Кокс - это обогащенный уголь. Он обладает высокой температурой горения, и его использование позволяет производить более качественную сталь.;X;X;X;X;X;X
cheap_iron_desc;Дешевое железо;X;X;X;X;X;X
advanced_ore_roasting_processes_desc;Эта технология позволила очищать руду от примесей, из-за которых качество выплавляемой стали снижалось. При использовании новых методов выплавки качество металла повысилось, а цена понизилась.;X;X;X;X;X;X
advanced_ore_grinding_processes_desc;Эта технология позволила очищать руду от примесей, из-за которых качество выплавляемой стали снижалось. При использовании новых методов выплавки качество металла повысилось, а цена понизилась.;X;X;X;X;X;X
advanced_ore_smelting_processes_desc;Эта технология позволила очищать руду от примесей, из-за которых качество выплавляемой стали снижалось. При использовании новых методов выплавки качество металла повысилось, а цена понизилась.;X;X;X;X;X;X
bessemer_steel_desc;Данная технология позволила эффективнее очищать руду при производстве стали и, следовательно, использовать в производстве железную руду более низкого качества, которая ранее считалась непригодной.;X;X;X;X;X;X
cheap_steel_desc;Дешевая сталь;X;X;X;X;X;X
martin_steel_desc;Данная технология позволила эффективнее очищать руду при производстве стали и, следовательно, использовать в производстве железную руду более низкого качества, которая ранее считалась непригодной.;X;X;X;X;X;X
thomas_steel_desc;Данная технология позволила эффективнее очищать руду при производстве стали и, следовательно, использовать в производстве железную руду более низкого качества, которая ранее считалась непригодной.;X;X;X;X;X;X
advanced_metallurgy_desc;Передовая металлургия;X;X;X;X;X;X
electric_rolling_techniques_desc;Данная технология позволила получать тонкие листы из стальных брусьев и заменила кузнецов с молотами.;X;X;X;X;X;X
steel_alloys_desc;Технология добавления небольшого количества других металлов в железо во время выплавки стали позволила производить различные ее виды в зависимости от сферы дальнейшего применения.;X;X;X;X;X;X
electric_furnace_desc;Электропечи;X;X;X;X;X;X
stainless_steel_desc;Использование электропечей привело к открытию новых способов применения металлов, например, хрома. Ввод хрома в сталь создает защитный антикоррозийный слой оксида хрома на поверхности изделия. Такая сталь гораздо надежнее защищена от коррозии, чем обычная окрашенная сталь. Очень скоро из нержавеющей стали начали делать большую часть инструментов, оборудования и оружия.;X;X;X;X;X;X
tech_infrastructure_desc;Транспортная система прошла в своем развитии долгий путь от примитивной конки, перевозившей пассажиров в начале XIX века, до сетей железных дорог 1920-х годов.;X;X;X;X;X;X
experimental_railroad_desc;Экспериментальная железная дорога;X;X;X;X;X;X
early_railroad_desc;Ранняя железная дорога;X;X;X;X;X;X
iron_railroad_desc;Чугунная железная дорога;X;X;X;X;X;X
steel_railroad_desc;Стальная железная дорога;X;X;X;X;X;X
integral_rail_system_desc;Национальная железнодорожная система;X;X;X;X;X;X
limited_access_roads_desc;Автобаны;X;X;X;X;X;X
chemistry_and_electricity_desc;Данная отрасль занимается исследованиями в области химии и электричества, а так же использованием их достижений.;X;X;X;X;X;X
basic_chemistry_desc;Основы химии;X;X;X;X;X;X
medicine_desc;Медицина;X;X;X;X;X;X
combat_medicine_desc;Наконец-то военачальники поняли, что просто медицинских служб в составе частей и подразделений недостаточно. Необходимо наличие в них врачей разных специализаций для лечения боевых ранений.;X;X;X;X;X;X
aerial_bacteria_and_antiseptic_principle_desc;Открытие бактерий, передающихся воздушно-капельным путем, и изобретение антисептиков перевернуло медицину. Получение открытого ранения больше не означало для пациента ампутацию части тела или смерть, а новые лекарства позволили лечить большинство инфекций.;X;X;X;X;X;X
vaccination_desc;Вакцинация повышает иммунитет человека или животного к определенным заболеваниям. В результате его использования скотоводство стало приносить больше прибыли.;X;X;X;X;X;X
chemotherapy_desc;Химиотерапия - это использование органических или неорганических низкомолекулярных веществ для борьбы с вызывающими заболевания факторами путем замедления обмена веществ.;X;X;X;X;X;X
genetics:_heredity_desc;Открытие феномена наследственности стало важнейшим шагом к постижению жизни. Грегор Мендель (1822-84) высказал предположение, что любая особенность организма передается по наследству. Этот тезис ученый доказал в ходе экспериментов с бобовыми.;X;X;X;X;X;X
clinical_thermometers_and_binaural_stethoscopes_desc;Это медицинское оборудование значительно облегчило работу докторов и сделало ее более эффективной.;X;X;X;X;X;X
prophylaxis_against_malaria_desc;Новые лекарства обеспечили защиту от заболевания, передающегося с укусом малярийного комара, который водится в тропиках.;X;X;X;X;X;X
pressure_chambers_for_thorax_surgery_desc;При проведении операций на грудной клетке нельзя допускать попадания кислорода в кровь. При использовании барокамер эта опасность значительно уменьшается.;X;X;X;X;X;X
inorganic_chemistry_desc;Неорганическая химия;X;X;X;X;X;X
artificial_fertilizers_desc;Эта технология позволила производить удобрения в лабораториях вместо использования продуктов жизнедятельности домашних животных.;X;X;X;X;X;X
piroksicilin_desc;Пироксилин (тринитрат клетчатки) был получен А. Браконно в 1832 году. В 1846—1848 годах академик Г. И. Гесс и полковник А. А. Фадеев исследовали свойства пироксилина и показали, что по мощности пироксилин в несколько раз превосходит дымный порох.;X;X;X;X;X;X
nitroglycerin_desc;Эта технология позволила начать производство безотказных взрывчатых веществ из нитратов. Основным источником получения нитроглицерина стали натуральные удобрения.;X;X;X;X;X;X
chemical_wood_pulp_process_desc;Древесина состоит из волокон целлюлозы, соединенных между собой веществом под названием лигнин. Для получения древесной массы необходимо разорвать эти волокна или механически, или при помощи химической реакции. Данная технология позволила удовлетворить быстро растущий в 19 веке спрос полиграфической промышленности на бумагу.;X;X;X;X;X;X
rubber_vulcanization_desc;Эта технология позволила начать производство промышленной резины из резиносодержащих материалов. В результате производство резины значительно выросло.;X;X;X;X;X;X
catalytic_fermentative_process_desc;Появление этой технологии дало начало новой сфере науки - биотехнологии. Конштейн и Норманн смогли соединить процесс брожения (ферментативный гидролиз) с термодинамическим процессом (каталитической гидрогенизацией). В результате был создан маргарин, который значительно повысил обеспеченность людей ненасыщенными жирными кислотами.;X;X;X;X;X;X
organic_chemistry_desc;Органическая химия;X;X;X;X;X;X
synthetic_dye_desc;Возможность создавать различные виды искусственных красителей позволила использовать новую технологию окраски ткани, а производство натуральных красителей стало стоить слишком дорого и почти прекратилось.;X;X;X;X;X;X
gaslights_desc;Изобретение газовых ламп позволило осветить как небольшие комнаты, так и крупные предприятия. Таким образом, день для человека больше не был ограничен временем от рассвета до заката.;X;X;X;X;X;X
carbon_soil_enrichment_desc;При удобрении почвы углеродными удобрениями урожай увеличивается, а саму почву можно оставлять под паром на более короткий срок.;X;X;X;X;X;X
cracking_desc;Этот химический процесс приводит к разделению нефти на фракции. На нем основано производство бензина, наиболее подходящего топлива для двигателей внутреннего сгорания.;X;X;X;X;X;X
electricity_desc;Электричество;X;X;X;X;X;X
x_rays_desc;Рентгеновское излучение позволяет обследовать поврежденные кости без хирургического вмешательства. Его использование облегчило операции и процесс реабилитации.;X;X;X;X;X;X
edison_light_bulb_desc;Изобретение электрической лампочки позволило осветить как небольшие комнаты, так и крупные предприятия. Таким образом, день для человека больше не был ограничен временем от рассвета до заката.;X;X;X;X;X;X
bell_n_greys_telephones_desc;С изобретением телефона люди получили возможность чаще общаться с друзьями и родственниками. Кроме того, произошли коренные изменения в обмене информацией между различными фирмами и организациями.;X;X;X;X;X;X
electrical_lighting_desc;Появление электрического освещения позволило осветить как небольшие комнаты, так и крупные предприятия. Таким образом, день для человека больше не был ограничен временем от рассвета до заката.;X;X;X;X;X;X
tractors_desc;Когда автомобили сменили лошадей на дорогах, инженеры стали изобретать замену лошадям и на полях. Первые эксперименты с паровыми сельскохозяйственными машинами оказались неудачными, но двигатели на жидком топливе произвели революцию в сельском хозяйстве. Джон Кейз, Генри Форд и Джон Дир стали пионерами в области тракторостроения.;X;X;X;X;X;X
synthetic_polymers_desc;Синтетические полимеры;X;X;X;X;X;X
rayon_desc;Это было первое искусственное волокно, производство которого было поставлено на коммерческую основу. Вискоза вырабатывается из жидкой древесной пульпы, которая при охлаждении становится волокном, на ощупь напоминающим шелк. Кризис международной торговли в годы войны вызвал рост производства искусственных волокон, замещавших импортное сырье в текстильной промышленности, работавшей как на гражданские, так и на военные нужды.;X;X;X;X;X;X
bakelite_desc;Этот первый в мире пластик был создан бельгийским химиком Лео Хендриком Бакеландом и в 1920-е гг. и быстро стал важным материалом для производства различных товаров. Среди достоинств бакелита были прочность, огнестойкость и дешевизна. Бакелит удерживал главенствующую позицию на рынке пластмасс до середины 1950-х гг.;X;X;X;X;X;X
war_military_access_desc;Репарации за проход войск для врага.;X;X;X;X;X;X
family_planning_desc;Планирование семьи — один из основных способов решения глобальной демографической проблемы стабилизации численности населения Земли. Этот термин часто используют в качестве синонима словосочетанию «контроль рождаемости», в то время как подтекст его несколько иной. Он наиболее часто употребляется, в случае, когда пара желает ограничить число своих детей, либо иметь возможность контролировать временные рамки протекания беременности, либо и то и другое одновременно.;X;X;X;X;X;X
form_italy_min_title;Первый шаг к объединению Италии!;X;X;X;X;X;X
form_italy_min_desc;Если мы займем господствующее положение на Итальянском полуострове, то сможем объявить себя главной объединяющей силой нашего народа и дать ему национальное отечество - единое итальянское государство.;X;X;X;X;X;X
form_italy_min1_title;Первый шаг к объединению Италии!;X;X;X;X;X;X
form_italy_min1_desc;Если мы займем господствующее положение на Итальянском полуострове, то сможем объявить себя главной объединяющей силой нашего народа и дать ему национальное отечество - единое итальянское государство.;X;X;X;X;X;X
spa_convention_title;Благо братских народов!;X;X;X;X;X;X
spa_convention_desc;Если мы добьемся господствующего положения на Перенейском полуострове, то сможем объединить 2 страны под одним флагом. Для этого мы должны включить Португалия в нашу сферу влияния. Ради блага братских народов!;X;X;X;X;X;X
release_vassal_title;Освободить вассала;X;X;X;X;X;X
release_vassal_desc;Освободим страну, землями которой мы управляем.;X;X;X;X;X;X
diplomaty_mp_title;Займ 100 тыс. другому государству;X;X;X;X;X;X
diplomaty_mp_desc;Выдать займ на сумму 100 тыс.;X;X;X;X;X;X
diplomaty_mp_m_title;Займ 500 тыс. другому государству;X;X;X;X;X;X
diplomaty_mp_m_desc;Выдать займ на сумму 500 тыс.;X;X;X;X;X;X
diplomaty_mp_sm_title;Займ 2 млн. другому государству;X;X;X;X;X;X
diplomaty_mp_sm_desc;Выдать займ на сумму 2 млн.;X;X;X;X;X;X
aus_werft_title;Верфи Австрии;X;X;X;X;X;X
aus_werft_desc;"Модернизация наших портов на примере верфи ""Германия"" позволит Австрии сократить отставание от других Великих Держав в военно-морском деле";X;X;X;X;X;X
diplomaty_mp_eic_title;Британская Ост-Индская компания;X;X;X;X;X;X
diplomaty_mp_eic_desc;Появилась возможность взять в сателлиты Британскую Ост-Индскую компанию;X;X;X;X;X;X
form_republic_a_title;Государственная военная программа;X;X;X;X;X;X
form_republic_a_desc;Миллионы — за мир, миллионеры — за войну;X;X;X;X;X;X
form_republic_b_title;Государственная социальная программа. Увеличивает конвертацию населения;X;X;X;X;X;X
form_republic_b_desc;Мир силен не оружием, а людьми доброй воли;X;X;X;X;X;X
form_comunist_a_title;Государственная военная программа;X;X;X;X;X;X
form_comunist_a_desc;Договор в Кремле - мир на земле;X;X;X;X;X;X
form_comunist_b_title;Государственная социальная программа;X;X;X;X;X;X
form_comunist_b_desc;Кто сеет мир, пожинает счастье. Увеличивает конвертацию населения;X;X;X;X;X;X
form_fashist_a_title;Государственная военная программа;X;X;X;X;X;X
form_fashist_a_desc;Мира не ждут, мир завоевывают;X;X;X;X;X;X
form_fashist_b_title;Государственная социальная программа;X;X;X;X;X;X
form_fashist_b_desc;Мир - во славу, война - в отраву;X;X;X;X;X;X
form_bourgeois_a_title;Государственная военная-социальная программа;X;X;X;X;X;X
form_bourgeois_a_desc;Миллионы за мир, миллионеры за войну!;X;X;X;X;X;X
form_bourgeois_b_title;Государственная социальная программа;X;X;X;X;X;X
form_bourgeois_b_desc;Мир дрпуг капитала!;X;X;X;X;X;X
pop_up_title;Поддержать промышленность;X;X;X;X;X;X
pop_up_desc;При поддержки государства в стране вспыхнул небывалый промышленный бум;X;X;X;X;X;X
srart_bosfor_title;Решение вопроса о проливах Босфора и Дарданелл;X;X;X;X;X;X
srart_bosfor_desc;Босфор - пролив между Европой и Малой Азией, соединяющий Чёрное море с Мраморным. В паре с Дарданеллами соединяет Чёрное море с Эгейским, которое является частью Средиземного. Из-за стратегически важного геополитического положения черноморских проливов их статус со времён античной Троянской войны неоднократно вызывал международную напряжённость и служил предметом озабоченности стран-соперниц, особенно в периоды ослабления и смены той или иной из основных великих держав. С этого момента Османская Империя открывает проливы для всех судов в мирное время.;X;X;X;X;X;X
srart_copenhagen_title;Решение вопроса о проливах через Копенгаген;X;X;X;X;X;X
srart_copenhagen_desc;С этого момента контроль Копенгагена определяет передвижени всех судов в Балтийское море в военное время. В мирное время проход доступен для всех.;X;X;X;X;X;X
switch_to_indian_tech_title;Программа развития Индии;X;X;X;X;X;X
switch_to_indian_tech_desc;В исключительно короткий срок Индия совершает промышленный переворот. Не имея собственных изобретений, она заимствует их у более развитых стран. Недостаток частных капиталов восполняется активной ролью в индустриализации государства, которое создает здесь фабричную промышленность, особенно предприятия тяжелой индустрии. Японское государство поддерживает частных предпринимателей, предоставляя им субсидии, освобождая от налогов, продавая построенные заводы в рассрочку тем примышленным фирмам, которые выполняли государственные заказы.;X;X;X;X;X;X
switch_to_british_tech_title;Программа укрепления Господства Британии;X;X;X;X;X;X
switch_to_british_tech_desc;Правь Британия Морями они говорят. Но чтобы это действительно стало истинной наши техонологии должны быть впереди планеты всей.;X;X;X;X;X;X
assimilation_spread_title;Принудительная ассимиляция;X;X;X;X;X;X
assimilation_spread_desc;При критически снижающихся показателях рождаемости, необходимо действовать наверняка. Одна нация - один народ;X;X;X;X;X;X
travel_to_europe_title;Путешествие в Европу;X;X;X;X;X;X
travel_to_europe_desc;Насер ад-Дин был первым иранским сувереном, отправившимся в Европу и, таким образом, обосновал недолгую, но важную традицию династии Каджаров. Он отправился в 1873 году и был назначен королевой Викторией рыцарем Ордена Подвязки, высочайшего рыцарского рыцарского ордена, а затем в 1878 году, когда он увидел Обзор Королевского флота, и, наконец, в 1889 году. пораженный технологией, которую он увидел, он написал очень популярный дневник, который был опубликован на нескольких языках, включая иранский, немецкий, французский и голландский.;X;X;X;X;X;X
persian_cinema_title;Иранский кинематограф;X;X;X;X;X;X
persian_cinema_desc;Во время своего первого визита в Европу шах Мозаффар ад-Дин был представлен «кинематографисту» в Париже, Франция. Немедленно влюбившись в серебряный экран, шах приказал своему личному фотографу приобрести все оборудование и знания, необходимые для доставки фильма в Персию, и таким образом запустил «иранское кино», которое быстро стал популярным.;X;X;X;X;X;X
silver_age_desc;Наш великий лидер ведет нас сквозь время в великое будующее.;X;X;X;X;X;X
egyptological_excavations1_title;Долина Царей;X;X;X;X;X;X
egyptological_excavations1_desc;Долина Царей в Египте - это практически неисчерпаемый источник новых археологических открытий. Если мы обратимся к правительству Египта с просьбой предоставить нам монопольное право на раскопки в Долине Царей, то сможем сделать все эти фантастические открытия без участия других великих держав.;X;X;X;X;X;X
colombia_irredenta_title;Великая Колумбия;X;X;X;X;X;X
colombia_irredenta_desc;Мечтой Боливара всегда было сильное независимое государство, объединяющее все земли Новой Гранады. Теперь, когда мы можем не сомневаться в нашем превосходстве над врагами, пришла пора осуществить её.;X;X;X;X;X;X
colombian_integration_title;Равноправие негров и белых;X;X;X;X;X;X
colombian_integration_desc;С окончанием власти испанской администрации на наших землях, афрокарибы, активно участвующие в борьбе за независимость, фактически приобрели равные права с белым населением Колумбии. Теперь осталось лишь закрепить их юридически, восстановив справедливость.;X;X;X;X;X;X
dip_med_title;Государственная социальная программа здравоохранения;X;X;X;X;X;X
dip_med_desc;Государству пора принимать меры по улучшения медицины в стране, но для этого нужны деньги;X;X;X;X;X;X
dip_med1_title;Государственная социальная программа здравоохранения;X;X;X;X;X;X
dip_med1_desc;Государству пора принимать по меры улучшения медицины в стране, но для этого нужны деньги;X;X;X;X;X;X
dip_med2_title;Государственная социальная программа здравоохранения;X;X;X;X;X;X
dip_med2_desc;Государству пора принимать меры по улучшения медицины в стране, но для этого нужны деньги;X;X;X;X;X;X
dip_med3_title;Государственная социальная программа здравоохранения;X;X;X;X;X;X
dip_med3_desc;Государству пора принимать меры по улучшения медицины в стране, но для этого нужны деньги;X;X;X;X;X;X
dip_med4_title;Государственная социальная программа здравоохранения;X;X;X;X;X;X
dip_med4_desc;Государству пора принимать меры по улучшения медицины в стране, но для этого нужны деньги;X;X;X;X;X;X
dip_medf_title;Государственная социальная программа здравоохранения;X;X;X;X;X;X
dip_medf_desc;Государству пора принимать меры по улучшения медицины в стране, но для этого нужны деньги;X;X;X;X;X;X
dip_medf1_title;Государственная социальная программа здравоохранения;X;X;X;X;X;X
dip_medf1_desc;Государству пора принимать меры по улучшения медицины в стране, но для этого нужны деньги;X;X;X;X;X;X
dip_medf2_title;Государственная социальная программа здравоохранения;X;X;X;X;X;X
dip_medf2_desc;Государству пора принимать меры по улучшения медицины в стране, но для этого нужны деньги;X;X;X;X;X;X
dip_medf3_title;Государственная социальная программа здравоохранения;X;X;X;X;X;X
dip_medf3_desc;Государству пора принимать меры по улучшения медицины в стране, но для этого нужны деньги;X;X;X;X;X;X
dip_medf4_title;Государственная социальная программа здравоохранения;X;X;X;X;X;X
dip_medf4_desc;Государству пора принимать меры по улучшения медицины в стране, но для этого нужны деньги;X;X;X;X;X;X
dip_med5_title;Государственная социальная программа здравоохранения;X;X;X;X;X;X
dip_med5_desc;Государству пора принимать меры по улучшения медицины в стране, но для этого нужны деньги;X;X;X;X;X;X
turkish_forever_title;Османизация Ближнего Востока;X;X;X;X;X;X
turkish_forever_desc;Арабский Халифат должен знать свое место. Ассимиляция арабов неизбежна;X;X;X;X;X;X
forced_troya_excavations_title;Долина Царей;X;X;X;X;X;X
forced_troya_excavations_desc;Луксор в наших руках, и теперь мы можем послать экспедицию в Долину Царей для проведения археологических раскопок. Открытия, сделанные в египетских гробницах, могут поднять наш престиж.;X;X;X;X;X;X
troya_excavations_title;По стопам Гомера;X;X;X;X;X;X
troya_excavations_desc;Древний город Троя - это практически неисчерпаемый источник новых археологических открытий. Если мы обратимся к правительству Турции с просьбой предоставить нам монопольное право на раскопки в Чанаккале, то сможем сделать все эти фантастические открытия без участия других великих держав.;X;X;X;X;X;X
troya1_excavations_desc;Наша держава возглавляет археологические раскопки Трои.;X;X;X;X;X;X
academic_confusion1_desc;У нас есть 100 дней чтобы решить в каком направление вложить наши деньги.;X;X;X;X;X;X
switch_to_free_tech_title;Деньги в обмен на школу;X;X;X;X;X;X
switch_to_free_tech_desc;Держите бабло и валите отсюда. Нам нужны другие ученые;X;X;X;X;X;X
no_culture_desc;Нет гражданских прав;X;X;X;X;X;X
primary_culture_only_desc;Гражданские права для основной культуры;X;X;X;X;X;X
culture_voting_only_desc;Гражданские права для признанных культур;X;X;X;X;X;X
all_voting_pops_desc;Всеобщие гражданские права;X;X;X;X;X;X
no_culture_l_desc;Нет конституции;X;X;X;X;X;X
primary_culture_only_1_desc;Основная конституция;X;X;X;X;X;X
culture_voting_only_l_desc;Конституция для признанных культур;X;X;X;X;X;X
all_voting_pops_l_desc;Всеобщие гражданские права;X;X;X;X;X;X
prohibition_cancelled_desc;Мы вынуждены отменить сухой закон, но вскоре мы сможем  ввести его снова;X;X;X;X;X;X
establish_the_dar_al_funun1_title;Основать Наланду;X;X;X;X;X;X
establish_the_dar_al_funun1_desc;Наланда — буддийский университет и монастырский комплекс, существовавший в V—XII веках на севере Индии, один из крупнейших образовательных центров своего времени, в котором работали, преподавали и обучались многие выдающиеся буддийские философы из разных стран, и куда съезжались многочисленные паломники. В настоящее время руины Наланды — исторический памятник в индийской провинции Бихар;X;X;X;X;X;X
fast_manchu_desc;Быстрая мобилизация маньчжурских сил.;X;X;X;X;X;X
not_fast_manchu_desc;Мобилизация маньчжурских сил замедлена.;X;X;X;X;X;X
korea_yes_desc;Корея приняла предложение.;X;X;X;X;X;X
toyota_corp_title;Корпорация Тойота;X;X;X;X;X;X
toyota_corp_desc;Несмотря на развитие рыночной экономики в нашей стране, мы должны сделать упор на бизнесы семей наших бывших феодалов. Они способны контролировать сложное производство;X;X;X;X;X;X
mitsubishi_corp_title;Корпорация Митсубиши;X;X;X;X;X;X
mitsubishi_corp_desc;Корпорации помогли нам развить тяжёлую промышленность, теперь пришло время наращивать военную мощь;X;X;X;X;X;X
sanction_on_title;Ввести санкции против Японии;X;X;X;X;X;X
sanction_on_desc;Японцы ведут слишком агрессивную политику! Мы обязаны умерить их пыл. (Япония получит штраф на импорт 5%);X;X;X;X;X;X
sanction_off_title;Отменить санкции против Японии;X;X;X;X;X;X
sanction_off_desc;Японский мир победил, аниме оказалось сильней;X;X;X;X;X;X
indonesia_invasion_title;Японская Индонезия;X;X;X;X;X;X
indonesia_invasion_desc;Для утверждения морской гегемонии остались последние шаги и мы готовы их выполнить!;X;X;X;X;X;X
build_yamato_title;Спустить тип "Ямато" на воду.;X;X;X;X;X;X
build_yamato_desc;Наши лучшие инженеры и учёные готовы спроектировать самый мощный корабль известный человечеству! Мы решили называть такие корабли типом "Ямато";X;X;X;X;X;X
jap_banzai_end_desc;Банzai-атака отражена.;X;X;X;X;X;X
Agressia_desc;Мы должны быстрее закончить с ними!;X;X;X;X;X;X
Not_Agressia_desc; Пока что мы не хотим провоцировать кризис;X;X;X;X;X;X
Military_tax_desc;Мы ввели военный налог, чтобы сражаться с нашими врагами;X;X;X;X;X;X
Military_ex_desc;Мы должны подготовить наши войска к войне!;X;X;X;X;X;X
The_costs_of_military_tax_desc;Военный налог хоть и помог нам в войне, но теперь у нас экономические трудности. Они не смертельны, но неприятны.;X;X;X;X;X;X
obrazovanue1_title;Реформа образования;X;X;X;X;X;X
obrazovanue1_desc;Настало время заняться проблемами грамотности в нашей стране;X;X;X;X;X;X
obrazovanue_cost_desc;Настало время заняться проблемами грамотности в нашей стране!;X;X;X;X;X;X
natsionalnoe_edinstvo_title;Национальное единство;X;X;X;X;X;X
Osman_peredacha_title;Передача территорий Турции ;X;X;X;X;X;X
Osman_peredacha_desc; Наши отношения с бывшим сюзеренном плохи. Если мы хотим выжить, то нам нужно сгладить углы между нашими державами и зарыть топор войны. Если же мы этого не сделаем, то мы обречены на годы разорительных войн, что невыгодно для наших нефтяных олигар... Точнее для нашей экономики, конечно!.;X;X;X;X;X;X
djibuti_expansion_title;Расцвет колониальной империи;X;X;X;X;X;X
djibuti_expansion_desc;Король, в ходе нашей экспедиции в Африку исследователи основали небольшой лагерь в регионе Джибути. За время экспедиции лагерь вырос до небольшого города с постоянным населением и только растёт. Он находится недалеко у выхода из Красного моря. Если мы потратим немного денег, то мы сможем построить там порт и заполучить новый выход в Африку. Его можно будет использовать для колонизации "Чёрного континента". Кроме того, его расположение даёт возможность получать доход с кораблей за проход Аденского залива. К тому же уже сейчас говорят о постройке пролива между Африкой и Азией, думаю это дело времени. Контроль этого региона даст нам доход от прохода кораблей по каналу в Суэце. Куда не посмотри, а от вложения денег в Джибути одни плюсы! ;X;X;X;X;X;X
djibuti_expansion3_title;Продолжаем колониальную экспансию;X;X;X;X;X;X
djibuti_expansion3_desc;В этот раз наш взор пал на южно-восточную Африку;X;X;X;X;X;X
fiat_corp_title;Компания Фиат;X;X;X;X;X;X
fiat_corp_desc;В Турине недавно появился автомобильный завод "Фиат" и сейчас он развивается огромными темпами! Он первый в Европе внедрил автосборочный конвейер получив огромные доходы. Его концерны уже по всей Италии, а в самом Турине произошёл экономический бум. Этот регион становится центром промышленности Италии. К тому же, Фиат готов за небольшую плату начать производство военной техники в случае войны. Но стоит ли этого того?;X;X;X;X;X;X
tunis_invasion_title;Зарождение колониальной империи;X;X;X;X;X;X
tunis_invasion_desc;Недавно мы получили колонию в Тунисе. Это стало нашим первым шагом к созданию колониальной империи. Наш престиж сильно вырос. С нами стали считаться, и сейчас нас опасается даже наш восточный сосед. Мы вступили в новую эру, эру колонизации, где много благ, но много и врагов!;X;X;X;X;X;X
westcoast_title;Американский Фронтир;X;X;X;X;X;X
westcoast_desc;После того, как Мексика передала нам территории, она забрала почти всех жителей оттуда, оставив после себя огромные пустоши. Если мы хотим чтобы эти территории приносили нашей стране и нашему народу выгоду, стоит любыми средствами переселять туда людей. Начиная добровольным и заканчивая принудительным переездом мигрантов и заключённых. Все на запад! Богатства ждут!;X;X;X;X;X;X
fiat_corp_work_2_title;Фиатовский военный комплекс;X;X;X;X;X;X
fiat_corp_work_2_desc;Фиат с любезностью согласился предоставить нам военное вооружение в нашу армию, и теперь у нас с ними заключён взаимовыгодный контракт, а наша армия получила высококачественное вооружение с быстрыми темпами производства! Теперь Италия, и в особенности её верхушка, может спать спокойно. Теперь ни внешний, ни внутренний враг нам не помеха. Если, конечно, армия сама не станет врагом. Но разве когда-то армия свергала своего царя и буржуев?!.;X;X;X;X;X;X
vibor_techshkol1_title;Школа бизнеса;X;X;X;X;X;X
vibor_techshkol1_desc;Недавно мы выбрали путь к цивилизации. И теперь когда мы стали страной равной нашим европейским партнёрам, мы можем внедрить те новшества, которые получили благодаря своему решению сделанному в прошлом!;X;X;X;X;X;X
vibor_techshkol2_title;Культурная школа;X;X;X;X;X;X
vibor_techshkol2_desc;Недавно мы выбрали путь к цивилизации. И теперь когда мы стали страной равной нашим европейским партнёрам, мы можем внедрить те новшества, которые получили благодаря своему решению сделанному в прошлом!;X;X;X;X;X;X
vibor_techshkol3_title;Военная школа;X;X;X;X;X;X
vibor_techshkol3_desc;Недавно мы выбрали путь к цивилизации. И теперь когда мы стали страной равной нашим европейским партнёрам, мы можем внедрить те новшества, которые получили благодаря своему решению сделанному в прошлом!;X;X;X;X;X;X
restore_brz_title;Объединение в Великую Бразилию;X;X;X;X;X;X
restore_brz_desc;После долгих и весьма неудачных войн власть Педру стремительно падала, и вот настал тот момент, когда его власть рухнула. Уже месяц в стране шли забастовки и протесты, а сегодня Педру II свергли и выгнали из страны. Теперь в Бразилии республика и всеобщая власть. Теперь когда рядом есть свободная страна, народ наших соседей всё больше хочет перемен! Мы предложили им объединение в одну страну, где у власти на правах автономии будут стоять старые люди. Почти все были не против, понимая что не смогут удержать власть в своих руках. Только Уругвай, где и так всё спокойно, отказался, и северные страны континента, где и так все собираются объединятся с Колумбией, которая становится всё сильней.;X;X;X;X;X;X
liberia_invasion_title;Интеграция Либерии;X;X;X;X;X;X
liberia_invasion_desc;Либерия долго была нашим партнёром, но времена меняются, и всё больше политики говорят о колонизации Африки. Мы обязаны в ней поучаствовать и для этого мы должны заполучить владения на континенте! Территории Либерии являются самыми подходящими для нас.;X;X;X;X;X;X
val_garibaldi_1_title;Постройка вала "Гарибальди";X;X;X;X;X;X
val_garibaldi_2_title;Совершенствование вала "Гарибальди" ;X;X;X;X;X;X
val_garibaldi_3_title;Модернизация	вала "Гарибальди";X;X;X;X;X;X
val_alpine_1_title;Постройка "Альпийского" вала;X;X;X;X;X;X
val_alpine_2_title;Совершенствование "Альпийского" вала;X;X;X;X;X;X
val_alpine_3_title;Модернизация "Альпийского" вала;X;X;X;X;X;X
val_alpine_1_desc;Наши отношения с Францией непостоянны. Франция может нести опасность, а на пути до средней Италии у нас одни равнины, что не сильно поможет сдержать такого сильного противника. Чтобы хоть как-то обезопасить западные границы необходимо построить "Альпийский вал" на территории Пьемонта, - это обезопасит нас от Французов.  (Выполните до изучения Систем глубокой обороны для получения следующей задачи цепочки) ;X;X;X;X;X;X
val_alpine_2_desc;Прошло долгое время с момента возведения "Альпийского вала" и на данный момент он достаточно устарел. Нам нужны финансы дабы организовать совершенствование вала и обезопасить свои границы с Францией. Не хотелось бы чтобы через пару лет хитрые Французы вошли в Рим. Защита превыше всего! (Выполните до изучения Проникновения в тыл противника для получения следующей задачи цепочки);X;X;X;X;X;X
val_alpine_3_desc;Долгие годы "Альпийский" вал служил нам верой и правдой, но сейчас это жалкое зрелище! Он не сможет остановить в горах и вражеского козла, что уж тут говорить об целых армиях в холмистых полях западной Италии? Нам нужна срочная модернизация, чтобы спасти Италию от Французских оккупантов. (Выполните до изучения Проникновения в тыл противника для завершения цепочки заданий);X;X;X;X;X;X
val_garibaldi_1_desc;Недавно мы получили территории вблизи Венеции, которые нужно удержать любой ценой! Для этого необходимо построить сеть укреплений в северо-восточной Италии для обороны от Австрии. После долгих переговоров было решено принять план великого Гарибальди. Наши инженеры обезопасят итальянские восточные границы!  (Выполните до изучения Систем глубокой обороны для получения следующей задачи цепочки);X;X;X;X;X;X
val_garibaldi_2_desc;Прошло долгое время с момента возведения "вала Гарибальди" и на данный момент он устарел. Нам нужны финансы дабы организовать совершенствование вала и обезопасить свои границы. Безопасность превыше денег! (Выполните до изучения Проникновения в тыл противника для получения следующей задачи цепочки);X;X;X;X;X;X
val_garibaldi_3_desc;Долгие годы "вал Гарибальди" служил нам верой и правдой, но сейчас пора закончить строительство! Пока он не может остановить в горах даже 2 армии, что уж тут говорить о целой группе армий в полях восточной Италии? Нам срочно нужны деньги на модернизацию вала, а пока мы в небольшой, но опасности! (Выполните до изучения Проникновения в тыл противника для завершения цепочки заданий);X;X;X;X;X;X
tunis_ass_title;Наши земли;X;X;X;X;X;X
tunis_ass_desc;Мы получили эти территории, однако тут живёт в основном чужое население, нужно эти исправлять!;X;X;X;X;X;X
prisoedinenie_vassalov_title;Присоединение вассалов;X;X;X;X;X;X
prisoedinenie_vassalov_desc;У нас есть вассалы имеющие слишком большую автономию, но мы можем издать закон о их присоединении и уменьшении их автономии. Таким образом, мы усилим свою власть над этими территориями;X;X;X;X;X;X
Lvymbia_title;Поднять штандарты Львумбии!;X;X;X;X;X;X
Lvymbia_desc;Мы уже давно живём по рассказам о великом Льве, который когда-то правил этими землями. Он правил строго, но справедливо.Однажды он загорелся идеей узнать что находится там, далеко, за океаном. И вот, он собрал свою свиту львов, людских рабов, свои богатсва и отправился в путь, однако он так и не вернулся...  Мы из поколения в поколение передавали по наследству эту историю. Эти бледнолицые захватчики из-за моря не верят нам!Но мы то знаем что это правда. Настало время им доказать это! Мы должны объединиться, и вернуть под контроль все территории, в которых живут львы. Может быть мы сможем найти нашего предводителя, ведь по преданию, он является бессмертным! Отныне мы объявляем себя государством Львумбией! Мы покорим весь мир и Львы вернут свою власть над непокорными людьми. А пока-что, пока льва нет, мы будем править до того времени пока великий Лев не будет найден! Ура!!! ;X;X;X;X;X;X
reforma_v_Italii_title; Реформа образования в Италии ;X;X;X;X;X;X
reforma_v_Italii_desc; Настало время заняться проблемами грамотности в нашей стране!;X;X;X;X;X;X
eastern_crisis_title;Восоеденения арабов;X;X;X;X;X;X
eastern_crisis_desc;Мы востановили Арабское государство, однако были не в границах даже Аравийского полуострова, но теперь, когда мы захватили все страны полуостова, мы можем полноправно называть себя правоприемниками Арабского халифата! АЛЛАХ АКБАР! ;X;X;X;X;X;X
natsionalnoe_edinstvo_desc;Мы смогли отстоять свои интересы на территории северной Мексики пером и мечом, и теперь наш престиж повысился в глазах мира, люди мчатся ехать в сильную Мексику, а не в слабые США, к тому же наши граждане ошутили невероятный патриотический подъем, и многие жители страны стремятся в армию, чтобы защитить от посягательств на НАШИ земли. ;X;X;X;X;X;X
daga_kotowaru_title;Тяжелая судьба;X;X;X;X;X;X
daga_kotowaru_desc;Мы не готовы защишать территории северной Мексики - придётся их отдать северному соседу - если хотим выжить на геополитической арене, но мы не оставим наших братьев и заберём мексиканцев к нам в Мексику, они все получат дома в пригородах Мехико, а кто не хочет, заставим! ;X;X;X;X;X;X
diplomaty_eic_title;Закрытие Британской Ост-Индской торговая Компании;X;X;X;X;X;X
diplomaty_eic_desc;Британскская Ост-Индийская торговая Компания имела слишком большую автономию, наша страна почти её не контролирует и она всё больше отдаляется от нас, к тому же деньги компании уходят почти все в развитие самой компании, лишь жалкий 1 процент доходит до нас! Это возмутительно! Нужно срочно что-то делать, иначе мы потеряем Индию! Мы предлагаем национализировать компанию, поставить туда своих людей и полностью завладеть ей! Это позволит сохранить за собой Индию. ;X;X;X;X;X;X
manifesto11_title;1 этап Основание Управления;X;X;X;X;X;X
manifesto11_desc;Для модернизации регионов Ява и Суматра мы пойдём хитрым путём: Предоставим им помощь в управлении, но продемонстрируем наше превосходство, попутно расставляя наших чиновников на основные государственные позиции.;X;X;X;X;X;X
manifesto12_title;2 этап Замена Городских Администраций;X;X;X;X;X;X
manifesto12_desc;Мы дали им основы управления, однако своими силами далее эти обезьяны не справятся. Для индустриализации региона необходимо как можно быстрее построить заводы, так что начнём с городов;X;X;X;X;X;X
manifesto13_title;3 этап Наладить торговое сообщение с колониями на современном уровне ;X;X;X;X;X;X
manifesto13_desc;Мы создали огромный торговый флот и отправили его в Яву. Пускай эти туземцы будут приспосабливаются к цивилизации и общаются с торговцами под предводительством наших торговых асов! А мы заодно пошлем наших чиновников втихаря! Гениально! ;X;X;X;X;X;X
manifesto14_title;4 этап Предоставить гуманитарную помощь ;X;X;X;X;X;X
manifesto14_desc;Эти идиоты умудрились сжечь все главные поля риса! Теперь у них нет еды, и нам придётся перевезти на этот остров тонны еды и алкоголя! Хотя... С другой стороны это отличный повод заменить чиновников в сельской местности - они помогут начать индустриализацию! ;X;X;X;X;X;X
manifesto15_title;5 этап Постройка верфей на Яве и Сумматре ;X;X;X;X;X;X
manifesto15_desc;Господи, слава тебе, Господи! Мы пережили этот ад на земле под названием колониальная Ява и Суматра! Наконец-то мы больше не будем возить туда продукты и припасы! Теперь они будут сами производить свои корабли!Мы заказали им 4 броненосца.Посмотрим как они справятся. ;X;X;X;X;X;X
manifesto16_title;6 этап Принесем демократию этим дикарям ;X;X;X;X;X;X
manifesto16_desc;Спустя столько времени, мы наконец-то получили из туземцев нормальных граждан (ну... почти), и теперь можно заполучить власть над островом. Мы взяли что хотели, хоть и дорогой ценой. Только комендантов сменилось за это время 4! Одного вообще съели... Долгая история. Но это уже неважно, нужно забыть об этом, как о страшном кошмаре, и продолжать жить с цивилизованной, нашей Явой! ;X;X;X;X;X;X
Razdel_penjaba_title;Раздел Пенджаба;X;X;X;X;X;X
Razdel_penjaba_desc;Пенджаб имеет долгую и богатую историю, плотно связанную с нами, и хоть люди там на нас не похожи, а их вера другая, мы всё равно за столько лет стали очень близки. Перся должна признать пуштунов своими! К тому же Пенджаб богат ресурсами и удобен горами для обороны. Однако нужно договорится с Британией! Если они не согласятся, у нас будут проблемы! Мы должны понимать что мы слабее Англии и не сможем боротся с ней.;X;X;X;X;X;X
graet_igm_title;Реставрация Империи Великих Моголов;X;X;X;X;X;X
graet_igm_desc;Мы вернули себе былое величие, и теперь с нами считаются даже Европейские страны. Мы можем заслуженно называться "Империя Великих Моголов"!;X;X;X;X;X;X
Mogol_ambitions_title;Могольские амбиции;X;X;X;X;X;X 
Mogol_ambitions_desc;Мы взяли под власть центральную индию и затмили всех своих соседей, особенно восточных псведо индусов-колонистов, которые собирались создать тут свою страну, однако я вам скажу: "Чемодан, вокзал, Дакка!";X;X;X;X;X;X
graet_eic_title;Объеденение Индийских народов;X;X;X;X;X;X
graet_eic_desc;Мы объеденили юго-восточные и центральные народы Индии, теперь мы можем заявить о создании нового государство - Индия! Мы докозали Северо-Западным варварам-моголам, что только европейцы могут управлять и править этими землями, во славу королевы! ;X;X;X;X;X;X
reforma_v_Indii_title;Повышение грамотности в Индии;X;X;X;X;X;X
reforma_v_Indii_desc;Наша страна хорошо развита, однако несмотря ни на что наше население очень... тупое! Мы обязаны обучить этих варваров хотя бы понимать устный английский и писать на своём родном языке, даже если это придётся сделать насильно!;X;X;X;X;X;X
Inian_ambitions_title;Индийские амбиции;X;X;X;X;X;X 
Inian_ambitions_desc;Мы объединили почти все территории Индии, Моголы разбиты. Наша зависимость от королевы мала, мы сами по себе и будем дальше увеличивать наше богатства. Индия переживает свой золотой век, однако как долго он продлится? ;X;X;X;X;X;X 
korea_invasion_title;Японская Корея;X;X;X;X;X;X
korea_invasion_desc;Наша история неразрывно связанно с Кореей - мы всегда либо воевали, либо сотрудничили. Они были единственными с кем мы общались за пределами наших великих островов. Но настала пора развития и мы должны присоединить территории Кореи к себе. Это отличный плацдарм для колонизации Китая. Новая эра грядёт! ;X;X;X;X;X;X
manchu_invasion_fast_title;Японская маньчжурия(Быстрый вариант до 45 года);X;X;X;X;X;X
manchu_invasion_fast_desc;Мы спустя долгие войны и тяжкие испытания смогли захватить Манчжурию вместе с Кореей! Это блестательная победа для нашей страны! Мы показали всему миру, что достойны быть среди великих держав! Мало кто захочет связыватся с нами, после того как мы разгромили Китай и его вассала Корею. Слава Императорскому дому!;X;X;X;X;X;X
manchu_invasion_title;Японская Маньчжурия;X;X;X;X;X;X
manchu_invasion_desc;Получив Корею, мы приобрели выход дальше на континент, в Китай! И мы воспользовались этим - с помощью захваченных территорий оснастили войска и начали войну с Китаем. Война была трудна, но мы победили! Теперь, когда такой колосс, как Китай был разгромлен, все державы смотрят на нас с опаской - если мы смогли победить Китай, то что нам мешает победить и других ? ;X;X;X;X;X;X
taiwan_invasion_title;Японский Тайвань;X;X;X;X;X;X
taiwan_invasion_desc;Великие державы начали операцию "Китайский дракон"! Мы также поучаствовали в ней и в ходе неё получили Тайвань! Это отличная территория, и важный порт для нашего флота. Мы готовы признать его своим. Отныне Тайвань будет считатся частью Японского архипелага!;X;X;X;X;X;X
kong_invasion_title;Японский Вьетнам;X;X;X;X;X;X
kong_invasion_desc;Вьетнам - далёкая колония, однако полезная для нашей страны. Он находится на переферии нашей империи. Там находятся важные порты нашего флота. Это важная точка для выхода в Индийский океан и Океанию. Контроль над ним даёт нам дополнительное уважение со стороны других держав.;X;X;X;X;X;X
hawaii_invasion_title;Японские Гавайи;X;X;X;X;X;X
hawaii_invasion_desc;Мы получили множественные колонии на восточном побережье Азии. Мы не сможем получить кусок Африки, однако можем начать колонизировать Тихоокеанские острова! Мало кто туда полезет, а их много , и наверняка, там много ресурсов! Чтоб начать колонизацию нам нужен лучший плацдарм, и лучше всего для этого подойдут некие большие острова в самом сердце Тихого Океана. Если мы их получим, то сможем колонизировать даже острова у Побережья Америки. Если они там есть.;X;X;X;X;X;X
russia_invasion_title;Японский Дальний Восток;X;X;X;X;X;X
russia_invasion_desc;Мы являемся самой сильной страной в регионе, однако с нами может потягаться Россия. Она может навредить нам, нужно нанести привентивный удар и ослабить её! Целью для войны мы можем объявить Приморье и Сахалин. Эти территории заселенны близкими к нам по крови народами, так что не думаю, что население будет против нас. Скорее всего, они даже будут помогать нам!;X;X;X;X;X;X
phillipines_invasion_title;Японские Филлипины;X;X;X;X;X;X
phillipines_invasion_desc;Филиппины, огромный архепелаг стратегически важных островов, который контролирует почти любой путь при движения из Сингапура в Токио и обратно. Если мы получим Филиппины, то будем монополистами грузоперевозок на Восточных берегах Азии. Все будут платить нам, никто не сможет проплыть из восточной Азии в другие части света, кроме Америки, не проплыв через наши территории. Есть, конечно, путь через Австралию, но он дороже чем путь через Филипины, даже с нашими транзитными сборами.;X;X;X;X;X;X
corki_savoia_title;Французская Савойя;X;X;X;X;X;X
corki_savoia_desc;Французские дипломаты давно хотят получить себе Савойю, но упрямые итальянцы отказываются! Французский народ устал терпеть, Франция офицально заявляет о своих притензиях на Савойю! Если итальянцы не хотят отдать её по-хорошему, будет по-плохому!;X;X;X;X;X;X
jopa_podsosa_desc;Мы заключили выгодную сделку с Голландцами;X;X;X;X;X;X	
podsos_desc;Мы заключили выгодную сделку;X;X;X;X;X;X	
podsos1_desc;Мы воспользовались ситуацией и заключили взаимовыгодную сделку;X;X;X;X;X;X	
podsos2_desc;Мы воспользовались ситуацией и заключили взаимовыгодную сделку с Францией;X;X;X;X;X;X	
podsos3_desc;Мы воспользовались ситуацией и заключили взаимовыгодную сделку с Британией;X;X;X;X;X;X	
suez_desc;Мы получаем доходы от контроля этого канала;X;X;X;X;X;X	
panama_desc;Мы получаем доходы от контроля этого канала;X;X;X;X;X;X	
kiel_desc;Мы получаем доходы от контроля этого канала;X;X;X;X;X;X	
stambul_desc;Мы получаем доходы от контроля этих проливов;X;X;X;X;X;X	
kopengagen_desc;Мы получаем доходы от контроля этого пролива;X;X;X;X;X;X	
aden_desc;Мы получаем доходы от контроля этого пролива;X;X;X;X;X;X	
gibraltar_desc;Мы получаем доходы от контроля этого пролива;X;X;X;X;X;X	
pers_desc;Мы получаем доходы от контроля этого пролива;X;X;X;X;X;X	
singopur_desc;Мы получаем доходы от контроля этого пролива;X;X;X;X;X;X	
foreign_investiments_tur_title;Инвестиции в Турцию;X;X;X;X;X;X
foreign_investiments_tur_desc;Турция постепенно теряет свою мощь, нужно это исправить! Нужно оживить нашу страну за счёт инвестиций других стран в нас!;X;X;X;X;X;X
tur_war_warfare_title;Выбор военной доктрины;X;X;X;X;X;X
tur_war_warfare_desc;Наше государство слабо и не сможет сосредоточится сейчас на обоих сферах военных действий, нам нужно выбрать, что мы будем развивать: Флот или армию? Флот даст нам возможность гегемонии на Средиземном море, а армия поможет в борьбе с нашими соседями. ;X;X;X;X;X;X
tur_war_corp_title;Развитие добычи в восточной Турции;X;X;X;X;X;X
tur_war_corp_desc;В Диярбакыр-Ване много железных и угольных рудников, к тому же на юге находятся плодородные фермы и поля. Но работают там примитивными инструментами, а смертность высока. Нужно это исправить! Мы можем вложить деньги в современное оборудовани, чтобы получить в будущем больше ресурсов, к тому же это поможет нам в постройке там промышленной базы, а если эксперимент пройдёт успешно, то можно будет переносить его и на другие регионы нашей страны!;X;X;X;X;X;X
tur_war_corp_sec_title;Развитие добычи в северо-восточной Турции;X;X;X;X;X;X
tur_war_corp_sec_desc;Эксперемент в Диярбакыр-Ване прошёл успешно, теперь постепенно можно улучшать оборудование и в других регионах, к примеру, в Трапезунде. Таким образом, вся горнодобываюшия промышленность в нашей стране будет работать лучше и поможет нам в случае войны;X;X;X;X;X;X
tur_war_corp_end_title;Развитие промышленности в Турции;X;X;X;X;X;X
tur_war_corp_end_desc;Эксперементы в горно-добываюших регионах нашей страны показали свою высокую эффективность, и теперь мы можем с помощью наших знаний и средств улучшить оборудование во всей стране.;X;X;X;X;X;X
tur_tech_boost_title;Культурное развитие;X;X;X;X;X;X
tur_tech_boost_desc;Культура нашего народа и нашей страны мало известна, как для народа, так и для других стран, нам нужно вложится в культурную сферу, отправить на всемирные выставки неверных наших специалистов. Пусть весь мир узнает о величественности нашей культуры, а мы узнаем о их, это хорошо ускорит развитие нашей культуры. ;X;X;X;X;X;X
foreign_investiments_ara_title;Инвестиции в Арабию;X;X;X;X;X;X
foreign_investiments_ara_desc;Арабия постепенно теряет свою мощь, нужно это исправить! Нужно оживить нашу страну за счёт инвестиций других стран в нас!;X;X;X;X;X;X
foreign_investiments_per_title;Инвестиции в Персию;X;X;X;X;X;X
foreign_investiments_per_desc;Персия постепенно теряет свою мощь, нужно это исправить! Нужно оживить нашу страну за счёт инвестиций других стран в нас!;X;X;X;X;X;X
rus_investiments_desc;Русские вложили в нас деньги и отправили своих людей;X;X;X;X;X;X
usa_investiments_desc;Американцы вложили в нас деньги и отправили своих людей;X;X;X;X;X;X
ger_investiments_desc;Немцы вложили в нас деньги и отправили своих людей;X;X;X;X;X;X
fra_investiments_desc;Французы вложили в нас деньги и отправили своих людей;X;X;X;X;X;X
eng_investments_desc;Англичане вложили в нас деньги и отправили своих людей;X;X;X;X;X;X
culture_tur_boost_desc;Мы вложили в культурное развитие нашей страны;X;X;X;X;X;X
tur_war_industry_all_desc;Мы вложили много средств в развите нашей индустриальной базы и получили плоды!;X;X;X;X;X;X
tur_war_industry_desc;Мы устроили эксперимент и он оказался успешным, теперь в этом регионе производительность шахт, ферм и фабрик больше!;X;X;X;X;X;X
tur_war_warfare_navy_desc;Мы направили свое развитие на Флот;X;X;X;X;X;X
tur_war_warfare_army_desc;Мы направили свое развитие на армию;X;X;X;X;X;X
investiments_yes_desc;Мы совсем недавно просили инвестиций, нам нужно подождать перед следующими;X;X;X;X;X;X
Transibirsk_run_title;Трансиб;X;X;X;X;X;X
Transibirsk_run_desc;Мы должны проложить самую длинную в мире ЖД когда-либо построенную. Мы свяжем Дальний восток с Европейской частью, так ещё и все населённые пункты, где проходит магистраль будут развиваться!;X;X;X;X;X;X
iron_in_nagpur_title;Нагпурское железо;X;X;X;X;X;X
iron_in_nagpur_desc;Местные рассказывают легенды о рудниках, в которых добывали благородный металл. Судя по нашим исследованиям, в этом регионе, и вправду, присутствует железо, но на его разработку уйдёт много денег;X;X;X;X;X;X
famine_ind_1_title;Первая часть борьбы с голодом;X;X;X;X;X;X
famine_ind_1_desc;Мы можем принять срочные меры для борьбы с голодом, но кто знает поможет ли это...;X;X;X;X;X;X
famine_ind_2_title;Вторая часть борьбы с голодом;X;X;X;X;X;X
famine_ind_2_desc;Теперь, когда мы осознали истинную опасность голода, пора начать с ним серьёзную борьбу;X;X;X;X;X;X
famine_ind_3_title;Третья часть борьбы с голодом;X;X;X;X;X;X
famine_ind_3_desc;Прошло немало времени с начала великого Индийского голода, мы до сих пор боремся с ним. Необходимо продолжать развивать наши зерновые поля;X;X;X;X;X;X
famine_war_end_1_title;Конец голода;X;X;X;X;X;X
famine_war_end_1_desc;Пришло время принять последнее решение связанное с голодом, чтобы наконец избавиться от него;X;X;X;X;X;X
famine_mug_1_title;Первая часть борьбы с голодом;X;X;X;X;X;X
famine_mug_1_desc;Мы можем принять срочные меры для борьбы с голодом, но кто знает поможет ли это...;X;X;X;X;X;X
famine_mug_2_title;Вторая часть борьбы с голодом;X;X;X;X;X;X
famine_mug_2_desc;Теперь, когда мы осознали истинную опасность голода, пора начать с ним серьёзную борьбу;X;X;X;X;X;X
famine_mug_3_title;Третья часть борьбы с голодом;X;X;X;X;X;X
famine_mug_3_desc;Прошло немало времени с начала великого Индийского голода, мы до сих пор боремся с ним, но нам необходимо продолжать развивать наши зерновые поля;X;X;X;X;X;X
famine_war_end_2_title;Конец голода;X;X;X;X;X;X
famine_war_end_2_desc;Пришло время принять последнее решение связанное с голодом, чтобы наконец избавиться от него;X;X;X;X;X;X
famine_la_india_title;Великий голод;X;X;X;X;X;X
famine_la_india_desc;Наш народ умирает...;X;X;X;X;X;X
famine_war_title;Борьба с голодом;X;X;X;X;X;X
famine_war_desc;Борьба с голодом;X;X;X;X;X;X
famine_war_first_step_title;Борьба с голодом - первый этап;X;X;X;X;X;X
famine_war_first_step_desc;Борьба с голодом начата;X;X;X;X;X;X
famine_war_second_step_title;Борьба с голодом - второй этап;X;X;X;X;X;X
famine_war_second_step_desc;Борьба с голодом продолжается;X;X;X;X;X;X
famine_war_third_step_title;Борьба с голодом - третий этап;X;X;X;X;X;X
famine_war_third_step_desc;Борьба с голодом почти закончена;X;X;X;X;X;X
famine_war_end_title;Голод - не пройдёт!;X;X;X;X;X;X
famine_war_end_desc;Наши модифицированные поля не дадут нам больше голодать никогда!;X;X;X;X;X;X
cost_of_inv_1_title;Инвестиции;X;X;X;X;X;X
cost_of_inv_1_desc;Мы инвестируем в страну;X;X;X;X;X;X
cost_of_inv_2_title;Инвестиции;X;X;X;X;X;X
cost_of_inv_2_desc;Мы инвестируем в страну;X;X;X;X;X;X
cost_of_inv_3_title;Инвестиции;X;X;X;X;X;X
cost_of_inv_3_desc;Мы инвестируем в страну;X;X;X;X;X;X
India_reforms_title;Реформа индийского образования.;X;X;X;X;X;X
India_reforms_desc;Пришло время избавиться от прошлой экономической модели, ведь теперь мы можем дать населению отличное образование!;X;X;X;X;X;X
India_desc;Из-за проблем с образованием наша страна сосредоточила экономическую силу на сельском хозяйстве и шахтерском ремесле.;X;X;X;X;X;X
Transsibirsk_run_title;Транссибирская магистраль;X;X;X;X;X;X
Transsibirsk_run_desc;Результатом строительства Транссибирской магистрали стала возникшая к 1905 году возможность впервые в истории Евразии следовать поездом без использования паромных переправ от берегов Атлантического океана (из Западной Европы) до берегов Тихого океана (до Владивостока). Транссиб соединяет Европейскую часть, Урал, Сибирь и Дальний Восток России, российские западные, северные и южные порты, а также железнодорожные выходы в Европу, с одной стороны, с тихоокеанскими портами и железнодорожными выходами в Азию.;X;X;X;X;X;X
FAQ_dec_title;Помощь в игре;X;X;X;X;X;X
FAQ_dec_desc;Небольшие подсказки для игры в мультиплеер и не только;X;X;X;X;X;X
Black_lifes_matter_title;Возрадуйтесь! Благо в единстве.;X;X;X;X;X;X
Black_lifes_matter_desc;Мы можем сфокусировться на ассимиляции в одном из метропольных регионов на 5 лет.;X;X;X;X;X;X
Change_canadian_general-governer_title;Смена Канадского генерал-губернатора;X;X;X;X;X;X
Change_canadian_general-governer_desc;Пользуясь нашим влиянием в Канаде мы смещаем губернатора и назначаем нового. После этого нам предстоит выбрать новый курс развития державы: либерализм, консерватизм или реакционизм.;X;X;X;X;X;X
native_american_minor_title;Признание индейских меньшинств;X;X;X;X;X;X
native_american_minor_desc;Наша страна широко населена данной культурой и хорошо было бы её признать для более эффективного функционирования страны;X;X;X;X;X;X
SA_Governor_Generals_rights_title;Права губернатора Южной Африки;X;X;X;X;X;X
SA_Governor_Generals_rights_desc;Воспользовавшись правами губернатора мы можем усилить добычу одного из ресурсов (железа, угля, древесины, нефти, пшеницы или фруктов) на 15% на 5 лет. После истечения этого срока можно будет изменить ресурс по этому же решению.;X;X;X;X;X;X
Canadian_Governor_Generals_rights_title;Права губернатора Канады;X;X;X;X;X;X
Canadian_Governor_Generals_rights_desc;Воспользовавшись правами губернатора мы можем усилить добычу одного из ресурсов (железа, угля, древесины, нефти, пшеницы или фруктов) на 15% на 5 лет. После истечения этого срока можно будет изменить ресурс по этому же решению.;X;X;X;X;X;X
Mantiba_colonisation_title;Колонизация Манитобы;X;X;X;X;X;X
Mantiba_colonisation_desc;Мы можем колонизировать этот регион, если нас будет поддерживать местное население. В данный момент оно страдает от нехватки жилищ, и если мы построим для них дома, то, наверняка, сможем заручиться их поддержкой. Но для этого нам придётся подготовть запасы железа и дерева для начала строительства. Также нам нужно будет попросить Британию передать нам колониальный опыт.;X;X;X;X;X;X
Saskachevan_colonisation_title;Колонизация Саскачевана;X;X;X;X;X;X
Saskachevan_colonisation_desc;Мы можем колонизировать этот регион, если нас будет поддерживать местное население. В данный момент оно страдает от нехватки обогрева и одежды, и если мы обогреем и оденем их, то сможем заручиться их поддержкой. Но для этого нам придётся подготовть запасы повседневной одежды и угля. Также нам нужно будет попросить Британию передать нам колониальный опыт. ;X;X;X;X;X;X
Alberta_colonisation_title;Колонизация Альберты ;X;X;X;X;X;X
Alberta_colonisation_desc;Мы можем колонизировать этот регион, если нас будет поддерживать местное население. В данный момент оно страдает от нехватки ШИРОКОГО круга товаров. Можно сказать, что они бедствуют. Мы обязаны им помочь. Так же нам нужно будет попросить Британию передать нам колониальный опыт.;X;X;X;X;X;X
Colambia_colonisation_title;Колонизация Колумбии ;X;X;X;X;X;X
Colambia_colonisation_desc;Мы можем колонизировать этот регион если нас будет поддерживать местное население. В данный момент оно страдает от нехватки еды, и если мы накормим их, то сможем заручиться их поддержкой. Но для этого нам придётся подготовть запасы зерна. Так же нам нужно будет попросить Британию передать нам колониальный опыт.;X;X;X;X;X;X
british_colonial_exp_for_can_title;Поделиться Британским колониальным опытом с Канадой ;X;X;X;X;X;X
british_colonial_exp_for_can_desc;Канаде предстоит колонизация больших областей и им необходим наш опыт в колонизации. ;X;X;X;X;X;X
nama_colonisation_title;Намская колонизация ;X;X;X;X;X;X
nama_colonisation_desc;Для колонизации данного региона нам необходимо продемонстрировать военное превосходство.;X;X;X;X;X;X
north_cap_colonisation_title;Колонизация Северного Капа ;X;X;X;X;X;X
north_cap_colonisation_desc;Для колонизации данного региона нам необходимо продемонстрировать промышленное превосходство.;X;X;X;X;X;X
conquest_title;Военное покорение;X;X;X;X;X;X
conquest_desc;Присоединим же новые земли к нашему государству агрессивным путем;X;X;X;X;X;X
conquest2_desc;Присоединим же новые земли к нашему государству;X;X;X;X;X;X
british_colonial_exp_for_saf_title;Поделиться Британским колониальным опытом с Южной Африкой;X;X;X;X;X;X
british_colonial_exp_for_saf_desc;Южной Африке предстоит колонизация больших областей и им необходим наш опыт в колонизации. ;X;X;X;X;X;X
peacefull_conquest_title;Мирное покорение;X;X;X;X;X;X
peacefull_conquest_desc;Мы можем покорить Бурские государства мирным путём. Мы захватим эти регионы с задержкой, но производство в них будет выше, и мы сможем заручиться поддержкой зулусов и африканеров;X;X;X;X;X;X
the_greate_reconstruction_title;Первый этап великой реконструкции ;X;X;X;X;X;X
the_greate_reconstruction_desc;Получив контроль над новыми землями мы обнаружили, что несмотря на все наши усилия? население там всё ещё бедствует. Дело в том, что там полностью отсутствует инфраструктура, и, как следствие, торговля невозможна, что является причиной бедности. Нам необходимо построить инфраструктуру.;X;X;X;X;X;X
the_greate_reconstruction2_title;Второй этап реконструкции ;X;X;X;X;X;X
the_greate_reconstruction2_desc;Теперь когда мы увеличили уровень жизни в наших землях, стоит подумать об освоении новых в южном полушарии Британской империи;X;X;X;X;X;X
new_england_will_be_ours_title;Канада на вершине могущества;X;X;X;X;X;X
new_england_will_be_ours_desc;Пришло время расширить наши владения ради укрепления наших границ;X;X;X;X;X;X
navy_bonus_by_can_desc;Лондону нужны верфи;X;X;X;X;X;X	
navy_bonus_by_saf_desc;Второй Шёлковый путь;X;X;X;X;X;X	
rgo_by_governor_general_farm_desc;Наш генерал-губернатор - настоящий колхозник;X;X;X;X;X;X
rgo_by_governor_general_mine_desc;Наш генерал-губернатор - настоящий шахтёр;X;X;X;X;X;X
cd_canadian_governor_generals_rights_desc;Права генерал-губернатора Канады.;X;X;X;X;X;X
cd_sa_governor_generals_rights_desc;Права генерал-губернатора Южной Африки.;X;X;X;X;X;X
british_helping_in_colonisation_desc;Британия помогает в колонизации;X;X;X;X;X;X
super_conquest_desc;Правительство не нашло решения;X;X;X;X;X;X
super_conquest1_desc;Сверхагрессивная экспансия.;X;X;X;X;X;X
peacefull_conquest1_desc;Мирная экспансия.;X;X;X;X;X;X
new_world_desc;Новый Свет.;X;X;X;X;X;X
a_nation_of_shopkeepers_desc;Мы будем делать бизнес;X;X;X;X;X;X
uk_navy_tradition_desc;Традиции прежде всего;X;X;X;X;X;X
uk_navy_tradition1_desc;Традиции прежде всего;X;X;X;X;X;X
saf_buff_desc;Свобода!Равенство!Золото!;X;X;X;X;X;X
can_buff_desc;Тут нам будет хорошо;X;X;X;X;X;X
Turkmen_colonized_title;Колонизация Туркмении;X;X;X;X;X;X
Turkmen_colonized_desc;Заселим Туркмению туркменами;X;X;X;X;X;X
Graeter_Persia_title;Сделаем Персию снова великой;X;X;X;X;X;X
Graeter_Persia_desc;Наша страна многократно возвышалась, и это происходит снова. Теперь мы сильны как никогда.;X;X;X;X;X;X
COR_CENTRAL_AMERICA_desc;С помощью наших дипломатов мы сможем претендовать на территории Эквадора и Колумбии.;X;X;X;X;X;X
COR_CENTRAL_AMERICA_title;Фабрикование претензий на Эквадор и Колумбию.;X;X;X;X;X;X
Investicii_v_region_title;Издержки отмены налогов в регионе;X;X;X;X;X;X
poderzka_regiona_title;Издержки ослабления налогов в регионе;X;X;X;X;X;X
Investicii_v_region_desc;Мы отказались от сбора налогов в регионе ради его развития, и вкладываем в него денег, из-за этого мы не получаем часть прибыли в бюджет;X;X;X;X;X;X
poderzka_regiona_desc;Мы ослабили налоги в регионе, из-за этого мы потеряли часть прибыли в бюджет;X;X;X;X;X;X
opit_boic_title;Передача опыта колониального управления;X;X;X;X;X;X
opit_boic_desc;Колонисты в Индии плохо разбираются в том, как управлять такой большой колониальной державай. Их рассовая политика не эффективна. Дабы получать из колонии больше ресурсов, нам надо потратиться на обучения чиновников.;X;X;X;X;X;X
opit_v_boic_ot_eng_title;Передача опыта колониального управления;X;X;X;X;X;X
opit_v_boic_ot_eng_desc;Наши люди обучаются у лучших рабовладельцев;X;X;X;X;X;X
inzeneri_eng_v_boic_title;Опыт британских инженеров;X;X;X;X;X;X
inzeneri_eng_v_boic_desc;Технологичность и умения британских фермеров, шахтёров и инженеров известны на весь мир, почему бы нам за небольшую плату не попросить их обучить наших фермеров, шахтёров и инженеров?;X;X;X;X;X;X
integratia_boic_v_eng_title;Интеграция в империю;X;X;X;X;X;X
integratia_boic_v_eng_desc;Теперь мы часть империи...;X;X;X;X;X;X
gudbay_eng_title;Мы независимы!;X;X;X;X;X;X
gudbay_eng_desc;Наконец-то мы освободились от оков этого гиганта!;X;X;X;X;X;X
gudbay_eng1_title;Мы независимы!;X;X;X;X;X;X
gudbay_eng1_desc;Наконец-то мы освободились от оков этого гиганта!;X;X;X;X;X;X
gudbay_eng2_title;Мы независимы...;X;X;X;X;X;X
gudbay_eng2_desc;Хотя мы и стали независимы, но наша экономика немного обрушилась. Это не продлится долго, скоро наша экономика приспособиться;X;X;X;X;X;X
obrazovanue_for_India1_title;Первые шаги;X;X;X;X;X;X
obrazovanue_for_India1_desc;Грамотность индусов минимальна, нам надо исправить, как можно скорее, ведь в современное время страна неграмотных людей просто нежизнеспособно! Выделим немного денег на субсидирование обучение знатных индусов на домах;X;X;X;X;X;X
obrazovanue_for_India2_title;Создание образования;X;X;X;X;X;X
obrazovanue_for_India2_desc;Хотя богатые и привелигированные индусы, получающие образование, вполне граммотны, по крайней мере по сравнению с обычными индусами, но это менее процента населения. Нам нужно, чтобы больше людей получили образование. Было решено построить платные школы, чтобы там могли учиться все индусы, имеющие доходы выше минимума ;X;X;X;X;X;X
obrazovanue_for_India3_title;Образование для всех!;X;X;X;X;X;X
obrazovanue_for_India3_desc;Мы наконец-то готовы к своему первому шагу к всеобщей грамотности! Отныне образование доступно для всех бесплатно в течении 4 лет! Это ещё неидеально, однако отныне любой индус может получить образование, хотя и качество его ещё очень храмает. ;X;X;X;X;X;X
obrazovanue_for_India4_title;Улучшение качества образования;X;X;X;X;X;X
obrazovanue_for_India4_desc;Наша система общего образования хотя и работает, но не очень эффективно. Качество образования хромает. Надо провести кампанию по популяризации школьного образования, к тому же, отныне ученики обучаются большему количеству предметам 6 лет, а учебники и другие вещи для обучения везут из самой Британии!;X;X;X;X;X;X
obrazovanue_for_India5_title;Кризис образования пройден!;X;X;X;X;X;X
obrazovanue_for_India5_desc;Вот и настал тот день, когда отныне Индия не является отсталой и неграмотной страной. Мы может и не догнали Европейцев по уровню грамотности, однако по темпам обучаемости, Индия точно вышла вперёд!;X;X;X;X;X;Xя
assimilation_cd_desc;Мы проводим программы ассимиляции населения;X;X;X;X;X;X
CD_GG_desc;Мы провели честные выборы в Канаде;X;X;X;X;X;X
DP_BUFF1_title;Развитие добычи;X;X;X;X;X;X
DP_BUFF1_desc;Мы достаточно развиты, чтобы в экспериментальном режиме проверить некоторые инновации, благодаря которым добыча шахт и ферм повысится;X;X;X;X;X;X
DP_BUFF2_title;Инновации;X;X;X;X;X;X
DP_BUFF2_desc;Наш эксперимент прошёл более чем удачно. Шахты и фермы, где были применены новые методики и инструменты стали приносить в 2-3, а то и в 5 раз больше, чем давали до этого, мы обязанны улучшить наши наработки и ввести их в дело!;;X;X;X;X;X
Protectorate_over_India_Paints_desc;Мы получаем краски из Индии;X;X;X;X;X;X
Protectorate_over_India_Hlopock_desc;Мы получаем хлопок из Индии;X;X;X;X;X;X
Protectorate_over_India_Rubber_desc;Мы получаем резину из Индии;X;X;X;X;X;X
spa_convention2_desc; Отзыв особого статуса переферийных территорий;X;X;X;X;X;X
spa_convention2_title; Решение автономии северный провинций;X;X;X;X;X;X
restore_emp_title; Курс на восстановление великой империи;X;X;X;X;X;X
restore_emp_desc; После стольких лет унижений, пришло время напомнить миру о великой империи. Именно сейчас, стоя на краю пропасти, мы должны отстоять наше будущие и возвысить страну!;X;X;X;X;X;X
restore_emp2_title; Рост амбиций возрожденной империи;X;X;X;X;X;X
restore_emp2_desc; Наше великая страна добилась невероятных успехов в восстановлении старой империи. Настало время вернуть земли, что итак по праву должны принадлежать нам.;X;X;X;X;X;X
raskopka1_title;Поиск потенциальных мест раскопок;X;X;X;X;X;X
raskopka1_desc;Исследовать страну на наличие потенциальных мест раскопок;X;X;X;X;X;X
raskopka2_title;Начать Раскопку;X;X;X;X;X;X
raskopka2_desc;Начать процесс раскопок в надежде найти железо в одном из потенциальных мест . ;X;X;X;X;X;X
neft_kompania_form_title;Основать нефтяную компанию!;X;X;X;X;X;X
neft_kompania_form_desc;Пришла пора утвердить наше место на мировой арене!(Нефтяная компания состоит из 3 уровней, для повышения которых нужны вложения сюзерена) Компания даёт увеличение эффективность дп на нефти + увеличивает уровень жизни на нефти + миграцию даёт в провки с нефтью + ассимилирует всех попов в вашу признанную культуру;X;X;X;X;X;X
neft_kompania_1c_title;Повысить уровень компании;X;X;X;X;X;X
neft_kompania_1c_desc;Переход на следующий уровень/.;X;X;X;X;X;X
neft_kompania6_title;Инвестировать в Компанию;X;X;X;X;X;X
neft_kompania6_desc;Это позволит повысить уровень компании и получить плюшки.;X;X;X;X;X;X
assim_corky_title;Ассимиляция провинции;X;X;X;X;X;X
assim_corky_desc;Поддерживая военное присутствие в провинции мы можем добиться полной ассимиляции(нет);X;X;X;X;X;X
tur_ulti_title;Отправить ультиматум Османской Турции;X;X;X;X;X;X
tur_ulti_desc;Мы достаточно сильны и нам нужна нефть.Разве нужно что-то еще.;X;X;X;X;X;X
war_def_title;Чрезвычайные меры обороны;X;X;X;X;X;X
war_def_desc;Изъять у населения припасы для заводов и армии! Им это не понравится;X;X;X;X;X;X
war_push_title;Экстренная программа тренировки;X;X;X;X;X;X
war_push_desc;Наша военная ситуация разворачивается не в нашу пользу. Пора обучить всех по экстренному курсу!;X;X;X;X;X;X
alg_dakar_start_desc;Запасение припасами, расчистка территории, экспедиции в пустыню - все это дело не пяти минут.Поэтому мы начнем все сейчас, а закончим ли - это уже другая история.;X;X;X;X;X;X
alg_dakar_start_title;Подготовка к постройке ЖД Алжир-Даккар;X;X;X;X;X;X
alg_dakar_route_desc;Наши экспедиции из Константины обнаружили альтернативный путь для АДЖД!;X;X;X;X;X;X
alg_dakar_route_title;Смена маршрута АДЖД;X;X;X;X;X;X
alg_dakar_roaad_desc;Бонусы за постройку АДЖД;X;X;X;X;X;X
alg_dakar_finish_desc;Дорога построена, так что теперь никто не скажет, что Франция не развивает свои колонии! По секрету, некоторые индивидумы уже подумывают туда слинять.;X;X;X;X;X;X
alg_dakar_finish_title;Завершение строительства АДЖД;X;X;X;X;X;X
NAFTA_desc;Содружество США и Канады выгодно нам обоим!;X;X;X;X;X;X
NAFTA_title;Содружество НАФТА;X;X;X;X;X;X
the_5year_title;Запустить австрийскую пятилетку;X;X;X;X;X;X
the_5year_desc;Сегодня в 4 часа утра без обьявления о визите к нами вломился министр внутренних дел Антон Корсаров и предложил запустить програму пятилеток. А почему бы и нет?;X;X;X;X;X;X
form_ikea_title;Основать IKEA;X;X;X;X;X;X
form_ikea_desc;Нам сообщили, что мы настругали слишком много табуреток. Давайте настругаем еще больше! И продадим.;X;X;X;X;X;X
sanatoriy_title;Построить санаторий;X;X;X;X;X;X
sanatoriy_desc;Пока великие мира сего заняты перегрызанием глоток друг другу, наша задача максимально улучшить положение нашей страны на мировой арене.;X;X;X;X;X;X
blood_gold_desc;Расширение дп ЮАРА;X;X;X;X;X;X
annex_gre_title;Присоединить Грецию;X;X;X;X;X;X
annex_gre_desc;По нашим подсчетам, нашего влияния на Грецию достаточно для начала процесса присоединения.;X;X;X;X;X;X
SPCA_sattelite_title;Жажда бананов;X;X;X;X;X;X
SPCA_sattelite_desc;Мы попробуем "уговорить" правительство СПЦА на передачу под наш контроль всех банановых плантаций в обмен на нашу "защиту";X;X;X;X;X;X
Rejim_bez_migracii_title;Ввести Закрытый Режим;X;X;X;X;X;X
Rejim_bez_migracii_desc;Хватит это терпеть! Эти мигранты забирают работу у честных мексиканцев! Не допустим этого!;X;X;X;X;X;X
Rejim_migracia_title;Ввести Открытый Режим;X;X;X;X;X;X
Rejim_migracia_desc;Напротив! Эти мигранты приносят много денег в страну, а также много идей!;X;X;X;X;X;X
UNCOR_PUNJAB_title;Усмирение Пенджаба;X;X;X;X;X;X
UNCOR_PUNJAB_desc;Внутри наших границ существует община пенджабцев, которые думают, что они выше Могольских законов. Давно пора покончить с этим и обратить внимание на север.;X;X;X;X;X;X
UNCOR_TAJIKS_title;Усмирение Севера;X;X;X;X;X;X
UNCOR_TAJIKS_desc;Многие национальности на нашем севере слишком сильно укоренились на "своих" землях. Пора открыть им глаза на многокультурность нашей страны.;X;X;X;X;X;X
tough_choice_title;Провести Конференцию О Будущем;X;X;X;X;X;X
tough_choice_desc;На последнем обсуждении пятилетки был поставлен вопрос о дальнейшем "внешнем" развитии страны. Министры уверены что время настало!;X;X;X;X;X;X
the_rival_port_title;Дунайские порты;X;X;X;X;X;X
the_rival_port_desc;Контролируя обе стороны Дуная праительством было принято решение о финансировании аж двух портов в Добрудже.;X;X;X;X;X;X
the_rival_port2_desc;После хорошей работы портов в Добрудже было принято решение достроить их до верфей, чтобы соответствовать нуждам нашего флота.;X;X;X;X;X;X
the_rival_port2_title;Верфи Дуная;X;X;X;X;X;X
tea_need_title;Жажда чая;X;X;X;X;X;X
tea_need_desc;Больше чая! Наши колониальные губернаторы принесли новый план устройства ферм чая, и мы можем использовать их для получения большего количества столь любимого чая!;X;X;X;X;X;X
singapur_state_desc;Пора установить власть над Малайским полуостровом.;X;X;X;X;X;X
singapur_development_desc;Малайские автономии следует устроить на новый лад, а то местные рабочие прохлождаются без дела!;X;X;X;X;X;X
singapur_state_title;Защита Сингапура;X;X;X;X;X;X
singapur_development_title;Развитие каучукового производства в Малайе;X;X;X;X;X;X
colonial_race_desc;Участие в Колониальной Гонке;X;X;X;X;X;X
brz_resettle_start_title;Присоединиться к Колониальной Гонке;X;X;X;X;X;X
brz_resettle_start_desc;Правительство установило цели на предстоящую Колониальную Гонку.Для максимального результата МЫ ДОЛЖНЫ БЫТЬ В ЭТИХ РЕГИОНАХ ПЕРВЫМИ! Вперед!;X;X;X;X;X;X
brz_resettle1_title;Финиш Колониальной Гонки;X;X;X;X;X;X
brz_resettle1_desc;Гонка подошла к концу. Наше правительство открыло реальные цели нашей гонки. Они хотят переселить чиновников с побережья в Дельту. Вот хитрюги!;X;X;X;X;X;X
change_gov_type_title;Смена Правительства;X;X;X;X;X;X
change_gov_type_desc;Народ требует смены формы правления.В связи с этим было принято решение собираться раз в 10 лет по этой повестке.;X;X;X;X;X;X
change_gov_type2_title;Смена Правительства;X;X;X;X;X;X
change_gov_type2_desc;Народ требует смены формы правления.В связи с этим было принято решение собираться раз в 10 лет по этой повестке.;X;X;X;X;X;X
gov_changed_desc;Правительство на каникулах;X;X;X;X;X;X
brz_statue_title;Построить Статую Христа-Искупителя;X;X;X;X;X;X
brz_statue_desc;В эти трудные времена народ уверен, что если мы найдем деньги на этот проект - это обязательно "искупится" в будущем.;X;X;X;X;X;X
statue_bra_desc;Спасение Пришло;X;X;X;X;X;X
statue_bra2_desc;Надеемся Вовремя;X;X;X;X;X;X
elisabeth_desc;Мы - Второй Шёлковый путь;X;X;X;X;X;X
jopa_safa_desc;Мы - Второй Шёлковый путь;X;X;X;X;X;X
Adriatika_title;Балканский гамбит;X;X;X;X;X;X
Adriatika_desc;На Балканах разворачивается нешуточная борьба за Албанию. Австрия, Турция и Италия конкурируют за этот стратегический регион. Кто сможет завладеть им и контролировать всё Адриатическое море, объявив себя королём албанцев? ;X;X;X;X;X;X
korok_polshi_title;Ассимилируем австрийских поляков! ;X;X;X;X;X;X
udalenie_title;Ассимилируем прусских поляков! ;X;X;X;X;X;X
korok_polshi_desc;Мы расширили свои владения внутрь России и стали достаточно сильными. Сейчас мы можем спокойно ассимилировать поляков и не бояться осуждения великих стран;X;X;X;X;X;X
udalenie_desc;Мы расширили свои владения внутрь России и стали достаточно сильными. Сейчас мы можем спокойно ассимилировать поляков и не бояться осуждения великих стран;X;X;X;X;X;X
big_brazil_title;Объединение Южной Америки;X;X;X;X;X;X
big_brazil_desc;Мы объединили всех наших сограждан под крылом нашей великой нацией, и мир обязан узреть наше величие!(даёт глобал флаг на +0.5% к ассимиляции);X;X;X;X;X;X
big_mexico_title;Объдинение нашей страны под великое начало;X;X;X;X;X;X
big_mexico_desc;Мы объединили всех наших сограждан под единим началом нашей великой империи, и мир обязан узреть наше величие!;X;X;X;X;X;X
come_greeks_back_title;Пришло время вернуть Греков под наше начало;X;X;X;X;X;X
come_greeks_back_desc;Мы смогли завладеть Адриатикой. Пришло время вернуть наши восточные земли;X;X;X;X;X;X
form_canadian_fabric_title;Увеличим же производство дерева для наших фабрик;X;X;X;X;X;X
form_canadian_fabric_desc;При нажатии решения в ваши провки с тропическим деревом начнет выпадать ивент на расширение шахт с троп.деревом и эффективности дп в них;X;X;X;X;X;X
vliyanie_tur_title;Продвигаем влияние на Кавказе;X;X;X;X;X;X
vliyanie_tur_desc;Пришло время выбрать путь по которому мы пройдем ради нашего господства в Кавказе;X;X;X;X;X;X
vliyanie_tur2_title;Признаем же наших дальних предков;X;X;X;X;X;X
vliyanie_tur2_desc;Пришло время собрать наших братьев кавказцев под единое крыло Великого Турина;X;X;X;X;X;X
exchange_settings_dec_title;Передача денег;X;X;X;X;X;X
exchange_settings_dec_desc;Отдадим всяким вонючим нубасам наши фунты стерлингов. Чтоб они подавились ними!;X;X;X;X;X;X
caribean_purchase_title;Покупка Карибских островов;X;X;X;X;X;X
caribean_purchase_desc;Нам следует купить острова карибского бассейна, дабы не допустить в будущем незаконного пересечения морских границ европейцами у наших берегов;X;X;X;X;X;X
narco_kortel_title;Основать наркокартель;X;X;X;X;X;X
narco_kortel_desc;Мы заселим новые плантации опиума на этих островах!;X;X;X;X;X;X
alaskan_purchase2_title;Убрать национальные провинции России из Сев.Америки;X;X;X;X;X;X
alaskan_purchase2_desc;Уберем же претензии на наши новые штаты от восточной угрозы;X;X;X;X;X;X
annex_val_title;Аннексировать Валахию;X;X;X;X;X;X
annex_val_desc;Со времен крымской войны Россия вынудила нас освободить Валахское княжество. Что ж пришло время вернуть его в родную гавань нашей империи!;X;X;X;X;X;X
annex_mol_title;Аннексировать Молдавию;X;X;X;X;X;X
annex_mol_desc;Со времен крымской войны Россия вынудила нас освободить Молдавское княжество. Что ж пришло время вернуть его в родную гавань нашей империи!;X;X;X;X;X;X
add_reform_canada_title;Провести реформы в Канаде;X;X;X;X;X;X
add_reform_canada_desc;Дадим возможность нашему придатку проводить реформы, дабы мигранты чаще ехали туда;X;X;X;X;X;X
pribalts_title;Признание литовцев;X;X;X;X;X;X
pribalts_desc;Мы достаточно давно враждуем с литовцами из-за чего знаем о них всё;X;X;X;X;X;X
pribalts2_title;Признание эстонцев;X;X;X;X;X;X
pribalts2_desc;Эстонцы, они же фино-угры, почти, как наши братья скандинавы;X;X;X;X;X;X
pribalts3_title;Ассимилируем инакомыслящих;X;X;X;X;X;X
pribalts3_desc;Андрейка, наш великий Латышец-ютубер, будет рад этому событию, а вообще уже давно пора ассимилировать всех под 1у религию - Ислам. Да и кому нужно это Православие на землях русских?;X;X;X;X;X;X
add_power_canada_title;Освоение новых земель;X;X;X;X;X;X
add_power_canada_desc;Эти новые ледники станут основой для нашей новой военной базы;X;X;X;X;X;X
experience_title;Увеличить опыт армии;X;X;X;X;X;X
experience_desc;Мы достаточно богаты, чтобы профинансировать нашу армию и сделать её ещё лучше;X;X;X;X;X;X
australian_purchase_title;Покупка Австралии;X;X;X;X;X;X
australian_purchase_desc;Нам необходимо завладеть Австралией, дабы освоить новые земли ради Королевы Виктории!;X;X;X;X;X;X
north_africa_title;Контроль Северной Африки;X;X;X;X;X;X
north_africa_desc;Наша Великая держава смогла достичь контроля сих ценных земель. Что ж пришло время проассимилировать там всё население и сделать Средиземное море - внутренним;X;X;X;X;X;X
scandinavian_colony_title;Скандинавские колонии;X;X;X;X;X;X
scandinavian_colony_desc;Наши соседи давно уже имеют множество колоний в разных точках мира пришла пора и нам заявить о себе и своих претензиях!;X;X;X;X;X;X
spa_colonies_title;Розовая Карта;X;X;X;X;X;X
spa_colonies_desc;Португальцы давно мечтали соединить 2 берега Африки что ж пришло время воплотить их мечту в реальность;X;X;X;X;X;X
franafta_title;Сдача Квебека;X;X;X;X;X;X
franafta_desc;Когда-то Франция старого режима проиграла войну Великобритании из-за чего пришлось отдать эти земли по мирному договору, но теперь французы почувствовал слабость британской короны требуют вернуть их в состав Франции;X;X;X;X;X;X
krakovsk_title;Новый торговый путь;X;X;X;X;X;X
krakovsk_desc;Необходимо построить новый шелковый путь для торговли с Европой;X;X;X;X;X;X
ras_on_desc;Решения на экспансию;X;X;X;X;X;X
ras_on_title;Решения на экспансию;X;X;X;X;X;X
ras_off_desc;Закрыть все решения на экспансию;X;X;X;X;X;X
ras_off_title;Закрыть все решения на экспансию;X;X;X;X;X;X
dengi_on_desc;Решения для займов;X;X;X;X;X;X
dengi_on_title;Займы;X;X;X;X;X;X
dengi_off_desc;Закрыть решения на займы;X;X;X;X;X;X
dengi_off_title;Закрыть решения на займы;X;X;X;X;X;X
politika_on_desc;Политические решения;X;X;X;X;X;X
politika_on_title;Политические решения;X;X;X;X;X;X
politika_off_desc;Закрыть политические решения;X;X;X;X;X;X
politika_off_title;Закрыть политические решения;X;X;X;X;X;X
vnesh_politika_on_desc;Решения внешней политики;X;X;X;X;X;X
vnesh_politika_on_title;Решения внешней политики;X;X;X;X;X;X
vnesh_politika_off_desc;Закрыть решения внешней политики;X;X;X;X;X;X
vnesh_politika_off_title;Закрыть решения внешней политики;X;X;X;X;X;X
grant_request_cooldown_modifier_desc;На взаимствование денежной помощи;X;X;X;X;X;X
podsos7_desc;Мы получили бонусы от того что находимся в сфере Британии;X;X;X;X;X;X
podsos6_desc;Мы получили бонусы от того что находимся в сфере России;X;X;X;X;X;X
podsos5_desc;Мы получили бонусы от того что находимся в сфере Германии;X;X;X;X;X;X
podsos4_desc;Мы получили бонусы от того что взяли в сферу Скандинавию;X;X;X;X;X;X
florida_desc;Доходы от контроля канала во Флориде;X;X;X;X;X;X
florida2_desc;Доходы от контроля второго канала Флориды;X;X;X;X;X;X
yucatan_desc;Доходы от контроля Юкатанского канала;X;X;X;X;X;X
djibuti_expansion2_desc;Нам требуется как можно скорее расширить границы нашей империи, и не важно что об этом подумает мир. Всё ради Великой Италии!;X;X;X;X;X;X
djibuti_expansion2_title;Расширение!;X;X;X;X;X;X
railroads_cd_desc;Отсчет до прожатия решения на постройку ждшек;X;X;X;X;X;X
migration_cd_desc;Отсчет до прожатия решения на выбор миграции в регион;X;X;X;X;X;X
brz_migration_title;Создание миграционного рая;X;X;X;X;X;X
brz_migration_desc;Нужно выбрать, куда будут ехать большая часть мигрантов для удовлетворения нужд страны;X;X;X;X;X;X
brz_railroads_title;Постройка ждшечек;X;X;X;X;X;X
brz_railroads_desc;Так как в нашей стране много тропических деревьев и гор нам необходимо будет самим профинансировать постройку ждшек ;X;X;X;X;X;X
brz_railroads2_title;Вторая постройка ждшечек;X;X;X;X;X;X
brz_railroads2_desc;Так как в нашей стране много тропических деревьев и гор нам необходимо ещё раз профинансировать постройку ждшек ;X;X;X;X;X;X
graet_eic24_title;Пришло время нашего величия;X;X;X;X;X;X
graet_eic24_desc;Новый век - знак новых возможностей, а значит необходимо расширить наши владения;X;X;X;X;X;X
graet_igm23_title;Пришло время нашего величия;X;X;X;X;X;X
graet_igm23_desc;Новый - век знак новых возможностей, а значит необходимо расширить наши владения;X;X;X;X;X;X
joint_build_suez_canal_title;Присоединиться к постройке Суэцкого канала;X;X;X;X;X;X
joint_build_suez_canal_desc;Зачем строить самим, если можно заставить построить подсосов? \n ВНИМАНИЕ РЕШЕНИЕ ВОЗМОЖНО НЕ РАБОТАЕТ(СОВЕТУЕТСЯ ПРОГНАТЬ В СИНГЛЕ И ПРОЖАТЬ ЕГО);X;X;X;X;X;X
kaukazus_title;Русский Кавказ;X;X;X;X;X;X
kaukazus_desc;Необходимо распространить православие и русскую веру среди народов кавказа ;X;X;X;X;X;X
fabrics_title;Поддержание капиталистов;X;X;X;X;X;X
fabrics_desc;Проспонсируем деньгами наших капиталистов, чтобы они быстрее возводили новые сооружения в нашей стране;X;X;X;X;X;X
french_vietnam_title;Французкий Индо-Китай;X;X;X;X;X;X
french_vietnam_desc;Нам необходимо влезть в этот регион раньше британцев и распространить там свое влияние, после чего мы будем усилять наш Великий флот!!!;X;X;X;X;X;X
annex_KRA_title;Окончательный Конец Польской Независимости;X;X;X;X;X;X
annex_KRA_desc;Краков - последний оплот идей польской независимости. Стоит добить последних революционеров и присоединить этот вольный город.;X;X;X;X;X;X
annex_MON_title;Горное Княжество Иллирии;X;X;X;X;X;X
annex_MON_desc;Черногория - страна гор и кристально чистых вод. Важно добиться котроля в этом княжестве и включить его в наш состав, иначе это сделают другие.;X;X;X;X;X;X
arabian_colonisation_desc;Присоединим к себе земли наших предков да воссоединимся вновь;X;X;X;X;X;X  
arabian_colonisation_title;Ливийская колонизация;X;X;X;X;X;X  
support_industry_title;Развитие промышленности;X;X;X;X;X;X
support_industry_desc;,Путём поднятия пошлин и субсидирования промышленников мы сможем преодолеть кризис.;X;X;X;X;X;X
support_education_title;Проблема Грамотности;X;X;X;X;X;X
support_education_desc;,Россия - страна крестьянства. Оно не заинтересовано в образовании, ведь для работы на земле человеку не нужно уметь даже читать. Но если мы хотим провести индустриализацию, то нужно побороть безграмотность.;X;X;X;X;X;X
support_financial_title;Обвал финансовой системы;X;X;X;X;X;X
support_financial_desc;,Нужно помочь нашим банкам пережить этот кризис и принять новые законы в сфере денежного обращения.;X;X;X;X;X;X
embrace_plurality_title;Царь Татарский;X;X;X;X;X;X
embrace_plurality_desc;,Татарами называются большинство не славянских народов России. Мы должны принять меры, чтобы интегрировать их в нашу империю. Решение дает +2 нац.приоритета;X;X;X;X;X;X
rise_of_american_business_desc;При нажатии решения конвертация попов в ремесленников увеличиться, а при нажатии решения США, то у нее появится +2 дополнительных нац. приоритета;X;X;X;X;X;X  
rise_of_american_business_title;Восход американского бизнеса;X;X;X;X;X;X
bosnian_aus_title;Аннекс Боснии и Герцоговины;X;X;X;X;X;X
bosnian_aus_desc;Так как Османская империя ослабла мы имеем идеальную возможность быстро и решительно ввести войска и присоединить эти земли себе;X;X;X;X;X;X
french_ultimatum_eng_title;Унижение Туманного Альбиона;X;X;X;X;X;X
french_ultimatum_eng_desc;Давно уже Британская империя считается сильнейшей в мире пришло время изменить ход истории и показать что англичане утратили своё морское превосходство;X;X;X;X;X;X
new_sca_land_title;Винланд;X;X;X;X;X;X 
new_sca_land_desc;Давным давно наши славные предки открыли Исландию, Гренландию после чего дошли до берегов Винланда пришло время вернуть наши законные земли!;X;X;X;X;X;X 
shlezvig_core_title;Возвращение Шлезвига;X;X;X;X;X;X 
shlezvig_core_desc;В условиях ослабления датского влияния и роста национального самосознания в Скандинавии наше государство получает возможность заявить свои законные притязания на Шлезвиг как на неотъемлемую часть северного пространства. Принятие этого решения укрепит наши позиции в регионе, усилит национальный дух и откроет путь к защите интересов скандинавских народов.;X;X;X;X;X;X 
poland_back_title;Присоединение Польши;X;X;X;X;X;X 
poland_back_desc;Присоединим же ляхов к нашей Великой Империи;X;X;X;X;X;X 
finland_back_title;Присоединеие Финляндии;X;X;X;X;X;X 
finland_back_desc;Мы дали автономию этим землям пришло время приуменьшить её, а ещё лучше вообще убрать с карты Европы;X;X;X;X;X;X 
arabian_choise_title;Сложный выбор;X;X;X;X;X;X 
arabian_choise_desc;Нам необходимо решить вектор нашего развития или в грамотность или в признанных;X;X;X;X;X;X 
aus_monarchy_title;Доминирование Австрии;X;X;X;X;X;X 
aus_monarchy_desc;Мы должны показать свое превосходство перед Пруссией и объединим Южную Германию под своим началом;X;X;X;X;X;X 
BYZ_support_desc;Наши военные реформы помогли добится огромного успеха в логистике наши подраздилений.;X;X;X;X;X;X
BYZ_Ion_title;Британское влияния;X;X;X;X;X;X
BYZ_Ion_desc;Наш посол предложил провести рануд переговоров, чтоб накоец-то договорится с Британией, либо об Ионических островах и выходе в Африку, либо об коммерчиском и флотоводческим сотрудничестве.;X;X;X;X;X;X
BYZ_core_title;Арабский вопрос;X;X;X;X;X;X
BYZ_core_desc;Мы можем реализовать наши претензии на Арабию или Египет.;X;X;X;X;X;X
BYZ_TRI_title;Триполи;X;X;X;X;X;X
BYZ_TRI_desc;Мы можем договорится и реализовать план Трипольского развития, тогда местное население поддержит наши взгляды на мир. Но для этого нам нужно наладить коммуникации с нашими землями в Триполи.;X;X;X;X;X;X
BYZ_MON_title;Цетинский вопрос;X;X;X;X;X;X
BYZ_MON_desc;Контролируя Цетинье мы можем выйти на лидеров ассоциации и договорится с ними.;X;X;X;X;X;X
BYZ_MON1_title;Черногорское завоевание;X;X;X;X;X;X
BYZ_MON1_desc;Черногория оплот ассоциации, мы должны нанести по ним удар.;X;X;X;X;X;X
ai_buff_desc;Дополнительные бонусы для ИИ.;X;X;X;X;X;X
unciv_buff_desc;Дополнительные бонусы для нецивилизованных стран.;X;X;X;X;X;X
joint_suez_desc;Совместное управление Суэцким каналом.;X;X;X;X;X;X
joint_suezs_desc;Совместное управление Суэцким каналом (вариант S).;X;X;X;X;X;X
joint_suezd_desc;Совместное управление Суэцким каналом (вариант D).;X;X;X;X;X;X
can_buff2_desc;Дополнительные бонусы для Канады.;X;X;X;X;X;X
BYZ_MON_war_desc;В стране идет конфликт с монархистами.;X;X;X;X;X;X
djibuti_desc;Бонусы от контроля Джибути.;X;X;X;X;X;X
bonus_from_panama_desc;Мы получаем выгоды от контроля Панамского канала.;X;X;X;X;X;X
bonus_from_suez_desc;Мы получаем выгоды от контроля Суэцкого канала.;X;X;X;X;X;X
bonus_from_stambul_desc;Мы контролируем ключевые проливы в районе Стамбула.;X;X;X;X;X;X
bonus_from_pers_desc;Мы получаем выгоды от контроля Персидского залива.;X;X;X;X;X;X
bonus_from_kopengagen_desc;Мы контролируем проходы в районе Копенгагена.;X;X;X;X;X;X
bonus_from_aden_desc;Мы получаем выгоды от контроля Аденского пролива.;X;X;X;X;X;X
Bonus_from_kiel_desc;Мы контролируем Кильский канал.;X;X;X;X;X;X
bonus_from_gibraltar_desc;Мы контролируем Гибралтарский пролив.;X;X;X;X;X;X
bonus_from_singapour_desc;Мы контролируем Сингапурский пролив.;X;X;X;X;X;X
proliv_open_title;Открыть пролив;X;X;X;X;X;X
proliv_open_desc;Открыть пролив для судоходства.;X;X;X;X;X;X
BYZ_core_no_title;Отказ от территорий;X;X;X;X;X;X
BYZ_core_no_desc;Отказаться от византийских клеймов на этих территориях.;X;X;X;X;X;X
leave_SER_ROM_ALB_title;Покинуть сферу влияния;X;X;X;X;X;X
leave_SER_ROM_ALB_desc;Покинуть сферу влияния великой державы.;X;X;X;X;X;X
rise_of_siam_start_title;Сиамское возрождение;X;X;X;X;X;X
rise_of_siam_start_desc;Королевство Сиам долгое время оставалось отсталым государством 19 столетия, теперь мы стоим на пороге великих открытий, новые свершения и будущее ждёт наше государство под предводительством сильного лидера. Вперёд, Сиам!;X;X;X;X;X;X
fate_of_burma_title;Судьба Бирмы;X;X;X;X;X;X
fate_of_burma_desc;Пора покончить с этим государством, и раз и навсегда решить вопрос с бирманским народом;X;X;X;X;X;X
malakka_king_title;Правитель Малакки;X;X;X;X;X;X
malakka_king_desc;Малаккский пролив - ключевая артерия между Тихим и Индийским океаном, и государство Джохор является главной преградой к контролю этого пролива. Однако теперь, наши войска повесили флаг Сиама над Куала-Лумпуром, и теперь мы, наряду с Британией, являемся правителями Малаккского пролива!;X;X;X;X;X;X
malakka_boost_title;Развитие Малайи;X;X;X;X;X;X
malakka_boost_desc;После установления контроля над Малайей перед нами открывается возможность превратить этот регион в один из ключевых экономических центров всей Юго-Восточной Азии. Богатые ресурсы, выгодное географическое положение и контроль над торговыми путями через пролив делают Малайю стратегически незаменимой.;X;X;X;X;X;X
otkaz_birma_title;Отказ от Бирмы;X;X;X;X;X;X
otkaz_birma_desc;Мы не можем себе позволить начать экспансию на запад. Разойдёмся своими путями, и займёмся более важными делами;X;X;X;X;X;X
dainam_offensive_title;Наступление на Дайнам;X;X;X;X;X;X
dainam_offensive_desc;После покорения Бирмы и укрепления нашего влияния в Малайе лишь Дайнам продолжает стоять на пути полного объединения Индокитая под властью Сиама. Богатые земли Вьетнама и его выход к Южно-Китайскому морю делают его последним препятствием на пути к господству в регионе.;X;X;X;X;X;X
annex_cambodia_title;Аннекс Камбоджи;X;X;X;X;X;X
annex_cambodia_desc;Мы долго удерживали Камбоджу как вассала, они платили нам налоги но имели собственную независимую политику. Пора их интегрировать в наше государство народов Индокитая. Вместе мы сильнее!;X;X;X;X;X;X
request_help_sia_title;Запросить помощь;X;X;X;X;X;X
request_help_sia_desc;Необходимо выбрать государство-донора для спонсирования нашего развивающегося государства. С внешней помощью мы станем сильнее.;X;X;X;X;X;X
rpc_railroads1_title;Шелковый путь;X;X;X;X;X;X
rpc_railroads1_desc;Столетиями на землях Персии пролегал величайший торговый путь, пришло время его улучшить.;X;X;X;X;X;X
rpc_railroads2_title;Шелковый путь;X;X;X;X;X;X
rpc_railroads2_desc;Столетиями на землях Персии пролегал величайший торговый путь, пришло время его улучшить.;X;X;X;X;X;X
rpc_railroads3_title;Шелковый путь;X;X;X;X;X;X
rpc_railroads3_desc;Столетиями на землях Персии пролегал величайший торговый путь, пришло время его улучшить.;X;X;X;X;X;X
rpc_railroads4_title;Шелковый путь;X;X;X;X;X;X
rpc_railroads4_desc;Столетиями на землях Персии пролегал величайший торговый путь, пришло время его улучшить.;X;X;X;X;X;X
rpc_accepted_culture_get_title;Закрепление российского протектората;X;X;X;X;X;X
rpc_accepted_culture_get_desc;Наша архаичная государственность приняла европейский образец контроля над дальними территориями, из-за чего пограничные народы стали нам более лояльны.;X;X;X;X;X;X
gpc_accepted_culture_get_title;Закрепление германского протектората;X;X;X;X;X;X
gpc_accepted_culture_get_desc;Наша архаичная государственность приняла европейский образец контроля над дальними территориями, из-за чего пограничные народы стали нам более лояльны.;X;X;X;X;X;X
tpc_accepted_culture_get_title;Закрепление турецкого протектората;X;X;X;X;X;X
tpc_accepted_culture_get_desc;Наша архаичная государственность приняла европейский образец контроля над дальними территориями, из-за чего пограничные народы стали нам более лояльны.;X;X;X;X;X;X
gpc_tempo_increase_title;Немецкие ученые в нашей стране;X;X;X;X;X;X
gpc_tempo_increase_desc;Инвестиции самой передовой страны в европе приносят свои плоды.;X;X;X;X;X;X
tpc_buffs_got_title;Сотрудничество с нашими братьями по вере;X;X;X;X;X;X
tpc_buffs_got_desc;За Аллаха!;X;X;X;X;X;X
conquest_africa_stage_one_desc;Профилактика малярии позволяет нам немного продвинуться вглубь африканского континента;X;X;X;X;X;X
make_puppet_first_stage_desc;Профилактика малярии позволяет нам немного продвинуться вглубь африканского континента;X;X;X;X;X;X
annex_korea_title;Аннексировать Корею;X;X;X;X;X;X
annex_korea_desc;Корея уже давно находится в нашей сфере влияния. Настало время официально включить полуостров в состав Империи и укрепить наше положение на азиатском материке.;X;X;X;X;X;X
describe_our_way_title;Определиться с выбором;X;X;X;X;X;X
describe_our_way_desc;Настало время решить судьбу нашей страны;X;X;X;X;X;X
town_infrastructure_desc;Городская инфраструктура — улучшает развитие крупных городов.;X;X;X;X;X;X
province_selector_desc;Выбор провинции для применения эффекта.;X;X;X;X;X;X
conquest_africa_stage_two_desc;Второй этап завоевания Африки.;X;X;X;X;X;X
conquest_africa_stage_three_desc;Третий этап завоевания Африки.;X;X;X;X;X;X
select_prov_title;Выбор провинции;X;X;X;X;X;X
marker_jan_title;Маркер JAN;X;X;X;X;X;X
marker_jan_desc;Служебное решение для инициализации механики Jan Mayen.;X;X;X;X;X;X
active_combat_fleet_desc;Фокус на боевых кораблях.;X;X;X;X;X;X
fleet_expansion_desc;Ускоренное строительство и расширение флота.;X;X;X;X;X;X
fleet_mothballing_desc;Снижение расходов за счёт консервации кораблей.;X;X;X;X;X;X
grant_kd1_desc;Финансовая помощь.;X;X;X;X;X;X
cb_speed_desc;Ускоряет накопление casus belli.;X;X;X;X;X;X
ai_min_spending_triggered_desc;ИИ поддерживает минимальные налоги и тарифы.;X;X;X;X;X;X
naval_supply_shortage_warning_desc;Срочно устраните нехватку боеприпасов, артиллерии и взрывчатки на национальном складе, иначе наш флот потеряет боеспособность!;X;X;X;X;X;X
underfunded_fleet_desc;Критическая нехватка флотских припасов более четырёх месяцев подряд. Организация флота ?20%, скорость ремонта ?20%, время постройки кораблей +10%, атака флота ?5%, эффективность налогообложения ?3%.;X;X;X;X;X;X
non_colonial_desc;Государство ориентируется на развитие метрополии.\n\n§YГород построен:§!\nВыпуск фабрик в городах: §G+20%§!\nБонус к потреблению фабрик: §G-4%§!\nШтраф к выпуску ДП в городах: §R-15%§!\nМаксимум солдат в городах: §G10%§!\n\n§YТерритория урбан, города нет:§!\nБонус к потреблению фабрик: §G-1%§!\nШтраф к выпуску ДП: §R-20%§!\nШтраф на отсутствие города: §Gне действует§!\nМаксимум солдат: §G6%§!\n\nШтраф к выпуску фабрик без города и без урбана: §R-70%§!\nВыпуск ДП в колониях: §R-70%§!;X;X;X;X;X;X
inner_colonisation_desc;Государство ориентируется на развитие глубинки.\n\nВыпуск ДП в деревнях: §G+20%§!\nШтраф к выпуску фабрик без города (терреин урбан): §R-10%§!\nШтраф к выпуску фабрик без города (без урбана): §R-20%§!\n(вместо §R-70%§!);X;X;X;X;X;X
external_colonisation_desc;Государство ориентируется на развитие метрополии за счет колоний.\n\nВыпуск фабрик в городах: §G+10%§!\nШтраф к выпуску фабрик без города (нет урбана в штате): §R-70%§!\nШтраф к выпуску фабрик без города (есть урбан в штате): §R-25%§!\nВыпуск ДП в заморских провинциях: §G+35%§!\nШтраф к уровню жизни в заморских провинциях: §R-5%§!\nМаксимум солдат в метрополии: §G3.5%§!\nМаксимум солдат в заморских провинциях: §G6%§!;X;X;X;X;X;X
no_medical_reforms_desc;Отсутствие здравоохранения;X;X;X;X;X;X
bad_medical_reforms_desc;В нашей стране плохо развит институт здравоохранения;X;X;X;X;X;X
medium_medical_reforms_desc;В нашей стране средне развит институт здравоохранения;X;X;X;X;X;X
good_medical_reforms_desc;В нашей стране хорошо развит институт здравоохранения;X;X;X;X;X;X
reform_change_title;Смена реформы;X;X;X;X;X;X
reform_change_desc;Выбор политики флота и колоний;X;X;X;X;X;X
fleet_reform_change_cd_desc;Кд выбора доктрины флота;X;X;X;X;X;X
colonial_reform_change_cd_desc;Кд выбора колониальной политики;X;X;X;X;X;X
military_reform_change_cd_desc;Вы можете снова изменить военную политику только через 10 лет.;X;X;X;X;X;X
citizenship_reform_change_cd_desc;Вы можете снова изменить политику гражданства только через 10 лет.;X;X;X;X;X;X
por_war_brz_satellite_title;Ультиматум Бразилии;X;X;X;X;X;X
por_war_brz_satellite_desc;Португалия вновь предъявляет Бразилии требование вернуться под нашу сферу влияния. Мы готовы вести войну за сателлитство — это вызовет международное осуждение, но даст нам повод для войны с целью сделать Бразилию нашим сателлитом.;X;X;X;X;X;X
por_brazil_admin_reforms_title;Вложения в административные реформы;X;X;X;X;X;X
por_brazil_admin_reforms_desc;Масштабные административные реформы и строительные материалы позволят наладить управление бывшими бразильскими землями. Реформы потребуют дополнительных расходов и временно снизят эффективность сбора налогов на три года.;X;X;X;X;X;X
por_annex_brazil_title;Воссоединение с Бразилией;X;X;X;X;X;X
por_annex_brazil_desc;При достаточной промышленной мощи, сильном флоте и крупных финансовых резервах Португалия может мирно интегрировать Бразилию в состав империи. Это позволит получить все бразильские территории и добавить бразильскую культуру как принятую.;X;X;X;X;X;X
por_integrate_amazonia_title;Интеграция Амазонии;X;X;X;X;X;X
por_integrate_amazonia_desc;После аннексии Бразилии мы можем начать процесс освоения и интеграции обширных территорий Амазонии. При успехе эти земли станут неотъемлемой частью Португальской империи.;X;X;X;X;X;X
por_integrate_colonies_title;Интеграция колониальных владений;X;X;X;X;X;X
por_integrate_colonies_desc;Португалия владеет множеством колониальных территорий в Африке и Азии. При наличии колониальных переговоров и контроля над ключевыми провинциями мы можем провести реформы, превратив эти земли в полноценные части империи.;X;X;X;X;X;X
spa_colonial_empire_title;Колониальная империя;X;X;X;X;X;X
spa_colonial_empire_desc;Испания может интегрировать Колумбию, Эквадор и Венесуэлу в состав империи, если все три государства уже являются нашими сателлитами. Интеграция потребует крупных расходов и временно снизит административную эффективность.;X;X;X;X;X;X
spa_colonial_integration_title;Интеграция колониальных владений;X;X;X;X;X;X
spa_colonial_integration_desc;Масштабная бюрократическая работа и расход бумаги позволят наладить управление недавно присоединёнными территориями. Реформы временно снизят эффективность сбора налогов на три года.;X;X;X;X;X;X
spa_por_iberian_south_america_title;Иберийский контроль над Южной Америкой;X;X;X;X;X;X
spa_por_iberian_south_america_desc;Когда Испания контролирует Колумбию, Эквадор и Венесуэлу, а Португалия — Бразилию, обе державы закрепляют своё господство над Южной Америкой и получают выгоды от объединённого иберийского влияния.;X;X;X;X;X;X
hospital_desc;Госпиталь улучшает медицинское обслуживание в провинции и ускоряет рост населения. Можно строить только в провинции с городской инфраструктурой.;X;X;X;X;X;X
spa_integrate_argentina_title;Интеграция аргентинских земель;X;X;X;X;X;X
spa_integrate_argentina_desc;Интеграция бывших аргентинских территорий позволит значительно расширить наши владения, повысить жизненный уровень населения, укрепить национальный престиж, однако это вызовет некоторое международное осуждение.;X;X;X;X;X;X
spa_integrate_chili_title;Интеграция чилийских земель;X;X;X;X;X;X
spa_integrate_chili_desc;Включение бывших чилийских территорий в состав государства принесёт новые земли, повысит уровень жизни местного населения и укрепит наш престиж на международной арене, но слегка увеличит бесчестье.;X;X;X;X;X;X
canadian_charter_title;Канадская хартия;X;X;X;X;X;X
canadian_charter_desc;Предоставление Канаде самоуправления и интеграция канадских территорий. Канада становится цивилизованным государством и входит в состав империи.;X;X;X;X;X;X
saf_charter_title;Южноафриканская хартия;X;X;X;X;X;X
saf_charter_desc;Интеграция южноафриканских государств в состав империи. +15 бесчестья.;X;X;X;X;X;X
treaty_port_cb_desc;Получение договорного порта у Китая;X;X;X;X;X;X
honkong_lost_desc;Договорный порт в Гонконге перешёл под контроль иностранной державы, что подрывает доходы и престиж Китайской империи.;X;X;X;X;X;X
macao_lost_desc;Договорный порт в Макао перешёл под контроль иностранной державы, что подрывает доходы и престиж Китайской империи.;X;X;X;X;X;X
shankhai_lost_desc;Договорный порт в Шанхае перешёл под контроль иностранной державы, что подрывает доходы и престиж Китайской империи.;X;X;X;X;X;X
zindao_lost_desc;Договорный порт в Циндао перешёл под контроль иностранной державы, что подрывает доходы и престиж Китайской империи.;X;X;X;X;X;X
port_arthur_lost_desc;Договорный порт в Порт-Артуре перешёл под контроль иностранной державы, что подрывает доходы и престиж Китайской империи.;X;X;X;X;X;X
form_indochina_title;Формирование Индокитая;X;X;X;X;X;X
form_indochina_desc;Объединив народы и земли Юго-Восточной Азии под нашей властью, мы можем провозгласить создание единого Индокитая. Бирма, Дайнам, Джохор и Камбоджа должны признать наше превосходство или войти в состав нашего государства. После объединения Индокитай станет новой великой державой региона.;X;X;X;X;X;X
take_treaty_port_cb_desc;Отобрать у другой державы договорный порт, принадлежащий ей в Китае.;X;X;X;X;X;X
annex_TIB_title;Интегрировать Тибет;X;X;X;X;X;X
annex_TIB_desc;Тибет находится под властью Китая. Интеграция Тибета позволит окончательно включить его территории в состав империи Цин.;X;X;X;X;X;X
annex_MGL_title;Интегрировать Монголию;X;X;X;X;X;X
annex_MGL_desc;Монголия находится под властью Китая. Интеграция Монголии позволит окончательно включить её территории в состав империи Цин.;X;X;X;X;X;X
annex_MCK_title;Интегрировать Маньчжурию;X;X;X;X;X;X
annex_MCK_desc;Маньчжурия является частью владений, находящихся под контролем Китая. Интеграция позволит окончательно включить её территории в состав империи Цин.;X;X;X;X;X;X
accepted_culture_only_desc;Одна нация - один народ.\n\nФактор повышения/понижения статуса для признанных культур: §G+0.01%§!\nФактор повышения/понижения статуса для непризнанных культур: §R-0.03%§!;X;X;X;X;X;X
faster_assimilation_desc;Проведение политики ускоренной ассимиляции позволит быстрее интегрировать национальные меньшинства в господствующую культуру государства.\n\nАссимиляция меньшинств в их родных землях: §G+15%§!\nФактор повышения/понижения статуса для непризнанных культур: §R-0.03%§!;X;X;X;X;X;X
multiculturalism_desc;Этот вариант в данный момент не дает никаких бонусов и дебаффов;X;X;X;X;X;X
regular_army_desc;Скорость набора солдат: §G+5.0%§!;X;X;X;X;X;X
mass_army_desc;Всеобщая воинская повинность и опора на массовые армии.\n\nЛимит солдат в провинциях: §G+1%§!;X;X;X;X;X;X
more_mobilisation_desc;Увеличение мобилизационного резерва страны.;X;X;X;X;X;X
faster_reinforsements_desc;Ускоренная подготовка и пополнение действующей армии.\n\nСкорость восстановления солдат в провинциях: §G+400%§!;X;X;X;X;X;X
small_and_quality_army_desc;Небольшая, но отборная профессиональная армия.\n\nЛимит солдат в провинциях: §R-2%§!;X;X;X;X;X;X
prussian_academy_desc;Прусская военная школа и офицерская академия.\n\nЛимит солдат в провинциях: §G+1%§!;X;X;X;X;X;X
kwantung_army_desc;Дух самураев: не отступать и не сдаваться.;X;X;X;X;X;X
red_army_desc;Массовая революционная армия рабочих и крестьян.\n\nЛимит солдат в провинциях: §G+1%§!;X;X;X;X;X;X
blitzkrieg_doctrine_desc;Молниеносная война - ставка на скорость и манёвр.;X;X;X;X;X;X
mcl_progress_modifier_1_desc;Отсчёт до признания идёт. Каждый месяц отсчёт уменьшается 1 ед. за каждую выполненную цель:\n30% грамотности\n300 очков промышленности\n300 престижа\nМедицина\nМашинное производство\nНационализм и империализм\nКогда отсчёт дойдёт до нуля, наша держава станет признанной.\nПризнание: §G|§R|||||||||||||||||||§W.;X;X;X;X;X;X
mcl_progress_modifier_2_desc;Отсчёт до признания идёт. Каждый месяц отсчёт уменьшается 1 ед. за каждую выполненную цель:\n30% грамотности\n300 очков промышленности\n300 престижа\nМедицина\nМашинное производство\nНационализм и империализм\nКогда отсчёт дойдёт до нуля, наша держава станет признанной.\nПризнание: §G||§R||||||||||||||||||§W.;X;X;X;X;X;X
mcl_progress_modifier_3_desc;Отсчёт до признания идёт. Каждый месяц отсчёт уменьшается 1 ед. за каждую выполненную цель:\n30% грамотности\n300 очков промышленности\n300 престижа\nМедицина\nМашинное производство\nНационализм и империализм\nКогда отсчёт дойдёт до нуля, наша держава станет признанной.\nПризнание: §G|||§R|||||||||||||||||§W.;X;X;X;X;X;X
mcl_progress_modifier_4_desc;Отсчёт до признания идёт. Каждый месяц отсчёт уменьшается 1 ед. за каждую выполненную цель:\n30% грамотности\n300 очков промышленности\n300 престижа\nМедицина\nМашинное производство\nНационализм и империализм\nКогда отсчёт дойдёт до нуля, наша держава станет признанной.\nПризнание: §G||||§R||||||||||||||||§W.;X;X;X;X;X;X
mcl_progress_modifier_5_desc;Отсчёт до признания идёт. Каждый месяц отсчёт уменьшается 1 ед. за каждую выполненную цель:\n30% грамотности\n300 очков промышленности\n300 престижа\nМедицина\nМашинное производство\nНационализм и империализм\nКогда отсчёт дойдёт до нуля, наша держава станет признанной.\nПризнание: §G|||||§R|||||||||||||||§W.;X;X;X;X;X;X
mcl_progress_modifier_6_desc;Отсчёт до признания идёт. Каждый месяц отсчёт уменьшается 1 ед. за каждую выполненную цель:\n30% грамотности\n300 очков промышленности\n300 престижа\nМедицина\nМашинное производство\nНационализм и империализм\nКогда отсчёт дойдёт до нуля, наша держава станет признанной.\nПризнание: §G||||||§R||||||||||||||§W.;X;X;X;X;X;X
mcl_progress_modifier_7_desc;Отсчёт до признания идёт. Каждый месяц отсчёт уменьшается 1 ед. за каждую выполненную цель:\n30% грамотности\n300 очков промышленности\n300 престижа\nМедицина\nМашинное производство\nНационализм и империализм\nКогда отсчёт дойдёт до нуля, наша держава станет признанной.\nПризнание: §G|||||||§R|||||||||||||§W.;X;X;X;X;X;X
mcl_progress_modifier_8_desc;Отсчёт до признания идёт. Каждый месяц отсчёт уменьшается 1 ед. за каждую выполненную цель:\n30% грамотности\n300 очков промышленности\n300 престижа\nМедицина\nМашинное производство\nНационализм и империализм\nКогда отсчёт дойдёт до нуля, наша держава станет признанной.\nПризнание: §G||||||||§R||||||||||||§W.;X;X;X;X;X;X
mcl_progress_modifier_9_desc;Отсчёт до признания идёт. Каждый месяц отсчёт уменьшается 1 ед. за каждую выполненную цель:\n30% грамотности\n300 очков промышленности\n300 престижа\nМедицина\nМашинное производство\nНационализм и империализм\nКогда отсчёт дойдёт до нуля, наша держава станет признанной.\nПризнание: §G|||||||||§R|||||||||||§W.;X;X;X;X;X;X
mcl_progress_modifier_10_desc;Отсчёт до признания идёт. Каждый месяц отсчёт уменьшается 1 ед. за каждую выполненную цель:\n30% грамотности\n300 очков промышленности\n300 престижа\nМедицина\nМашинное производство\nНационализм и империализм\nКогда отсчёт дойдёт до нуля, наша держава станет признанной.\nПризнание: §G||||||||||§R||||||||||§W.;X;X;X;X;X;X
mcl_progress_modifier_11_desc;Отсчёт до признания идёт. Каждый месяц отсчёт уменьшается 1 ед. за каждую выполненную цель:\n30% грамотности\n300 очков промышленности\n300 престижа\nМедицина\nМашинное производство\nНационализм и империализм\nКогда отсчёт дойдёт до нуля, наша держава станет признанной.\nПризнание: §G|||||||||||§R|||||||||§W.;X;X;X;X;X;X
mcl_progress_modifier_12_desc;Отсчёт до признания идёт. Каждый месяц отсчёт уменьшается 1 ед. за каждую выполненную цель:\n30% грамотности\n300 очков промышленности\n300 престижа\nМедицина\nМашинное производство\nНационализм и империализм\nКогда отсчёт дойдёт до нуля, наша держава станет признанной.\nПризнание: §G||||||||||||§R||||||||§W.;X;X;X;X;X;X
mcl_progress_modifier_13_desc;Отсчёт до признания идёт. Каждый месяц отсчёт уменьшается 1 ед. за каждую выполненную цель:\n30% грамотности\n300 очков промышленности\n300 престижа\nМедицина\nМашинное производство\nНационализм и империализм\nКогда отсчёт дойдёт до нуля, наша держава станет признанной.\nПризнание: §G|||||||||||||§R|||||||§W.;X;X;X;X;X;X
mcl_progress_modifier_14_desc;Отсчёт до признания идёт. Каждый месяц отсчёт уменьшается 1 ед. за каждую выполненную цель:\n30% грамотности\n300 очков промышленности\n300 престижа\nМедицина\nМашинное производство\nНационализм и империализм\nКогда отсчёт дойдёт до нуля, наша держава станет признанной.\nПризнание: §G||||||||||||||§R||||||§W.;X;X;X;X;X;X
mcl_progress_modifier_15_desc;Отсчёт до признания идёт. Каждый месяц отсчёт уменьшается 1 ед. за каждую выполненную цель:\n30% грамотности\n300 очков промышленности\n300 престижа\nМедицина\nМашинное производство\nНационализм и империализм\nКогда отсчёт дойдёт до нуля, наша держава станет признанной.\nПризнание: §G|||||||||||||||§R|||||§W.;X;X;X;X;X;X
mcl_progress_modifier_16_desc;Отсчёт до признания идёт. Каждый месяц отсчёт уменьшается 1 ед. за каждую выполненную цель:\n30% грамотности\n300 очков промышленности\n300 престижа\nМедицина\nМашинное производство\nНационализм и империализм\nКогда отсчёт дойдёт до нуля, наша держава станет признанной.\nПризнание: §G||||||||||||||||§R||||§W.;X;X;X;X;X;X
mcl_progress_modifier_17_desc;Отсчёт до признания идёт. Каждый месяц отсчёт уменьшается 1 ед. за каждую выполненную цель:\n30% грамотности\n300 очков промышленности\n300 престижа\nМедицина\nМашинное производство\nНационализм и империализм\nКогда отсчёт дойдёт до нуля, наша держава станет признанной.\nПризнание: §G|||||||||||||||||§R|||§W.;X;X;X;X;X;X
mcl_progress_modifier_18_desc;Отсчёт до признания идёт. Каждый месяц отсчёт уменьшается 1 ед. за каждую выполненную цель:\n30% грамотности\n300 очков промышленности\n300 престижа\nМедицина\nМашинное производство\nНационализм и империализм\nКогда отсчёт дойдёт до нуля, наша держава станет признанной.\nПризнание: §G||||||||||||||||||§R||§W.;X;X;X;X;X;X
mcl_progress_modifier_19_desc;Отсчёт до признания идёт. Каждый месяц отсчёт уменьшается 1 ед. за каждую выполненную цель:\n30% грамотности\n300 очков промышленности\n300 престижа\nМедицина\nМашинное производство\nНационализм и империализм\nКогда отсчёт дойдёт до нуля, наша держава станет признанной.\nПризнание: §G|||||||||||||||||||§R|§W.;X;X;X;X;X;X
mcl_progress_modifier_20_desc;Отсчёт до признания идёт. Каждый месяц отсчёт уменьшается 1 ед. за каждую выполненную цель:\n30% грамотности\n300 очков промышленности\n300 престижа\nМедицина\nМашинное производство\nНационализм и империализм\nКогда отсчёт дойдёт до нуля, наша держава станет признанной.\nПризнание: §G||||||||||||||||||||§R§W.;X;X;X;X;X;X
gon_kong_title;Золотой Гон-Конг;X;X;X;X;X;X  
belize_offer_to_mexico_title;Предложить Белиз Мексике;X;X;X;X;X;X
gon_kong_desc;Необходимо заставить глупых китайцев работать ради нашей великой империи! Слава Британской Империи!;X;X;X;X;X;X  
army_changed_desc;Да поможет нам Антон;X;X;X;X;X;X;
army_changed2_desc;К мобилке куда ж еще;X;X;X;X;X;X;
go_back_to_mobile_desc;После переходного периода наша армия придет в норму.(Солдаты дебустятся быстрее до 5%);X;X;X;X;X;X;
go_back_to_mobile_title;Восстановить обычный режим Армии;X;X;X;X;X;X;
belize_offer_to_mexico_desc;Мы можем предложить Мексике уступить Белиз.;X;X;X;X;X;X
go_to_regular_focus_title;Фокус на регулярной Армии;X;X;X;X;X;X;
go_to_regular_focus_desc;Позволяет иметь на 1% солдат больше чем обычно, взамен 2% мобилки.(Смотреть в населении);X;X;X;X;X;X;
remove_MCK_debuff_title;Снять маньчжурский сепаратизм;X;X;X;X;X;X
remove_MCK_debuff_desc;Маньчжурия остаётся вассалом. Штраф сепаратизма снимается.;X;X;X;X;X;X
remove_MGL_debuff_title;Снять монгольский сепаратизм;X;X;X;X;X;X
remove_MGL_debuff_desc;Монголия остаётся вассалом. Штраф сепаратизма снимается.;X;X;X;X;X;X
remove_TIB_debuff_title;Снять тибетский сепаратизм;X;X;X;X;X;X
remove_TIB_debuff_desc;Тибет остаётся вассалом. Штраф сепаратизма снимается.;X;X;X;X;X;X
por_integrate_galicia_title;Интегрировать Галисию;X;X;X;X;X;X
por_integrate_galicia_desc;Добавить португальские кора на Галисию и убрать испанские.;X;X;X;X;X;X
select_prov_CHI_title;Выбор провинции (Китай);X;X;X;X;X;X
occupation_hospital_decay_desc;Провинция оккупирована больше года. Каждые полгода сносится 1 уровень больницы.;X;X;X;X;X;X
ask_association_with_ava_title;Войти в коалицию с даймё Ава;X;X;X;X;X;X
ask_association_with_ava_desc;Сикоку поддерживает нашу идею объединения Японии.;X;X;X;X;X;X
ask_association_with_asa_title;Войти в коалицию с даймё Асано;X;X;X;X;X;X
ask_association_with_asa_desc;Даймё Асано заинтересовано в объединении Японии под имперским знаменем.;X;X;X;X;X;X
ask_emperor_to_association_title;Войти в коалицию с императором;X;X;X;X;X;X
ask_emperor_to_association_desc;Император готов объединиться с южными даймё для объединения Японии.;X;X;X;X;X;X
army_recruitment_desc;Лимит солдат в провинции суммируется с другими модификаторами.;X;X;X;X;X;X
volunteer_army_desc;Лимит солдат: §R-2.00%§!\nСкорость набора солдат: §R-10.0%§!;X;X;X;X;X;X
contract_army_desc;Скорость набора солдат: §R-15.0%§!;X;X;X;X;X;X
mandatory_service_desc;Лимит солдат: §Yбез изменений§!\nСкорость набора солдат: §G+5.0%§!;X;X;X;X;X;X
mass_conscription_desc;Лимит солдат: §G+1.00%§!\nСкорость набора солдат: §G+15.0%§!;X;X;X;X;X;X
all_under_arms_desc;Лимит солдат: §G+2.00%§!\nСкорость набора солдат: §G+30.0%§!;X;X;X;X;X;X
quality_focus_desc;Лимит солдат: §R-1.00%§!\nСкорость набора солдат: §R-10.0%§!;X;X;X;X;X;X
accelerated_training_desc;Скорость набора солдат: §G+10.0%§!;X;X;X;X;X;X
mobilisation_focus_desc;Скорость набора солдат: §R-10.0%§!;X;X;X;X;X;X
russian_qing_central_asia_title;Интеграция Цинской Центральной Азии;;;;;;;;;;;;;x
russian_qing_central_asia_desc;После установления российского контроля над землями, находившимися под властью Цинской империи, правительство приступает к их окончательной интеграции в состав Российской империи.;;;;;;;;;;;;;x
select_prov_CHI_desc;Открыть действия для провинции с селектором (голод, вода, пиратство, амбар).;X;X;X;X;X;X
select_prov_desc;Открыть действия для провинции с селектором.;X;X;X;X;X;X
ZZZ_LOC_PAD_decisions;x;X;X;X;X;X
