#CODE;ENGLISH;FRENCH;GERMAN;POLISH;SPANISH;ITALIAN;SWEDISH;CZECH;HUNGARIAN;DUTCH;PORTUGESE;RUSSIAN;FINNISH;x
EVTDESC1002;Группа либералов, рассерженная отсутствием экономической свободы, и медленным темпом парламентских реформ, сформировали новую фракцию в политике $COUNTRY_ADJ$. Либертарианцы - революционный авангард либеральной идеологии, и они пойдут на любые средства, чтобы добиться реализации идей экономической и политической свободы и в $COUNTRY$, и за границей.;X;X;X;X;X;X
EVTNAME80000;Пекинская конвенция;X;X;X;X;X;X
EVTDESC80000;Русские потребовали, чтобы мы согласились на уступку нашей законной территории. Это возмутительно, но у нас нет никакого выбора, кроме как принять их требования. Если мы это сделаем, то они должны гарантировать нашу независимость от остальных европейских держав. Кроме того, мы слишком слабы, чтобы воевать, если русские решат этот вопрос силой.;X;X;X;X;X;X
EVTOPTA80000;У нас нет выбора, подписываем соглашение.;X;X;X;X;X;X
EVTOPTB80000;Пусть русские идут к черту!;X;X;X;X;X;X
EVTNAME80001;Китай отклонил конвенцию;X;X;X;X;X;X
EVTDESC80001;Неблагодарные китайцы лучше наблюдали бы, как горят их города, чем согласятся на наши законные требования! Нам, вероятно, придется научить уму-разуму наших глупых азиатских соседей.;X;X;X;X;X;X
EVTOPTA80001;Где русский флаг уже поднят, там он не должен быть опущен никогда!;X;X;X;X;X;X
EVTNAME4430;Под давлением;X;X;X;X;X;X
EVTDESC4430;«И любовь (люди на улицах) заставляет нас изменить наше отношение к самим себе.»\n-- Queen\n\nПолитический климат в $COUNTRY$ в последнее время очень сильно ухудшился, и всё большее и большее число граждан ставит под сомнение законность и честность нашего присутствия в Верхней Палате. Верхняя Палата всё чаще и чаще рассматривается как очередное бюрократическое учреждение, тормозящее на корню всякие перемены и реформы. Народ требует пересмотра законодательства, касающегося Верхней Палаты, с целью получения более честного и равноправного представительства..;X;X;X;X;X;X
EVTOPTA4430;Безумие смеется, мы ломаемся под тяжестью стресса.;X;X;X;X;X;X
EVTOPTB4430;Почему мы не можем дать себе ещё шанс?;X;X;X;X;X;X
EVTNAME13357;Доктрина Выморочных Владений;X;X;X;X;X;X
EVTDESC13357;Британская «Доктрина Выморочных Владений» применялась в Индии для аннексии множества квазинезависимых индийских княжеств. Доктрина запрещала индийским князям назначать усыновлённых детей своими наследниками, то есть замлю мог получить только родной сын от родного отца. Также, Британская Ост-Индская компания могла аннексировать земли под предлогом дурного управления ими. Благодаря этой доктрине, Британская Ост-Индская компания смогла аннексировать Сатару, Самбалпур, Нагпур, Джханси и Авадх. Из-за нынешнего положения нашей страны, Британская Ост-Индская компания объявила наше право на княжение недействительным.;X;X;X;X;X;X
EVTOPTA13357;Только не это!!;X;X;X;X;X;X
EVTNAME13358;Доктрина Выморочных Владений;X;X;X;X;X;X
EVTDESC13358;Британская «Доктрина Выморочных Владений» применялась в Индии для аннексии множества квазинезависимых индийских княжеств. Доктрина запрещала индийским князям назначать усыновлённых детей своими наследниками, то есть замлю мог получить только родной сын от родного отца. Также, Британская Ост-Индская компания могла аннексировать земли под предлогом дурного управления ими. Благодаря этой доктрине, Британская Ост-Индская компания смогла аннексировать Сатару, Самбалпур, Нагпур, Джханси и Авадх. Эта доктрина стала последней каплей, переполнившей чашу терпения индийцев. Она привела к восстанию сипаев в 1857-1859 годах. После восстания британцы ликвидировали Ост-Индскую компанию и пересмотрели свою политику в отношении индийских феодалов. В связи с тяжёлым положением дел в $FROMCOUNTRY$, Ост-Индская компания объявила независимость этого княжества недействительной.;X;X;X;X;X;X
EVTOPTA13358;Великолепно!;X;X;X;X;X;X
EVTOPTB13358;Теперь у нас ещё больше бесполезных территорий!.;X;X;X;X;X;X
EVTNAME23300;Таинственное чудовище топит корабли!;X;X;X;X;X;X
EVTDESC23300;$YEAR$ год ознаменовался удивительным происшествием [...] Дело в том, что с некоторого времени многие корабли стали встречать в;X;X;X;X;X;X
EVTOPTA23300;Эта угроза должна быть уничтожена!;X;X;X;X;X;X
EVTOPTB23300;Звучит как пересказ сюжета какой-то детской книжки.;X;X;X;X;X;X
EVTNAME23301;Таинственное чудовище топит корабли!;X;X;X;X;X;X
EVTDESC23301;$YEAR$ год ознаменовался удивительным происшествием [...] Дело в том, что с некоторого времени многие корабли стали встречать в;X;X;X;X;X;X
EVTOPTA23301;Эта угроза должна быть уничтожена!;X;X;X;X;X;X
EVTOPTB23301;Звучит как пересказ сюжета какой-то детской книжки.;X;X;X;X;X;X
EVTNAME23302;Профессора Аронакса выбросило на берег!;X;X;X;X;X;X
EVTDESC23302;Знаменитый французский профессор и морской биолог, Пьер Аронакс был обнаружен на $COUNTRY_ADJ$ берегу. Семь месяцев назад профессор отправился в морскую экспедицию, с целью разузнать всю правду о гигантском китообразном чудовище, уничтожевшем множество кораблей. Профессор рассказал крайне интересную и поражающую воображение историю о его злоключениях. Профессор заявляет, что во время столкновения между его кораблём и таинственным чудовищем, его снесло за борт, и он оказался внутри этого самого чудовища, которое оказалось человеческим кораблём, способным плавать под водой. Аронакс заявляет, что это судно, ведомое эксцентричным и отчаянным капитаном Немо, является домом для целой общины свободолюбивых матросов, которые отреклись от человеческого общества. Неважно, является ли правдой история профессора, главное, что он оставил многочисленные и подробные отчёты и описания новых форм жизни, которые он якобы увидел под водой, и что эти отчёты займут наших учёных на долгие годы вперёд.;X;X;X;X;X;X
EVTNAME19330;$CAPITAL$ конференция;X;X;X;X;X;X
EVTDESC19330;«Я не хочу упустить шанс поучавствовать в делёжке африканского пирога.»\n- Леопольд II, бельгийский король\n\nПриготовления к международной конференции по статусу африканских колоний в $COUNTRY_ADJ$ столице идут уже достаточно давно, и сегодня $MONARCHTITLE$ готов разослать приглашения на конференцию представителям всех заинтересованных сторон. Главным вопросом конференции станет вопрос статуса Конго. Одна из держав получит исключительное право на овладение землями Конго. Второразрядные державы и державы без колониальных владений, которые, однако, претендуют на земли в Конго, получат льготы на переговорах.;X;X;X;X;X;X
EVTOPTA19330;Отлично, рассылаем приглашения!;X;X;X;X;X;X
EVTOPTB19330;Я думаю, что будет разумно ничего не проводить...;X;X;X;X;X;X
EVTNAME19335;Конференция по Конго;X;X;X;X;X;X
EVTDESC19335;$MONARCHTITLE$, $FROMCOUNTRY$ принимает крупную международную конференцию по вопросу раздела Африки между великими державами. Главная тема повестки дня - вопрос принадлежности Конго, и наиболее вероятным исходом станет то, что всё Конго отойдёт в руки одной из держав. Большинство цивилизованных стран решили послать по представителю на конференции, но может оказаться и так, что затраты на отправку делегата от нашей страны могут оказаться слишком дорогими для нашей казны.;X;X;X;X;X;X
EVTOPTA19335; не хочу упустить шанс поучавствовать в делёжке африканского пирога;X;X;X;X;X;X
EVTOPTB19335;Я не думаю, что эта конференция заслуживает нашего внимания.;X;X;X;X;X;X
EVTNAME19340;Свободное государство Конго!;X;X;X;X;X;X
EVTDESC19340;«Свободное государство Конго является уникальным в своём роде. Я ни от кого ничего не скрываю и никому ничего не должен»\n- Леопольд II, бельгийский король\n\nКонференция по Конго наконец-то пришла к решению конголезского вопроса. Конференция завершена, и «Генеральный акт» вышедший сегодня, гласит, что $COUNTRY$ получает эксклюзивное право управвлять, колонизировать и эксплуатировать богатства Конго. Свободное Государство Конго будет находится под управлением $COUNTRY$, но формально будет считаться отдельным государством. Это поможет другим державам ускорить создание торговых отношений с Конго и поможет раскрыть потенциал этой страны.;X;X;X;X;X;X
EVTOPTA19340;Хорошо.;X;X;X;X;X;X
EVTNAME70000;$STATE$ получил статус штата!;X;X;X;X;X;X
EVTNAME70001;$STATE$ получил статус штата!;X;X;X;X;X;X
EVTNAME19345;Резина из Конго!;X;X;X;X;X;X
EVTDESC19345;Плодородные земли на побережье реки Конго прекрасно подходят для выращивания каучука. Но, к сожалению, большая часть этой земли или неосвоена, или используется аборигенами для выращивания своего скудного пропитания. Большие экономические интересы нашей страны не требуют ничего большего, чем выгодного использования этих земель, но местные аборигены могут быть недовольны выращиванием каучка на их землях. Что скажете, правитель??;X;X;X;X;X;X
EVTOPTA19345;Аборигены как-нибудь протянут!;X;X;X;X;X;X
EVTOPTB19345;Мы несём цивилизацию, а не ограбление!;X;X;X;X;X;X
EVTNAME19350;Общество по проведению реформ в Конго;X;X;X;X;X;X
EVTDESC19350;Из Свободного Государства Конго приходят многочисленные сообщения о том, что $COUNTRY_ADJ$ колониальная администрация слишком жестоко эскплуатирует коренное население. Сообщения о том, что жестокое обращение с абориганеми, побои аборигенов, многочисленные убийства и даже геноцид целых народов - это обычное дело в Конго, выставляют $COUNTRY_ADJ$ колониальную политику в очень плохом свете. С целью изменить ситуацию с правами человека в Конго к лучшему, была создана международная организация - Общество по проведению реформ в Конго, в которую вошли многочисленные знаментые писатели, учёные и деятели исскуств.;X;X;X;X;X;X
EVTOPTA19350;Проклятье!;X;X;X;X;X;X
EVTNAME16451;Набег на гарнизоны;X;X;X;X;X;X
EVTDESC16451;С началом техасской войны за независимость повстанческие войска смогли атаковать несколько мексиканских гарнизонов. Это предоставило техасской армии необходимые средства.;X;X;X;X;X;X
EVTNAME70002;Должники из державы $FROMCOUNTRY$ обанкротились!;X;X;X;X;X;X
EVTDESC70002;Должники из державы $FROMCOUNTRY$ обанкротились и утверждают, что ничего не должны нам! Мы можем использовать наши вооруженные силы, чтобы сохранить наши инвестиции;X;X;X;X;X;X
EVTNAME60150;Отмена права женщин голосовать;X;X;X;X;X;X
EVTDESC60150;С откатом избирательной реформы женщины более не в праве голосовать;X;X;X;X;X;X
EVTOPTA60150;Возвращайтесь на кухню, никчемные профурсетки!;X;X;X;X;X;X
EVTNAME31102;Исход из Стамбула;X;X;X;X;X;X
EVTDESC31102;В связи с потерей приграничных Стамбулу земель, наша столица находится под угрозой. Мы обязаны перенести её в более безопасное место - Анкару;X;X;X;X;X;X
EVTOPTA31102;Мы окончательно изгнаны из Европы...;X;X;X;X;X;X
EVTNAME15310;Летучий университет;X;X;X;X;X;X
EVTNAME15060;Первый Фермерский Банк ;X;X;X;X;X;X
EVTNAME19310;Мандат Неба;X;X;X;X;X;X
EVTDESC19310;Эта концепция китайской философии схожа с западным представлением о божественном праве королей, и она так же исторически использовалась для оправдания и обоснования монархической власти. После нашего недавного возвышения до статуса великой державы наши подданные снова уверовали, что наше правительство пользуется мандатом неба.;X;X;X;X;X;X
EVTOPTA19310;Отлично!;X;X;X;X;X;X
EVTNAME19320;Империя Солнца;X;X;X;X;X;X
EVTDESC19320;Япония, страна Восходящего солнца. В течение многих лет после того, как черные корабли гайдзинов появились у наших берегов, наша нация следовала в кильватере более могущественных, чем мы, государств. Однако после нашего недавного возвышения до статуса великой державы все изменилось. Отныне пусть ветры отражают и рассеивают любые иностранные волны, которые посмеют перекатываться через священные берега Великой Японии!;X;X;X;X;X;X
EVTOPTA19320;Банзай!;X;X;X;X;X;X
EVTNAME60080;Дорога к рабству;X;X;X;X;X;X
EVTDESC60080;В последнее время вас начинает охватывать жуткий страх, видя, как в стране начинает распространяться тишина. Там, где раньше царил свободный обмен мнениями и идеями, от перекрестков улиц и автобусных остановок до баров и университетов, теперь можно услышать только отголоски тишины. Становится очевидным, что традиции $COUNTRY_ADJ$ демократии разрушены до основания. Правительства для народа, из народа и во имя народа - больше не существует.;X;X;X;X;X;X
EVTOPTA60080;Муа-ха-ха!;X;X;X;X;X;X
EVTNAME14210_sub;Все что они говорят: «Дайте миру шанс!»;X;X;X;X;X;X
EVTNAME14040;Любовь и война;X;X;X;X;X;X
EVTNAME14120_sub;Предвыборные дебаты о религиозной политике;X;X;X;X;X;X
EVTNAME36898;Коронация королевы Виктории;X;X;X;X;X;X
EVTDESC36898;28 июня 1838 года принцесса Александрина Виктория из Ганноверской династии была коронована короной Соединенного королевства Великобритании и Ирландии под именем Виктории. Ее правление, продлившееся аж до начала XX века, осталось в памяти потомков эпохой абсолютного расцвета Британской империи, над которой никогда не заходило солнце. Последний британский монарх из Ганноверской династии, чье восхождение на трон привело к концу личной унии между Британией и Ганновером. Сегодня ликующая столичная толпа сопровождает юную королеву в ее резиденцию, недавно построенный Букингемский дворец.;X;X;X;X;X;X
EVTOPTA36898;Да здравствует королева!;X;X;X;X;X;X
EVTDESC15310;Она крадется по улицам города, боясь любой тени, ведь за ними могут скрываться $COUNTRY_ADJ$ солдаты. Освященный циферблат часов на церковной башне словно следит за ней своим огромным желтым глазом. Она опаздывает, но занятия все еще идут.\nПодпольный университет основан в провинции $PROVINCENAME$, где несмотря на запрет, получают высшее образование на языке национального меньшинства.;X;X;X;X;X;X
EVTNAME11100;$FROMCOUNTRY_ADJ$ парламент;X;X;X;X;X;X
EVTDESC11100;Подъем либерального национализма в великой державе $CULTURE_GROUP_UNION$ привел к падению правительства в государстве $FROMCOUNTRY$. Был созван новый парламент, состоящий из либеральных революционеров со всей страны, который объявил об ее объединении под одним флагом. Парламент предложил корону этого единого государства нам. Мы можем принять это предложение, однако это приведет к росту озабоченности международного сообщества, а также потребует от нас политических компенсаций революционерам.;X;X;X;X;X;X
EVTOPTA11100;Ура!;X;X;X;X;X;X
EVTOPTB11100;Я не приму корону из рук этого сброда;X;X;X;X;X;X
EVTNAME16070;Пожиратели огня;X;X;X;X;X;X
EVTDESC16070;«Это должно навсегда положить конец всем дискуссиям о нашем своеобразном институте».\n\nЕго речь была тихой, но несла в себе внутреннее пламя праведного гнева, направленного на всех и все, что он считал угрозой институту рабства. «Пожиратели огня», радикальные агитаторы за рабство, появились в провинции $PROVINCENAME$.;X;X;X;X;X;X
EVTOPTA16070;Все люди равны…;X;X;X;X;X;X
EVTOPTB16070;Он прав, как никто другой!;X;X;X;X;X;X
EVTNAME11102;Да здравствует $CULTURE_GROUP_UNION$!;X;X;X;X;X;X
EVTDESC11102;По всей стране $COUNTRY$ толпы празднующих, размахивая флагами державы $CULTURE_GROUP_UNION$, выходят на улицы, узнав, что правительство в городе $CAPITAL$ объявило об объединении этой державы под $COUNTRY_ADJ$ флагом.\n\n«Слишком долго нашей страной помыкали иностранные державы, устраивая заговоры и махинации. Отныне и навеки на просторах нашей родины мы закладываем основы более совершенного союза. Троекратное ура в честь объединения державы $CULTURE_GROUP_UNION$!»;X;X;X;X;X;X
EVTOPTA11102;Ура!;X;X;X;X;X;X
EVTOPTA17000;Никакого голосования по этому вопросу не будет;X;X;X;X;X;X
EVTOPTB17000;Только если будет достаточная поддержка в народе…;X;X;X;X;X;X
EVTNAME60120;Рост федерализма;X;X;X;X;X;X
EVTDESC60120;Чувство культурного единения захватывает державу $COUNTRY$, в которой народ начинает требовать объединения со своими культурными братьями из державы $CULTURE_GROUP_UNION$. Мы практически не сомневаемся, что они не будут возражать против просьбы о присоединении.;X;X;X;X;X;X
EVTOPTA60120;Давайте сделаем это;X;X;X;X;X;X
EVTNAME60130;Нота  о захвате от державы $FROMCOUNTRY$;X;X;X;X;X;X
EVTDESC60130;После всплеска националистических настроений в народе, $FROMCOUNTRY_ADJ$ правительство отправило нашим властям в городе $CAPITAL$ официальный запрос с просьбой о присоединении к нашему великому союзу. Кажется, у нас совершенно нет оснований отказывать им.;X;X;X;X;X;X
EVTOPTA60130;Давайте сделаем это;X;X;X;X;X;X
EVTOPTB60130;Во имя Господа, конечно же нет!;X;X;X;X;X;X
EVTNAME11103;Экспедиция Тысячи!;X;X;X;X;X;X
EVTDESC11103;$MONARCHTITLE$! До нас только что дошли известия, что известный боец за свободу Италии, Джузеппе Гарибальди и его «Экспедиция Тысячи» одержали победу и взяли под свой контроль правительство державы $FROMCOUNTRY$. Везде этого сурового воина радостно приветствуют ликующие толпы итальянцев, размахивающих трехцветными знаменами. Его встречают как освободителя Италии. Вследствие нашего доминирующего на полуострове положения, новое правительство, сформированное в государстве $FROMCOUNTRY$, сообщает о своем согласии с естественной позицией нашей державы как первого среди равных в новообразованной Италии.;X;X;X;X;X;X
EVTOPTA11103;Да здравствует Рисорджименто!;X;X;X;X;X;X
EVTOPTB11103;Кто этот человек, и что он хочет от меня?;X;X;X;X;X;X
EVTNAME32509;Продажа Аляски?;X;X;X;X;X;X
EVTDESC32509;Удочки, закинутые нашим посланником в Вашингтоне, бароном Эдуардом Андреевичем Стеклем, принесли свой улов. Сегодня Соединенные штаты предложили нам начать переговоры о продаже территории Русской Америки. Нам предлагают по 2 цента за акр, и это справедлива цена. Защитить эти колонии в случае войны с Великобританией будет невозможно, поэтому продажа их по разумной цене сейчас - вполне достойная идея. $MONARCHTITLE$, что скажите?;X;X;X;X;X;X
EVTOPTA32509;У нас и так достаточно земель с плохим климатом;X;X;X;X;X;X
EVTOPTB32509;Нет, не думаю. А вдруг мы сможем построить мост через пролив?;X;X;X;X;X;X
EVTNAME32510;Согласие России;X;X;X;X;X;X
EVTDESC32510;$MONARCHTITLE$, Россия согласилась продать нам Аляску!;X;X;X;X;X;X
EVTOPTA32510;Отлично!;X;X;X;X;X;X
EVTNAME32511;Отказ России;X;X;X;X;X;X
EVTDESC32511;$MONARCHTITLE$, переговоры о продаже Россией территории Аляски зашли в тупик, и в результате они отказались продать ее нам.;X;X;X;X;X;X
EVTOPTA32511;Черт!;X;X;X;X;X;X
EVTNAME13201;Дипломатическая миссия в осаде!;X;X;X;X;X;X
EVTDESC13201;До нас только что дошли новости, что местные элиты державы $FROMCOUNTRY$ решили изгнать наших послов из своей страны, и уже послали войска, которые взяли наше посольство в осаду, явно намереваясь обеспечить выполнение этого решения. Это дело может нанести огромный ущерб нашему международному авторитету, которого можно избежать только формальным объявлением войны державе $FROMCOUNTRY$. Что скажете, государь?;X;X;X;X;X;X
EVTOPTA13201;В атаку!;X;X;X;X;X;X
EVTOPTB13201;Пусть этот $FROMCOUNTRY_ADJ$ дракон спит и дальше;X;X;X;X;X;X
EVTNAME160001;Тайпинское восстание;X;X;X;X;X;X
EVTDESC160001;Крупное восстание произошло в Поднебесной!;X;X;X;X;X;X
EVTOPTA160001;Сокрушить их!;X;X;X;X;X;X
EVTOPTB160001;Уничтожить Манчжуров!;X;X;X;X;X;X
EVTNAME160502;Антиманчжурские настроения;X;X;X;X;X;X
EVTDESC160502;Император, наши чиновники докладывают об росте недовольства и даже ненависти к нашей династии. Все усугубляется унизительным присутствием иностранных дьяволов в наших городах и портах. Что же делать?;X;X;X;X;X;X
EVTOPTA160502;Пошлите солдат разобраться.;X;X;X;X;X;X
EVTOPTB160502;Не тратьте на это время!;X;X;X;X;X;X
EVTNAME90902;Распад Китая.;X;X;X;X;X;X
EVTDESC90902;Китай распался.;X;X;X;X;X;X
EVTOPTA90902;Свобода!;X;X;X;X;X;X
EVTNAME90040;Восстание Сипаев;X;X;X;X;X;X
EVTDESC90040;В Индии вспыхнуло восстание!;X;X;X;X;X;X
EVTOPTA90040;С этим могут возникнуть проблемы.;X;X;X;X;X;X
EVTNAME20000;Назревает международный кризис.;X;X;X;X;X;X
EVTDESC20000;От нас, как от великой державы, ждут выражения нашей позиции.;X;X;X;X;X;X
EVTOPTA20000;Да, мы заинтересованы этим кризисом.;X;X;X;X;X;X
EVTOPTB20000;Это нас не касается;X;X;X;X;X;X
EVTNAME20100;Напряжение, связанное с регионом $STATE$;X;X;X;X;X;X
EVTDESC20100;В последние годы международное сообщество предъявляет нам все больше претензий по поводу положения людей в регионе $STATE$. Они утверждают, что мы давно их угнетали и притесняли, и теперь они хотят стать свободными от нашей власти. Конечно, мы не потерпим вмешательства в наши внутренние дела и в дела региона $STATE$.;X;X;X;X;X;X
EVTOPTA20100;Конечно не потерпим!;X;X;X;X;X;X
EVTOPTB20100;Возможно нам стоит обсудить это...;X;X;X;X;X;X
EVTNAME20101;Напряжение, связанное с регионом $STATE$;X;X;X;X;X;X
EVTDESC20101;В последние годы международное сообщество предъявляет нам все больше претензий по поводу положения людей в регионе $STATE$. Они утверждают, что мы не имеем законного права на власть в этой области, а ближайшие Великие Державы уже начинают строить планы относительно этих земель. ;X;X;X;X;X;X
EVTOPTA20101;Регион $STATE$ наш!;X;X;X;X;X;X
EVTOPTB20101;Выслушать их точку зрения;X;X;X;X;X;X
EVTNAME20102;$CRISISAREA$ кризис;X;X;X;X;X;X
EVTDESC20102;Спор вокруг региона $CRISISAREA$ перерос в международный кризис. $CRISISTAKER$ провозгласила эту землю неотъемлемой своей частью, в то время как $CRISISTARGET$ настаивает на том, что регион должен оставаться под их контролем. На недавней конференции, посвященной этому вопросу наш посол сделал несколько довольно воинственных выпадов, что значительно повысило градус напряжения между участниками.\nХотите, чтобы мы поддержали его позицию или принесли извенения и тем самым немного разрядили обстановку?;X;X;X;X;X;X
EVTOPTA20102;Он совершенно прав, только война решит этот спор!;X;X;X;X;X;X
EVTOPTB20102;Не слушайте его!;X;X;X;X;X;X
EVTNAME20103;Судьба державы $CRISISTAKER$;X;X;X;X;X;X
EVTDESC20103;Судьба $CRISISTAKER_ADJ$ народа сейчас волнует многие умы цивилизованного мира. В то время как $CRISISTARGET$ в настоящее время контролирует спорный регион, $CRISISTAKER_ADJ$ повстанцы и патриоты делают значительные усилия, чтобы освободиться от $CRISISTARGET_ADJ$ власти. Как великая держава, мы, конечно, направили посла, чтобы обсудить судьбу державы $CRISISTAKER$, но к сожалению, на последней встрече он оказался более пьяным, чем обычно, и заявил, что мы готовы к решению вопроса, а если другие делегаты не последуют нашему примеру, он устроит им темную. Естественно, после этого ситуация обострилась, хотя мы все еще можем отступить, осудив его действия, но тем самым поставив себя в неловкое положение.;X;X;X;X;X;X
EVTOPTA20103;Где моя сабля?;X;X;X;X;X;X
EVTOPTB20103;Выгнать дурака!;X;X;X;X;X;X
EVTNAME20104;Кризис вокруг региона $CRISISAREA$ ;X;X;X;X;X;X
EVTDESC20104;Спор вокруг региона $CRISISAREA$ перерос в международный кризис. Все Великие Державы определились с тем, на чьей они стороне. Ставки как никогда высоки... Стоит ли нам выставить свои требования, или лучше попытаться смягчить противоречия?;X;X;X;X;X;X
EVTOPTA20104;Время переговоров прошло!;X;X;X;X;X;X
EVTOPTB20104;Мы открыты для переговоров.;X;X;X;X;X;X
EVTNAME20105;Кризис вокруг региона $CRISISAREA$ ;X;X;X;X;X;X
EVTDESC20105;$CRISISTAKER_ADJ$ повстанцы пытаются выйти из состава нашей страны и обрести независимость, а держава $CRISISATTACKER$ активно их поддерживает, мы надеемся, что $CRISISDEFENDER$ сможет оказать нам поддержку в этом вопросе. Как поступить нашему послу в державе $CRISISDEFENDER$ ? Потребовать решить конфликт силовым методом или намекнуть, что мы открыты для переговоров?;X;X;X;X;X;X
EVTOPTA20105;Предъявите им наши претензии!;X;X;X;X;X;X
EVTOPTB20105;Давайте не будем из-за этого лесть в драку.;X;X;X;X;X;X
EVTNAME36230;Покупка белых медведей;X;X;X;X;X;X
EVTDESC36230;Канада хочет купить у нас всех белых медведей по хорошей цене. Они обещают ухаживать за ними с заботой и уважением, полагающимся этим величественным животным.;X;X;X;X;X;X
EVTOPTA36230;ОК!;X;X;X;X;X;X
EVTOPTB36230;Никогда!;X;X;X;X;X;X
EVTNAME36231;Покупка белых медведей — Скандинавия соглашается;X;X;X;X;X;X
EVTDESC36231;Скандинавия согласилась продать нам всех своих белых медведей.;X;X;X;X;X;X
EVTOPTA36231;Прекрасно!;X;X;X;X;X;X
EVTNAME36232;Покупка белых медведей — Скандинавия отказывается;X;X;X;X;X;X
EVTDESC36232;Скандинавия отказалась продавать нам белых медведей.;X;X;X;X;X;X
EVTOPTA36232;О нет!;X;X;X;X;X;X
EVTOPTC23212;Колонизированная комета станет прекрасным спутником!;X;X;X;X;X;X
EVTDESC19356;It has become increasingly clear that we have entered a new era of unprecedented warfare. The conflicts of our time are no longer mere local issues, but instead reach every corner of the world. Considering the ever increasing stakes and the terrifying impact of these hostilities on the nations involved, there is no longer any need for restrain.\n\n From now on a great war will allow a side that is clearly winning the ability to add even more wargoals;X;X;X;X;X;X
EVTDESC19356_NEWS_LONG;It has become increasingly clear that we have entered a new era of unprecedented warfare. The conflicts of our time are no longer mere local issues, but instead reach every corner of the world. Considering the ever increasing stakes and the terrifying impact of these hostilities on the nations involved, there is no longer any need for restrain.;X;X;X;X;X;X
EVTDESC19356_NEWS_MEDIUM;It has become increasingly clear that we have entered a new era of unprecedented warfare. The conflicts of our time are no longer mere local issues, but instead reach every corner of the world. Considering the ever increasing stakes and the terrifying impact of these hostilities on the nations involved, there is no longer any need for restrain.;X;X;X;X;X;X
EVTDESC13000_NEWS_LONG;Когда ветра Западной цивилизации подули на Восток, каждая травинка и каждое дерево Востока следовали тому, что принес Западный ветер. Странные корабли начали появляться у $COUNTRY_ADJ$ берегов. Странные корабли с мачтами настолько высокими, что кажется, что они достают до самого Бога. Поначалу как случайность, затем всё чаще — увеличиваясь в интенсивности как ветер вырастает в шторм — что же будет завтра? Эти корабли странные, но ещё более странными являются обычаи, что они привозят, но без сомнения, мы должны уважать их и внимать иностранцам из «Европы».;X;X;X;X;X;X
EVTDESC13000_NEWS_MEDIUM;Странные корабли начали появляться у $COUNTRY_ADJ$ берегов. Эти корабли странные, но ещё более странными являются обычаи, что они привозят, но без сомнения, мы должны уважать их и внимать иностранцам из «Европы».;X;X;X;X;X;X
EVTDESC13000_NEWS_SHORT;Эти корабли странные, но ещё более странными являются обычаи, что они привозят, но без сомнения, мы должны уважать их и внимать иностранцам из «Европы».;X;X;X;X;X;X
EVTDESC13100_NEWS_LONG;$COUNTRY$: Иностранцы зашли слишком далеко! Их миссионеры распространяют фальшивые учения, разрушая наше национальное единство, они ломают наши устои, их опиум затуманивает наши мысли. Это то, что вы услышите, если спросите людей из в провинции $PROVINCENAME$, где антииностранные настроения очень поднялись за последние месяцы. В провинции $PROVINCENAME$ будет удален иностранный торговый пост, чтобы снизить вредное влияния. Иностранцам не разрешат продолжать распространять свою ложь и укреплять свои позиции среди местного населения.;X;X;X;X;X;X
EVTDESC13100_NEWS_MEDIUM;$COUNTRY$: Иностранцы зашли слишком далеко! Их миссионеры распространяют фальшивые учения, разрушая наше национальное единство, они ломают наши устои, их опиум затуманивает наши мысли. Антииностранные настроения поднимаются в провинции $PROVINCENAME$.;X;X;X;X;X;X
EVTDESC13100_NEWS_SHORT;$COUNTRY$: Иностранцы зашли слишком далеко! Они ломают наши устои, их опиум затуманивает наши мысли. Антииностранные настроения поднимаются в провинции $PROVINCENAME$.;X;X;X;X;X;X
EVTDESC13120_NEWS_LONG;Европейская гувернантка, нанятая, чтобы обучить $COUNTRY_ADJ$ двор отлично справляется со своей работой. Однако, при этом она вносит какие-то довольно странные идеи. Например, она достаточно жестко говорит о том, что все люди рождаются равными, и что держава $COUNTRY$ должна отменить освященную веками традцию рабства. Это опасно звучит для местных, привыкших к рабству...;X;X;X;X;X;X
EVTDESC13120_NEWS_MEDIUM;Европейская гувернантка, нанятая, чтобы обучить $COUNTRY_ADJ$ двор отлично справляется со своей работой. Однако, при этом она вносит какие-то довольно странные идеи. Например, она достаточно жестко говорит о том, что все люди рождаются равными.;X;X;X;X;X;X
EVTDESC13120_NEWS_SHORT;Европейская гувернантка, нанятая, чтобы обучить $COUNTRY_ADJ$ двор отлично справляется со своей работой. Однако, при этом она вносит какие-то довольно странные идеи.;X;X;X;X;X;X
EVTDESC13230_NEWS_LONG;$COUNTRY$: Прогулка по ночным улицам провинции $PROVINCENAME$ может быть очень опасной. Накануне это на своем опыте испытал иностранный посол в Дипломатическом Квартале. Полицейские доложили, что нашли его тело в 4 часа утра, предположительно — он стал жертвой ограбления. Однако, иностранцы обвиняют местную власть в том, что ей не удалось обеспечить безопасность дипломатам, несмотря на то, что это ожидалось. Местные власти боятся, что формальных извинений будет недостаточно для того, чтобы их успокоить, однако что-то более ощутимое — возможно.;X;X;X;X;X;X
EVTDESC13230_NEWS_MEDIUM;$COUNTRY$: Прогулка по ночным улицам провинции $PROVINCENAME$ может быть очень опасной. Накануне это на своем опыте испытал иностранный посол в Дипломатическом Квартале. Полицейские доложили, что нашли его тело в 4 часа утра, предположительно — он стал жертвой ограбления.;X;X;X;X;X;X
EVTDESC13230_NEWS_SHORT;$COUNTRY$: Прогулка по ночным улицам провинции $PROVINCENAME$ может быть очень опасной. Накануне это на своем опыте испытал иностранный посол. Полицейские доложили, что нашли его тело в 4 часа утра, он стал жертвой ограбления.;X;X;X;X;X;X
EVTDESC13270_NEWS_LONG;Торговые споры между державой $FROMCOUNTRY$ и Великими Державами происходят, начиная со второй половины XVIII столетия. В конечном счете, напряженность дошла до точки кипения в $MONTH$ $YEAR$, когда $FROMCOUNTRY_ADJ$ официальные лица неоднократно отклоняли $COUNTRY_ADJ$ запросы на свободный торговый доступ, включая подъемные за запрет продажи опиума. $COUNTRY_ADJ$ правительство уже глубоко завязло в политике конфронтации и теперь не остается ничего, кроме как объявить войну, поэтому начинается $COUNTRY_ADJ$-$FROMCOUNTRY_ADJ$ Опиумная Война.;X;X;X;X;X;X
EVTDESC13270_NEWS_MEDIUM;Торговые споры между державой $FROMCOUNTRY$ и Великими Державами продолжаются. $COUNTRY_ADJ$ правительство уже глубоко завязло в политике конфронтации и теперь не остается ничего, кроме как объявить войну, поэтому начинается $COUNTRY_ADJ$-$FROMCOUNTRY_ADJ$ Опиумная Война.;X;X;X;X;X;X
EVTDESC13270_NEWS_SHORT;Торговые споры между державой $FROMCOUNTRY$ и Великими Державами дошли до точки кипения в $MONTH$ $YEAR$. Начинается $COUNTRY_ADJ$-$FROMCOUNTRY_ADJ$ Опиумная Война.;X;X;X;X;X;X
EVTDESC13355_NEWS_LONG;Старый Летний Дворец, на китайском известный как Сады Совершенной Ясности — это комплекс садов к северо-западу от Пекина, Города Императора в Китае. Этот массивный садовый и дворцовый комплекс был построен между XVIII и началом XIX столетий и долгое время служил резиденцией династии Цинь. Сегодня мы получили новость, что $FROMCOUNTRY_ADJ$ солдаты, оккупирующие Пекин, сожгли дворец до основания. Целая нация начала скорбеть, как только новость об этом варварском акте вандализма облетела Китай и весь мир.;X;X;X;X;X;X
EVTDESC13355_NEWS_MEDIUM;Сегодня мы получили новость, что $FROMCOUNTRY_ADJ$ солдаты, оккупирующие Пекин, сожгли Старый Летний Дворец, на китайском известный как Сады Совершенной Ясности, до основания. Целая нация начала скорбеть, как только новость об этом варварском акте вандализма облетела Китай и весь мир.;X;X;X;X;X;X
EVTDESC13355_NEWS_SHORT;Сегодня мы получили новость, что $FROMCOUNTRY_ADJ$ солдаты, оккупирующие Пекин, сожгли Старый Летний Дворец, на китайском известный как 'Сады Совершенной Ясности', до основания.;X;X;X;X;X;X
EVTDESC13356_NEWS_LONG;Общество «Кулак во имя справедливости и согласия», известное как «Боксеры» — китайское движение, посвященное восстановлению китайской независимости в свете европейской экспансии в Азию — учинило резню среди европейских миссионеров и торцовцев в Китае. К тому же, среди европейцев, так неудачно попавшихся на пути боксерам, было несколько новообращенных китайских христиан, они были жестоко убиты. Китайское правительство остается равнодушным к их зверствам, а по некоторым слухам — династия Цинь даже обеспечивает молчаливую поддержку этому движению.;X;X;X;X;X;X
EVTDESC13356_NEWS_MEDIUM;Общество «Кулак во имя справедливости и согласия», известное как «Боксеры» учинило резню среди европейских миссионеров и торцовцев в Китае. К тому же, среди европейцев, так неудачно попавшихся на пути боксерам, было несколько новообращенных китайских христиан, они были жестоко убиты.;X;X;X;X;X;X
EVTDESC13356_NEWS_SHORT;«Боксеры» учинили резню среди европейских миссионеров и торцовцев в Китае. Среди европейцев было несколько новообращенных китайских христиан — они были жестоко убиты.;X;X;X;X;X;X
EVTDESC13358_NEWS_LONG;«Доктрина Закрытой Границы» — это британская политика относительно зависимых государств Британской Индии — Туземных Княжеств, которая провозглашала, что каждое такое государство может быть немедленно аннексированно Британской Ост-Индской компанией, если его правитель умрет, не оставив прямого наследника, или если правитель будет признан «явно некомпетентным». Доктрина была отменена в 1858 году, по «Акту о лучшем управлении Индией». Из-за трагического положения вещей, которое пронизывает правительство державы $FROMCOUNTRY$, Ост-Индская компания провозгласила независимость этой страны недействительной.;X;X;X;X;X;X
EVTDESC13358_NEWS_MEDIUM;«Доктрина Закрытой Границы» — это британская политика, позволяющая аннексировать зависимые государства Британской Индии. Из-за трагического положения вещей, которое пронизывает правительство державы $FROMCOUNTRY$, Ост-Индская компания провозгласила независимость этой страны недействительной.;X;X;X;X;X;X
EVTDESC13358_NEWS_SHORT;Из-за трагического положения вещей, которое пронизывает правительство державы $FROMCOUNTRY$, Ост-Индийская компания провозгласила независимость этой страны недейтвительной.;X;X;X;X;X;X
EVTDESC19500_NEWS_LONG;Тлеющие остатки фургона буров были найдены разведчиками несколько дней назад у реки Бушмен. Они нашли останки нескольких мужчин, женщин и детей в разрухе, оставшейся после явного нападения. Наконечники копий, валяющиеся повсюду свидетельствуют об очевидном. Кажется, воины племени Зулу, лежащего к юго-востоку, причастны к резне. Может быть необходима военная интервенция против племени, как ответ на эту новую угрозу для бурских переселенцев.;X;X;X;X;X;X
EVTDESC19500_NEWS_MEDIUM;Тлеющие остатки фургона буров были найдены разведчиками несколько дней назад у реки Бушмен. Они нашли останки нескольких мужчин, женщин и детей. Наконечники копий, валяющиеся повсюду свидетельствуют об очевидном. Племя Зулу стоит за этой резней.;X;X;X;X;X;X
EVTDESC19500_NEWS_SHORT;Тлеющие остатки фургона буров были найдены разведчиками несколько дней назад у реки Бушмен. Наконечники копий, валяющиеся повсюду свидетельствуют об очевидном. Племя Зулу стоит за этой резней.;X;X;X;X;X;X
EVTDESC19501_NEWS_LONG;Множество переселенцев передвигаются через Капскую колонию в новообразованный городок Йоханнесбург, у подножья горы Витватерсранд, где находится большой золотой прииск. Дельта местной древней реки содержит невообразимые количества золотых месторождений, вымываемых из окружающих поясов нефрита, на севере и западе. Массовый приток иностранцев вызывает проблемы вдоль границы, поэтому это может стать поводом для независимости этих окраинных государств.;X;X;X;X;X;X
EVTDESC19501_NEWS_MEDIUM;Множество переселенцев передвигаются через Капскую колонию в новообразованный городок Йоханнесбург, у подножья горы Витватерсранд, где находится большой золотой прииск. Массовый приток иностранцев вызывает проблемы вдоль границы, поэтому это может стать поводом для независимости этих окраинных государств.;X;X;X;X;X;X
EVTDESC19501_NEWS_SHORT;Множество переселенцев передвигаются через Капскую колонию в новообразованный городок Йоханнесбург, где находится большой золотой прииск.;X;X;X;X;X;X
EVTDESC22500_NEWS_LONG;Сегодня мрачный день для державы $COUNTRY$, потому что финансовые районы $CAPITAL$ страдают от шока из-за взрыва спекуляций. Цены на недвижимость взлетели за прошедшие полтора года и хотя некоторые аналитики достаточно давно предупреждали, что цены исскуственно поднимутся, воротилы рынка недвижимости оставили эти предположения без внимания. В правительственных кругах слышны недовольства повышенными банковскими и валютными ставками и призывы к окончанию того, что называется «ошибкой беспощадного капитализма».;X;X;X;X;X;X
EVTDESC22500_NEWS_MEDIUM;Сегодня мрачный день для державы $COUNTRY$, потому что финансовые районы $CAPITAL$ страдают от шока из-за взрыва спекуляций. В правительственных кругах слышны недовольства повышенными банковскими и валютными ставками и призывы к окончанию того, что называется «ошибкой беспощадного капитализма».;X;X;X;X;X;X
EVTDESC22500_NEWS_SHORT;Сегодня мрачный день для державы $COUNTRY$, потому что финансовые районы $CAPITAL$ страдают от шока из-за взрыва спекуляций. В правительственных кругах слышны недовольства повышенными ставками.;X;X;X;X;X;X
EVTDESC22510_NEWS_LONG;Резкое падение фондового рынка в $CAPITAL$ переросло в нечто гораздно худшее, после крупных изъятий банковских вкладов, последовавших за падением уверенности вкладчиков в банковском секторе. Уже последовало распространение безработицы — из-за падения и банкротсва целых секторов промышленности. Переплетаясь с экономикой западного мира, кризис быстро распространился на другие страны, а эффекты краха отражаются на экономике всего мира. В историю это войдет под названием: Великая Депрессия $YEAR$ года.;X;X;X;X;X;X
EVTDESC22510_NEWS_MEDIUM;Резкое падение фондового рынка в $CAPITAL$ переросло в нечто гораздно худшее, после крупных изъятий банковских вкладов, последовавших за падением уверенности вкладчиков в банковском секторе. Уже последовало распространение безработицы — из-за падения и банкротсва целых секторов промышленности.;X;X;X;X;X;X
EVTDESC22510_NEWS_SHORT;Резкое падение фондового рынка в $CAPITAL$ переросло в нечто гораздно худшее, после крупных изъятий банковских вкладов, последовавших за падением уверенности вкладчиков в банковском секторе.;X;X;X;X;X;X
EVTDESC23203_NEWS_LONG;$COUNTRY_ADJ$ исследователи обнаружили истоки Нила, тем самым они принесли славу и престиж своей великой державе! Сражаясь с суровым климатом и местными племенами, неустанно продвигаясь вперед вдоль берегов реки, несмотря на болезни и истощение, прселедовавших их экспедицию, в конечно счете, им удалось достичь обширного водного пространства, которое, как они утверждают, является источником легендарной реки. Детализированный отчет об экспедиции был опубликован в прессе, и теперь понятно, что исследователи стали первыми в западном мире, даровав великую честь державе, организовавшей путешествие.;X;X;X;X;X;X
EVTDESC23203_NEWS_MEDIUM;$COUNTRY_ADJ$ исследователи обнаружили истоки Нила, тем самым они принесли славу и престиж своей великой державе! Детализированный отчет об экспедиции был опубликован в прессе, даровав великую честь державе, организовавшей путешествие.;X;X;X;X;X;X
EVTDESC23203_NEWS_SHORT;$COUNTRY_ADJ$ исследователи обнаружили истоки Нила, тем самым они принесли славу и престиж своей великой державе, что описано в опубликованном детальном отчете об экспедиции.;X;X;X;X;X;X
EVTDESC23207_NEWS_LONG;$COUNTRY_ADJ$ исследователи установили флаг на Северном Полюсе, тем самым они принесли славу и престиж своей великой державе! В сопровождении четверых представителей местного племени Инуитов — Уты, Сиглу, Эгингвы и Укеа, экпедиция успешно достигла цели, что ускользала от многих до них. Детальный отчет об их путешествии не оставляет сомнений в том, что они первыми среди западных людей прибыли туда, оставив научный мир в благоговении от их достижения. Высочайшее уважение от международного сообщества даровано той стране, что организовала эту привлекательную экспедицию.;X;X;X;X;X;X
EVTDESC23207_NEWS_MEDIUM;$COUNTRY_ADJ$ исследователи установили флаг на Северном Полюсе, тем самым они принесли славу и престиж своей великой державе! Детальный отчет об их путешествии не оставляет сомнений в том, что они первыми среди западных людей достигли цели, что ускользала от многих до них.;X;X;X;X;X;X
EVTDESC23207_NEWS_SHORT;$COUNTRY_ADJ$ исследователи установили флаг на Северном Полюсе, тем самым они принесли славу и престиж своей великой державе! Они достигли цели с помощью местных жителей из племени Инуитов.;X;X;X;X;X;X
EVTDESC23211_NEWS_LONG;$COUNTRY_ADJ$ исследователи установили флаг на Южном Полюсе, тем самым они принесли славу и престиж своей великой державе! Отчет об их путешествии описывает как в ожидании первых признаков весны, они отправились к своей цели на четырех санях и пятидесяти двух собаках. Спустя два месяца, наполненных опасностями и лишениями, они прибыли на Южный Полюс и отметили место, чтобы не было сомнений в том, что они добрались туда первыми. О конкурирующих экспедициях ничего не слышно, и, скорее всего, они погибли на пути к той же цели.;X;X;X;X;X;X
EVTDESC23211_NEWS_MEDIUM;$COUNTRY_ADJ$ исследователи установили флаг на Южном Полюсе, тем самым они принесли славу и престиж своей великой державе! Спустя два месяца, наполненных опасностями и лишениями, они прибыли на Южный Полюс и пометили место для будущих исследователей.;X;X;X;X;X;X
EVTDESC23211_NEWS_SHORT;$COUNTRY_ADJ$ исследователи установили флаг на Южном Полюсе, тем самым они принесли славу и престиж своей великой державе! После двух месяцев борьбы, они прибыли к цели.;X;X;X;X;X;X
EVTDESC23213_NEWS_LONG;$COUNTRY_ADJ$ экспедиция на Южный Полюс пробудила что-то ужасное. В руинах огромного чужеродного города исследователи обнаружили нечто, неидентифицируемое ни как растение, ни как животное. Нечто, что правило Землей в древнем прошлом. Нечто, что возвращается и наполнено невыразимым голодом. Конец света может наступить из-за всё увеличивающегося любопытства людей нашего времени. Это шокирующее открытие, что бесспорно угрожает всему нашему существованию, дало нам урок, что некоторые вещи лучше бы не трогать, а некоторые места — не посещать.;X;X;X;X;X;X
EVTDESC23213_NEWS_MEDIUM;$COUNTRY_ADJ$ экспедиция на Южный Полюс пробудила что-то ужасное. В руинах огромного чужеродного города исследователи обнаружили нечто, неидентифицируемое ни как растение, ни как животное. Нечто, что правило Землей в древнем прошлом. Нечто, что наполнено невыразимым голодом.;X;X;X;X;X;X
EVTDESC23213_NEWS_SHORT;$COUNTRY_ADJ$ экспедиция на Южный Полюс пробудила что-то ужасное. В руинах огромного чужеродного города исследователи обнаружили нечто, неидентифицируемое ни как растение, ни как животное.;X;X;X;X;X;X
EVTDESC1140_NEWS_LONG;Подполковник Джордж Армстронг Кастер отчитался с сообщением из Чёрных Холмов о том, что золото в значительных количествах было обнаружено на территории Дакота... Старатели, шахтеры и искатели приключений массово стекаются в область, делая её самой популярной частью штата. Железные дороги конструируются, чтобы доставлять старателей к только что построенным городам и лагерям в безлюдной ранее местности. Однако, тревожные отчеты сообщают о странных криках и завываниях вночи, доносящихся с холмов. Некоторые говорят, что это Сиу вышли на тропу войны...;X;X;X;X;X;X
EVTDESC1140_NEWS_MEDIUM;Подполковник Кастер отчитался с сообщением из Чёрных Холмов о том, что золото в значительных количествах было обнаружено на территории Дакота. Однако, тревожные отчеты сообщают о странных криках и завываниях вночи, доносящихся с холмов. Некоторые говорят, что это Сиу вышли на тропу войны...;X;X;X;X;X;X
EVTDESC1140_NEWS_SHORT;Подполковник Кастер отчитался с сообщением из Чёрных Холмов о том, что золото в значительных количествах было обнаружено на территории Дакота. Однако, некоторые говорят, что Сиу вышли на тропу войны...;X;X;X;X;X;X
EVTDESC1000_NEWS_LONG;Держава $COUNTRY$: Карл Маркс и Фридрих Энгельс опубликовали Манифест Коммуниста, короткий, но весомый документ, обсуждающий историю общества и борьбу классов в разных странах. Это привело к тому, что рабочие в державе $COUNTRY$ основали партию, призванную продвигать постулаты, изложенные в манифесте. Они называют себя социалистами и верят в возможность существования государства, управляемого рабочим классом, где производства не находились бы под контролем буржуазии. Равненство, правосудие, солидарность и демократия — таковы другие постулаты идеологии социалистов.;X;X;X;X;X;X
EVTDESC1000_NEWS_MEDIUM;Держава $COUNTRY$: они называют себя социалистами и верят в возможность существования государства, управляемого рабочим классом, где производства не находились бы под контролем буржуазии. Равненство, правосудие, солидарность и демократия — таковы другие постулаты идеологии социалистов.;X;X;X;X;X;X
EVTDESC1000_NEWS_SHORT;Держава $COUNTRY$: они называют себя социалистами и верят в возможность существования государства, управляемого рабочим классом. Равненство, правосудие, солидарность и демократия — таковы другие постулаты идеологии социалистов.;X;X;X;X;X;X
EVTDESC1001_NEWS_LONG;Держава $COUNTRY$: мы хотим, нет, мы ТРЕБУЕМ свободное общество, где никто не считается высшим классом, никто не остается позади, и где человечество совбодно от угнетения и дефицита. Мы требуем общество без правительства, без разделения на классы, в котором рабочие контролируют средства производства. Мы требуем общество без разделения и отчуждения, общество без денег и частной собственности, обещающее избыток ресурсов в мире, устроенном согласно нашей идеологии. Распределение должно быть основано на потребностях, а ассоциации и профсоюзы должны быть свободными.;X;X;X;X;X;X
EVTDESC1001_NEWS_MEDIUM;Держава $COUNTRY$: мы хотим, нет, мы ТРЕБУЕМ свободное общество, где никто не считается высшим классом, никто не остается позади, и где человечество совбодно от дефицита. Мы требуем общество без правительства, без разделения на классы, в котором рабочие контролируют средства производства.;X;X;X;X;X;X
EVTDESC1001_NEWS_SHORT;Держава $COUNTRY$: мы хотим, нет, мы ТРЕБУЕМ свободное общество, где никто не считается высшим классом, никто не остается позади, и где человечество совбодно от угнетения и дефицита.;X;X;X;X;X;X
EVTDESC1002_NEWS_LONG;Группа либералов недовольных отсутствием экономических свобод и темпом парламентских реформ, сформировала новую фракцию в $COUNTRY_ADJ$ политике. Либертарианцы это революционный авангард либеральной идеологии, и они не будут колебаться в выборе методов в достижении того, чтобы увидеть свои идеи свободы и свободной торговли в державе $COUNTRY$ и за границей. Они требуют мир без государственного принуждения с главенствующим личным суверенитетом в свободном торговом обществе, основанном на принципе ненападения.;X;X;X;X;X;X
EVTDESC1002_NEWS_MEDIUM;Группа либералов недовольных отсутствием экономических свобод и темпом парламентских реформ, сформировала новую фракцию в $COUNTRY_ADJ$ политике. Либертарианцы это революционный авангард либеральной идеологии.;X;X;X;X;X;X
EVTDESC1002_NEWS_SHORT;Группа либералов недовольных отсутствием экономических свобод и темпом парламентских реформ, сформировала новую фракцию в $COUNTRY_ADJ$ политике.;X;X;X;X;X;X
EVTDESC1003_NEWS_LONG;Держава $COUNTRY$: «Сила в объединении! Правительство ослабело, нам нужна партия, которая сможет нас объединить, которая сможет дать нам прочную национальную идентичность, и которая не будет обманута сладким, но ядовитым голосом капитализма». Третий Путь, или по-другому фашисты стараются получить места в Верхней Палате. Они заявляют, что над жизненно важными производствами должен быть установлен государственный контроль, чтобы обеспечить самодостаточность и экономическую независимость нации. Они относятся к другим идеологиям крайне враждебно и не остановятся перед применением силы для увеличения их могущества.;X;X;X;X;X;X
EVTDESC1003_NEWS_MEDIUM;Держава $COUNTRY$: «Сила в объединении! Правительство ослабело, нам нужна партия, которая сможет нас объединить, которая сможет дать нам прочную национальную идентичность, и которая не будет обманута сладким, но ядовитым голосом капитализма». Третий Путь, или по-другому фашисты стараются получить места в Верхней Палате.;X;X;X;X;X;X
EVTDESC1003_NEWS_SHORT;Держава $COUNTRY$: Третий Путь, или по-другому фашисты стараются получить места в Верхней Палате. Они относятся к другим идеологиям крайне враждебно и не остановятся перед применением силы для увеличения их могущества.;X;X;X;X;X;X
EVTDESC14600_NEWS_LONG;Неясно, было ли, возможно, что-то в воздухе в том году. Кто-то утверждает, что это было ничем иным, но серией неудачных совпадений — конвергенцией катастроф, если хотите — но, что бы не являлось причиной, $YEAR$ год видел волну беспорядков, распространяющуюся из $COUNTRY_ADJ$ колоний, словно лесной пожар через сухостой. Волна беспорядков сотрясла $COUNTRY_ADJ$ колонии, и нужно решать, как урегулировать её. Уступки аборигенам выльются в значительную потерю международного престижа, однако можно ли справиться с этим, не предоставив их?;X;X;X;X;X;X
EVTDESC14600_NEWS_MEDIUM;Неясно, было ли, возможно, что-то в воздухе в том году. Что бы ни было этому причиной, $YEAR$ год видел волну беспорядков, распространяющуюся из $COUNTRY_ADJ$ колоний, словно лесной пожар через сухостой.;X;X;X;X;X;X
EVTDESC14600_NEWS_SHORT;Волна беспорядков сотрясла $COUNTRY_ADJ$ колонии, и нужно решать, как урегулировать её. Любые уступки аборигенам выльются в значительную потерю международного престижа.;X;X;X;X;X;X
EVTDESC14670_NEWS_LONG;Держава %COUNTRY% была шокирована тем, что крупная европейская газета опубликовала обличительную статью, посвященную бедственному положению туземцев в одной из ее колоний. Жестокое обращение с местным населением, телесные наказания и неоднократные случаи избиений. Все это осуществляется с целью поддержания колониального порядка. Шахты и плантации в этой колонии из-за взяток и разросшейся коррупции находятся вне зоны влияния Министерства Управления Колонией.;X;X;X;X;X;X
EVTDESC14670_NEWS_MEDIUM;Держава %COUNTRY% была шокирована тем, что крупная европейская газета опубликовала обличительную статью, посвященную бедственному положению туземцев в одной из ее колоний. Жестокое обращение с местным населением, телесные наказания и неоднократные случаи избиений. Все это осуществляется с целью поддержания колониального порядка.;X;X;X;X;X;X
EVTDESC14670_NEWS_SHORT;Держава %COUNTRY% была шокирована тем, что крупная европейская газета опубликовала статью, посвященную бедственному положению местного населения в одной из ее колоний, обличающую жестокое обращение с туземцами.;X;X;X;X;X;X
EVTDESC14740_NEWS_LONG;В постоянно усиливающейся конкуренции за колонии, вызванной борьбой европейских держав, как за Африку, так и за весь Мир, $COUNTRY$ добилась успеха. Одна $COUNTRY_ADJ$ колония, за последние несколько лет, стала международно-признанной моделью хорошо управляемой европейской колонии, и то внимание, которое эта колония получила благодаря $COUNTRY_ADJ$ колониальной политики, в парламентах и королевских дворах всей Европы, стало прекрасным подарком для $COUNTRY_ADJ$ науки и международного престижа.;X;X;X;X;X;X
EVTDESC14740_NEWS_MEDIUM;Одна $COUNTRY_ADJ$ колония, за последние несколько лет, стала международно-признанной моделью хорошо управляемой европейской колонии, и то внимание, которое эта колония получила благодаря $COUNTRY_ADJ$ колониальной политики, в парламентах и королевских дворах всей Европы, стало прекрасным подарком для $COUNTRY_ADJ$ науки и международного престижа.;X;X;X;X;X;X
EVTDESC14740_NEWS_SHORT;Одна $COUNTRY_ADJ$ колония, за последние несколько лет, стала международно-признанной моделью хорошо управляемой европейской колонии, привлекающей особое внимание международного сообщества.;X;X;X;X;X;X
EVTDESC22010_NEWS_LONG;Идея изоляции правонарушителей общественного порядка от общества, вероятно, так же стара, как само время. Многие классические системы правосудия рассматривали изгнание из страны как крайне строгий тип наказания, зарезервированного для серьезных преступлений и правонарушений, и такое наказание нередко считалось страшнее смертной казни. С ростом европейских колониальных империй в течение XVIII и XIX веков, эти идеи получили современное воплощение в виде каторжных поселений. $COUNTRY$ в настоящее время рассматривает вопрос о создании таких институтов наказания.;X;X;X;X;X;X
EVTDESC22010_NEWS_MEDIUM;С ростом европейских колониальных империй в течение XVIII и XIX веков, идея изоляции правонарушителей общественного порядка от общества получила современное воплощение в виде каторжных поселений.;X;X;X;X;X;X
EVTDESC22010_NEWS_SHORT;Идея изоляции правонарушителей общественного порядка от общества, вероятно, так же стара, как само время. $COUNTRY$ в настоящее время рассматривает вопрос о создании каторжных поселений.;X;X;X;X;X;X
EVTDESC2510_NEWS_LONG;$COUNTRY$: $CAPITAL$, небольшой военный пароход, затонул вчера при таинственных обстоятельствах после мощного взрыва прогремевшего по правому борту на миделе во время захода в иностранный порт. Военная разведка предполагает, что взрыв может быть вызван перегревом котла, но пресса раздувает скандал, называя этот взрыв актом саботажа и агрессии со стороны иностранной державы. Местные жители в ярости, и призывы к активным военным действиям проносятся эхом по столице.;X;X;X;X;X;X
EVTDESC2510_NEWS_MEDIUM;$COUNTRY$: $CAPITAL$, небольшой военный пароход, затонул вчера при таинственных обстоятельствах после мощного взрыва прогремевшего по правому борту на миделе во время захода в иностранный порт. Некоторые газетчики называют этот взрыв актом саботажа и агрессии со стороны иностранной державы.;X;X;X;X;X;X
EVTDESC2510_NEWS_SHORT;$COUNTRY$: $CAPITAL$, небольшой военный пароход, затонул вчера при таинственных обстоятельствах после мощного взрыва прогремевшего по правому борту на миделе во время захода в иностранный порт.;X;X;X;X;X;X
EVTDESC23300_NEWS_LONG;За последний год при странных обстоятельствах были потеряны в море несколько $COUNTRY_ADJ$ судов торгового флота, многие поговаривают, что в этом виновен еще неоткрытый огромный вид китов. Известный французский профессор морской биологии, легендарный Пьер Аронакс, предложил присоединиться к научной экспедиции, чтобы найти это удивительное создание, которое принялось охотиться по всему мировому океану. Так же ходят слухи, что несколько стран уже планируют свои собственные экспедиций, чтобы добраться до сути этой тайны.;X;X;X;X;X;X
EVTDESC23300_NEWS_MEDIUM;Известный французский профессор морской биологии, легендарный Пьер Аронакс, предложил, присоединиться к $COUNTRY_ADJ$ научной экспедиции для исследования еще не открытого удивительного создания, которое принялось охотиться по всему мировому океану. К тому же ходят слухи, что несколько стран уже планируют свои собственные экспедиции.;X;X;X;X;X;X
EVTDESC23300_NEWS_SHORT;Известный французский профессор морской биологии, легендарный Пьер Аронакс, предложил, присоединиться к $COUNTRY_ADJ$ научной экспедиции для исследования еще не открытого удивительного создания, которое принялось охотиться по всему мировому океану.;X;X;X;X;X;X
EVTDESC23302_NEWS_LONG;Знаменитый французский морской биолог Пьер Аронакс был обнаружен выброшенным на берег державы $COUNTRY$. Профессор пропал почти самого начала вступления в экспедицию, посланной на поиски таинственного кита, который как говорят, пожирает корабли. Ученый рассказал, что его смыло за борт, когда их судно столкнулось с чудовищем, и, что создание это на самом деле оказалось удивительным кораблем, способным путешествовать под водой. Аронакс утверждает, что капитаном корабля является свободолюбивый ренегат, который порвал все связи с землёй ради вольной жизни в глубоких водах океана.;X;X;X;X;X;X
EVTDESC23302_NEWS_MEDIUM;$COUNTRY$: известный французский морской биолог Пьер Аронакс утверждает, что его смыло за борт во время встречи с чудовищем, и что создание на самом деле оказалось удивительным кораблем, способным путешествовать под водой а командовал им свободолюбивый ренегат.;X;X;X;X;X;X
EVTDESC23302_NEWS_SHORT;$COUNTRY$: известный французский морской биолог Пьер Аронакс утверждает, что его смыло за борт во время встречи с подводным кораблем, командовал которым свободолюбивый ренегат.;X;X;X;X;X;X
EVTDESC21500_NEWS_LONG;Тунгусский взрыв 1908 года, стал причиной падения огромного огненного шара в Сибири, уничтоживший огромные площади леса, а взрывная волна, вызванная этим взрывом, была зафиксирована по всему миру. Ученые считают, что этот взрыв является результатом падения астероида или метеорита. Свидетели, находившиеся за десятки миль от места событий, сообщают о том, небо раскололось на две части, а затем налилось огнем, так что стало невыносимо жарко, Все это сопровождалось повторяющимися громкими звуками, как будто огромное множество камней падают на землю. Огненный ветер все сжигал на своем пути, а взрыв был настолько ярким, что был похож на второе Солнце…;X;X;X;X;X;X
EVTDESC21500_NEWS_MEDIUM;Тунгусский взрыв 1908 года, стал причиной падения огромного огненного шара в Сибири, уничтоживший огромные площади леса, а взрывная волна, вызванная этим взрывом, была зафиксирована по всему миру. Ученые считают, что этот взрыв является результатом падения астероида или метеорита. Взрыв был настолько ярким, что был похож на второе Солнце…;X;X;X;X;X;X
EVTDESC21500_NEWS_SHORT;Тунгусский взрыв 1908 года, стал причиной падения огромного огненного шара в Сибири, уничтоживший огромные площади леса, а его взрывная волна, а взрывная волна, вызванная этим взрывом, была зафиксирована по всему миру. Ученые считают, что этот взрыв является результатом падения астероида или метеорита.;X;X;X;X;X;X
EVTDESC21510_NEWS_LONG;Извержение вулкана Кракатау, и последующее за ним цунами унесло 36500 жизней в голландской Ост-Индии, а звук извержения был слышан за 3000 миль, на острове Родригес в Индийском океане. Последствия извержения были колоссальны. Огромные количества вулканической пыли висело в небе больше года, вызывая по всему миру эффект гало -светлых кругов вокруг солнечного диска - и необычайно живописные картины закатов. По этой же причине цвет солнца и луны временами менялся на голубой или зеленый. Так же из-за вулканической пыли дневные температуры упали ниже обычного уровня.;X;X;X;X;X;X
EVTDESC21510_NEWS_MEDIUM;Извержение вулкана Кракатау, и последующее за ним цунами унесло 36500 жизней в голландской Ост-Индии, а звук извержения был слышан за 3000 миль, на острове Родригес в Индийском океане. Это извержение оказало огромное влияние на весь мир.;X;X;X;X;X;X
EVTDESC21510_NEWS_SHORT;Извержение вулкана Кракатау, и последующее за ним цунами унесло 36500 жизней в голландской Ост-Индии, а звук извержения был слышан за 3000 миль, на острове Родригес.;X;X;X;X;X;X
EVTDESC21520_NEWS_LONG;Сильное землетрясение произошло в Сан-Франциско, штат Калифорния, приведшее в результате к масштабным разрушениями и унесло тысячи жизней. Подземные толчки были настолько сильными, что были зарегистрированы даже в Неваде. Огонь, причиной которого стало землетрясения, привел к почти полному разрушению города. На данный момент армейские подразделения доставляют продовольствие выжившим. Мы можем быть уверены, что это землетрясение оставит свой след в общественной памяти для будущих поколений.;X;X;X;X;X;X
EVTDESC21520_NEWS_MEDIUM;Сильное землетрясение произошло в Сан-Франциско, штат Калифорния, приведшее в результате к масштабным разрушениями и унесло тысячи жизней. Подземные толчки были настолько сильными, что были зарегистрированы даже в глубине в Неваде. Огонь, причиной которого стало землетрясения, привел к почти полному разрушению города.;X;X;X;X;X;X
EVTDESC21520_NEWS_SHORT;Сильное землетрясение произошло в Сан-Франциско, штат Калифорния, приведшее в результате к масштабным разрушениями и унесло тысячи жизней. Огонь, причиной которого стало землетрясения, привел к почти полному разрушению города.;X;X;X;X;X;X
EVTDESC23450_NEWS_LONG;Последней волей недавно скончавшегося шведского изобретателя и промышленника Альфреда Нобеля стало завещание всего своего состояния на создание фонда для вручения ежегодных премий самым выдающимся исследователям в области химии, физики, физиологии и медицины, а также авторам новаторской литературы и активистов, чья работа способствует укреплению мира и международного сотрудничества. Широко распространено мнение, что он был пацифистом. Нобель за всю свою жизнь получил 350 международных патентов и открыл 90 военных предприятий, что значительно увеличило богатство его семьи.;X;X;X;X;X;X
EVTDESC23450_NEWS_MEDIUM;Последней волей недавно скончавшегося шведского изобретателя и промышленника Альфреда Нобеля стало завещание всего своего состояния на создание фонда для вручения ежегодных премий самым выдающимся исследователям в области химии, физики, физиологии и медицины.;X;X;X;X;X;X
EVTDESC23450_NEWS_SHORT;Последней волей недавно скончавшегося шведского изобретателя и промышленника Альфреда Нобеля стало завещание всего своего состояния на создание фонда для вручения ежегодных премий самым выдающимся исследователям.;X;X;X;X;X;X
EVTDESC23400_NEWS_LONG;Идея, что спорт является важной частью развития общества в купе с возросшим интересом к античным олимпийским играм, вызванным громкими археологическими открытиями в Олимпии, привела французского аристократа, барона Пьера де Кубертена, к мысли о возрождении Олимпийских игр, как дружественных спортивных соревнований между странами, способствующих укреплению мира и дружбы между народами. На сегодняшний день это крупнейшее спортивное событие. Первые Олимпийские игры состояли из участников, которые соревновались в девяти дисциплинах, таких как борьба, тяжелая атлетика, фехтование и велоспорт. Победители в каждой дисциплине награждались серебряной медалью, оливковой ветвью и дипломом.;X;X;X;X;X;X
EVTDESC23400_NEWS_MEDIUM;Сочетание возобновлённого интереса к древнегреческой цивилизации и мысль о том, что спорт является важной частью социального развития, привело французского аристократа, барона Пьера де Кубертена, к идее возродить Олимпийские игры для укрепления мира через спортивные соревнования.;X;X;X;X;X;X
EVTDESC23400_NEWS_SHORT;Возобновление интереса к древнегреческой цивилизации и мысль о том, что спорт является важной частью развития общества, привели французского аристократа, барона Пьера де Кубертена, к идее возрождения Олимпийских игр.;X;X;X;X;X;X
EVTDESC90040_NEWS_LONG;В Индии разгорелось восстание! Мятеж возглавили сипаи, индусы на службе западных держав, и теперь мятеж охватил немалую часть полуострова. Местное население постоянно на что-нибудь жаловалось, но последней каплей стали новые винтовки, патроны которых были смазаны животным жиром, а срывать их нужно было руками.;X;X;X;X;X;X
EVTDESC90040_NEWS_MEDIUM;В Индии разгорелось восстание! Мятеж возглавили сипаи, индусы на службе западных держав, и теперь мятеж охватил немалую часть полуострова. Причиной считается неумелая политика администрации.;X;X;X;X;X;X
EVTDESC90040_NEWS_SHORT;В Индии разгорелось восстание! Мятеж возглавили сипаи, индусы на службе западных держав, и теперь мятеж охватил немалую часть полуострова.;X;X;X;X;X;X
EVTDESC17610_NEWS_LONG;Фашистская партия, возникшая в одной из провинций $COUNTRY_ADJ$, способна сформировать военизированные корпуса, организованные для военных целей. Они готовы пойти на насилие для установления власти фашистских лидеров. Эти группы называют чернорубашечниками от цвета их рубашек. Эта тенденция все чаще проявляется в $COUNTRY_ADJ$ политике, и многие опасаются, что это приведет к цепной реакции и усилению фашистских группировок.;X;X;X;X;X;X
EVTDESC17610_NEWS_MEDIUM;Фашистская партия, возникшая в одной из провинций $COUNTRY_ADJ$, способна сформировать военизированные корпуса, организованные для военных целей. Они готовы пойти на насилие для установления власти фашистских лидеров. Эти группы называют чернорубашечниками от цвета их рубашек.;X;X;X;X;X;X
EVTDESC17610_NEWS_SHORT;Фашистская партия, возникшая в одной из провинций $COUNTRY_ADJ$, способна сформировать военизированные корпуса, организованные для военных целей. Они готовы пойти на насилие для установления власти фашистских лидеров.;X;X;X;X;X;X
EVTDESC17630_NEWS_LONG;До города $CAPITAL$ дошли отчеты о том, что чернорубашечники, военизированные отряды фашистской партии, начали свой марш по стране, к городу $CAPITAL$, чтобы захватить власть в державе $COUNTRY$. Военные до сих пор не вмешались, и есть подозрения, что часть $COUNTRY_ADJ$ высших чинов испытывает симпатии к фашистам. Это серьезный удар по молодой $COUNTRY_ADJ$ демократии, и ставит под угрозу стабильность и мир во всем регионе.;X;X;X;X;X;X
EVTDESC17630_NEWS_MEDIUM;До города $CAPITAL$ дошли отчеты о том, что чернорубашечники, военизированные отряды фашистской партии, начали свой марш по стране, к городу $CAPITAL$, чтобы захватить власть в державе $COUNTRY$. Военные до сих пор не вмешались.;X;X;X;X;X;X
EVTDESC17630_NEWS_SHORT;До города $CAPITAL$ дошли отчеты о том, что чернорубашечники, военизированные отряды фашистской партии, начали свой марш по стране, к городу $CAPITAL$, чтобы захватить власть в державе $COUNTRY$.;X;X;X;X;X;X
EVTDESC17680_NEWS_LONG;Фашисты вышли на улицы в одной из $COUNTRY_ADJ$ провинций, чтобы показать силу своей партии. Одете в свои черный и коричневые рубашки они с барабанным боем маршируют по улицам, производя ужасающее зрелище. Несколько членов $COUNTRY_ADJ$ правительства предполагают, что эти отряды не подчиняются государству и их слудует немедленно запретить.;X;X;X;X;X;X
EVTDESC17680_NEWS_MEDIUM;Фашисты вышли на улицы в одной из $COUNTRY_ADJ$ провинций, чтобы показать силу своей партии. Одете в свои черный и коричневые рубашки они с барабанным боем маршируют по улицам, производя ужасающее зрелище.;X;X;X;X;X;X
EVTDESC17680_NEWS_SHORT;Фашисты вышли на улицы в одной из $COUNTRY_ADJ$ провинций, чтобы показать силу своей партии. Одете в свои черный и коричневые рубашки они маршируют по улицам.;X;X;X;X;X;X
EVTDESC17560_NEWS_LONG;Красные знамена развеваются на ветру, и люди всех возрастов собрались, чтобы посмотреть на демонстрацию левых, которая проходит по всей державе $COUNTRY$. Действо посвящено пямяти жертв бунта в Хеймаркет в Чикаго. Подобные мероприятия проходят ежегодно в державе $COUNTRY$, но в этом году были особонно успешны в одной из $COUNTRY_ADJ$ провинций, где наблюдается увеличение поддержки социалистов.;X;X;X;X;X;X
EVTDESC17560_NEWS_MEDIUM;Красные знамена развеваются на ветру, и люди всех возрастов собрались, чтобы посмотреть на демонстрацию левых, которая проходит по всей державе $COUNTRY$. Действо посвящено пямяти жертв бунта в Хеймаркет в Чикаго. Подобные мероприятия проходят ежегодно.;X;X;X;X;X;X
EVTDESC17560_NEWS_SHORT;Красные знамена развеваются на ветру, и люди всех возрастов собрались, чтобы посмотреть на демонстрацию левых, которая проходит по всей державе $COUNTRY$.;X;X;X;X;X;X
EVTDESC5001_NEWS_LONG;В Уругвае состоялся первый чемпионат мира по футболу, который оказался невероятно успешен. Из Европы смогли приехать немногие, но это не помешало большому футболу. Первый гол забил француз Люсьен Лоран, а американский вратарь Джимми Дуглас отбил первый мяч. Гильермо Стабиле стал лучшим бомбардиром, забив 8 мячей. А теперь самое главное: Уругвай выиграл в финале у Аргентины со счетом 4:2 перед 93 тысячами восторженных болельщиков.;X;X;X;X;X;X
EVTDESC5001_NEWS_MEDIUM;В Уругвае состоялся первый чемпионат мира по футболу, который оказался невероятно успешен. Из Европы смогли приехать немногие, но это не помешало большому футболу. В итоге Уругвай выиграл в финале у Аргентины со счетом 4:2 перед 93 тысячами восторженных болельщиков.;X;X;X;X;X;X
EVTDESC5001_NEWS_SHORT;В Уругвае состоялся первый чемпионат мира по футболу, который оказался невероятно успешен. Из Европы смогли приехать немногие, но это не помешало большому футболу.;X;X;X;X;X;X
EVTDESC5002_NEWS_LONG;Лорд Стэнли-Престон очень заинтересовался хоккеем, когда он стал генерал-губернатором доминиона. С первоначальным названием: Кубок Чемпионата Доминиона по Хоккею, трофей был вручен лучшему хоккейному клубу Канады. Первый кубок вручили Монреальскому Хоккейному клубу, который стал победителем в сезоне. Лорд Стэнли никогда не был на играх по футболу, но он вспомнит об этом, во время визита в Англию после чашечки чаю.;X;X;X;X;X;X
EVTDESC5002_NEWS_MEDIUM;Лорд Стэнли-Престон очень заинтересовался хоккеем, когда он стал генерал-губернатором доминиона. С первоначальным названием: Кубок Чемпионата Доминиона по Хоккею, трофей был вручен лучшему хоккейному клубу Канады.;X;X;X;X;X;X
EVTDESC5002_NEWS_SHORT;С первоначальным названием: Кубок Чемпионата Доминиона по Хоккею, трофей был вручен Лордом Стэнли-Престоном лучшему хоккейному клубу Канады.;X;X;X;X;X;X
EVTDESC160001_NEWS_LONG;Крупное восстание произошло в Поднебесной! Хун Сюцюань говорит, что ему было видение, где его называли братом Иисуса Христа, призывали восстать против манчжуров и создать Царство Небесное на юге Китая. После этого он вверг 30 миллионов своих подданных в одну их самых кровавых гражданских войн в истории. Тайпины хотят заменить конфузианство и буддизм на свою форму христианства, и также склонны к реформам в сторону равноправия.;X;X;X;X;X;X
EVTDESC160001_NEWS_MEDIUM;Крупное восстание произошло в Поднебесной! Хун Сюцюань говорит, что ему было видение, где его называли братом Иисуса Христа, призывали восстать против манчжуров и создать Царство Небесное на юге Китая.;X;X;X;X;X;X
EVTDESC160001_NEWS_SHORT;Крупное восстание произошло в Поднебесной! Хун Сюцюань говорит, что ему было видение, где его называли братом Иисуса Христа и призывали восстать против мнчжуров.;X;X;X;X;X;X
EVTDESC48300_NEWS_LONG;Новости прямиком из немецкого герцогства. Александр-Карл, герцог Ангальт-Бернбурга, из семьи Аскания и последний представитель линии Ангальт-Бернбург умер, не оставив законного наследника. Герцог Леопольд IV является самым близким родственником и правителем Ангальт-Кётена, и теперь он стал преемником покойного. Теперь всем Ангальтом правит один герцог.;X;X;X;X;X;X
EVTDESC48300_NEWS_MEDIUM;Александр-Карл, герцог Ангальт-Бернбурга, умер, не оставив наследника. Герцог Леопольд IV является самым близким родственником и правителем Ангальт-Кётена, и он теперь стал преемником покойного. Теперь всем Ангальтом правит один герцог.;X;X;X;X;X;X
EVTDESC48300_NEWS_SHORT;Герцог Ангальт-Бернбурга, умер, не оставив наследника. Герцог Леопольд IV является самым близким родственником и правителем Ангальт-Кётена, и теперь он стал преемником покойного. Теперь всем Ангальтом правит один герцог.;X;X;X;X;X;X
EVTDESC46600_NEWS_LONG;Новости от корреспондентов из Южной Америки: книга Хуана Баутисты Альберди «Основы политической системы республики Аргентина», впервые опубликованная в 1852 году стала основой для аргентинской конституции. Аргентинская конституция была создана Альберди по образцу США.;X;X;X;X;X;X
EVTDESC46600_NEWS_MEDIUM;Из Аргентины: книга Хуана Баутисты Альберди «Основы политической системы республики Аргентина», впервые опубликованная в 1852 году стала основой для аргентинской конституции.;X;X;X;X;X;X
EVTDESC46600_NEWS_SHORT;Аргентина: книга Хуана Баутисты Альберди «Основы политической системы республики Аргентина» стала основой для аргентинской конституции, созданной по образцу американской.;X;X;X;X;X;X
EVTDESC46601_NEWS_LONG;Книга Факундо: «Цивилизация и варварство» опубликованная в 1845 году в Аргентине противопоставляет европейской «цивилизации» родное «варварство» на примере диктатора Факундо. Сармьенто осуждает Факундо Кирога, а замечательный народ Пампаса показался Сармьенто отражением части Аргентины, которая исчезнет.;X;X;X;X;X;X
EVTDESC46601_NEWS_MEDIUM;Книга Факундо: «Цивилизация и варварство» опубликованная в 1845 году в Аргентине противопоставляет европейской «цивилизации» родное «варварство» на примере диктатора Факундо. Книга показывает отражение народа Аргентины.;X;X;X;X;X;X
EVTDESC46601_NEWS_SHORT;Книга Факундо: «Цивилизация и варварство» опубликованная в 1845 году в Аргентине противопоставляет европейской «цивилизации» родное «варварство» на примере диктатора Факундо.;X;X;X;X;X;X
EVTDESC46300_NEWS_LONG;Новости литературы из Южной Америки: бразильский поэт и драматург Антонио де Кастро Алвес недавно опубликовал «O Navio Negreiro» («Рабский корабль»), вскоре получив прозвище поэт рабов. Поэма описывает положение негров, которых забрали из домов и заставили работать за океаном. Его работа сильно повлияла на отмену рабства в Бразилии.;X;X;X;X;X;X
EVTDESC46300_NEWS_MEDIUM;Бразильский поэт и драматург Антонио де Кастро Алвес недавно опубликовал «O Navio Negreiro» («Рабский корабль»). Поэма описывает тяжелое положение негров. Его работа сильно повлияла на отмену рабства в Бразилии.;X;X;X;X;X;X
EVTDESC46300_NEWS_SHORT;Бразильский поэт и драматург Антонио де Кастро Алвес недавно опубликовал «O Navio Negreiro» («Рабский корабль»), вскоре получив прозвище поэт рабов.;X;X;X;X;X;X
EVTDESC46301_NEWS_LONG;В 1894 году Паулиста Чарльз Миллер вернулся из Англии, где он получал образование. С собой он привез правила футбола, набор униформы и приобретенный в Англии спортивный опыт. В 1895 году в Сан-Паулу он устроил первый матч между работниками газовой компании и железнодорожниками. Матч проходил в долине Карму и победили железнодорожники. С этого момента интерес к спорту в Бразилии резко возрос.;X;X;X;X;X;X
EVTDESC46301_NEWS_MEDIUM;В 1894 году Паулиста Чарльз Миллер вернулся из Англии, где он получал образование. С собой он привез правила футбола, набор униформы и приобретенный в Англии спортивный опыт. С этого момента интерес к спорту в Бразилии резко возрос.;X;X;X;X;X;X
EVTDESC46301_NEWS_SHORT;После возвращения в Бразилию из Англии, где Паулиста Чарльз Миллер узнал о футболе, он развил в своей стране интерес к спорту.;X;X;X;X;X;X
EVTDESC46302_NEWS_LONG;Новости от корреспондента в южной америке: Франциско Сабино, врач по профессии, став революционным офицером, возглавил восстание в провинции Байя. Он призывает к отмене рабства и перераспределению земли. По сообщениям: дошло до мелких стычек с императорскими войсками. Ходят слухи, что повстанцы планируете взять и удерживать важный город Сальвадор.;X;X;X;X;X;X
EVTDESC46302_NEWS_MEDIUM;Франциско Сабино, врач по профессии, став революционным офицером, возглавил восстание в провинции Байя. Он призывает к отмене рабства и перераспределению земли. По сообщениям: дошло до мелких стычек с императорскими войсками.;X;X;X;X;X;X
EVTDESC46302_NEWS_SHORT;Франциско Сабино, революционный офицер, возглавил восстание в провинции Байя. Он призывает к отмене рабства и перераспределению земли.;X;X;X;X;X;X
EVTDESC33300_NEWS_LONG;Ужасная трагедия! Театр Великого княжества Баден сгорел дотла в Карлсруэ. Власти сообщают, что материалы здания: дерево и парусина, способствовали распространению огня. Пожар начался во время представления и вызвал панику среди зрителей, которые попытались вырваться наружу. Мешали и открывающиеся вовнуть двери. Сообщается о 63 погибших в этой катастрофе.;X;X;X;X;X;X
EVTDESC33300_NEWS_MEDIUM;Театр Великого княжества Баден сгорел дотла в Карлсруэ. Пожар начался во время представления и вызвал панику среди зрителей, которые попытались вырваться наружу. Сообщается о 63 погибших в этой катастрофе.;X;X;X;X;X;X
EVTDESC33300_NEWS_SHORT;Ужасная трагедия! Театр Великого княжества Баден сгорел дотла в Карлсруэ. Погибли 63 человека.;X;X;X;X;X;X
EVTDESC34100_NEWS_LONG;Музыкальные новости: 42 хора из Рейнланда, Бадена, Гессена и Франконии собрались во Франкфурте для трехдневного празднования фестиваля музыки Моцарта. Для проведения мероприятия был организован сбор пожертвований, а также организовано размещение исполнителей. Тысячи людей собрались на Майне, чтобы их поприветствовать. Все было наполнено радостью, а зрители махали платками. Однако потом, как говорят, все переросло в демонстрацию за объединение Германии.;X;X;X;X;X;X
EVTDESC34100_NEWS_MEDIUM;42 хора из Рейнланда, Бадена, Гессена и Франконии собрались во Франкфурте для трехдневного празднования фестиваля музыки Моцарта. Всё было наполнено радостью. Однако потом, как говорят, все переросло в демонстрацию за объединение Германии.;X;X;X;X;X;X
EVTDESC34100_NEWS_SHORT;42 хора собрались во Франкфурте для трехдневного празднования фестиваля музыки Моцарта. Однако потом, как говорят, все переросло в демонстрацию за объединение Германии.;X;X;X;X;X;X
EVTDESC44100_NEWS_LONG;В 1885 году Марк Твен опубликовал «Приключения Гекльберри Финна», чем фактически провёл революцию в американской литературе. Вплоть до этой публикации, американская литература использовала форму и язык её европейских предшественниц. Своей книгой Марк Твен салютовал во имя лингвистической независимости, изображая речь безграмотных и бесправных американцев. Книга показывает, что все люди достойны уважения в зависимости от их поступков, но не от их статуса.;X;X;X;X;X;X
EVTDESC44100_NEWS_MEDIUM;В 1885 году Марк Твен опубликовал «Приключения Гекльберри Финна», чем фактически провёл революцию в американской литературе. Этой книгой он салютовал во имя лингвистической независимости, изображая речь безграмотных и бесправных американцев.;X;X;X;X;X;X
EVTDESC44100_NEWS_SHORT;В 1885 году Марк Твен опубликовал «Приключения Гекльберри Финна», чем фактически провёл революцию в американской литературе, изображая речь безграмотных и бесправных американцев.;X;X;X;X;X;X
EVTDESC44101_NEWS_LONG;Двигатель №999, установленный на Имперском Экспрессе на вокзале Нью-Йорк Централ, должен разогнать его до 112 миль между Батавией и Баффало. Хотя скептичные журналисты и говорят, что № 999 разгонится не более чем до 86 миль на этом участке, это всё равно будет лучшая скорость для пассажирских поездов той эпохи, превосходя другие с помощью специально заказанных колёс и специально построенных рельс.;X;X;X;X;X;X
EVTDESC44101_NEWS_MEDIUM;Двигатель №999, установленный на Имперском Экспрессе на вокзале Нью-Йорк Централ, должен разогнать его до 112 миль между Батавией и Баффало. Это будет лучшая скорость для пассажирских поездов той эпохи.;X;X;X;X;X;X
EVTDESC44101_NEWS_SHORT;Двигатель №999, установленный на Имперском Экспрессе на вокзале Нью-Йорк Централ, должен разогнать его до 112 миль между Батавией и Баффало.;X;X;X;X;X;X
EVTDESC44102_NEWS_LONG;Кандидат в президенты Уильям Дженннгс Брайан призвал к чеканке бесплатного серебра, зарабатывая мандаты от Народной, Национальной и Прогрессивной партий и сплачивая западных и северных фермеров впервые со времён классовых войн. Северные промышленники считают его идею попыткой саботировать деятельность кредиторов и нарушать договоры.;X;X;X;X;X;X
EVTDESC44102_NEWS_MEDIUM;Кандидат в президенты Уильям Дженннгс Брайан призвал к чеканке бесплатного серебра, зарабатывая мандаты от Народной, Национальной и Прогрессивной партий.;X;X;X;X;X;X
EVTDESC44102_NEWS_SHORT;Кандидат в президенты Уильям Дженннгс Брайан призвал к чеканке бесплатного серебра, зарабатывая мандаты от Народной, Национальной и Прогрессивной партий.;X;X;X;X;X;X
EVTDESC44103_NEWS_LONG;Королевский корабль «Решительный» был найден дрейфующим в Северной Атлантике после того, как был покинут командой в поисках потерявшегося полярного исследователя, сэра Джона Франклина. Ранее бывший торговый баржей, «Решительный» был переоборудован для навигации в полярных водах, чтобы принять участие в экспедиции, организованной женой Франклина с целью спасти своего мужа. Сэр Франклин и его экспедиция, как видно, погибли от пневмонии и голода после того, как они покинули их заваленные льдами корабли. Соединённые Штаты выкупили судно у археологов, переобрудовали его и вернули Великобритании.;X;X;X;X;X;X
EVTDESC44103_NEWS_MEDIUM;Королевский корабль «Решительный» был найден дрейфующим в Северной Атлантике после того, как был покинут командой в поисках потерявшегося полярного исследователя, сэра Джона Франклина.Соединённые Штаты выкупили судно у археологов, переобрудовали его и вернули Великобритании.;X;X;X;X;X;X
EVTDESC44103_NEWS_SHORT;Королевский корабль «Решительный» был найден дрейфующим в Северной Атлантике. Соединённые Штаты выкупили судно у археологов, переобрудовали его и вернули Великобритании.;X;X;X;X;X;X
EVTDESC44104_NEWS_LONG;Политик и юрист Хорас Манн начал реформу образовательной системы Массачусетса. Его система школ стала образцом для всей страны. Манн известен за его личные посещения каждой школы в штате с целью узнать о ситуации в них, а также за своё путешествие за своё счёт в Европу, где он узнавал о деталях прусской школьной системы. Он прославился как один из первых сторонников отказа от телесных наказаний, что вызывало споры с многими традиционно настроенными учителями, которые в конце концов закончились в его пользу.;X;X;X;X;X;X
EVTDESC44104_NEWS_MEDIUM;Политик и юрист Хорас Манн начал реформу образовательной системы Массачусетса. Его система школ стала образцом для всей страны. Манн известен за своё путешествие за своё счёт в Европу, где он узнавал о деталях прусской школьной системы.;X;X;X;X;X;X
EVTDESC44104_NEWS_SHORT;Политик и юрист Хорас Манн начал реформу образовательной системы Массачусетса. Его система школ стала образцом для всей страны.;X;X;X;X;X;X
EVTDESC44105_NEWS_LONG;Американский конгресс основал Смитсоновский Институт, подчиняющийся непосредственной Президенту. Его целью была и остаётся поддержка исследований и экспедиций, а также популяризация науки. Британский учёный Джеймс Смитсон завещал своё состояние нации, и потребовались годы споров в конгрессе, чтобы начать строительство института, что Смитсон и завещал сделать на своё состояние, чтобы увеличить и распространить знания среди людей. С помощью специальных экспедиций и добровольных пожертвований, институт начал собирать впечатляющую коллекцию.;X;X;X;X;X;X
EVTDESC44105_NEWS_MEDIUM;Американский конгресс основал Смитсоновский Институт, подчиняющийся непосредственной Президенту. С помощью специальных экспедиций и добровольных пожертвований, институт начал собирать впечатляющую коллекцию.;X;X;X;X;X;X
EVTDESC44105_NEWS_SHORT;Американский конгресс основал Смитсоновский Институт, подчиняющийся непосредственной Президенту. Его целью была и остаётся поддержка исследований и экспедиций.;X;X;X;X;X;X
EVTDESC44106_NEWS_LONG;Первое издание «Очерков» Ральфа Уолдо Эмерсона было опубликовано в 1841 году и представило миру новую, мистическую философию, исконную для Нового Света. Хотя многие европейцы не считают его философом как таковым, его влияние на Континентальное мышление было очевидным - наиболее значительное было оказано на Ницше. Вдохновленная одним из «Очерков» Эмерсона, «Природа», трансцендентализм которой произошёл от принципов внутренней духовной сущности человека, стала крупным культурным движением 1840-х годов, хотя критики утверждают, что это за пределами разума и здравого смысла.;X;X;X;X;X;X
EVTDESC44106_NEWS_MEDIUM;Первое издание «Очерков» Ральфа Уолдо Эмерсона было опубликовано в 1841 году и представило миру новую, мистическую философию, исконную для Нового Света. Хотя многие европейцы не считают его философом как таковым, его влияние на Континентальное мышлениебыло очевидным.;X;X;X;X;X;X
EVTDESC44106_NEWS_SHORT;Первое издание «Очерков» Ральфа Уолдо Эмерсона было опубликовано в 1841 году и представило миру новую, мистическую философию, исконную для Нового Света.;X;X;X;X;X;X
EVTDESC44107_NEWS_LONG;В 1861 году Оливер Уэнделл Холмс опубликовал «Общее Право», историю традиционного права. В ней он утверждал, что закон не логичен, но воля судьи сдерживается обстоятельствами, или, как утверждает один из его известнейших принципов, в основы законы положена не логика, а опыт. Книга быстро стала классической, и Холмс был назначен на должность профессора в Гарварде на следующий год, а затем стал Верховным судьёй США. Публикация «Общего Права» показывает рост прагматистских тенденций среди американской интеллигенции.;X;X;X;X;X;X
EVTDESC44107_NEWS_MEDIUM;В 1861 году Оливер Уэнделл Холмс опубликовал «Общее Право», историю традиционного права. В ней он утверждал, что закон не логичен, но воля судьи сдерживается обстоятельствами, или, как утверждает один из его известнейших принципов, в законе была не логика, а опыт.;X;X;X;X;X;X
EVTDESC44107_NEWS_SHORT;В 1861 году Оливер Уэнделл Холмс опубликовал «Общее Право», историю традиционного права. В ней он утверждал, что закон не логичен, но воля судьи сдерживается обстоятельствами.;X;X;X;X;X;X
EVTDESC44108_NEWS_LONG;В 1885 Улисс С. Грант опубликовал свои «Личные мемуары», где практически полностью пересказал свою жизнь. Он писал книгу, страдая от рака горла, пытаясь заработать на существование своей семьи после его смерти. Обычно считающиеся шедевром американской литературы мемуары Гранта отличаются прямотой, ясностью и экономией стиля. «Личные мемуары» имели ошеломительный успех в своё время и остаются одной из немногих книг, напечатанных после Гражданской Войны. Скорее всего, это лучшая книга, написанная президентом США.;X;X;X;X;X;X
EVTDESC44108_NEWS_MEDIUM;В 1885 Улисс С. Грант опубликовал свои «Личные мемуары», где практически полностью пересказал свою жизнь. Он писал книгу, страдая от рака горла, пытаясь заработать на существование своей семьи после его смерти. Скорее всего, это лучшая книга, написанная президентом США.;X;X;X;X;X;X
EVTDESC44108_NEWS_SHORT;В 1885 Улисс С. Грант опубликовал свои «Личные мемуары», где практически полностью пересказал свою жизнь. Скорее всего, это лучшая книга, написанная президентом США.;X;X;X;X;X;X
EVTDESC44109_NEWS_LONG;Альфред Тайер Мэхэн опубликовал статью «Влияние морской державы на историю», в которой он проанализировал роль морской державы в истории, а также обсудил различные стратегические аспекты и преимущества организации и поддержания значительных военно-морских сил. Книга понравилась выступающим за расширение американского флота и интересы США во всём мире. Книга считается одной из лучших работ о военно-морской стратегии. Принятие принципов Мэхэна, как утверждается, стало непосредственной причиной гонки морских вооружений.;X;X;X;X;X;X
EVTDESC44109_NEWS_MEDIUM;Альфред Тайер Мэхэн опубликовал статью «Влияние морской державы на историю», в которой он проанализировал роль морской державы в истории, а также обсудил различные стратегические аспекты и преимущества организации и поддержания значительных военно-морских сил.;X;X;X;X;X;X
EVTDESC44109_NEWS_SHORT;Альфред Тайер Мэхэн опубликовал статью «Влияние морской державы на историю». Принятие принципов Мэхэна, как утверждается, стало непосредственной причиной гонки морских вооружений.;X;X;X;X;X;X
EVTDESC44110_NEWS_LONG;$COUNTRY$: В ответ на растущие антивоенные и трудовые настроения среди призывников и низших классов, Конгресс принял исправленную версию акта о Чужаках и Подстрекательствах 1799 года, который делает незаконным протесты против президента и национальной политики во время войны и ущемляет иностранных граждан и беженцев. Подтверждённый несколькими постановлениями Верховного Суда, он оставался в силе в течение нескольких десятелетий в различных формах, пока через полвека не был окончательно отменён судом Уоренна.;X;X;X;X;X;X
EVTDESC44110_NEWS_MEDIUM;$COUNTRY$: В ответ на растущие антивоенные и трудовые настроения среди призывников и низших классов, Конгресс принял исправленную версию акта о Чужаках и Подстрекательствах 1799 года, который делает незаконным протесты против президента и национальной политики во время войны.;X;X;X;X;X;X
EVTDESC44110_NEWS_SHORT;$COUNTRY$: В ответ на растущие антивоенные и трудовые настроения среди призывников и низших классов, Конгресс сделал незаконным протесты против президента и национальной политики во время войны.;X;X;X;X;X;X
EVTDESC44111_NEWS_LONG;$COUNTRY$: Пинкертонские сыщики, доказавшие свою эффективность в предотвращении грабежей поездов и поимках фальшивомонетчиков, теперь стали работать как штрейхбрейкеры и проникли в такие секретные общества как Молли Магуайерс. Начавшие как частное детективное агентство для различных железнодородных компаний, Пинкертоны настолько преуспели во многих правохранительных задачах, что при условии отсутствия средств для формирования государственного следственного органа, они были наняты федеральным правительством для обеспечения соблюдения федеральных законов. Они утверждают, что никогда не спят.;X;X;X;X;X;X
EVTDESC44111_NEWS_MEDIUM;$COUNTRY$: Пинкертонские сыщики, доказавшие свою эффективность в предотвращении грабежей поездов и поимках фальшивомонетчиков, теперь стали работать как штрейхбрейкеры и проникли в такие секретные общества как Молли Магуайерс. Они утверждают, что никогда не спят.;X;X;X;X;X;X
EVTDESC44111_NEWS_SHORT;$COUNTRY$: Пинкертонские сыщики, доказавшие свою эффективность в предотвращении грабежей поездов и поимках фальшивомонетчиков, теперь стали работать как штрейхбрейкеры.;X;X;X;X;X;X
EVTDESC44112_NEWS_LONG;$COUNTRY$: Восемь команд объединились, чтобы сформировать хорошо управляемую бейсбольную лигу - Бостон Ред Капс, Чикаго Вайт Стокингс, Цинциннати Редс, Хартфорд Дарк Блюс, Луизвилль Грейс, Нью Йорк Мьютуал, Филадельфия Атлетикс и Сент-Луис Браунс. Они говорят о коррупционных скандалах и плохом управлении в других лигах как о причине формирования новой ассоциации. Объединяя команды из крупнейших городов под одной крышей и играя по правилам Нью-Йорка, эта лига может стать более успешной, чем любая из её предшественниц, и переживёт всех своих конкурентов.;X;X;X;X;X;X
EVTDESC44112_NEWS_MEDIUM;$COUNTRY$: Восемь команд объединились, чтобы сформировать хорошо управляемую бейсбольную лигу - Бостон Ред Капс, Чикаго Вайт Стокингс, Цинциннати Редс, Хартфорд Дарк Блюс, Луизвилль Грейс, Нью Йорк Мьютуал, Филадельфия Атлетикс и Сент-Луис Браунс.;X;X;X;X;X;X
EVTDESC44112_NEWS_SHORT;$COUNTRY$: Восемь команд объединились, чтобы сформировать хорошо управляемую бейсбольную лиги. Среди них Бостон Ред Капс, Чикаго Вайт Стокингс, Нью Йорк Мьютуал и Сент-Луис Браунс.;X;X;X;X;X;X
EVTDESC44113_NEWS_LONG;$COUNTRY$: Пожар, начавшийся в сарае особняка Патрика О'Лири на улице ДеКовен в Чикаго, распространился по деловому району, уничтожив 17 450 зданий, убив 300 человек и оставив боле 98 000 без крова. Мужественные усилия добровольцев из соседних городов, ответивших на призыв мэра Чикаго о помощи, были бесполезными перед лицом неостановимого огня. Пламя, якобы вызванное коровой, наступившей на фонарь, горело в течение двух дней и ночей, уничтожив большую часть города и вынудив провести масштабную реконструкцию.;X;X;X;X;X;X
EVTDESC44113_NEWS_MEDIUM;Пожар, начавшийся в сарае особняка Патрика О'Лири на улице ДеКовен в Чикаго, распространился по деловому району, уничтожив 17 450 зданий, убив 300 человек и оставив боле 98 000 без крова.;X;X;X;X;X;X
EVTDESC44113_NEWS_SHORT;Пожар, начавшийся в сарае особняка Патрика О'Лири на улице ДеКовен в Чикаго, распространился по деловому району, уничтожив 17 450 зданий.;X;X;X;X;X;X
EVTDESC44114_NEWS_LONG;$COUNTRY$: В тридцать второй перестрелке в Томбстоне, Аризона, Уатт, Морган и Вирджил Эрп вместе с Доком Холлидей, убили Билли Клантона и Тома и Боба МакЛори - трёх своих политических противников, членов «Ковбоев». Вражда между «Шерифами» и «Ковбоями» началась с ложных показаний Айка Клантона о предполагаемом участии Холлидея в ограблении дилижанса и убийстве. Многократные угрозы Айка Клантона и его сообщников Эрпам и Холлидею привели к перестрелке, оставившей трёх ковбоев мёртвыми, а двух шерифов - ранеными.;X;X;X;X;X;X
EVTDESC44114_NEWS_MEDIUM;$COUNTRY$: В тридцать второй перестрелке в Томбстоне, Аризона, Уатт, Морган и Вирджил Эрп вместе с Доком Холлидей, убили Билли Клантона и Тома и Боба МакЛори - трёх членов «Ковбоев». Вражда между «Шерифами» и «Ковбоями» началась с ложных показаний Айка Клантона о предполагаемом участии Холлидея в ограблении дилижанса и убийстве. Многократные угрозы привели к перестрелке, оставившей трёх ковбоев мёртвыми, а двух шерифов - ранеными.;X;X;X;X;X;X
EVTDESC44114_NEWS_SHORT;Многократные угрозы Айка Клантона и его сообщников Эрпам и Холлидею привели к перестрелке, оставившей трёх ковбоев мёртвыми, а двух шерифов - ранеными.;X;X;X;X;X;X
EVTDESC44116_NEWS_LONG;К середине 1830х годов волна религиозного рвения захлестнула США. Движимое харизматичными священниками, которые призывали верующих вернуться к первоначальному учению Библии и следовать установленным моральным правилам, движение породило несколько новых протестантских сект, привело к дискуссиям и расколам среди них по вопросам теологии и ритуалов и укрепила власть и влияние христианского учения среди низших и средних американских классов в то время, когда религиозный пыл в Европе снижается.;X;X;X;X;X;X
EVTDESC44116_NEWS_MEDIUM;К середине 1830х годов волна религиозного рвения захлестнула США. Движимое харизматичными священниками, которые призывали верующих вернуться к первоначальному учению Библии и следовать установленным моральным правилам, движение породило несколько новых протестантских сект.;X;X;X;X;X;X
EVTDESC44116_NEWS_SHORT;К середине 1830х годов волна религиозного рвения захлестнула США. Движимое харизматичными священниками, которые призывали верующих вернуться к первоначальному учению Библии.;X;X;X;X;X;X
EVTDESC44117_NEWS_LONG;Рост числа сект внутри протестантизма в США в начале 19 века создал условия для дальнейших теологических рассуждений. Одним из самых влиятельных движений был Американский Унитаризм. Подчёркивая роль разума в понимании богословия и понимание и доброту, присущие человечеству, и его способность к последовательному улучшению, унитаризм может стать очень влиятельным и поощрить движения за социальные улучшения, от государственного образования до аболиционизма.;X;X;X;X;X;X
EVTDESC44117_NEWS_MEDIUM;Подчёркивая роль разума в понимании богословия и понимание и доброту, присущие человечеству, и его способность к последовательному улучшению, унитаризм может стать очень влиятельным и поощрить движения за социальные улучшения, от государственного образования до аболиционизма.;X;X;X;X;X;X
EVTDESC44117_NEWS_SHORT;Одним из самых влиятельных движений был Американский Унитаризм. Подчёркивая роль разума в понимании богословия, унитаризм может стать очень влиятельным и поощрить движения за социальные улучшения, от государственного образования до аболиционизма.;X;X;X;X;X;X 
EVTDESC44118_NEWS_LONG;Одним из непосредственных влияний религиозного возрождения в США начала девятнадцатого века стало появление большого числа общественных организаций, созданных для улучшения общества путем устранения социальных различий или моральных проблем в нем, обеспечивая комфорт для менее удачливых людей или содействуя самосовершенствованию через образование. Прозванные историками Империей добра, эти организации помогли обеспечить общественную инфраструктуру, быстро развивающуюся в цифрах и изменяемую новыми экономическими силами.;X;X;X;X;X;X
EVTDESC44118_NEWS_MEDIUM;Одним из непосредственных влияний религиозного возрождения в США начала девятнадцатого века стало появление большого числа общественных организаций, созданных для улучшения общества путем устранения социальных различий или моральных проблем в нем, обеспечивая комфорт для менее удачливых людей.;X;X;X;X;X;X
EVTDESC44118_NEWS_SHORT;Одним из непосредственных влияний религиозного возрождения в США начала девятнадцатого века стало появление большого числа общественных организаций, созданных для улучшения общества.;X;X;X;X;X;X
EVTDESC44119_NEWS_LONG;$COUNTRY$: как епископ (а позднее и архиепископ) Нью-Йорка с 1842 по 1864 год, Эдвард Хьюз, внук ирландских иммигрантов, стал неустанно работать для объединения католиков, особенно вновь прибывших католиков-иммигрантов, в структуру американского общества, в то же время обеспечивая жесткий контроль католической иерархии над учреждениями и ценным имуществом католической церкви. Искренний в своих сильных убеждениях против абортов и рабства, он отдал более семи десятилетий верному служению церкви.;X;X;X;X;X;X
EVTDESC44119_NEWS_MEDIUM;$COUNTRY$: как епископ (а позднее и архиепископ) Нью-Йорка с 1842 по 1864 год, Эдвард Хьюз, внук ирландских иммигрантов, стал неустанно работать для объединения католиков, особенно вновь прибывших католиков-иммигрантов, в структуру американского общества.;X;X;X;X;X;X
EVTDESC44119_NEWS_SHORT;$COUNTRY$: как епископ (а позднее и архиепископ) Нью-Йорка с 1842 по 1864 год, Эдвард Хьюз, внук ирландских иммигрантов, стал неустанно работать для объединения католиков.;X;X;X;X;X;X
EVTDESC44120_NEWS_LONG;Одним из последствий религиозного возрождения США начала девятнадцатого века была длительная кампания против восприятия пороков теми, кто считал, что они делают Божье дело, пытаясь искоренить порочное поведение. Питейные заведения часто были любимыми мишенями таких крестоносцев, и по этому поводу, заведения и их покровители подвергались нападению фанатиков. Это чувство по отношению к терпимости часто разделялось людьми, занимающими высокие государственные должности в стране, что вело к государственному вмешательству от имени Бога.;X;X;X;X;X;X
EVTDESC44120_NEWS_MEDIUM;Одним из последствий религиозного возрождения США начала девятнадцатого века была длительная кампания против восприятия пороков теми, кто считал, что они делают Божье дело, пытаясь искоренить порочное поведение. Питейные заведения часто были любимыми мишенями таких крестоносцев.;X;X;X;X;X;X
EVTDESC44120_NEWS_SHORT;Одним из последствий религиозного возрождения США начала девятнадцатого века была длительная кампания против восприятия пороков теми, кто считал, что они делают Божье дело, пытаясь искоренить порочное поведение.;X;X;X;X;X;X
EVTDESC44121_NEWS_LONG;Основанные в 1816 году афроамериканскими членами методистской общины Филадельфии, в 1830-х и 1840-х церкви АМЕ быстро расширили количество своих членов среди свободного и рабского населения США в эпоху религиозного возрождения, обеспечивая духовный выход афроамериканского сообщества полностью под свой контроль и управление, создавая новую платформу для борьбы с продолжающейся практикой рабовладения в Союзе. Бог - отец наш. Христос - наш искупитель. Святой Дух - наш утешитель. Человечество - наша семья - таков их девиз.;X;X;X;X;X;X
EVTDESC44121_NEWS_MEDIUM;Основанные в 1816 году афроамериканскими членами методистской общины Филадельфии, в 1830-х и 1840-х церкви АМЕ быстро расширили количество своих членов среди свободного и рабского населения США в эпоху религиозного возрождения.;X;X;X;X;X;X
EVTDESC44121_NEWS_SHORT;Основанные в 1816 году афроамериканскими членами методистской общины Филадельфии, в 1830-х и 1840-х церкви АМЕ быстро расширили количество своих членов.;X;X;X;X;X;X
EVTDESC46400_NEWS_LONG;Известный журналист и лидер партии Колорадо Хосе Батлье-и-Ордоньес достиг прохождения сильных законов для политических реформ в Уругвае. Выходец из многодетной семьи успешных политиков, Ордоньес за два срока своего президентства, которые он назвал Batllismo, совместно с правительством направил усилия против иностранного империализма, сумел внедрить ряд глубоких реформ, расширяющих область деятельности правительства, включая национализацию промышленности и народного образования, и ввел более высокие тарифы и субсидии для жизненно важной отрасли - животноводства.;X;X;X;X;X;X
EVTDESC46400_NEWS_MEDIUM;Известный журналист и лидер партии Колорадо Хосе Батлье-и-Ордоньес достиг прохождения сильных законов для политических реформ в Уругвае. Его реформы включали национализацию промышленности, а также введение высоких тарифов и субсидий для жизненно важной отрасли - животноводства.;X;X;X;X;X;X
EVTDESC46400_NEWS_SHORT;Известный журналист и лидер партии Колорадо Хосе Батлье-и-Ордоньес достиг прохождения сильных законов для политических реформ в Уругвае.;X;X;X;X;X;X
EVTDESC34700_NEWS_LONG;В 1837 году самая известная опера Альберта Лорцинга, «Zar und Zimmermann» («Царь и плотник») была впервые показана в Лейпциге. Лорцинг считается отцом немецкой комедийной оперы, противоположности романтической оперы. Премьера «Царя и плотника» не получила признания зрителей в Лейпциге, но последующие выступления в Берлине и на других сценах Германии были более успешными. Опера рассказывает историю царя Петра Великого, путешествующего по Германии, Голландии и Англии в обличии плотника, с целью получения знаний о западной культуре.;X;X;X;X;X;X
EVTDESC34700_NEWS_MEDIUM;В 1837 году самая известная опера Альберта Лорцинга, «Zar und Zimmermann» («Царь и плотник») была впервые показана в Лейпциге. Опера рассказывает историю царя Петра Великого, путешествующего по Германии, Голландии и Англии в обличии плотника, с целью получения знаний о западной культуре.;X;X;X;X;X;X
EVTDESC34700_NEWS_SHORT;В 1837 году самая известная опера Альберта Лорцинга, «Zar und Zimmermann» («Царь и плотник») была впервые показана в Лейпциге. Лорцинг считается отцом немецкой комедийной оперы.;X;X;X;X;X;X
EVTDESC34701_NEWS_LONG;Профессор Готфрид Семпер, придворный архитектор в Саксонии, закончил один из своих шедевров, здание Дрезденской Оперы, которое была названа в его честь. Ее стиль формировался под влиянием классицизма и ренессанса, и, не в последнюю очередь из-за работы архитектора, Дрезден был прозван Флоренцией на Эльбе. Семпер, архитектор, профессор и художественный критик, известен не только своими наиболее грандиозными проектами, как два музея и театр, который он построил в Вене, но и проектами некоторых вещей, как, например, дирижерская палочка Рихарда Вагнера.;X;X;X;X;X;X
EVTDESC34701_NEWS_MEDIUM;Профессор Готфрид Семпер, придворный архитектор в Саксонии, закончил один из своих шедевров, здание Дрезденской Оперы, которое была названа в его честь. Ее стиль формировался под влиянием классицизма и ренессанса.;X;X;X;X;X;X
EVTDESC34701_NEWS_SHORT;Профессор Готфрид Семпер, придворный архитектор в Саксонии, закончил один из своих шедевров, здание Дрезденской Оперы, которое была названа в его честь.;X;X;X;X;X;X
EVTDESC46800_NEWS_LONG;Американский исследователь Хайрам Бингхэм обнаружил остатки потерянного города инков Мачу-Пикчу в 1911 году. Построенная в первой половине XV века, в разгар власти империи инков, цитадель, как полагают, была имением императора инков Пачакути, хотя некоторые археологи также предположили, что она, возможно, носила чисто религиозный характер. Бингхэм стал предметом споров, обвиняемый перуанскими местными жителями в краже их культурного наследия, когда тот попытался перевезти артефакты в Соединенные Штаты для более детального изучения.;X;X;X;X;X;X
EVTDESC46800_NEWS_MEDIUM;Американский исследователь Хайрам Бингхэм обнаружил остатки потерянного города инков Мачу-Пикчу в 1911 году. Построенная в первой половине XV века, в разгар власти империи инков, цитадель, как полагают, была имением императора инков Пачакути.;X;X;X;X;X;X
EVTDESC46800_NEWS_SHORT;Американский исследователь Хайрам Бингхэм обнаружил остатки потерянного города инков Мачу-Пикчу в 1911 году, который датируется XV веком - веком расцвета Империи Инков.;X;X;X;X;X;X
EVTDESC46801_NEWS_LONG;Сельскохозяйственные удобрения, получаемые из гуано, сейчас пользуются большим спросом в Европе и Северной Америке. Отложение гуано на $COUNTRY_ADJ$ прибрежных островах может стать главным преимуществом для этой нации. Коренные перуанцы, как полагают, посещали эти острова, по крайней мере, тысячу лет, чтобы получить эти удобрения. Наиболее эффективно гуано производят три вида птиц: Баклан Бугенвиля, Перувианский пеликан и Перуанская луша. Историки считают, что императоры инков придавали большое значение гуано, ограничивая доступ к островам и наказывая людей, из-за которых пострадали птицы.;X;X;X;X;X;X
EVTDESC46801_NEWS_MEDIUM;Сельскохозяйственные удобрения, получаемые из гуано, сейчас пользуются большим спросом в Европе и Северной Америке. Историки считают, что императоры инков придавали большое значение гуано, ограничивая доступ к островам и наказывая людей, из-за которых пострадали птицы.;X;X;X;X;X;X
EVTDESC46801_NEWS_SHORT;Сельскохозяйственные удобрения, получаемые из гуано, сейчас пользуются большим спросом в Европе и Северной Америке. Отложение гуано на $COUNTRY_ADJ$ прибрежных островах может стать главным преимуществом для этой нации.;X;X;X;X;X;X
EVTDESC36700_NEWS_LONG;Хендрик Консианс, один из самых популярных писателей на фламандском языке этого столетия, опубликовал один из двух его шедевров, «De Vlaamse Leeuw» («Фламандский лев»). Другой зовется «De Loteling» («Новобранец»). Роман описывает приключения Мечтелд, дочери Роберта III Бетюнского, графа Фландрии, с любовником, рыцарем Адольфом Ньюландским. Исторический фон произведения - история притеснения фламандского населения, восставшего против французских угнетателей в Битве Золотых Шпор (1302), которая была быстро позаимствованна Фламандским движением.;X;X;X;X;X;X
EVTDESC36700_NEWS_MEDIUM;Популярный писатель на фламандском языке, Хендрик Консианс, опубликовал свой шедевр, «De Vlaamse Leeuw» («Фламандский лев»). История фламандского народа, победившего французов в Битве золотых шпор, была быстро позаимствованна Фламандским движением.;X;X;X;X;X;X
EVTDESC36700_NEWS_SHORT;Фламандский писатель Хендрик Консианс опубликовал «De Vlaamse Leeuw» («Фламандский лев»). История угнетенных фламандцев в Битве золотых шпор была быстро позаимствованна фламандским движением.;X;X;X;X;X;X
EVTDESC36701_NEWS_LONG;Прошлый год увидел создание Фламандского движения. Сформированное манифестом, оно стало голосом фламандских жителей Бельгии. Движение эволюционировало в большой набор различных фламандских организаций: спортивных клубов, музыкальных групп, театров, интеллектуальных организаций и так далее. Сначала движение было аполитичным, но, на протяжении многих лет, его последователи становились все более и более воинственными в вопросах своей веры и своих убеждений. Судя по всему, Фламандское движение планирует внести свой вклад в формирование партий, которые будут лоббировать права для фламандцев в политической жизни общества.;X;X;X;X;X;X
EVTDESC36701_NEWS_MEDIUM;Фламандское движение, созданное манифестом, стало голосом фламандцев Бельгии. Сначала движение было аполитичным, но, на протяжении многих лет, его последователи становились все более и более воинственными. Они сообщают, что вскоре возможно формирование фламандских партий в Бельгии.;X;X;X;X;X;X
EVTDESC36701_NEWS_SHORT;Фламандское движение было аполитичным, но, на протяжении многих лет, его последователи становились все более и более воинственными. Они сообщают, что вскоре возможно формирование фламандских партий в Бельгии.;X;X;X;X;X;X
EVTDESC36704_NEWS_LONG;Адольф Сакс, талантливый музыкант и создатель инструментов из Намюра, Южная Бельгия, недавно показал свое новейшее изобретение: великолепный инструмент, который теперь известен как саксофон. Этот уникальный инструмент, считающийся частью семейства кларнетов, был создан Саксом с целью стать самым мощным из духовых инструментов и самым простым в освоении из латуни. Саксофон завоевывает все большую и большую популярность, будучи быстро принятым в Париже и способным вскоре перешагнуть через Атлантику.;X;X;X;X;X;X
EVTDESC36704_NEWS_MEDIUM;Адольф Сакс, талантливый музыкант и создатель инструментов из Намюра, Южная Бельгия, недавно показал свое новейшее изобретение: великолепный инструмент, который теперь известен как саксофон. Инструмент быстро приняли музыканты в Париже и теперь он способен вскоре перешагнуть через Атлантику.;X;X;X;X;X;X
EVTDESC36704_NEWS_SHORT;Адольф Сакс, талантливый музыкант и создатель инструментов из Намюра, Южная Бельгия, недавно показал свое новейшее изобретение: инструмент, который теперь известен как саксофон. Инструмент быстро приняли музыканты в Париже.;X;X;X;X;X;X
EVTDESC36705_NEWS_LONG;Бельгиец Эрнест Сольве, считающийся одним из самых талантливых химиков в мире, изобрел аммиачный процесс (также известный в академических кругах как процесс Сольве) для промышленного производства соды. Этот процесс является гораздо более эффективным и продуктивным, чем популярный и традиционный процесс Лебланка. В этом новом инновационном процессе сочетание раствора соли и известняка является недорогой основой для производства кальцинированной соды. Промышленное производство продукта планируется начаться в ближайшее время.;X;X;X;X;X;X
EVTDESC36705_NEWS_MEDIUM;Бельгиец Эрнест Сольве, считающийся одним из самых талантливых химиков в мире, изобрел аммиачный процесс (также известный в академических кругах как процесс Сольве) для промышленного производства соды. Промышленное производство продукта планируется начаться в ближайшее время.;X;X;X;X;X;X
EVTDESC36705_NEWS_SHORT;Талантливый бельгийский химик Эрнест Сольве изобрел аммиачный процесс для промышленного производства соды. Промышленное производство продукта планируется начаться в ближайшее время.;X;X;X;X;X;X
EVTDESC36706_NEWS_LONG;Отец Дамиан де Вестер, священник из Тремело в Брабанте (Бельгия), сошел с корабля на острове Молокаи (Гавайи), чтобы помочь колонии прокаженных, находящейся там. Многие туземцы были заражены заболеваниями, такими как грипп, привезенный иностранными моряками и торговцами. Другие заболевания, такие как неизлечимая проказа, также влияют на большую часть населения. Отец Дамиан планирует работать и жить с прокаженными на Молокаи в течение многих лет, показывая истинную преданность к помощи нуждающимся, даже если эта поездка может стать смертельной для него.;X;X;X;X;X;X
EVTDESC36706_NEWS_MEDIUM;Отец Дамиан де Вестер, священник из Тремело в Брабанте (Бельгия), сошел с корабля на острове Молокаи (Гавайи), чтобы помочь колонии прокаженных, находящейся там. Отец Дамиан планирует работать и жить с прокаженными на Молокаи в течение многих лет, показывая истинную преданность к помощи нуждающимся.;X;X;X;X;X;X
EVTDESC36706_NEWS_SHORT;Отец Дамиан де Вестер, бельгийский священник, отправился на остров Молокаи (Гавайи), чтобы помочь колонии прокаженных, находящейся там. Отец Дамиан планирует работать и жить с прокаженными на Молокаи в течение многих лет.;X;X;X;X;X;X
EVTDESC19010_NEWS_LONG;$CAPITAL$, $COUNTRY$: Демонстрация имперской славы была объявлена правительством державы $COUNTRY$. В событии примут участие $FROMCOUNTRY_ADJ$ армия и флот, пройдя парадом по улицам города $CAPITAL$, хвастаясь своими блестящими пуговицами и узкими брюками, а также демонстрируя новые технологические достижения в области вооружений. Престижная культурная атрибутика тоже будет присутствовать, и теперь никто не сможет отрицать, что у жителей державы $FROMCOUNTRY_ADJ$ действительно имеется талант к литературе, музыке и искусствам. Пока еще неизвестно, будут ли иностранные гости приглашены на мероприятие.;X;X;X;X;X;X
EVTDESC19010_NEWS_MEDIUM;$CAPITAL$: Демонстрация имперской славы была объявлена державой $COUNTRY$. В событии примут участие $FROMCOUNTRY_ADJ$ военные, пройдя парадом через $CAPITAL$, демонстрируя технологические достижения в области вооружений. Престижная культурная атрибутика тоже будет присутствовать.;X;X;X;X;X;X
EVTDESC19010_NEWS_SHORT;$CAPITAL$, $COUNTRY$: Демонстрация имперской славы была объявлена правительством державы $COUNTRY$. Пока еще неизвестно, будут ли иностранные гости приглашены на мероприятие.;X;X;X;X;X;X
EVTDESC19030_NEWS_LONG;$CAPITAL$ - Напряженность, тучами сгущающееся над Анатолией, как и продолжение упадка Османской империи, дестабилизирует весь регион. Национализм и восстания в нетурецких провинциях вызывают беспокойство за Османское государство, и, принимая во внимание отсталость Империи относительно государств Западной Европы, многие теперь считают, что падение этого государства - лишь вопрос времени. Кроме того, известное жестокое обращение к христианам в Османской империи привело к тому, что держава $FROMCOUNTRY$ объявила себя защитником восточного христианства.;X;X;X;X;X;X
EVTDESC19030_NEWS_MEDIUM;Сгущающаяся напряженность, как и продолжение упадка Османской империи, дестабилизирует весь регион. Многие теперь считают, что падение этого государства - лишь вопрос времени. Кроме того, жестокость в обращении с христианами привела к тому, что держава $FROMCOUNTRY$ объявила себя защитником восточного христианства.;X;X;X;X;X;X
EVTDESC19030_NEWS_SHORT;Сгущающаяся напряженность, как и продолжение упадка Османской империи, дестабилизирует весь регион. Жестокость в обращении с христианами привела к тому, что держава $FROMCOUNTRY$ объявила себя защитником восточного христианства.;X;X;X;X;X;X
EVTDESC19046_NEWS_LONG;Долина Царей, Египет - Гробница, остававшаяся неоткрытой в течение тысяч лет, была обнаружена при раскопках в Египте. Тело молодого человека, предположительно фараона в древние времена, было найдено забальзамированным и прекрасно сохранившимся в окружении многих прекрасных артефактов и чудесных богатств. Предполагается, что эта находка может стать величайшим археологическим открытием века, и ведомства Университета Египтологии пребывают в воодушевлении и волнении. Считается, что ужасная мумия будет транспортироваться на запад для дальнейших исследований.;X;X;X;X;X;X
EVTDESC19046_NEWS_MEDIUM;$COUNTRY_ADJ$ археологи обнаружили гробницу в Египте, остававшуюся неоткрытой в течение тысяч лет. Тело молодого фараона было окружено чудесными богатствами. Предполагается, что это открытие может стать величайшей архитектурной находкой века.;X;X;X;X;X;X
EVTDESC19046_NEWS_SHORT;$COUNTRY_ADJ$ археологи обнаружили гробницу в Египте, остававшуюся неоткрытой в течение тысяч лет. Тело молодого фараона было окружено чудесными богатствами.;X;X;X;X;X;X
EVTDESC19310_NEWS_LONG;Пекин - Спящий гигант, похоже, проснулся, и члены дипломатических кругов в целом согласны, что китайскую нацию теперь можно причислить к великим державам мира. Китайские лидеры связывают рост своего государства с тем, что их правительство пользуется Небесным мандатом. Европейские лидеры поддерживают развитие нации из-за того, что западные идеи и обычая были приняты на Востоке. Вне зависимости от всего этого, потенциал китайского Левиафана безграничен, и миру не мешало бы обратить на это внимание. Мы советуем читателям наблюдать за развитием событий с растущим опасением.;X;X;X;X;X;X
EVTDESC19310_NEWS_MEDIUM;Спящий гигант, похоже, проснулся, и члены дипломатических кругов в целом согласны, что китайскую нацию теперь можно причислить к великим державам мира. Китайские лидеры связывают рост своего государства с Небесным мандатом, но европейцы утверждают, что все это из-за принятия западных идей.;X;X;X;X;X;X
EVTDESC19310_NEWS_SHORT;Дипломатические круги считают, что Китай может быть причислен к великим державам. Китайские лидеры связывают рост своего государства с Небесным мандатом. Европейские лидеры заявляют, что причина роста – западные идеи.;X;X;X;X;X;X
EVTDESC19320_NEWS_LONG;Токио, Страна восходящего солнца - Как куры вернулись обратно на насесты сегодня, так и члены дипломатических кругов в целом согласны, что японскую нацию можно считать одной из великих держав мира. С момента вступления в контакт с западным влиянием некоторое количество лет назад, трудолюбивый народ Японии совершил радикальные достижения в области культуры, промышленности и военной удали, и больше не может быть отверженным, подобно отсталым дикарям. Геополитические эксперты высказывают опасения, что новая Япония может попытаться расшириться за счет Азии, а также за ее пределами.;X;X;X;X;X;X
EVTDESC19320_NEWS_MEDIUM;Члены дипломатических кругов в целом согласны, что японскую нацию можно считать одной из великих держав мира. Трудолюбивый народ Японии совершил радикальные достижения в области культуры, промышленности и военной удали, и больше не может быть отверженным, подобно отсталым дикарям.;X;X;X;X;X;X
EVTDESC19320_NEWS_SHORT;Члены дипломатических кругов в целом согласны, что японскую нацию можно считать одной из великих держав мира. Японцы достигли огромного прогресса и больше не могут быть отверженными, подобно отсталым дикарям.;X;X;X;X;X;X
EVTDESC19355_NEWS_LONG;Геополитики провели симпозиум на прошлой неделе и пришли к общему соглашению, что возрастание националистических настроений, военной гордыни и создание новых и ужасающих орудий войны означает, что будущие конфликты с участием великих держав, вероятно, выльются в совершенно новую категорию под названием мировые войны. Вполне вероятно, что большие территориальные изменения, унижения и освобождение наций станут характерными чертами этих войн, хотя полные аннексии по-прежнему маловероятны. Станет ли упрямство, изобретательность и жестокость человеческой природы причиной уничтожения самой земли? Только время покажет.;X;X;X;X;X;X
EVTDESC19355_NEWS_MEDIUM;Геополитики провели симпозиум на прошлой неделе и пришли к общему соглашению, что новые и ужасающие орудия войны означают, что будущие конфликты с участием великих держав, вероятно, выльются в совершенно новую категорию под названием мировые войны. Большие территориальные изменения будут более вероятны, чем в настоящее время.;X;X;X;X;X;X
EVTDESC19355_NEWS_SHORT;Геополитики провели симпозиум на прошлой неделе и пришли к общему соглашению, что будущие конфликты с участием великих держав, вероятно, выльются в совершенно новую категорию под названием мировые войны.;X;X;X;X;X;X
EVTDESC31100_NEWS_LONG;Археолог Генрих Шлиман раскопал остатки потерянного города Троя в Турции! Это открытие привело к быстрому появлению новых талантов в археологии и захватило воображение миллионов. Когда Шлиман раскопал холмы в Гиссарлык, был открыт целый ряд древних городов, начиная с бронзового века до времен Римской империи. Его находки были названы сокровищами Прима и были приобретены берлинскими музеями. Археологические усилия Шлимана были вдохновлены британским дипломатом, Фрэнком Калвертом, который потратил более шести десятилетий на проведение полевых работ в этой области.;X;X;X;X;X;X
EVTDESC31100_NEWS_MEDIUM;Археолог Генрих Шлиман раскопал остатки потерянного города Троя в Турции! Это открытие привело к быстрому появлению новых талантов в археологии и захватило воображение миллионов. Его находки были названы сокровищами Прима и были приобретены берлинскими музеями.;X;X;X;X;X;X
EVTDESC31100_NEWS_SHORT;Археолог Генрих Шлиман раскопал остатки потерянного города Троя в Турции! Это открытие привело к быстрому появлению новых талантов в археологии и захватило воображение миллионов.;X;X;X;X;X;X
EVTDESC31102_NEWS_LONG;$COUNTRY_ADJ$ позиции в Стамбуле больше не являются безопасными. Они решили переместить свое правительство к более защищенной Анкаре. Один из старейших городов мира, Анкара славится тем, что была основана мифическим фригийским царем Мидасом, хотя историки утверждают, что поселение старше, чем фригийские правители, и первые следы строительства там относятся к ранней цивилизации Хатти. Османская, византийская и римская архитектуры, доминирующие в старой части города, доказывают большое культурное и коммерческое значение Анкары на протяжении веков.;X;X;X;X;X;X
EVTDESC31102_NEWS_MEDIUM;$COUNTRY_ADJ$ позиции в Стамбуле больше не являются безопасными. Они решили переместить свое правительство к более защищенной Анкаре. Османская, византийская и римская архитектуры, доминирующие в старой части города, доказывают большое культурное и коммерческое значение Анкары на протяжении веков.;X;X;X;X;X;X
EVTDESC31102_NEWS_SHORT;$COUNTRY_ADJ$ позиции в Стамбуле больше не являются безопасными. Они решили переместить свое правительство к более защищенной Анкаре.;X;X;X;X;X;X
EVTDESC31307_NEWS_LONG;Элизабет фон Виттельсбах, императрица Австрии, была убита итальянским анархистом Луиджи Луккени. Это ужасное событие произошло в отеле Бо Риваж в Женеве. Я анархист по убеждению. «Я приехал в Женеву, чтобы убить властителя, подавая пример тем, кто страдает, и тем, кто ничего не делает для улучшения своего социального положения. Для меня не имело значения, кто тот правитель, которого я должен убить. Она не была женщиной, но была императрицей. Я видел перед собой только корону», - сказал убийца, объясняя то злодеяние, которое он совершил.;X;X;X;X;X;X
EVTDESC31307_NEWS_MEDIUM;Элизабет фон Виттельсбах, императрица Австрии, была убита итальянским анархистом Луиджи Луккени. Это ужасное событие произошло в отеле Бо Риваж в Женеве. «Она не была женщиной, но была императрицей. Я видел перед собой только корону», – позже объяснил убийца.;X;X;X;X;X;X
EVTDESC31307_NEWS_SHORT;Элизабет фон Виттельсбах, императрица Австрии, была убита итальянским анархистом Луиджи Луккени. Это ужасное событие произошло в отеле Бо Риваж в Женеве.;X;X;X;X;X;X
EVTDESC31308_NEWS_LONG;$COUNTRY$: Международная социалистическая конференция в Циммервальде была первой подобной встречей, последовавшая после начала Мировой войны в августе 1914 года. Ужасные потери, явившиеся результатом боевых действий, созвали делегатов, чтобы осудить войну как результат империализма и призвать рабочих противостоять его преследованиям. Многие видные деятели социалистического движения собрались на этой встрече, в том числе Ладзари и Модильяни из Италии, Ленин и Бобров из России, немцы Ледебур и Гофман, французские социалисты Бурдерон и Мергейм и многие другие.;X;X;X;X;X;X
EVTDESC31308_NEWS_MEDIUM;$COUNTRY$: Международная социалистическая конференция в Циммервальде была первой подобной встречей, последовавшая после начала Мировой войны в августе 1914 года. Ужасные потери, явившиеся результатом боевых действий, созвали делегатов, чтобы осудить войну как результат империализма.;X;X;X;X;X;X
EVTDESC31308_NEWS_SHORT;$COUNTRY$: Международная социалистическая конференция в Циммервальде была первой подобной встречей, последовавшая после начала Мировой войны в августе 1914 года.;X;X;X;X;X;X
EVTDESC31310_NEWS_LONG;$COUNTRY$: 16 стран подписали Женевскую конвенцию по улучшению условий для раненных во время боя солдат. Они выбрали измененный швейцарский флаг в качестве символа: красный крест на белом поле. После четырех десятилетий мира с момента падения Наполеона в битве при Ватерлоо в 1818 году, кампания его племянника в Северной Италии стало шокирующим зрелищем для многих наблюдателей: Анри Дюнан, швейцарский бизнесмен и активист, ставший свидетелем ужасных условий жизни десятков тысяч раненых солдат в Италии, предложил ряд международных законов для облегчения их страданий.;X;X;X;X;X;X
EVTDESC31310_NEWS_MEDIUM;$COUNTRY$: 16 стран подписали Женевскую конвенцию по улучшению условий для раненных во время боя солдат. Анри Дюнан, швейцарский бизнесмен и активист, предложил ряд международных законов для облегчения их страданий.;X;X;X;X;X;X
EVTDESC31310_NEWS_SHORT;$COUNTRY$: 16 стран подписали Женевскую конвенцию по улучшению условий для раненных во время боя солдат. Они выбрали измененный швейцарский флаг в качестве символа: красный крест на белом поле.;X;X;X;X;X;X
EVTDESC36600_NEWS_LONG;Шведская оперная певица Дженни Линд родилась в 1820 году в Стокгольме. Она дебютировала в опере «Der Freischutz» («Вольный стрелок») в Стокгольме в 1838 году, а в середине 1840-х годов ее слава выросла еще больше после выступлений в Европе и США. Дженни Линд была первой шведской мега-звездой, известной своим выразительным пением, изысканной и невероятной вокальной техникой, а также своими искренними, естественными и скромными манерами. Своими концертами и оперными выступлениями Дженни заработала целое состояние, крупную часть которого она пожертвовала на благотворительность.;X;X;X;X;X;X
EVTDESC36600_NEWS_MEDIUM;Шведская оперная певица Дженни Линд родилась в 1820 году в Стокгольме. Она дебютировала в опере «Der Freischutz» («Вольный стрелок») в Стокгольме в 1838 году, а в середине 1840-х годов ее слава выросла еще больше после выступлений в Европе и США.;X;X;X;X;X;X
EVTDESC36600_NEWS_SHORT;Шведская оперная певица Дженни Линд дебютировала в опере «Der Freischutz» («Вольный стрелок») в Стокгольме в 1838 году, а в середине 1840-х годов ее слава выросла еще больше после выступлений в Европе и США.;X;X;X;X;X;X
EVTDESC36611_NEWS_LONG;Шведский писатель Август Стриндберг (1849-1912) был одной из самых талантливых личностей мировой литературы. Драматург, романист и новеллист, его работы показывали неистовство и гениальность в сочетании с натурализмом, психологией и мистикой. «Красная комната» привела его к славе в 1879 году. Это сатира об атрибутах и состоянии Швеции в конце 1870-х. Будучи многосторонним человеком, Стриндберг обладал фанатичной ненавистью эмансипированным женщинам, интересовался наукой и оккультизмом, а также пробовал свои силы в живописи, фотографии и алхимии!;X;X;X;X;X;X
EVTDESC36611_NEWS_MEDIUM;Шведский писатель Август Стриндберг (1849-1912) был одной из самых талантливых личностей мировой литературы. Драматург, романист и новеллист, его работы показывали неистовство и гениальность в сочетании с натурализмом, психологией и мистикой.;X;X;X;X;X;X
EVTDESC36611_NEWS_SHORT;Шведский писатель Август Стриндберг (1849-1912) был одной из самых талантливых личностей мировой литературы. Драматург, романист и новеллист, его работы показывали неистовство и гениальность.;X;X;X;X;X;X
EVTDESC37700_NEWS_LONG;Чтобы укрепить бюджет, $COUNTRY_ADJ$ правительство в Мадриде приказало конфисковать и продать церковное имущество без какой-либо компенсации. Налоговые привилегии католической церкви были отменены, а государство, в свою очередь, согласилось взять на себя расходы по содержанию Церкви. Многие либералы, считающие, что Церковь была на стороне карлистов в недавней гражданской войне, полагают, что конфискация и продажа монастырского имущества является актом правосудия, а также возможностью продуктивного использования бывших церковных земель.;X;X;X;X;X;X
EVTDESC37700_NEWS_MEDIUM;Чтобы укрепить бюджет, $COUNTRY_ADJ$ правительство в Мадриде приказало конфисковать и продать церковное имущество без какой-либо компенсации. Налоговые привилегии католической церкви были отменены, а государство, в свою очередь, согласилось взять на себя расходы по содержанию Церкви.;X;X;X;X;X;X
EVTDESC37700_NEWS_SHORT;Чтобы укрепить бюджет, $COUNTRY_ADJ$ правительство в Мадриде приказало конфисковать и продать церковное имущество без какой-либо компенсации.;X;X;X;X;X;X
EVTDESC37701_NEWS_LONG;Местный венесуэльский генерал Нарцисо Лопез был казнен испанской колониальной властью на Кубе. Он высадился с небольшой группой людей, пытаясь спровоцировать бунт, который повернул бы Кубу к США, но не сумел достичь успеха из-за отсутствия поддержки населения. Жестокое обращение с военнопленными со стороны испанцев вызвало волну возмущения, как в южных, так и в северных штатах США, даже среди тех, кто не поддерживал экспедицию. Усилия Лопеза, несмотря на его поражение, вдохновили множество других солдат удачи во всей Латинской Америке.;X;X;X;X;X;X
EVTDESC37701_NEWS_MEDIUM;Местный венесуэльский генерал Нарцисо Лопез был казнен испанской колониальной властью на Кубе. Он высадился с небольшой группой людей, пытаясь спровоцировать бунт, который повернул бы Кубу к США, но не сумел достичь успеха из-за отсутствия поддержки населения.;X;X;X;X;X;X
EVTDESC37701_NEWS_SHORT;Местный венесуэльский генерал Нарцисо Лопез был казнен испанской колониальной властью на Кубе. Он высадился с небольшой группой людей, пытаясь спровоцировать бунт, который повернул бы Кубу к США.;X;X;X;X;X;X
EVTDESC37706_NEWS_LONG;Испанский художник Пабло Пикассо отказался от обычных идей живописи и начал использовать гораздо более концептуальный стиль под влиянием скульптуры и африканского искусства. Один из самых влиятельных художников XX века, он провел большую часть своей жизни во Франции. Он вдохновил и разработал множество различных стилей, в частности он славится сооснователем кубизма. Рожденный с замечательным талантом, Пикассо рисовал реалистично в детстве и юности, перейдя затем к более абстрактным и экспериментальным формам во взрослой жизни.;X;X;X;X;X;X
EVTDESC37706_NEWS_MEDIUM;Испанский художник Пабло Пикассо отказался от обычных идей живописи и начал использовать гораздо более концептуальный стиль. Рожденный с замечательным талантом, Пикассо рисовал реалистично в детстве и юности, перейдя затем к более абстрактным и экспериментальным формам во взрослой жизни.;X;X;X;X;X;X
EVTDESC37706_NEWS_SHORT;Испанский художник Пабло Пикассо отказался от обычных идей живописи и начал использовать гораздо более концептуальный стиль под влиянием скульптуры и африканского искусства.;X;X;X;X;X;X
EVTDESC32500_NEWS_LONG;$COUNTRY$: Один из самых влиятельных писателей в современной русской литературе, поднявший Россию на один уровень с остальной Европой, Пушкин известен такими работами, как «Евгений Онегин», «Борис Годунов» и «Капитанская дочка». Попав в немилость при дворе и все более утопая в долгах, он умер от ран в феврале 1837 года после дуэли французским иммигрантом, предполагаемым любовником его жены Натальи. Царская администрация перенесла и ограничила его похороны, опасаясь политической демонстрации.;X;X;X;X;X;X
EVTDESC32500_NEWS_MEDIUM;$COUNTRY$: Один из самых влиятельных писателей в современной русской литературе, поднявший Россию на один уровень с остальной Европой, Пушкин известен такими работами, как «Евгений Онегин», «Борис Годунов» умер от ранения, полученного на дуэли.;X;X;X;X;X;X
EVTDESC32500_NEWS_SHORT;$COUNTRY$: Умер один из самых влиятельных писателей в русской литературе, поднявший Россию на один уровень с остальной Европой, Пушкин известен такими работами, как «Евгений Онегин» и «Борис Годунов».;X;X;X;X;X;X
EVTDESC32505_NEWS_LONG;$COUNTRY$: В 1880 году Федор Достоевский закончил свой магнум опус, произведение «Братья Карамазовы». Одна из самых захватывающих работ в истории, «Братья Карамазовы» была комедией, которая раскрыла основные темы постсоциалистической деятельности Достоевского как писателя. Хоть и комедия, но самая серьезная комедия из когда-либо написанных. Произведения Достоевского были чрезвычайно влиятельными не только в России, но и на всем Западе, и не только в литературных, но и в философских и религиозных кругах.;X;X;X;X;X;X
EVTDESC32505_NEWS_MEDIUM;$COUNTRY$: В 1880 году Федор Достоевский закончил свой магнум опус, произведение «Братья Карамазовы». Произведения Достоевского были чрезвычайно влиятельными не только в России, но и на всем Западе, и не только в литературных, но и в философских и религиозных кругах.;X;X;X;X;X;X
EVTDESC32505_NEWS_SHORT;$COUNTRY$: В 1880 году Федор Достоевский закончил свой магнум опус, произведение «Братья Карамазовы». Произведения Достоевского чрезвычайно влиятельны не только в России, но и на всем Западе.;X;X;X;X;X;X
EVTDESC35700_NEWS_LONG;Ватикан, Рим: Энциклике папы Льва XIII «О положении трудящихся» начинается со слов «Rerum Novarum». В энциклике говорится, что дух революционных социалистических изменений начал проникать во все большее количество сфер жизни общества. Причины конфликта, как утверждает Папа, вполне ясны: подавляющее увеличение промышленного труда, изменение отношений между хозяевами и работниками, скопление огромных состояний у небольшого круга лиц и нищета народных масс, а также широко распространенное моральное вырождение.;X;X;X;X;X;X
EVTDESC35700_NEWS_MEDIUM;Ватикан, Рим: Энциклике папы Льва XIII «О положении трудящихся» предупреждает, что дух социалистических революционных изменений, вызванный нищетой масс и повсеместным моральным вырождением, начинает проникать во все большее количество сфер жизни общества.;X;X;X;X;X;X
EVTDESC35700_NEWS_SHORT;Ватикан, Рим: Энциклике папы Льва XIII «О положении трудящихся» предупреждает, что дух социалистических революционных изменений начинает проникать во все большее количество сфер жизни общества.;X;X;X;X;X;X
EVTDESC38500_NEWS_LONG;Первое Оманское судно в Новом Мире, «Султанша», прибыло в Нью-Йорк в 1840 году, привезя личного представителя султана Саида ибн Султана для установления торговых отношений с Америкой и для встречи с американским правительством. Правя без своего брата, Саид ибн Султан переместил свою столицу из Маската (Оман) в Каменный город, Занзибар. Он славится своей очень активной внешней политикой, направленной на торговые договоры с Великобританией, Францией и США. По требованию Лондона, он запретил рабство среди своих подданных, которое являлось одной из ключевых отраслей промышленности Омана до начала его правления.;X;X;X;X;X;X
EVTDESC38500_NEWS_MEDIUM;Первое Оманское судно в Новом Мире, «Султанша», прибыло в Нью-Йорк в 1840 году, привезя личного представителя султана Саида ибн Султана для установления торговых отношений с Америкой и для встречи с американским правительством.;X;X;X;X;X;X
EVTDESC38500_NEWS_SHORT;Первое Оманское судно в Новом Мире, «Султанша», прибыло в Нью-Йорк в 1840 году, привезя личного представителя султана Саида ибн Султана для установления торговых отношений с Америкой.;X;X;X;X;X;X
EVTDESC36400_NEWS_LONG;Норвежский художник Эдвард Мунк (1863-1944) сыграл важную роль в развитии экспрессионизма и символизма. Его работы потрясли высшие классы общества до такой степени, что сначала даже были запрещены. Его картины повысили осведомленность об ужасных условиях существования людей, которым в жизни повезло меньше. «В отличие от других художников, он видит самую суть и пишет ее», - защищал его друг. Выполненная в четырех различных вариантах, самая знаменитая работа Мунка «Крик» была продана за самую большую сумму, заплаченную когда-либо на аукционе.;X;X;X;X;X;X
EVTDESC36400_NEWS_MEDIUM;Эдвард Мунк (1863 - 1944) сыграл важную роль в развитии экспрессионизма и символизма. Его работы потрясли высшие классы общества до такой степени, что сначала даже были запрещены. Его картины повысили осведомленность об ужасных условиях существования людей, которым в жизни повезло меньше.;X;X;X;X;X;X
EVTDESC36400_NEWS_SHORT;Эдвард Мунк (1863 - 1944) сыграл важную роль в развитии экспрессионизма и символизма. Его работы потрясли высшие классы общества до такой степени, что сначала даже были запрещены.;X;X;X;X;X;X
EVTDESC36401_NEWS_LONG;Сын фермера и учителя, Ивар Осен (1813-1896) видел необходимость реформирования норвежского письменного языка, который до того момента фактически был датским. После нескольких поездок по всей стране через небольшие деревни и сельские общины, он создал грамматику и словарь для «нового» норвежского языка. Хотя его кодификации разговорного языка было слишком мало, чтобы дать образование народу, многие его стихи стали популярными песнями. Незадолго до его смерти, «новый язык» Осена получил официальное признание норвежским парламентом.;X;X;X;X;X;X
EVTDESC36401_NEWS_MEDIUM;Сын фермера и учителя, Ивар Осен (1813-1896) видел необходимость реформирования норвежского письменного языка, который до того момента фактически был датским. Он создал грамматику и словарь для «нового» норвежского языка. Многие его стихи стали популярными песнями.;X;X;X;X;X;X
EVTDESC36401_NEWS_SHORT;Сын фермера и учителя, Ивар Осен (1813-1896) видел необходимость реформирования норвежского письменного языка, который до того момента фактически был датским. Он создал «новый» норвежский язык.;X;X;X;X;X;X
EVTDESC44000_NEWS_LONG;С открытием Гавайев к влияниям извне, новые болезни стали посещать остров. Проказа была одним из этих бедствий, и, опасаясь быстрого распространения болезни, был создан лепрозорий на острове Молокаи для жертв карантина. Бельгийский миссионер отец Дамьен предложил свои услуги по наблюдению за колонией и работе на благо жертв заражения. Считавшийся мучеником, он умер от болезни, настигшей его после шестнадцати лет оказания помощи больным.;X;X;X;X;X;X
EVTDESC44000_NEWS_MEDIUM;С открытием Гавайев к влияниям извне, новые болезни стали посещать остров. Проказа была одним из этих бедствий, и, опасаясь быстрого распространения болезни, был создан лепрозорий на острове Молокаи для жертв карантина.;X;X;X;X;X;X
EVTDESC44000_NEWS_SHORT;С открытием Гавайев к влияниям извне, новые болезни стали посещать остров. Проказа была одним из этих бедствий. Лепрозорий на острове Молокаи.;X;X;X;X;X;X
EVTDESC36204_NEWS_LONG;В 1848 году в датских Виргинских островах произошло восстание рабов. Губернатор Питер фон Шолтен решил освободить их, а не использовать силу для подавления выступлений. Фон Шолтен заявил, что причиной недовольства явился закон 1847 года, гласивший, что ребенок, рожденный от рабыни, был свободным. Ученые считают, что его жизнь с Анной Хегор, «цветной» женщиной, повлияла на его взгляды по этому вопросу. Действия фон Шолтена встретили сопротивление со стороны плантаторов. Он был отозван в Данию и предан судебным разбирательствам, но позже был оправдан Верховным судом.;X;X;X;X;X;X
EVTDESC36204_NEWS_MEDIUM;В 1848 году в датских Виргинских островах произошло восстание рабов. Губернатор Питер фон Шолтен решил освободить их, а не использовать силу для подавления выступлений. Он был отозван в Данию и предан судебным разбирательствам, но позже был оправдан Верховным судом.;X;X;X;X;X;X
EVTDESC36204_NEWS_SHORT;В 1848 году в датских Виргинских островах произошло восстание рабов. Губернатор Питер фон Шолтен решил освободить их, а не использовать силу для подавления выступлений.;X;X;X;X;X;X
EVTDESC36217_NEWS_LONG;Датский писатель и философ Кьеркегор опубликовал свою работу «Или - или» в 1843 году. Кьеркегор известен как первый философ-экзистенциалист. «Бог не похож на человека, Богу не нужны видимые доказательства того, победило его дело или нет, он видит это так же хорошо и в тайне. Он тот, кто поможет вам выучиться заново, так как вы лишь отдаляетесь от своей точки зрения, пытаясь найти ее зримые доказательства», - сказал он однажды, разъясняя свои теологические взгляды.;X;X;X;X;X;X
EVTDESC36217_NEWS_MEDIUM;Датский писатель и философ Кьеркегор опубликовал свою работу «Или - или» в 1843 году. «Богу не нужны видимые доказательства того, победило его дело или нет, он видит это так же хорошо и в тайне», - сказал он однажды, разъясняя свои теологические взгляды.;X;X;X;X;X;X
EVTDESC36217_NEWS_SHORT;Датский писатель и философ Кьеркегор опубликовал свою работу «Или - или» в 1843 году. Кьеркегор известен как первый философ-экзистенциалист.;X;X;X;X;X;X
EVTDESC90900_NEWS_LONG;После стольких лет унизительных договоров, эксплуатации и запугиваний, держава $COUNTRY$ теперь равна по силам западным государствам. Дракон пробудился и может потрясти мир. Так как создание школ и промышленности набирает обороты, армия и флот реформируются, чтобы стать равными их западным аналогам, а реформы различных учреждений позволяют правительству вести более эффективное управление, Китай с его огромными ресурсами и населением вскоре может оказаться среди ведущих держав мира.;X;X;X;X;X;X
EVTDESC90900_NEWS_MEDIUM;После стольких лет унизительных договоров, эксплуатации и запугиваний, держава $COUNTRY$ теперь равна по силам западным государствам. Дракон пробудился и может потрясти мир. Китай вскоре может оказаться среди ведущих держав мира.;X;X;X;X;X;X
EVTDESC90900_NEWS_SHORT;После стольких лет унизительных договоров, эксплуатации и запугиваний, держава $COUNTRY$ теперь равна по силам западным государствам. Дракон пробудился и может потрясти мир.;X;X;X;X;X;X
EVTDESC90902_NEWS_LONG;Китай расколот. То, что когда-то было единым, развалилось, разделив ресурсы и людей. То, что могло стать великой державой, может теперь в лучшем случае стать рядом региональных государств, конкурирующих друг с другом вместо того, чтобы совместно противостоять Западу. Просто набор западных марионеток, отвергающих единство и силу. Однако Западу не стоит слишком расслабляться, ведь одно из малых государств может подняться над другими и сплотить их под своими знаменами, чтобы пробудить дракона и потрясти мир.;X;X;X;X;X;X
EVTDESC90902_NEWS_MEDIUM;Китай расколот. То, что когда-то было единым, развалилось, разделив ресурсы и людей. То, что могло стать великой державой, может теперь в лучшем случае стать рядом региональных государств, конкурирующих друг с другом вместо того, чтобы совместно противостоять Западу.;X;X;X;X;X;X
EVTDESC90902_NEWS_SHORT;Китай расколот. То, что когда-то было единым, развалилось, разделив ресурсы и людей. То, что могло стать великой державой, может теперь в лучшем случае стать рядом региональных государств, конкурирующих друг с другом.;X;X;X;X;X;X
EVTDESC37201_NEWS_LONG;$COUNTRY$: В 1836 году, в Париже, после тридцати лет строительства была открыта Триумфальная арка, созданная по заказу Наполеона. Вдохновленный триумфальными арками римлян, памятник изображает сцены французской революции и успехи Наполеона. Крупнейшая триумфальная арка на сегодняшний день, она расположена на правом берегу Сены в центре двенадцатиугольной конфигурации из двенадцати радиальных аллей и имеет размеры в 50 метров в высоту, 45 метров в ширину и 22 метра высоты свода.;X;X;X;X;X;X
EVTDESC37201_NEWS_MEDIUM;$COUNTRY$: В 1836 году, в Париже, после тридцати лет строительства была открыта Триумфальная арка, созданная по заказу Наполеона. Вдохновленный триумфальными арками римлян, памятник изображает сцены французской революции и успехи Наполеона.;X;X;X;X;X;X
EVTDESC37201_NEWS_SHORT;$COUNTRY$: В 1836 году, в Париже, после тридцати лет строительства была открыта Триумфальная арка, созданная по заказу Наполеона.;X;X;X;X;X;X
EVTDESC37204_NEWS_LONG;Тело Наполеона Бонапарта, умершего в 1821 году на острове Святой Елены, было эксгумировано и возвращено во Францию в декабре 1840 года. В течение первых дней после его похорон в Доме Инвалидов в Париже, сотни тысяч отдали ему дань памяти. В своей последней воле Бонапарт умолял, чтобы его похоронили на берегах Сены, среди французского народа, который он так любил. Погребенное вместе с мечом, который он носил при Аустерлице и Маренго, тело Наполеона покоится в саркофаге, размещенном на двух мраморных плитах в круглом склепе без потолка.;X;X;X;X;X;X
EVTDESC37204_NEWS_MEDIUM;Тело Наполеона Бонапарта, умершего в 1821 году на острове Святой Елены, было эксгумировано и возвращено во Францию в декабре 1840 года. В течение первых дней после его похорон в Доме Инвалидов в Париже, сотни тысяч отдали ему дань памяти.;X;X;X;X;X;X
EVTDESC37204_NEWS_SHORT;Тело Наполеона Бонапарта, умершего в 1821 году на острове Святой Елены, было эксгумировано и возвращено во Францию в декабре 1840 года. Сотни тысяч отдали ему дань памяти.;X;X;X;X;X;X
EVTDESC37213_NEWS_LONG;$COUNTRY$: В 1835 году Алексис де Токвиль опубликовал свое произведение «Демократия в Америке», которое сразу же было признано классикой в обеих Америках и Франции. В нем он отметил сутяжничество и религиозность американцев, которые сегодня остаются загадкой для европейцев. Токвиль является одним из немногих историков, имеющих более чем одно «классическое» произведение в своем списке. Другая его большая работа, «Старый режим и Французская революция», была опубликована в 1856 году, за три года до его смерти.;X;X;X;X;X;X
EVTDESC37213_NEWS_MEDIUM;$COUNTRY$: В 1835 году Алексис де Токвиль опубликовал свое произведение «Демократия в Америке», которое сразу же было признано классикой в обеих Америках и Франции. Он является одним из немногих историков, имеющих более чем одно «классическое» произведение в своем списке.;X;X;X;X;X;X
EVTDESC37213_NEWS_SHORT;$COUNTRY$: В 1835 году Алексис де Токвиль опубликовал свое произведение «Демократия в Америке», которое сразу же было признано классикой в обеих Америках и Франции.;X;X;X;X;X;X
EVTDESC37216_NEWS_LONG;$COUNTRY$: В 1894 году французским шпионом в немецком посольстве было обнаружено рукописное бордеро, содержащее секретные французские военные документы. Подозрение пало на еврейского капитана Альфреда Дрейфуса, и он был вскоре осужден военным судом и приговорен к пожизненному заключению на Чертовом острове. Дрейфус заявлял о своей невиновности и отрицал авторство бордеро, однако результата это не принесло.;X;X;X;X;X;X
EVTDESC37216_NEWS_MEDIUM;$COUNTRY$: В 1894 году французским шпионом в немецком посольстве было обнаружено рукописное бордеро, содержащее секретные французские военные документы. Подозрение пало на еврейского капитана Альфреда Дрейфуса, и он был вскоре приговорен к пожизненному заключению на Чертовом острове.;X;X;X;X;X;X
EVTDESC37216_NEWS_SHORT;$COUNTRY$: В 1894 году еврейский капитан Альфред Дрейфус был приговорен к заключению на Чертовом острове. Дрейфус заявлял о своей невиновности, однако результата это не принесло.;X;X;X;X;X;X
EVTDESC37217_NEWS_LONG;$COUNTRY$: В 1896 году полковник Пикар обнаружил улики, указывающие на майора Эстерхази, будто бы он был на самом деле автором бордеро, за которое был осужден Дрейфус, однако в военно-полевом суде майор был оправдан за считанные минуты. В открытом письме к президенту Франции, писатель Эмиль Золя обвинил судей, которые оправдали Эстерхази по приказу военного министерства. Позже, в 1898 году, было установлено, что большая часть доказательств против Дрейфуса - подделка.;X;X;X;X;X;X
EVTDESC37217_NEWS_MEDIUM;$COUNTRY$: В 1896 году полковник Пикар обнаружил улики, указывающие на майора Эстерхази, будто бы он был на самом деле автором бордеро, за которое был осужден Дрейфус, однако в военно-полевом суде майор был оправдан за считанные минуты. Писатель Эмиль Золя обвинил судей, которые оправдали Эстерхази по приказу военного министерства.;X;X;X;X;X;X
EVTDESC37217_NEWS_SHORT;$COUNTRY$: В 1896 году полковник Пикар обнаружил улики, указывающие на майора Эстерхази, будто бы он был на самом деле автором бордеро, за которое был осужден Дрейфус.;X;X;X;X;X;X
EVTDESC37218_NEWS_LONG;$COUNTRY$: Так как доказательства против Дрейфуса были подделкой, его дело было передано в апелляционный суд в 1899 году. Беззаконие последовало после того, как он в очередной раз был признан виновным военным судом: ведомства отказывались признать свои предыдущие ошибки. Хотя Дрейфус и был помилован президентом и позже реабилитирован в 1906 году, результатом всей этой истории стало развитие антиклерикализма, антимилитаризма и объединение французских левых.;X;X;X;X;X;X
EVTDESC37218_NEWS_MEDIUM;$COUNTRY$: Так как доказательства против Дрейфуса были подделкой, его дело было передано в апелляционный суд в 1899 году. Беззаконие последовало после того, как он в очередной раз был признан виновным военным судом: ведомства отказывались признать свои предыдущие ошибки.;X;X;X;X;X;X
EVTDESC37218_NEWS_SHORT;$COUNTRY$: Так как доказательства против Дрейфуса были подделкой, его дело было передано в апелляционный суд в 1899 году. Беззаконие последовало после того, как он в очередной раз был признан виновным.;X;X;X;X;X;X
EVTDESC37220_NEWS_LONG;$COUNTRY$: 14-летней дочери мельника Бернадетте Субиру впервые явилась Святая Мария в пещере возле Лурда, на северной стороне Пиренеев. Хотя явления и были личными, а не общественными откровениями, после канонического расследования в 1864 году ее видения были официально признаны католической церковью, и Лурд стал одним из самых важных мест паломничества для католиков. Воду из источника Девы Марии, который отметила Бернадетта, наделяют целебными свойствами.;X;X;X;X;X;X
EVTDESC37220_NEWS_MEDIUM;$COUNTRY$: 14-летней дочери мельника Бернадетте Субиру впервые явилась Святая Мария в пещере возле Лурда, на северной стороне Пиренеев. В 1864 году ее видения были официально признаны католической церковью.;X;X;X;X;X;X
EVTDESC37220_NEWS_SHORT;$COUNTRY$: 14-летней дочери мельника Бернадетте Субиру впервые явилась Святая Мария в пещере возле Лурда, на северной стороне Пиренеев.;X;X;X;X;X;X
EVTDESC31502_NEWS_LONG;В возрасте 67 лет император Австро-Венгрии Франц I умер, после чего его сын Фердинанд I, богатый умственными и физическими недостатками, взошел на престол. Из-за неспособности Фердинанда править, так называемая «Geheime Regierungskonferenz» (тайная правительственная конференция), включавшая Меттерниха, предлагала императору ежедневный контроль правительства. Регенты настаивали на легитимности нового правителя и признавали его пригодным к царствованию под их руководством. Единственной позицией Фердинанда по этому поводу была фраза: «Я император и я хочу клецок».;X;X;X;X;X;X
EVTDESC31502_NEWS_MEDIUM;В возрасте 67 лет император Австро-Венгрии Франц I умер, после чего его сын Фердинанд I, богатый умственными и физическими недостатками, взошел на престол. Меттерних предлагал императору ежедневный контроль правительства.;X;X;X;X;X;X
EVTDESC31502_NEWS_SHORT;В возрасте 67 лет император Австро-Венгрии Франц I умер, после чего его сын Фердинанд I, богатый умственными и физическими недостатками, взошел на престол. Регенты предложили императору взять государственные дела на себя.;X;X;X;X;X;X
EVTDESC31504_NEWS_LONG;Серб Илья Гарашанин потребовал в своем произведении «Начертание» объединения всех южных славян в борьбе против австрийских и османских угнетателей. Вдохновленные немецкой и французской национальными моделями, пытающиеся решить сложное международное положение сербского народа, его произведения стали программой националистического движения южных славян. Гарашанин следовал своим целям на протяжении всей жизни, но так и не смог заручиться широкой народной поддержкой.;X;X;X;X;X;X
EVTDESC31504_NEWS_MEDIUM;Серб Илья Гарашанин потребовал в своем произведении «Начертание» объединения всех южных славян в борьбе против австрийских и османских угнетателей. Его произведения стали программой националистического движения южных славян.;X;X;X;X;X;X
EVTDESC31504_NEWS_SHORT;Серб Илья Гарашанин потребовал в своем произведении «Начертание» объединения всех южных славян в борьбе против австрийских и османских угнетателей.;X;X;X;X;X;X
EVTDESC31505_NEWS_LONG;Баварская принцесса Елизавета, прозванная Сиси, вышла замуж за австрийского императора Франца Иосифа I в 1854 году. Ее необычные манеры, часто полностью пренебрегающие этикетом, расположили к ней людей. Воспитанная в очень непринужденной и вольной обстановке при дворе ее отца, Максимилиана Иосифа Баварского, она часто сбегала с уроков, чтобы покататься верхом за городом. Очарованный личностью и красотой Елизаветы, Франц Иосиф I расторг помолвку с ее старшей и более благочестивой сестрой, игнорируя доводы своей матери, и потребовал, чтобы Сиси стала его женой.;X;X;X;X;X;X
EVTDESC31505_NEWS_MEDIUM;Баварская принцесса Елизавета, прозванная Сиси, вышла замуж за австрийского императора Франца Иосифа I в 1854 году. Ее необычные манеры, часто полностью пренебрегающие этикетом, расположили к ней людей. Очарованный личностью и красотой Елизаветы, Франц Иосиф I потребовал, чтобы Сиси стала его женой.;X;X;X;X;X;X
EVTDESC31505_NEWS_SHORT;Баварская принцесса Елизавета, прозванная Сиси, вышла замуж за австрийского императора Франца Иосифа I в 1854 году. Ее необычные манеры, часто полностью пренебрегающие этикетом, расположили к ней людей.;X;X;X;X;X;X
EVTDESC35000_NEWS_LONG;В условиях войны, протекающей между Великобританией и Германией, британские представители Саксен-Кобург-Готской династии решили отказаться от своего имени, чтобы сохранить репутацию! Теперь они известны как дом Виндзоров, а все семейные связи с герцогом и его семьей уже разорваны. Известный представитель немецкого дворянства, как сообщает наш репортер, сказал по этому поводу: Я не удивлен. Увы, у меня есть более важные дела, такие как просмотр комедии Шекспира «Саксен-Кобург-Готские проказницы». По мнению репортера, немцы все же имеют определенное чувство юмора.;X;X;X;X;X;X
EVTDESC35000_NEWS_MEDIUM;В условиях войны, протекающей между Великобританией и Германией, британские представители Саксен-Кобург-Готской династии решили отказаться от своего имени, чтобы сохранить репутацию! Теперь они известны как дом Виндзоров, а все семейные связи с герцогом и его семьей уже разорваны.;X;X;X;X;X;X
EVTDESC35000_NEWS_SHORT;В условиях войны против Германии, британская королевская семья решила отказаться от всех связей с домом Саксен-Кобург-Готов и теперь известна как дом Виндзоров.;X;X;X;X;X;X
EVTDESC33400_NEWS_LONG;Вальхалла, памятник классицизма, стилизованный под греческие храмы и названный в честь легендарного загробного мира из северной мифологии, был открыт на прошлой неделе в Донауштауф, что близ Регенсбурга в Баварии. Этот величественный мемориал - известный ориентир, расположенный над Дунаем, настолько огромный и великолепный, что его можно увидеть издалека. В этом зале славы выставлены бюсты известных немцев, причем не только павших воинов, как в его мифической тезке, но и ученых, писателей и художников, как мужчин, так и женщин.;X;X;X;X;X;X
EVTDESC33400_NEWS_MEDIUM;Вальхалла, памятник классицизма, стилизованный под греческие храмы и названный в честь легендарного загробного мира из северной мифологии, был открыт на прошлой неделе в Донауштауф, что близ Регенсбурга в Баварии. В этом зале славы выставлены бюсты известных немцев.;X;X;X;X;X;X
EVTDESC33400_NEWS_SHORT;Вальхалла, памятник, стилизованный под греческие храмы, был открыт на прошлой неделе в Регенсбурге, Бавария. В этом зале славы выставлены бюсты известных немцев.;X;X;X;X;X;X
EVTDESC33401_NEWS_LONG;Скандальные новости от нашего корреспондента в Баварии! Роман короля Людвига I с танцовщицей Лолой Монтес, которую он сделал графиней, привел к концу его правления. Элиза Розанна Гилберт (ее настоящее имя), до сегодняшнего дня графиня Ландсфельд, была любовницей Людвига с 1846 года и не пользовалась популярностью у местных жителей, которые были против признания ее гражданкой Баварии и возведения в дворянский титул. Консервативно-католические круги так сильно протестовали и возражали против их отношений, что король был вынужден отречься от престола.;X;X;X;X;X;X
EVTDESC33401_NEWS_MEDIUM;Скандальные новости от нашего корреспондента в Баварии! Роман короля Людвига I с танцовщицей Лолой Монтес, которую он сделал графиней, привел к концу его правления. Консервативно-католические круги так сильно протестовали и возражали против их отношений, что король был вынужден отречься от престола.;X;X;X;X;X;X
EVTDESC33401_NEWS_SHORT;Скандал в Баварии! Роман короля Людвига I с танцовщицей Лолой Монтес привел к концу его правления. После возражений со стороны консервативно-католических кругов, он вынужден был отречься от престола.;X;X;X;X;X;X
EVTDESC33402_NEWS_LONG;Новости от нашего корреспондента в Баварии: новая пинакотека открыла свои двери для публики на этой недели на этой неделе в Мюнхене. Построенная архитекторами Фридрихом фон Гертнером и Августом фон Войтом по приказу короля Людвига, пинакотека выставляет работы великолепной коллекции так называемого современного искусства, в отличие от коллекций старых мастеров в старой пинакотеке, основанной в 1836 году. Основа коллекции - любимые работы короля Людвига школы Мюнхена и немецкого романтизма.;X;X;X;X;X;X
EVTDESC33402_NEWS_MEDIUM;Новости от нашего корреспондента в Баварии: новая пинакотека открыла свои двери для публики на этой недели на этой неделе в Мюнхене. Построенная архитекторами Фридрихом фон Гертнером и Августом фон Войтом по приказу короля Людвига, пинакотека выставляет работы великолепной коллекции так называемого современного искусства.;X;X;X;X;X;X
EVTDESC33402_NEWS_SHORT;Новая пинакотека открыла свои двери для публики на этой недели на этой неделе в Мюнхене, Бавария. Построенная по приказу короля Людвига, пинакотека выставляет работы великолепной коллекции так называемого современного искусства.;X;X;X;X;X;X
EVTDESC33403_NEWS_LONG;Композитор Рихард Вагнер завершил строительство Байротского фестивального театра. С 1871 года Вагнер мечтал об идеальном сооружении для постановок на фестивальной сцене, и вскоре его планы стали осуществляться, начиная с получения пожертвования в виде участка земли в Байроте. Предполагается, что фестиваль, посвященный завершению великих немецких работ над этим театром, будет проходить там каждый год. Первая премьера фестиваля: «Кольцо нибелунга», написанное самим Вагнером.;X;X;X;X;X;X
EVTDESC33403_NEWS_MEDIUM;Композитор Рихард Вагнер завершил строительство Байротского фестивального театра. Предполагается, что фестиваль, посвященный завершению великих немецких работ над этим театром, будет проходить там каждый год. Первая премьера фестиваля: «Кольцо нибелунга», написанное самим Вагнером.;X;X;X;X;X;X
EVTDESC33403_NEWS_SHORT;Композитор Рихард Вагнер завершил строительство Байротского фестивального театра. Фестиваль, посвященный завершению великих немецких работ над этим театром, будет проходить там каждый год.;X;X;X;X;X;X
EVTDESC34600_NEWS_LONG;Адольф Дистервег, немецкий педагог, работающий директором государственной школы Берлина, недавно изложил принципы обучения детей, направленные на развитие сознательности, мышления, ответственности. Однако его идеи, по мнению многих, являются очень спорными из-за его твердой убежденности, что ни Церковь, ни политика не должны влиять на образование. Как говорят другие, его цель - профессионализм в преподавании. В связи с этими спорными либеральными рассуждениями, он рискует в скором времени отправиться в отставку.;X;X;X;X;X;X
EVTDESC34600_NEWS_MEDIUM;Адольф Дистервег, немецкий педагог, недавно изложил принципы обучения детей, направленные на развитие сознательности, мышления, ответственности. Тем не менее, его идеи являются весьма спорными, так что вскоре он может отправиться в отставку.;X;X;X;X;X;X
EVTDESC34600_NEWS_SHORT;Адольф Дистервег, немецкий педагог, недавно изложил принципы обучения детей, направленные на развитие сознательности, мышления, ответственности.;X;X;X;X;X;X
EVTDESC34601_NEWS_LONG;В этом месяце немецкий поэт Гофман фон Фаллерслебен опубликовал свое стихотворение о Германии, написанное на острове Гельголанд. Это стихотворение призывает помочь созданию единой и свободной Германии, которая до сих пор кажется несбыточной мечтой для многих желающих объединения революционеров, как в Пруссии, так и во всех небольших немецких монархических государств и вольных городов . Либералы заявляют, что в один прекрасный день стихотворение, в сочетании с мелодией «Gott erhalte Franz den Kaiser» австрийца Йозефа Гайдна, должно стать немецким национальным гимном.;X;X;X;X;X;X
EVTDESC34601_NEWS_MEDIUM;В этом месяце немецкий поэт Гофман фон Фаллерслебен опубликовал свое стихотворение о Германии. Уместно сказать, что в один прекрасный день стихотворение, в сочетании с мелодией «Gott erhalte Franz den Kaiser» австрийца Йозефа Гайдна, должно стать немецким национальным гимном.;X;X;X;X;X;X
EVTDESC34601_NEWS_SHORT;Гофман фон Фаллерслебен опубликовал свое стихотворение о Германии. Либералы заявляют, что оно великолепно подходит на роль настоящего немецкого гимна.;X;X;X;X;X;X
EVTDESC34602_NEWS_LONG;Новости из Пруссии: В минувшее воскресенье погиб король Фридрих Вильгельм III в возрасте 70 лет. После своего восхождения на престол в 1797 году, он стал известен своими усилиями по восстановлению нравственности и достоинства своей династии, что было подорвано во время правления его отца. Его правления также было отмечено такими событиями, как Наполеоновские войны и своеобразным влиянием его жены, Луиз Мекленбург-Стрелицкой, в личной жизни короля и политике Пруссии. Его старший сын Фридрих Вильгельм IV, романтик, стал преемником престола.;X;X;X;X;X;X
EVTDESC34602_NEWS_MEDIUM;В минувшее воскресенье погиб король Фридрих Вильгельм III в возрасте 70 лет. Его правления также было отмечено такими событиями, как Наполеоновские войны и своеобразным влиянием его жены, Луиз Мекленбург-Стрелицкой, в личной, так и политической жизни короля. Его старший сын, романтик, стал преемником престола.;X;X;X;X;X;X
EVTDESC34602_NEWS_SHORT;В минувшее воскресенье погиб король Фридрих Вильгельм III в возрасте 70 лет. Его старший сын Фридрих Вильгельм IV, романтик, стал преемником престола.;X;X;X;X;X;X
EVTDESC34603_NEWS_LONG;Новости из Пруссии: В этом месяце Берлин увидел открытие первого немецкого зоологического сада с огромным набором экзотических животных. Мартин Генрих Лихтенштейн, зоолог из Берлинского университета, убедил короля Фридриха Вильгельма IV пожертвовать участок земли для этого сада за счет фазаньего питомника короля в Берлинском Тиргартене. Король также предоставил значительную сумму и подарил первых животных из своего зверинца и фазаньего питомника. Другие такие сады, уже существующие в Лондоне и Антверпене, становятся очень популярными в Европе.;X;X;X;X;X;X
EVTDESC34603_NEWS_MEDIUM;В этом месяце Берлин увидел открытие первого немецкого зоологического сада с огромным набором экзотических животных. Первые животные были пожертвованы королем Фридрихом Вильгельмом IV из его зверинца и фазаньего питомника. Другие такие сады уже существуют в Лондоне и Антверпене.;X;X;X;X;X;X
EVTDESC34603_NEWS_SHORT;В этом месяце Берлин увидел открытие первого немецкого зоологического сада с огромным набором экзотических животных. Другие такие сады уже существуют в Лондоне и Антверпене.;X;X;X;X;X;X
EVTDESC34604_NEWS_LONG;После тщательной подготовки, прусский король Фридрих Вильгельм IV издал распоряжение Кабинету министров, действующее со следующего месяца, в котором евреям приказывается предъявить официальную декларацию, где они должны выбрать фамилию в течение четырнадцати дней. Оно станет официальной фамилией человека, которое унаследуют любые дети, которые появятся в будущем. До сих пор не было никаких официальных правил, касающихся установления фиксированных фамилий для евреев на всех немецких территориях. Также теперь они обязаны служить в армии.;X;X;X;X;X;X
EVTDESC34604_NEWS_MEDIUM;Новый прусский закон, действующий со следующего месяца, приказывает евреям предъявить официальную декларацию, где они должны выбрать фамилию, которую унаследуют их дети, в течение четырнадцати дней. Также теперь они обязаны служить в армии.;X;X;X;X;X;X
EVTDESC34604_NEWS_SHORT;Новый прусский закон, действующий со следующего месяца, приказывает евреям предъявить официальную декларацию, где они должны выбрать фамилию в течение четырнадцати дней. Также теперь они обязаны служить в армии.;X;X;X;X;X;X
EVTDESC34605_NEWS_LONG;Прусский астроном Иоганн Готтфрид Галле объявил на этой неделе об открытии планеты Нептун. Существование этой планеты было подтверждено Галле после наблюдения возмущений на орбите Урана. Они были замечены его коллегой Урбаном Леверье, который попросил его проследить за определенным участком неба, чтобы найти возможные планетарные тела. После этого Галле и его помощник Генрих Луи д'Арре заметили неизвестную новую звезду магнитудой 8 вокруг указанного положения, что подтвердило наличие новой планеты.;X;X;X;X;X;X
EVTDESC34605_NEWS_MEDIUM;Прусский астроном Иоганн Готтфрид Галле объявил на этой неделе об открытии планеты Нептун. Существование этой планеты было подтверждено Галле после наблюдения возмущений на орбите Урана, замеченных его коллегой Урбаном Леверье.;X;X;X;X;X;X
EVTDESC34605_NEWS_SHORT;Прусский астроном Иоганн Готтфрид Галле объявил на этой неделе об открытии планеты Нептун после наблюдения возмущений на орбите Урана, замеченных его коллегой Урбаном Леверье.;X;X;X;X;X;X
EVTDESC34606_NEWS_LONG;Виндзорские проказницы - комедийная опера по одноименной пьесе Шекспира, премьера которой сегодня состоялась в Королевском оперном театре в Берлине, Пруссия. Опера Отто Николаи с немецким либретто Соломона Германа Мозенталя состоит из трех актов и длится около двух с половиной часов. Музыка писалась в течение трех лет самим Николаи, и уже считается критиками шедевром и самым большим успехом Отто Николаи.;X;X;X;X;X;X
EVTDESC34606_NEWS_MEDIUM;Виндзорские проказницы - комедийная опера по одноименной пьесе Шекспира, премьера которой сегодня состоялась в Королевском оперном театре в Берлине, Пруссия. Критики вне себя от радости и хвалят оперу как шедевр и самый большой успех Отто Николаи.;X;X;X;X;X;X
EVTDESC34606_NEWS_SHORT;Комедийная опера «Виндзорские проказницы» по одноименной пьесе Шекспира была сегодня впервые показана в Берлине. Критики отмечают, что это самый большой успех Отто Николаи.;X;X;X;X;X;X
EVTDESC34607_NEWS_LONG;Новости из Пруссии: Компания Круппа в Эссене предоставила фонд медицинского страхования для всех своих 970 работников. Членство навязывается руководством компании как обязательное. Этот шаг, по мнению многих, очень продвинутый и прогрессивный для текущей эпохи, и, возможно, может стать моделью будущих социальных реформ, которыми могло бы воспользоваться население  в то время как другие рассматривают инициативу как социалистическую глупость и грубое нарушение личной свободы сотрудников.;X;X;X;X;X;X
EVTDESC34607_NEWS_MEDIUM;Новости из Пруссии: Компания Круппа в Эссене предоставила фонд медицинского страхования для всех своих 970 работников. Членство навязывается руководством компании как обязательное. Многие рассматривают этот шаг как прогрессивный, другие же называют его социалистической ерундой.;X;X;X;X;X;X
EVTDESC34607_NEWS_SHORT;Новости из Пруссии: Компания Круппа в Эссене предоставила фонд медицинского страхования для всех своих 970 работников. Членство навязывается руководством компании как обязательное.;X;X;X;X;X;X
EVTDESC34608_NEWS_LONG;Новости от нашего корреспондента из Берлина: Следуя примеру Великобритании, в этом месяце правительство Пруссии, под влиянием некоторых религиозных и общественных деятелей, приняло закон о строгом регулировании детского труда. До этого все усилия по утверждению законы натыкались на сопротивление со стороны политиков, которые видели в инициативе угрозу промышленному росту. Однако многие рассматривают закон как первый шаг против жестокого обращения с детьми в качестве дешевой рабочей силы.;X;X;X;X;X;X
EVTDESC34608_NEWS_MEDIUM;Новости от нашего корреспондента из Берлина: Следуя примеру Великобритании, в этом месяце правительство Пруссии, под влиянием некоторых религиозных и общественных деятелей, приняло закон о строгом регулировании количества детского труда.;X;X;X;X;X;X
EVTDESC34608_NEWS_SHORT;В этом месяце правительство Пруссии, под влиянием некоторых религиозных и общественных деятелей, приняло закон о строгом регулировании количества детского труда.;X;X;X;X;X;X
EVTDESC34609_NEWS_LONG;Музыкальные новости: 42 хоровых сообщества из Рейнской области, Бадена, Гессена и Франконии встретились во Франкфурте, чтобы отпраздновать трехдневный фестиваль музыки Моцарта. Денежные пожертвования были собраны во время подготовки к событию, а также гостеприимное размещение было организовано в рамках подготовки к притоку певцов. Тысячи людей собрались на берегу реки Майн, чтобы поприветствовать их. Даже фонари были наполнены весельем зрителей, размахивающих платками и радующихся. Однако событие, как сообщается, быстро превратилось в демонстрацию во имя политического объединения Германии.;X;X;X;X;X;X
EVTDESC34609_NEWS_MEDIUM;42 хоровых сообщества из Рейнской области, Бадена, Гессена и Франконии встретились во Франкфурте, чтобы отпраздновать трехдневный фестиваль музыки Моцарта. Дома были наполнены радостными зрителями. Однако событие, как сообщается, быстро превратилось в демонстрацию во имя политического объединения Германии.;X;X;X;X;X;X
EVTDESC34609_NEWS_SHORT;42 хоровых сообщества из Рейнской области, Бадена, Гессена и Франконии встретились во Франкфурте, чтобы отпраздновать трехдневный фестиваль музыки Моцарта. Однако событие, как сообщается, быстро превратилось в демонстрацию во имя политического объединения Германии.;X;X;X;X;X;X
EVTDESC33004_NEWS_LONG;Правительство Германии в земле Шлезвиг предложило уменьшить число анти-немецких элементов путем продвижения образования на немецком языке и изгнания граждан Дании, по-прежнему живущих в этой провинции. История конфликта между этническими датчанами и немцами в регионе ведется уже на протяжении многих десятилетий, с момента аннексии этих территорий много лет назад. Хоть германизация региона и была всегда приоритетом, многие очаги сопротивления все еще существуют. Данное предложение сейчас обсуждается в Рейхстаге.;X;X;X;X;X;X
EVTDESC33004_NEWS_MEDIUM;Правительство Германии в земле Шлезвиг предложило уменьшить число анти-немецких элементов путем продвижения образования на немецком языке и изгнания граждан Дании, по-прежнему живущих в этой провинции. Данное предложение сейчас обсуждается в Рейхстаге.;X;X;X;X;X;X
EVTDESC33004_NEWS_SHORT;Правительство Германии в земле Шлезвиг предложило уменьшить число анти-немецких элементов путем продвижения образования на немецком языке и изгнания граждан Дании, по-прежнему живущих в этой провинции.;X;X;X;X;X;X
EVTDESC33000_NEWS_LONG;Театральная труппа герцогства Саксен-Майнинген выступила в Берлине с большим успехом. Популярность труппы неуклонно возрастает в последние годы. Она концентрируется на стиле, стремящемся объединить дизайн, концептуализацию и исполнение театрального искусства через использование настоящих костюмов и декораций, а также через изменчивость действия и естественной интеграции актеров и окружающей среды. Вскоре они начнут серию туров во всех странах Европы.;X;X;X;X;X;X
EVTDESC33000_NEWS_MEDIUM;Театральная труппа герцогства Саксен-Майнинген выступила в Берлине с большим успехом. Популярность труппы неуклонно возрастает в последние годы. Вскоре она начнет серию туров во всех странах Европы.;X;X;X;X;X;X
EVTDESC33000_NEWS_SHORT;Театральная труппа герцогства Саксен-Майнинген выступила в Берлине с большим успехом. Вскоре она начнет серию туров во всех странах Европы.;X;X;X;X;X;X
EVTDESC33001_NEWS_LONG;Пять лет назад Карл Хагенбек, сын торговца животными, провел свое первое выступление об экзотических народах, таких как нубийцы и инуиты, в Гамбурге. Спустя три года, он подробно остановился на концепции, основав цирк, в котором полагались на обучение животных без применения силы. В этом месяца Хагенбек открыл свой зоопарк под открытым небом в Гамбурге, Зоопарк Хагенбека, единственный в своем роде зоопарк, где животные представлялись в естественной среде, а также где впервые была применена инновационная идея о разделении посетителей и животных рвами, а не решетками.;X;X;X;X;X;X
EVTDESC33001_NEWS_MEDIUM;Пять лет назад Карл Хагенбек, сын торговца животными, провел свое первое выступление об экзотических народах в Гамбурге. Спустя три года, он основал цирк, в котором полагались на обучение животных без применения силы. В этом месяца Хагенбек открыл свой зоопарк под открытым небом в Гамбурге, лучший в своем роде.;X;X;X;X;X;X
EVTDESC33001_NEWS_SHORT;В этом месяце Карл Хагенбек, сын торговца животными и хорошо известный своим цирком, где животные обучаются без применения силы, открыл свой зоопарк в Гамбурге, лучший в своем роде.;X;X;X;X;X;X
EVTDESC33002_NEWS_LONG;Школьный директор Конрад Дуден опубликовал свой Полный орфографический словарь немецкого языка в этом месяце. Он должен стать основой немецкой орфографии в ближайшие годы, и многие ученые заявляют, что это совершенно новое произведение, которое должно стать окончательной версией словаря немецкого языка. Имея двадцать восемь тысяч записей, словарь также становится принятым в правительственных и бюрократических кругах, будучи источником правильного написания официальных документов, и служит теперь эталоном качества в администрации Германии.;X;X;X;X;X;X
EVTDESC33002_NEWS_MEDIUM;Школьный директор Конрад Дуден опубликовал свой Полный орфографический словарь немецкого языка в этом месяце. Он должен стать основой немецкой орфографии в ближайшие годы, и многие ученые заявляют, что это произведение, которое должно стать окончательной версией словаря немецкого языка.;X;X;X;X;X;X
EVTDESC33002_NEWS_SHORT;Школьный директор Конрад Дуден опубликовал свой Полный орфографический словарь немецкого языка в этом месяце. Он должен стать основой немецкой орфографии в ближайшие годы.;X;X;X;X;X;X
EVTDESC33005_NEWS_LONG;Вчера был объявлен план соединения Константинополя и Багдада с помощью Багдадской железной дороги - проекта, финансируемого немцами. Полезный как для немцев, имеющих экономические интересы в нефтяных месторождениях Ирака, так и для жителей Константинополя, которые смогут соединиться с такими дальними городами, как Анкара и Конья, этот проект рассматривается как спорный, вызывающий противоречия с интересами других великих держав. Тем не менее, он освещается как один из самых ярких моментов в отношениях Берлина и Константинополя.;X;X;X;X;X;X
EVTDESC33005_NEWS_MEDIUM;Вчера был объявлен план соединения Константинополя и Багдада с помощью Багдадской железной дороги - проекта, финансируемого немцами. Он освещается как один из самых ярких моментов в отношениях Берлина и Константинополя.;X;X;X;X;X;X
EVTDESC33005_NEWS_SHORT;Вчера был объявлен план соединения Константинополя и Багдада с помощью Багдадской железной дороги - проекта, финансируемого немцами, отмечающего хорошие отношения между Берлином и Константинополем.;X;X;X;X;X;X
EVTDESC36898_NEWS_LONG;Принцесса Александрина Виктория из дома Ганновер взошла на престол Соединенного королевства Великобритании и Ирландии как Королева Виктория. Сегодня ликующая лондонская толпа проводила ее к резиденции в недавно построенном Букингемском дворце. Люди всех сословий и вероисповеданий рады видеть нового монарха, занимающего ее место в качестве правителя Великобритании, и сама королева, как сообщается, с нетерпением ждет задач и проблем, которые будут сопровождать ее владычество. Британскому народу будет очень не хватать ее отца, Георга III.;X;X;X;X;X;X
EVTDESC36898_NEWS_MEDIUM;Принцесса Александрина Виктория из дома Ганновер взошла на престол Соединенного королевства Великобритании и Ирландии. Сегодня ликующая лондонская толпа проводила ее к резиденции в Букингемском дворце. Люди всех сословий и вероисповеданий в восторге, и она с нетерпением ждет тех задач, которые будут сопровождать ее владычество.;X;X;X;X;X;X
EVTDESC36898_NEWS_SHORT;Принцесса Виктория из дома Ганновер взошла на престол Соединенного королевства Великобритании и Ирландии. Люди всех сословий и вероисповеданий в восторге. Нам будет очень не хватать короля Георга.;X;X;X;X;X;X
EVTDESC36901_NEWS_LONG;Роман Чарльза Диккенса «Оливер Твист» был опубликован в 1838 году в Лондоне. В нем он обратил внимание на бедность и отсутствие прав у рабочих в то время. В истории о мальчике-сироте, прошедшего через детский дом и работный дом, присоединившегося в итоге к банде уличных карманников в Лондоне  роман проливает свет на то, что зовется «великим лондонским кризисом беспризорника», обращая внимание на большое количество детей-сирот на улицах Лондона в то время. Вполне вероятно, что Диккенс, величайший писатель викторианской эпохи, сам был нищим в детстве.;X;X;X;X;X;X
EVTDESC36901_NEWS_MEDIUM;Роман Чарльза Диккенса «Оливер Твист» был опубликован в Лондоне. В истории о мальчике-сироте, прошедшего через детский дом и работный дом, присоединившегося в итоге к банде уличных карманников в Лондоне  роман обращает внимание на большое количество детей-сирот на улицах Лондона.;X;X;X;X;X;X
EVTDESC36901_NEWS_SHORT;Роман Чарльза Диккенса «Оливер Твист» был опубликован в 1838 году в Лондоне. В нем он обратил внимание на бедность и отсутствие прав у рабочих в свое время.;X;X;X;X;X;X
EVTDESC36903_NEWS_LONG;$COUNTRY$: Королева Виктория вышла замуж за своего двоюродного брата, принца Альберта Саксен-Кобург-Готского. В отличие от многих других браков того времени, этот был основан в первую очередь на взаимной приязни, а не на династических расчётах. Альберт стал влиятельной фигурой при дворе и важным спутником и советником по государственным делам своей жены-королевы. Свадьба означала, что молодая Виктория больше не связана социальными условностями, чтобы жить со своей матерью, поэтому вскоре последовало изгнание матери королевы из Букингемского дворца.;X;X;X;X;X;X
EVTDESC36903_NEWS_MEDIUM;$COUNTRY$: Королева Виктория вышла замуж за своего двоюродного брата, принца Альберта Саксен-Кобург-Готского. В отличие от многих других браков того времени, этот был основан в первую очередь на взаимной приязни, а не на династических расчётах.;X;X;X;X;X;X
EVTDESC36903_NEWS_SHORT;$COUNTRY$: Королева Виктория вышла замуж за своего двоюродного брата, принца Альберта Саксен-Кобург-Готского. После свадьбы Альберт стал важным советником своей жены-королевы.;X;X;X;X;X;X
EVTDESC36911_NEWS_LONG;Второй том поэзии Уильяма Йейтса, «Роза», был опубликован в 1893 году. Сейчас его голос стал чем-то большим, чем просто самобытным, а его контроль над ритмом и рифмой кажется просто гениальным. В настоящее время, Йейтс, развивающий ирландские темы, начал свое долгое сотрудничество с ирландским республиканизмом, смешанным с эстетическим мистицизмом. Ирландский националист в юности, Йейтс спрятал свои убеждения в последние годы и остается на расстоянии от радикальных националистических движений и бурной политической сцены второй половины девятнадцатого века.;X;X;X;X;X;X
EVTDESC36911_NEWS_MEDIUM;Второй том поэзии Уильяма Йейтса, «Роза», был опубликован в 1893 году. Йейтс, развивающий ирландские темы, начал свое долгое сотрудничество с ирландским республиканизмом, смешанным с эстетическим мистицизмом.;X;X;X;X;X;X
EVTDESC36911_NEWS_SHORT;Второй том поэзии Уильяма Йейтса, «Роза», был опубликован в 1893 году. Йейтс, развивающий ирландские темы, начал свое долгое сотрудничество с ирландским республиканизмом.;X;X;X;X;X;X
EVTDESC36912_NEWS_LONG;Собрание стихов Джерарда Хопкинса было издано посмертно в 1918 году, хотя сам Хопкинс не заботился о печати своих произведений при жизни. Его поэзия представила миру новый ритм, известный как пьяный ритм, и дала импульс росту модернистского учения. Поэзия Хопкинса была модернистской, но в то же время он считался религиозным поэтом. Он перешел в католичество в юности и был студентом и профессором средневековой христианской философии.;X;X;X;X;X;X
EVTDESC36912_NEWS_MEDIUM;Собрание стихов Джерарда Хопкинса было издано посмертно в 1918 году, хотя сам Хопкинс не заботился о печати своих произведений при жизни. Его поэзия представила миру новый ритм, известный как пьяный ритм, и дала импульс росту модернистского учения.;X;X;X;X;X;X
EVTDESC36912_NEWS_SHORT;Собрание стихов Джерарда Хопкинса было издано посмертно в 1918 году, хотя сам Хопкинс не заботился о печати своих произведений при жизни.;X;X;X;X;X;X
EVTDESC36919_NEWS_LONG;Флоренс Найтингейл была признана во всем мире как основатель современного сестринского дела. Во время недавней войны, министр Великобритании назначил ее Леди-командующей 38 медсестер в полевых военных госпиталях. Успех этого поручения привел к созданию первой школы медсестер в Англии и к появлению программы для изучения и реорганизации медицинской службы британской армии. Найтингейл также работает в области общественного здравоохранения, больничной администрации и санитарной реформы. Слава сияет над этим ангелом, известным в народе как «дама с лампой».;X;X;X;X;X;X
EVTDESC36919_NEWS_MEDIUM;Флоренс Найтингейл была признана во всем мире как основатель современного сестринского дела. Во время недавней войны, министр Великобритании назначил ее Леди-командующей медсестер в полевых военных госпиталях. Слава сияет над этим ангелом, известным в народе как «дама с лампой».;X;X;X;X;X;X
EVTDESC36919_NEWS_SHORT;Флоренс Найтингейл была признана во всем мире как основатель современного сестринского дела. Слава сияет над этим ангелом, известным в народе как «дама с лампой».;X;X;X;X;X;X
EVTDESC36922_NEWS_LONG;В Овале в Лондоне Англия и Австралия сыграли самый незабываемый международный матч в истории. В трехдневном матче, который раскачивался то в одну, то в другую сторону, английская команда проваливалась, по крайней мере, семь раз, пытаясь одолеть австралийскую в последних подачах. Этот матч был настолько волнующим, что один зритель умер от сердечного приступа. Спортивная Таймс опубликовала этот некролог: «в память английскому крикету, погибшему вчера в Овале и оплакиваемому кругом поклонников и знакомых. Покойся с миром». Тело будет кремировано, а прах доставлен в Австралию.;X;X;X;X;X;X
EVTDESC36922_NEWS_MEDIUM;В Овале в Лондоне Англия и Австралия сыграли самый незабываемый международный матч в истории. В трехдневном матче, который раскачивался то в одну, то в другую сторону, английская команда проваливалась, по крайней мере, семь раз, пытаясь одолеть австралийскую в последних подачах. Этот матч был настолько волнующим, что один зритель умер от сердечного приступа.;X;X;X;X;X;X
EVTDESC36922_NEWS_SHORT;Англия и Австралия сыграла самый запоминающийся матч по крикету в истории, в котором победила Австралия. Один зритель умер от сердечного приступа.;X;X;X;X;X;X
EVTDESC36923_NEWS_LONG;Уважаемый естествоиспытатель Чарльз Дарвин, опираясь на заметки, сделанные во время его путешествия к далеким берегам на борту корабля Бигль, и обобщив наблюдения многих его современников, опубликовал «Происхождение видов», в котором он утверждает, что все формы жизни на Земле медленно развивались с течением времени через научный процесс, известный как естественный отбор, а не через акт божественного творения. Его взгляды горячо оспариваются, и, несомненно, будут оспариваться и через сотни лет. Книга написана для неспециалистов.;X;X;X;X;X;X
EVTDESC36923_NEWS_MEDIUM;Естествоиспытатель Чарльз Дарвин опубликовал «Происхождение видов», в котором он утверждает, что жизнь развивались через научный процесс, известный как естественный отбор, а не через акт божественного творения. Его взгляды горячо оспариваются и остаются весьма спорными.;X;X;X;X;X;X
EVTDESC36923_NEWS_SHORT;Ученый Чарльз Дарвин опубликовал «Происхождение видов», в котором он утверждает, что жизнь развивались через научный процесс, известный как естественный отбор, а не через акт божественного творения.;X;X;X;X;X;X
EVTDESC36925_NEWS_LONG;Убийства по крайне мере шести проституток, совершенные Джеком Потрошителем, потрясли и испугали все учреждения викторианской эпохи. Тревога, вызванная этими убийствами, косвенно обратила внимание британской общественности на крайнюю нищету и беспорядок, царившие на улицах восточной части Лондона, особенно в Уайтчепеле, где были совершены убийства. Слухи среди торговцев приписывают убийце способность избегать поимки в связи с его высоким положением. Подробная информация о бесчинствах слишком ужасна для публикации в этой газете.;X;X;X;X;X;X
EVTDESC36925_NEWS_MEDIUM;Убийства по крайне мере шести проституток, совершенные Джеком Потрошителем, потрясли и испугали все учреждения викторианской эпохи. Тревога, вызванная этими убийствами, пробудило внимание британской общественности к крайней нищете, царящей в восточной части города. Подробная информация о бесчинствах слишком ужасна для публикации.;X;X;X;X;X;X
EVTDESC36925_NEWS_SHORT;Жестокие убийства по крайне мере шести проституток, совершенные Джеком Потрошителем, потрясли и испугали все учреждения викторианской эпохи. Подробная информация о бесчинствах слишком ужасна для публикации в этой газете.;X;X;X;X;X;X
EVTDESC36929_NEWS_LONG;$COUNTRY$: Девятнадцать месяцев спустя после окончания строительства, мост через Ферт-оф-Тей, что вблизи Данди, рухнул под воздействием сильных ветров. Шестивагонный поезд упал вместе с ним, что привело к гибели всех, кто в нем находился. Проектировщик моста, сэр Томас Боуч, был ответственен за несколько недостатков проектирования и отсутствия контроля качества, из-за чего был отстранен от занимаемой должности. Учитывая его репутацию «инженера-убийцы», несколько других проектов были отменены или переданы другим архитекторам. Боуч умер спустя год.;X;X;X;X;X;X
EVTDESC36929_NEWS_MEDIUM;$COUNTRY$: Девятнадцать месяцев спустя после окончания строительства, мост через Ферт-оф-Тей, что вблизи Данди, рухнул под воздействием сильных ветров. Шестивагонный поезд упал вместе с ним, что привело к гибели всех, кто в нем находился. Проектировщик моста, сэр Томас Боуч, был призван к ответу.;X;X;X;X;X;X
EVTDESC36929_NEWS_SHORT;$COUNTRY$: Девятнадцать месяцев спустя после окончания строительства, мост через Ферт-оф-Тей, что вблизи Данди, рухнул под воздействием сильных ветров. Шестивагонный поезд упал вместе с ним, что привело к гибели всех, кто в нем находился.;X;X;X;X;X;X
EVTDESC36939_NEWS_LONG;$COUNTRY$: Лорд Далхаузи, генерал-губернатор Индии, ввел ряд реформ, непопулярных в некоторых кругах, но чрезвычайно эффективных. С помощью развития инфраструктуры, расширения сети железных дорог, металлических мостов, телефонных линий, военных и медицинских реформ, а также набора специальных правовых средств под названием «Доктрина владения», ведущей к аннексии новых земель, Далхаузи не только расширил британскую власть на субконтиненте, но и ускорил рост анти-британских настроений среди местного населения.;X;X;X;X;X;X
EVTDESC36939_NEWS_MEDIUM;$COUNTRY$: Лорд Далхаузи, генерал-губернатор Индии, ввел ряд реформ, непопулярных в некоторых кругах, что привело не только к расширению британской власти на субконтиненте, но и ускорению роста анти-британских настроений среди местного населения.;X;X;X;X;X;X
EVTDESC36939_NEWS_SHORT;$COUNTRY$: Лорд Далхаузи, генерал-губернатор Индии, ввел ряд реформ, непопулярных в некоторых кругах, но чрезвычайно эффективных.;X;X;X;X;X;X
EVTDESC36940_NEWS_LONG;$COUNTRY$: Оформление договора с народом Новой Зеландии было завершено его подписанием, где вождь народа Маори признавал власть королевы Виктории, а она, в свою очередь, гарантировала туземцам возможность управления их землями, поместьями, лесами местами для рыболовства. Маори и английская версии подписанного договора отличаются, вызывая сомнения в том, был ли документ согласован. По британской версии, Маори согласились на то, чтобы ими управлял губернатор, а версия туземцев гласит, что они должны сохранить большую степень свободы и автономии, управляя своими делами самостоятельно.;X;X;X;X;X;X
EVTDESC36940_NEWS_MEDIUM;$COUNTRY$: Оформление договора с народом Новой Зеландии было завершено его подписанием, где вождь народа Маори признавал власть королевы Виктории, а она, в свою очередь, гарантировала туземцам возможность управления их землями, поместьями, лесами местами для рыболовства.;X;X;X;X;X;X
EVTDESC36940_NEWS_SHORT;$COUNTRY$: Оформление договора с народом Новой Зеландии было завершено его подписанием, где вождь народа Маори признавал власть королевы Виктории.;X;X;X;X;X;X
EVTDESC36941_NEWS_LONG;$COUNTRY$: Разочаровавшись в отношениях с Британией, вождь маори Хон Хеке трижды срубал британский флаг с флагштока, что положило начало Первой войне маори. Очень стойкие ободренные первыми успехами, но ограниченные экономически, лишенные запасов продовольствия, туземцы быстро умирали в эпидемиях, и, в конечном итоге, вожди маори попросили прекращения огня. Британцы сохранили свою власть над Новой Зеландией, но мятежные вожди маори еще больше укрепили свои позиции, получив уважение других племен.;X;X;X;X;X;X
EVTDESC36941_NEWS_MEDIUM;$COUNTRY$: Разочаровавшись в отношениях с Британией, вождь маори Хон Хеке трижды срубал британский флаг с флагштока, что положило начало Первой войне маори. Мятежные вожди заслужили уважение других племен, но не смогли одолеть британцев.;X;X;X;X;X;X
EVTDESC36941_NEWS_SHORT;$COUNTRY$: Разочаровавшись в отношениях с Британией, вождь маори Хон Хеке трижды срубал британский флаг с флагштока, что положило начало Первой войне маори.;X;X;X;X;X;X
EVTNAME48300_NEWS_TITLE;Герцог всего Ангальта;X;X;X;X;X;X
EVTNAME23400_NEWS_TITLE;Международный Олимпийский Комитет;X;X;X;X;X;X
EVTNAME36700_NEWS_TITLE;Фламандский лев;X;X;X;X;X;X
EVTNAME90000;Агрессивные намерения страны $CB_TARGET_NAME$;X;X;X;X;X;X
EVTDESC90000;Как всем известно, $CB_TARGET_NAME$ хочет напасть на нас. Это только вопрос времени - когда они начнут ничем не спровоцированное нападение, так что это единственное разумное, что мы можем сделать, как обороняющаяся сторона. Как назло, подробный отчет о их гнусных планах недавно «просочился» в прессу, и общественность выступает на нашей стороне.;X;X;X;X;X;X
EVTOPTA90000;Как гнусно с их стороны...;X;X;X;X;X;X
EVTNAME90001;Пограничный инцидент в стране $CB_TARGET_NAME$;X;X;X;X;X;X
EVTDESC90001;Мы попали в довольно неловкое положение. Несколько наших солдат в форме армии страны $CB_TARGET_NAME$ были пойманы при попытке пересечь границу. Хотя слухи о том, что их задачей было организовать пограничный инцидент, чтобы оправдать наше совершенно необоснованое вторжение. Было бы не очень правильно подогревать слухи сейчас.;X;X;X;X;X;X
EVTOPTA90001;Постарайтесь замять это дело;X;X;X;X;X;X
EVTNAME90002;Тирания державы $CB_TARGET_NAME$;X;X;X;X;X;X
EVTDESC90002;Слишком долго $CB_TARGET_NAME_ADJ$ народ страдал от гнета тиранов. Для блага всех угнетённых мы должны раскрыть миру доказательства преступлний правительства державы $CB_TARGET_NAME$ и привлечь членов их сферы под наше крыло во имя их собственного благополучия.;X;X;X;X;X;X
EVTOPTA90002;Мы должны помочь угнетенному народу...;X;X;X;X;X;X
EVTNAME90003;Вопиющее попустительство преступлений правителям страны $CB_TARGET_NAME$!;X;X;X;X;X;X
EVTDESC90003;Вопреки неподдельным доказательствам того, что $CB_TARGET_NAME$ - угнетатели, кажется, не будет никакой общественной или международной поддержки наших действий по спасению малых народов от их влияния.;X;X;X;X;X;X
EVTOPTA90003;Дураки!;X;X;X;X;X;X
EVTNAME90004;Защита народа страны $CB_TARGET_NAME$;X;X;X;X;X;X
EVTDESC90004;Без защиты Великой Державы вроде нас с $CB_TARGET_NAME$ может случиться что угодно. Что бы защитить их, мы должны включить их в нашу сферу влияния, несмотря на все возражения с их стороны. В конце-концов они тоже могут стать Великой Державой.;X;X;X;X;X;X
EVTOPTA90004;Так поможем им встать на ноги!;X;X;X;X;X;X
EVTNAME90005;$CB_TARGET_NAME_ADJ$ фиаско;X;X;X;X;X;X
EVTDESC90005;Хотя мы всего лишь хотели помочь державе $CB_TARGET_NAME$, добавив их в нашу сферу влияния, их это очень разозлило. Несмотря на то, что они пренебрежительно отнеслись к нашим стараниям, их поведение несколько изменило мнение мировой общественности насчет насильного присоединения к нам.;X;X;X;X;X;X
EVTOPTA90005;Раз они сами того не хотят...;X;X;X;X;X;X
EVTNAME90006;Конец империализма державы $CB_TARGET_NAME$;X;X;X;X;X;X
EVTDESC90006;Почему держава $CB_TARGET_NAME$ должна получить всю основную землю для своих колоний? Это совершеннейшая чушь, вот что это такое! Скорее всего, они даже не будут должным образом её использовать! Мы должны что-то сделать - мы заслужили свое место под солнцем!;X;X;X;X;X;X
EVTOPTA90006;Пусть солдаты готовятся омыть сапоги в океане!;X;X;X;X;X;X
EVTNAME90007;Неудача в колонизации;X;X;X;X;X;X
EVTDESC90007;Несмотря на скромность наших требований, наблюдается международная поддержка в возвращении колониального баланса между нами и державой $CB_TARGET_NAME$. Несмотря на эту неудачу, у нас нет сомнений в том, что в один прекрасный день мы создадим империю, над которой не будет садиться солнце!;X;X;X;X;X;X
EVTOPTA90007;Черт бы их побрал!;X;X;X;X;X;X
EVTNAME90008;Время действовать!;X;X;X;X;X;X
EVTDESC90008;Все согласятся с тем, что держава $CB_TARGET_NAME$ становится излишне самоуверенной и наглой. Слишком долго они ходили по мировой сцене с напыщенным видом, думая, что могут делать все, что пожелают. К счастью, остальной мир солгласен с тем, что $CB_TARGET_NAME$ должна быть унижена.;X;X;X;X;X;X
EVTOPTA90008;Время умерить их пыл!;X;X;X;X;X;X
EVTNAME90009;Самонадеянные дураки!;X;X;X;X;X;X
EVTDESC90009;Хотя мы видим высокомерие державы $CB_TARGET_NAME$, очевидно, что остальные его не замечают. Их так называемая «независимость» несомненно позволяет им иметь собственную армию и делать что угодно, без оглядки на наше мнение. Само собой разумеется, что они слишком самонадеянны!;X;X;X;X;X;X
EVTOPTA90009;Недолго им осталось...;X;X;X;X;X;X
EVTNAME90100;За Свободную Прессу!;X;X;X;X;X;X
EVTNAME90102;За Публичные Собрания!;X;X;X;X;X;X
EVTNAME90104;За Профсоюзы!;X;X;X;X;X;X
EVTDESC90100;Люди долго мечтали о Свободной Прессе, а после принятия этой реформы нашими соседями этот вопрос стал ещё более актуален.;X;X;X;X;X;X
EVTOPTA90100;Возможно, мы пойдем им навстречу;X;X;X;X;X;X
EVTOPTB90100;Никогда!;X;X;X;X;X;X
EVTDESC90102;Люди долго мечтали о праве на публичные собрания, а после принятия этой реформы нашими соседями этот вопрос стал ещё более актуален.;X;X;X;X;X;X
EVTDESC90104;Люди долго мечтали о профсоюзах, а после принятия этой реформы нашими соседями этот вопрос стал ещё более актуален.;X;X;X;X;X;X
EVTNAME90101;Невыполненные обещания;X;X;X;X;X;X
EVTDESC90101;Несмотря на наши обещания реформировать прессу, ничего не изменилось, и люди расстроены.;X;X;X;X;X;X
EVTOPTA90101;Как печально!;X;X;X;X;X;X
EVTDESC90103;Несмотря на наши обещания разрешить публичные собрания, ничего не изменилось, и люди расстроены;X;X;X;X;X;X
EVTOPTA90103;Я ненавижу трусов;X;X;X;X;X;X
EVTDESC90105;Несмотря на наши обещания разрешить торговые союзы, ничего не изменилось, и люди расстроены;X;X;X;X;X;X
EVTOPTA90105;Лучше умереть, чем стать красным!;X;X;X;X;X;X
EVTNAME90900;Среднее королевство;X;X;X;X;X;X
EVTDESC90900;Мы сейчас достаточно развиты, чтобы Европейские варвары признали нас «Цивилизованными», и поэтому они должны уважать наше право на свободную политику и отказаться от влияния на Китай;X;X;X;X;X;X
EVTOPTA90900;Мы снова едины!;X;X;X;X;X;X
EVTDESC90901;Новый статус династии Цин позволяет им требовать от нас признания их власти. Принятие требований означает для нас потерю суверенитета.;X;X;X;X;X;X
EVTOPTA90901;Мы снова едины!;X;X;X;X;X;X
EVTOPTA90910;В фургоны и на Запад!;X;X;X;X;X;X
EVTOPTB23212;Продолжайте смотреть в небо!;X;X;X;X;X;X
EVTNAME37226;Убыль населения;X;X;X;X;X;X
EVTDESC37226;После долгих лет бытия самой населенной страной Европы, Франция в XIX и XXвв. по до сих пор непонятным причинам имела чрезвычайно низкий уровень рождаемости. К концу Викторианской эпохи французы оказались позади Великобритании, России, Германии и Италии по части численности населения.;X;X;X;X;X;X
EVTOPTA37226;Это большой удар!;X;X;X;X;X;X
EVTNAME90950;Кража активов!;X;X;X;X;X;X
EVTDESC90950;Неблагодарное правительство государства $FROMCOUNTRY$ приняло наши инвестиции за обычный подарок, украв наши активы!;X;X;X;X;X;X
EVTOPTA90950;Этого не будет!;X;X;X;X;X;X
EVTOPTB90950;Пусть будет так;X;X;X;X;X;X
EVTNAME23213;Хребты Безумия;X;X;X;X;X;X
EVTDESC23213;Наша экспедиция на Южный Полюс пробудила нечто ужасное. В руинах гигантского города-призрака было найдено то, что нельзя было назвать растением или животным. То, что правило Землей когда-то очень давно. То, что вернулось и наполнено неописуемым голодом.;X;X;X;X;X;X
EVTOPTA23213;Не скажешь, что это хорошо…;X;X;X;X;X;X
EVTNAME999003;Реставрация Мэйдзи;X;X;X;X;X;X
EVTDESC999003;Традиционно считается что Япония была основана императором Дзимму в 660 г. до н. э. И хотя с тех пор императорский род ни разу не прерывался, вплоть до периода Эдо император не имел реальной политической власти. Только Мэйдзи удалось изменить ситуацию. Восстановление императорского правления, программа быстрой модернизации промышленности, конституционализм и экономические свободы помогут Японии разорвать оковы, навязанные ей западным миром.;X;X;X;X;X;X
EVTOPTA999003;Солнце, освети мой путь;X;X;X;X;X;X
EVTNAME19355;Великие Войны;X;X;X;X;X;X
EVTDESC19355;Рост национальной гордости в разных странах по всему миру достиг такой точки, когда народы не принимают чего-то меньшего, чем полная победа в войнах с участием Великих Держав. Отныне любой конфликт, в котором участвуют хотя бы две Великие Державы с каждой стороны будет расценён как Первая Великая Война!;X;X;X;X;X;X
EVTOPTA19355;С нами Бог!;X;X;X;X;X;X
EVTNAME111011928;Арабское государство;X;X;X;X;X;X
EVTDESC111011928;Объединив под своим знаменем несколько арабских стран, арабские патриоты провозгласили «Единое арабское Отечество».;X;X;X;X;X;X
EVTDESC111011928_NEWS_LONG; Момент настал и у арабов теперь есть личное государство.;X;X;X;X;X;X
EVTDESC111011928_NEWS_MEDIUM;Момент настал и у арабов теперь есть личное государство.;X;X;X;X;X;X
EVTDESC111011928_NEWS_SHORT;Момент настал и у арабов теперь есть личное государство.;X;X;X;X;X;X
EVTOPTA111011928;Разумеется.;X;X;X;X;X;X
EVTOPTB111011928;Ни за что!;X;X;X;X;X;X
EVTNAME5002;Кубок Стэнли;X;X;X;X;X;X
EVTDESC5002;Когда лорд Стэнли Престон стал генерал-губернатором этого доминиона, он очень увлекся хоккеем. В 1892 г. он приобрел этот кубок как приз для соревнований, которые сначала назывались Кубком Вызова по хоккею. Этот спортивный трофей был наградой для лучшей любительской хоккейной команды Канады.;X;X;X;X;X;X
EVTOPTA5002;Это может приобрести популярность...;X;X;X;X;X;X
EVTNAME5001;Кубок мира по футболу;X;X;X;X;X;X
EVTDESC5001;Уругвай принял первый Кубок мира по футболу, который имел ошеломительный успех. Хотя из Европы сумели приехать команды лишь нескольких стран, уровень футбола на кубке был очень высок. И, что важнее всего, Уругвай в финале победил Аргентину со счетом 4-2!;X;X;X;X;X;X
EVTOPTA5001;Слава Уругваю!;X;X;X;X;X;X
EVTNAME5000;Первый Кубок Футбольной ассоциации;X;X;X;X;X;X
EVTDESC5000;В трудной и захватывающей борьбе прошел сегодня матч за первый кубок Футбольной Ассоциации на стадионе «Кенсингтон Овал» в Лондоне. Он завершился неожиданной победой «Альбиона» из района $PROVINCENAME$ над «Куинз Парк» со счетом 1-0. «Пауки» показали отличную игру, но в итоге проиграли из-за гола Альфреда Гудвина во втором тайме.;X;X;X;X;X;X
EVTOPTA5000;Беднякам это понравится!;X;X;X;X;X;X
EVTNAME22500;Обвал рынка ценных бумаг!;X;X;X;X;X;X
EVTDESC22500;$COUNTRY$ переживает черный день - финансовый центр г.$CAPITAL$ не может прийти в себя из-за лопнувшего пузыря спекуляций. Цены на недвижимость росли в течение последних лет, и хотя некоторые аналитики давно предупреждали, что цены завышены из-за инфляционного сверхпотребления, быки на рынке не вняли их предупреждениям. В правительстве слышны требования о регулировании банковской деятельности и валюты, призывы покончить с проблемами «волчьего капитализма».;X;X;X;X;X;X
EVTOPTA22500;Регулировать! Обложить налогами! Запретить! Аааа!;X;X;X;X;X;X
EVTOPTB22500;Сбалансировать госбюджет, снизить регулирование, вести разумную денежную политику;X;X;X;X;X;X
EVTNAME22510;Великая депрессия;X;X;X;X;X;X
EVTDESC22510;Обвал рынка ценных бумаг г.$CAPITAL$ превращается в нечто куда более худшее: доверие людей к банкам упало, идет непрерывный поток изъятия средств. Пока люди пытаются спасти свои сбережения, все больше банков и кредитных учреждений оказываются банкротами, и вскоре, словно цепочка домино, обрушивается весь $COUNTRY_ADJ$ финансовый рынок. Последствия распространяются на другие отрасли в частном секторе, начинаются дефолты по ссудам, сбережения тают. Затем из-за банкротства целых отраслей промышленности появляются огромные массы безработных. Из-за тесной взаимосвязи между экономиками западных стран кризис быстро распространяется по миру. Отныне он известен как Великая Депрессия $YEAR$ года.;X;X;X;X;X;X
EVTOPTA22510;Это лишь временные трудности. Не стоит искать виноватых...;X;X;X;X;X;X
EVTNAME22520;Свободная банковская система;X;X;X;X;X;X
EVTDESC22520;Так как в стране $COUNTRY$ нет законов, ограничивающих или регулирующих деятельность банков, некоторые из них выпускают свои собственные банкноты. Хотя многие говорят, что сбережения, заработанные простыми людьми, не стоит доверять частному сектору, в одном из районов ситуация прямо противоположная: множество банков предоставляют людям свободу выбирать, в каком из них хранить деньги, а также банкноты, которой они могут доверять.;X;X;X;X;X;X
EVTOPTA22520;Всегда есть шанс банкротства частной организации - и что тогда?;X;X;X;X;X;X
EVTOPTB22520;Если люди довольны, я не возражаю;X;X;X;X;X;X
EVTNAME22530;Акции местной железнодорожной компании;X;X;X;X;X;X
EVTDESC22530;Недавно образованная железнодорожная компания в одной из наших областей выпустила акции, чтобы профинансировать развитие своего предприятия, и теперь ищет покупателей и инвесторов на территории региона. Генеральный директор компании обратился к местным политикам с просьбой помочь в рекламе этих акций, ссылаясь на то, что развитие железной дороги в регионе принесет лишь выгоду. Некоторые считают, что участие политиков нарушит принципы невмешательства правительства в дела частных компаний. Другие видят лишь возможность заработать.;X;X;X;X;X;X
EVTOPTA22530;Конечно же мы должны помочь столь благородной частной инициативе;X;X;X;X;X;X
EVTOPTB22530;Думаю, чем меньше правительство вмешивается, тем лучше;X;X;X;X;X;X
EVTNAME22540;Фондовый рынок;X;X;X;X;X;X
EVTDESC22540;«Гринвуд и Бернс» - продаю по 9, 76, покупаю по 9, 5! «Этман и сыновья», продаю, продаю по 8, 12!»\n\nМестный бизнесмен в одной из провинций открыл совместное предприятие для торговли на местной бирже - в основном, товарной. Несомненно, биржа поможет местной экономике!;X;X;X;X;X;X
EVTOPTA22540;Прекрасная новость!;X;X;X;X;X;X
EVTNAME22550;Банкноты аферистов;X;X;X;X;X;X
EVTDESC22550;В одном из регионов сегодня началось массовое изъятие средств из банка после новости о том, что выпускаемые им банкноты были не подкреплены ликвидностью. Ситуация привлекла внимание парламента - противники свободной банковской системы использовали случай, чтобы в очередной раз выступить против нее, требуя от правительства более жесткого регулирования банковского сектора. Им противостоят мощные лобби промышленных кругов и фритрейдеров.;X;X;X;X;X;X
EVTOPTA22550;Свободная банковская система - основа свободной торговли;X;X;X;X;X;X
EVTOPTB22550;Мы не позволим хапугам диктовать экономическую политику нашего государства;X;X;X;X;X;X
EVTNAME22560;Экономический бум;X;X;X;X;X;X
EVTDESC22560;Экономика нашей страны вошла в период бурного роста после долгих лет низкой безработицы и высокого уровня жизни населения. Значительное количество сбережений, высокая производительность, а также новые экономические инструменты и основание инвестиционных банков означают, что наша страна как никогда готова к развитию национальной промышленности и выходу на новый уровень процветания.;X;X;X;X;X;X
EVTOPTA22560;Превосходно!;X;X;X;X;X;X
EVTOPTB22560;Нам следует приумножить изобилие;X;X;X;X;X;X
EVTNAME22570;Банкротство ведущей компании;X;X;X;X;X;X
EVTDESC22570;Крупная компания в одном из наших регионов недавно обанкротилась: она долго работала в убыток. Местные политики обратились к правительству с просьбой о поддержке, утверждая, что спад временный и компания встанет на ноги, если дать ей время на реструктуризацию и консолидацию средств. Хотя мы могли бы помочь, в парламенте раскритиковали идею, назвав ее нарушением принципов свободы торговли и невмешательства.;X;X;X;X;X;X
EVTOPTA22570;Разумеется, мы должны помочь компании в это нелегкое время;X;X;X;X;X;X
EVTOPTB22570;Мы не будем тратить государственные средства на поддержку частной компании;X;X;X;X;X;X
EVTNAME22580;Железнодорожный трест!;X;X;X;X;X;X
EVTDESC22580;$COUNTRY$ шумит новостями о железнодорожном тресте, который недавно раскрыла антитрестовая комиссия в одном из регионов. Местные капиталисты опровергают обвинения, называя их нелепыми, и утверждают, что никакого ценового сговора и манипуляций не было. Среди рабочего класса зреет недовольство. Рабочие полагают, что магнаты-буржуа обдирают их как липку, а сами получают баснословные прибыли. Разрушив трест, мы затормозим развитие железных дорог в регионе на пару лет. Но если мы ничего не предпримем, широкие слои населения будут недовольны.;X;X;X;X;X;X
EVTOPTA22580;Мы должны защитить права рабочих любой ценой, и монополии здесь придет конец;X;X;X;X;X;X
EVTOPTB22580;Свобода торговли - наш основной принцип;X;X;X;X;X;X
EVTNAME14730;Антиколониальная лига;X;X;X;X;X;X
EVTDESC14730;И если вспомнить все несправедливые деяния $COUNTRY_ADJ$ представителей в колониях, неудивительно, что слово '$COUNTRY$' далеко за границами нашей страны стало синонимом грабежа, наживы и убийства. Наш лозунг прост: «$COUNTRY$! Вон из колоний!»\n\nРадикально настроенные $COUNTRY_ADJ$ граждане основали антиколониальную лигу. Из докладов тайной полиции стало ясно, что у этой организации, полной сторонников независимости колоний, немало связей с социалистическим интернационалом.;X;X;X;X;X;X
EVTOPTA14730;Осудить Лигу;X;X;X;X;X;X
EVTOPTB14730;Игнорировать Лигу;X;X;X;X;X;X
EVTOPTC14730;Поддержать Лигу;X;X;X;X;X;X
EVTNAME14740;Колония-пример;X;X;X;X;X;X
EVTDESC14740;Борьба за колонии усиливается, европейские державы стремятся к новым приобретениям в Африке и по всему миру. Государство $COUNTRY$ тоже неплохо справляется. Одна из $COUNTRY_ADJ$ колоний в последние годы стала одной из лучших европейских колоний. Она повысила престиж $COUNTRY_ADJ$ колониальной политики в Европе, а также способствовала развитию научных исследований.;X;X;X;X;X;X
EVTOPTA14740;Прекрасно!;X;X;X;X;X;X
EVTNAME14750;Дебаты о колониальной политике;X;X;X;X;X;X
EVTDESC14750;«И хотя я глубоко уважаю своих коллег из оппозиции, я не могу понять, зачем они вновь поднимают вопрос расходов управления по делам колоний. Колонии - основа нашей политики, и они стоят любых затрат».\n\nКолонии вновь на передовицах $COUNTRY_ADJ$ газет после бурных дебатов в верхней палате. Члены оппозиции высказываются за сокращение бюджета управления по делам колоний. В верхней палате развернулась борьба за голоса между оппозицией и правящим большинством.;X;X;X;X;X;X
EVTOPTA14750;Аргументы консерваторов более убедительны;X;X;X;X;X;X
EVTOPTB14750;Аргументы либералов более убедительны;X;X;X;X;X;X
EVTNAME14760;Коррупция в колониях;X;X;X;X;X;X
EVTDESC14760;В $COUNTRY_ADJ$ управлении по делам колоний назревает крупный коррупционный скандал - сообщение в газете г.$CAPITAL$ потрясло нацию. В статье раскрывается огромная сеть взяточников и коррупционеров, действующая в интересах определенных частных компаний, получающих выгоду от торговли и эксплуатации колоний. Критики правительства указывают на низкие зарплаты и недофинансирование нужд колониальных чиновников. Но в правительственных кругах бытует мнение, что вездесущая коррупция проникла в управление по делам колоний из частного сектора.;X;X;X;X;X;X
EVTOPTA14760;Правительство должно признать ответственность за свои ошибки;X;X;X;X;X;X
EVTOPTB14760;Управление подкупили крупные капиталисты - это их вина!;X;X;X;X;X;X
EVTNAME14770;$CAPITAL$ - жемчужина страны;X;X;X;X;X;X
EVTDESC14770;Рост наших колониальных владений превратил г.$CAPITAL$ в растущий мегаполис, культурный и экономический центр империи. Каждый день, каждый час люди со всех концов света прибывают в нашу столицу - для переговоров с нашими министрами, для торговли с нашими купцами, для договоров с промышленниками и инженерами - и чтобы узреть величие города своими глазами. На центральном вокзале г.$CAPITAL$ можно увидеть целый мир в миниатюре - услышать любой иностранный язык, ощутить запахи дальних стран. Эпоха после $YEAR$ года навсегда войдет в историю $COUNTRY_ADJ$ империи как золотой век г.$CAPITAL$.;X;X;X;X;X;X
EVTOPTA14770;...и пусть эти дни не забудутся никогда.;X;X;X;X;X;X
EVTNAME14780;Болезни в колониях;X;X;X;X;X;X
EVTDESC14780;Хотя открытие новых земель приносило новые болезнями, одна из колоний заработала себе особенно жуткую репутацию. Малярия, грипп обычной и необычной разновидности - все, кто отправляются в эту колонию, неизбежно заражаются чем-то очень неприятным. В отчете $COUNTRY_ADJ$ доктора, живущего в колонии, предлагается провести масштабные мероприятия по осушению местных болот и топей, а также улучшить здравоохранение. Эти действия помогут колонии, но потребуют от нас немалых затрат.;X;X;X;X;X;X
EVTOPTA14780;Да кому какое дело!;X;X;X;X;X;X
EVTOPTB14780;Мы, разумеется, обязаны помочь колонии;X;X;X;X;X;X
EVTNAME14790;Развитие колоний;X;X;X;X;X;X
EVTDESC14790;В одной из наших колоний достигнуты невероятные успехи в развитии местной торговли и предпринимательства, докладывает управление по делам колоний. По мнению местного губернатора, основной причиной послужила амбициозная земельная реформа, принятая при содействии $COUNTRY_ADJ$ промышленников и капиталистов. Колония становится все более привлекательной для эмигрантов. Доклад также не скупится на похвалы нашим промышленным магнатам.;X;X;X;X;X;X
EVTOPTA14790;Фантастика!;X;X;X;X;X;X
EVTOPTB14790;Не трубите о докладе, а то капиталисты загордятся!;X;X;X;X;X;X
EVTNAME14800;Археология в колониях;X;X;X;X;X;X
EVTDESC14800;Археологические раскопки в одной из наших колоний принесли невероятный успех: было найдено несколько предметов, судя по всему, из эры позднего палеолита. Открытие позволит нам узнать много нового о жизни древнего человечества и истории этих земель. $COUNTRY_ADJ$ археологическое общество называет находку огромным успехом нашей археологии. Артефакты следует выставить в музее, но где именно? Археологическое общество настаивает на историческом музее г.$CAPITAL$, но некоторые намекают, что лучше оставить их в местном музее.;X;X;X;X;X;X
EVTOPTA14800;Выставьте древние безделушки где-нибудь у местных;X;X;X;X;X;X
EVTOPTB14800;Эти находки расскажут будущим поколениям о том, каким было общее прошлое человечества;X;X;X;X;X;X
EVTNAME14810;Местные жители лишились сна;X;X;X;X;X;X
EVTDESC14810;В одной из наших колоний возникла неприятная ситуация: несколько капиталистов из г.$CAPITAL$ захватили контроль над местной торговлей. Одно из их предприятий, небольшой машинный цех, которым управляют $COUNTRY_ADJ$ специалисты, работает по западным промышленным стандартам. Работа начинается засветло. Шум от цеха не дает никому в окрестностях спокойно спать по ночам. Эта проблема - лишь одна из множества подобных. Все шире распространяется недовольствов нашим правлением в колониях.;X;X;X;X;X;X
EVTOPTA14810;Если цех должен работать в ночное время, нечего тут рассуждать;X;X;X;X;X;X
EVTOPTB14810;Полагаю, можно заглянуть в торгово-промышленную палату и поговорить с ребятами...;X;X;X;X;X;X
EVTNAME10001;Эра либерализма;X;X;X;X;X;X
EVTDESC10001;Хотя армии Наполеона были разбиты, а сам он потерпел поражение, основные идеи Французской Революции не сокрушить. В Германии власть Священной Римской империи рухнула, а феодальные отношения заменили наполеоновские гражданские законы. По всей Европе, как в университетах, так и в забегаловках разговоры о либерализме, политических реформах, свободе слова, правах человека, а не монарха подтверждают древнее высказывание - ход времени не остановить. Национальные и культурные меньшинства, доселе находившиеся под игом скипетров и мантий, пробуждаются, чтобы вершить свою судьбу. Далеко за океанами ждут нетронутые богатства Африки и Азии. На полях Ватерлоо оседает пыль. Европа же стоит на пороге новой эры - эры либерализма.;X;X;X;X;X;X
EVTOPTA10001;Деятельность либералов усилится в последующие годы;X;X;X;X;X;X
EVTNAME10105;Дебаты о «картофельном голоде»;X;X;X;X;X;X
EVTDESC10105;«И пока наши люди трудятся в невыносимых условиях на полях, что сделало наше правительство, чтобы облегчить страдания фермеров, которые в этом году голодают из-за гибели урожая картофеля? Свободная торговля могла бы помочь импорту продовольствия, но вместо этого правительство поддерживает чьи-то древние привилегии».\n\nСторонники либералов открыто высказываются и в народе, и в парламенте. Наше правительство критикуют за отсутствие реакции на гибель картофеля в одной из провинций. Усиление либералов может привести к новому революционному заговору. Нам следует подумать об отправке войск в провинции, где идет либеральная агитация.;X;X;X;X;X;X
EVTOPTA10105;Приструнить их в парламенте и надеяться, что ситуация в провинциях не выйдет из-под контроля;X;X;X;X;X;X
EVTOPTB10105;Пусть выскажутся в парламенте - возможно, ситуация разрешится сама собой;X;X;X;X;X;X
EVTOPTB10120;Закрыть издание;X;X;X;X;X;X
EVTNAME10110;Столичная стража;X;X;X;X;X;X
EVTDESC10110;Стража в г.$CAPITAL$ неизменно верна нам, если верить местному поэту. Памфлет с нападками на ситуацию в стране, политическую отсталость и угнетение вызвал всплеск воинственности в одном из регионов. По всей стране $COUNTRY$ слышны призывы к национальному единению - либералы выходят на улицы, протестуя против старых порядков, призывая к объединению с братскими народами в других странах и либерализации политической системы. Нужно отправить войска в провинции, где идет либеральная агитация.;X;X;X;X;X;X
EVTOPTA10110;Черт бы побрал этих революционеров;X;X;X;X;X;X
EVTOPTB10110;Надо защитить старые порядки!;X;X;X;X;X;X
EVTOPTB10130;Пресечь деятельность общества;X;X;X;X;X;X
EVTOPTB10140;Издать местный указ, запрещающий его;X;X;X;X;X;X
EVTNAME10260;Агитация пресечена;X;X;X;X;X;X
EVTDESC10260;Присутствие крупного военного контингента в провинции $PROVINCENAME$ привело к тому, что либеральная агитация и революционные речи, которые недавно раздавались на каждом перекрестке, стихли окончательно.;X;X;X;X;X;X
EVTOPTA10260;Великолепно!;X;X;X;X;X;X
EVTNAME14000;$COUNTRY_ADJ$ торговая политика;X;X;X;X;X;X
EVTNAME14000_sub;Жаркие дебаты перед выборами;X;X;X;X;X;X
EVTDESC14000;Напряженная предвыборная гонка достигла критической точки в $COUNTRY$, где развернулись яростные споры о торговой политике между фритрейдерами и протекционистами, пытающимися определить будущее наших торговцев. Фритрейдеры полагают, что товары должны беспрепятственно пересекать границы, а протекционисты считают, что хрупкие основы промышленности нашей нации нуждаются в защите от иностранных конкурентов, грозящих им разорением. Какой путь избрать нашей стране? Свободная торговля или протекционизм? Мы предоставили сведения, но решать вам.;X;X;X;X;X;X
EVTOPTA14000;Нашу торговлю следует оградить от разрушительного влияния иностранной конкуренции;X;X;X;X;X;X
EVTOPTB14000;Нужны какие-то меры для защиты промышленности;X;X;X;X;X;X
EVTOPTC14000;Пусть дебаты идут своим чередом, и все решит судьба!;X;X;X;X;X;X
EVTOPTD14000;Наши торговцы должны иметь право свободного перемещения!;X;X;X;X;X;X
EVTOPTE14000;Свобода торговли восторжествует!;X;X;X;X;X;X
EVTNAME14010;Будущее экономики;X;X;X;X;X;X
EVTNAME14010_sub;Предвыборные дебаты об экономической политике;X;X;X;X;X;X
EVTDESC14010;Предвыборные дебаты в $COUNTRY$ идут уже несколько дней - основным вопросом, что неудивительно, стала экономика. Выступают сторонники нескольких теорий, но электорат ожидает услышать мнение правительства. Какую систему поддержит правительство, чтобы обеспечить каждого $COUNTRY_ADJ$ гражданина в течение следующего срока?;X;X;X;X;X;X
EVTOPTA14010;Решительно высказаться в пользу свободного рынка;X;X;X;X;X;X
EVTOPTB14010;Решительно высказаться в пользу интервенционизма;X;X;X;X;X;X
EVTOPTC14010;Решительно высказаться в пользу государственного капитализма;X;X;X;X;X;X
EVTOPTD14010;Решительно высказаться в пользу плановой экономики;X;X;X;X;X;X
EVTNAME14020;Боги, люди и оружие;X;X;X;X;X;X
EVTNAME14020_sub;Предвыборные дебаты о религии;X;X;X;X;X;X
EVTDESC14020;«Моральные устои нашего народа рушатся!» Это утверждение вызвало споры среди сторонников веротерпимости и равноправия религий во время предвыборной кампании в $COUNTRY$. Многие сомневаются в политике правительства в отношении религии, и, несомненно, этот вопрос сыграет свою роль в предстоящих выборах.;X;X;X;X;X;X
EVTOPTA14020;Богов не существует!;X;X;X;X;X;X
EVTOPTB14020;Религия не имеет отношения к политике!;X;X;X;X;X;X
EVTOPTC14020;Пусть люди верят, во что хотят;X;X;X;X;X;X
EVTOPTD14020;Есть лишь одна истинная вера!;X;X;X;X;X;X
EVTNAME14030;Граждане и республика;X;X;X;X;X;X
EVTNAME14030_sub;Предвыборные дебаты о гражданстве;X;X;X;X;X;X
EVTDESC14030;Двое горячо спорят в спертом воздухе здания муниципалитета. Слушатели стараются понять суть спора, в котором то и дело упоминаются «чужаки», «меньшинства», «национальные диаспоры». Один из спорящих считает, что иммигранты должны следовать культурным обычаям новой родины, а его оппонент защищает их право на сохранение культурного наследия и утверждает, что государство $COUNTRY$ только выиграет от «свежей крови»...;X;X;X;X;X;X
EVTOPTA14030;Предоставить им вид на жительство;X;X;X;X;X;X
EVTOPTB14030;Ограничить их гражданские права;X;X;X;X;X;X
EVTOPTC14030;Предоставить им полное гражданство;X;X;X;X;X;X
EVTNAME14040_sub;Предвыборные дебаты о военной политике;X;X;X;X;X;X
EVTDESC14040;Сторонники и противники вооруженных сил занимают разные стороны перед выборами. Милитаристы утверждают, что растущее напряжение в мире и гонка вооружений между великим державами - достаточные основания для поддержания мощи $COUNTRY_ADJ$ армии. Иные менее убеждены в этом: военные расходы правительства кажутся им пустыми тратами.;X;X;X;X;X;X
EVTOPTA14040;Мы патриоты, и готовы сражаться за свою страну!;X;X;X;X;X;X
EVTOPTB14040;Мы должны быть бдительны во внешней политике;X;X;X;X;X;X
EVTOPTC14040;Война между странами - всегда плохо;X;X;X;X;X;X
EVTOPTD14040;Война - зло, которого следует избегать;X;X;X;X;X;X
EVTNAME14050;Импорт, экспорт и пошлины;X;X;X;X;X;X
EVTNAME14050_sub;Предвыборные дебаты о пошлинах;X;X;X;X;X;X
EVTDESC14050;В $COUNTRY$ возникли проблемы с контрабандой после поднятия пошлин на несколько импортных товаров, и теперь это основной вопрос предстоящих выборов. Предлагается несколько вариантов решения проблемы.;X;X;X;X;X;X
EVTOPTA14050;Поднять пошлины!;X;X;X;X;X;X
EVTOPTB14050;Снизить пошлины на эти товары, но поднять на другие товары;X;X;X;X;X;X
EVTOPTC14050;Оставить пошлины без изменений;X;X;X;X;X;X
EVTOPTD14050;Немного снизить пошлины;X;X;X;X;X;X
EVTOPTE14050;Нужно вообще снизить пошлины;X;X;X;X;X;X
EVTNAME14060;Экспорт и импорт;X;X;X;X;X;X
EVTNAME14060_sub;Предвыборные дебаты о торговой политике;X;X;X;X;X;X
EVTDESC14060;Новые иностранные товары вытесняют часть товаров, производимых в $COUNTRY$. Некоторым нашим производителям все трудней конкурировать с иностранными товарами на рынке. Местные политики подняли проблему на дебатах перед выборами.;X;X;X;X;X;X
EVTOPTA14060;Свободная торговля обеспечит нам преимущество в долгосрочном периоде;X;X;X;X;X;X
EVTOPTB14060;Свободная торговля предпочтительна в принципе;X;X;X;X;X;X
EVTOPTC14060;Свободная торговля - лучшая гарантия нашего процветания;X;X;X;X;X;X
EVTOPTD14060;Местные рынки иногда следует защищать;X;X;X;X;X;X
EVTOPTE14060;Местные рынки всегда следует защищать от иностранных конкурентов;X;X;X;X;X;X
EVTNAME14070;Монополии и привилегии;X;X;X;X;X;X
EVTNAME14070_sub;Предвыборные дебаты об экономике;X;X;X;X;X;X
EVTDESC14070;Торговцы из региона $COUNTRY$ спорят с министром финансов, выдвинувшим план национализации части предприятий области. Горячие споры достигли и ваших ушей - попробуйте успокоить спорщиков.;X;X;X;X;X;X
EVTOPTA14070;Не вижу причин для монополизации;X;X;X;X;X;X
EVTOPTB14070;У обеих сторон есть хорошие аргументы, но мы не будем создавать монополию;X;X;X;X;X;X
EVTOPTC14070;Пусть все будет, как будет - мир развивается сам по себе. Монополия не нужна...;X;X;X;X;X;X
EVTOPTD14070;Отличная идея, но позвольте мне сперва взглянуть;X;X;X;X;X;X
EVTOPTE14070;Отличная идея. Так и поступим...;X;X;X;X;X;X
EVTNAME14080;Норма производства;X;X;X;X;X;X
EVTNAME14080_sub;Предвыборные дебаты о госкапитализме;X;X;X;X;X;X
EVTDESC14080;«Норма производства слишком высока. Мы не сможем ее выполнить». Другие фермеры стоят за его спиной в ожидании. По выражению их загорелых лиц видно: их волнуют те же вопросы, что и их представителя.;X;X;X;X;X;X
EVTOPTA14080;Чушь. Норма останется прежней...;X;X;X;X;X;X
EVTOPTB14080;Вам не о чем беспокоиться;X;X;X;X;X;X
EVTOPTC14080;Если норма не будет выполняться, мы что-нибудь придумаем;X;X;X;X;X;X
EVTOPTD14080;Возможно, вы правы;X;X;X;X;X;X
EVTOPTE14080;Вы правы;X;X;X;X;X;X
EVTNAME14090;Местная экономика и государство;X;X;X;X;X;X
EVTNAME14090_sub;Предвыборные дебаты о регионализме и государстве;X;X;X;X;X;X
EVTDESC14090;На выборах в $COUNTRY$ развернулись дебаты по поводу вмешательства государства в местную экономику. Сторонники государственного капитализма утверждают, что более прямой контроль государства над инвестициями поможет развитию местной промышленности в долгосрочной перспективе.;X;X;X;X;X;X
EVTOPTA14090;Разумеется, они правы;X;X;X;X;X;X
EVTOPTB14090;Потребуется время, но эффект будет достигнут;X;X;X;X;X;X
EVTOPTC14090;Возможно, следует подумать о более умеренных действиях;X;X;X;X;X;X
EVTOPTD14090;Возможно, нам следует обдумать эту идею еще раз;X;X;X;X;X;X
EVTOPTE14090;Нужно сопротивляться вмешательству государства в экономику;X;X;X;X;X;X
EVTNAME14100;Кто, где и что производит?;X;X;X;X;X;X
EVTNAME14100_sub;Дебаты о плане, свободе и экономике;X;X;X;X;X;X
EVTDESC14100;Администрация региона $COUNTRY$ подверглась критике из-за правительственных субсидий местной промышленности. Противники субсидий утверждают, что «планировщики экономики не смогут учесть предпочтения потребителей, дефицит и излишки с нужной точностью, а посему не смогут эффективно управлять производством». Постепенный рост государственного вмешательства волнует граждан региона $COUNTRY$.;X;X;X;X;X;X
EVTOPTA14100;Это чушь!;X;X;X;X;X;X
EVTOPTB14100;Планировщики знают, что делают;X;X;X;X;X;X
EVTOPTC14100;Мы изучим ситуацию;X;X;X;X;X;X
EVTOPTD14100;Скорее всего, это чушь, но мы изучим ситуацию;X;X;X;X;X;X
EVTOPTE14100;У них вполне здравые идеи...;X;X;X;X;X;X
EVTNAME14110;Праведный гнев;X;X;X;X;X;X
EVTNAME14110_sub;Предвыборные дебаты о религиозной политике;X;X;X;X;X;X
EVTDESC14110;Часть верующих региона $COUNTRY$ полагает, что государство не вознаградило их по заслугам за тяжкий труд. Они утверждают, что годами трудились на благо местного сообщества - заботились о больных, о сиротах, помогали нуждающимся. Они считают, что заслужили право на поддержку со стороны государства, чтобы продолжить помогать людям. Этот вопрос стал предметом дискуссий во время предвыборной кампании.;X;X;X;X;X;X
EVTOPTA14110;Религия - личное дело каждого;X;X;X;X;X;X
EVTOPTB14110;Благотворительность - это хорошо, но наш ответ - нет;X;X;X;X;X;X
EVTOPTC14110;Интересно;X;X;X;X;X;X
EVTOPTD14110;Возможно, мы могли бы чем-то помочь;X;X;X;X;X;X
EVTOPTE14110;Мы вам поможем;X;X;X;X;X;X
EVTNAME14120;Религия и секуляризация;X;X;X;X;X;X
EVTDESC14120;$COUNTRY_ADJ$ политика в области религии стала предметом дебатов на местных выборах в $COUNTRY$. Многие полагают, что правительству следует проводить постепенную секуляризацию, но это грозит упразднением старинных привилегий церкви. Немало местных верующих настроены против этого.;X;X;X;X;X;X
EVTOPTA14120;Светская власть превыше всего!;X;X;X;X;X;X
EVTOPTB14120;Светская власть обеспечит нейтралитет государства в отношении морали;X;X;X;X;X;X
EVTOPTC14120;Некоторая секуляризация необходима;X;X;X;X;X;X
EVTOPTD14120;Секуляризация должна быть умеренной;X;X;X;X;X;X
EVTOPTE14120;Верующие должны иметь возможность влиять на политику;X;X;X;X;X;X
EVTNAME14130;Обращение в религию;X;X;X;X;X;X
EVTNAME14130_sub;Предвыборные дебаты о религиозной политике;X;X;X;X;X;X
EVTDESC14130;Религия вышла на передний план в предстоящих предвыборных дебатах - местный религиозный лидер в $COUNTRY$ протестует против свободы вероисповедания, так как его паства сокращается, а это вредит моральным устоям $COUNTRY_ADJ$ общества.;X;X;X;X;X;X
EVTOPTA14130;Свободомыслие необходимо;X;X;X;X;X;X
EVTOPTB14130;Мы ничего не можем поделать;X;X;X;X;X;X
EVTOPTC14130;Сожалею;X;X;X;X;X;X
EVTOPTD14130;Мы можем лишь попытаться примирить стороны, хотя ситуация весьма неприятная;X;X;X;X;X;X
EVTOPTE14130;Мы сделаем все, что в наших силах, мы не потерпим такого;X;X;X;X;X;X
EVTNAME14140;Святилище;X;X;X;X;X;X
EVTNAME14140_sub;Предвыборные дебаты о религии и государстве;X;X;X;X;X;X
EVTDESC14140;Восстановление местного храма на деньги государства стало предметом дебатов на местных выборах в $COUNTRY$. Сторонники проекта утверждают, что религии необходима поддержка правительства не только для сохранения веры в людях, но и для противостояния силам революции - а противники говорят, что государство не должно вмешиваться в религиозную жизнь.;X;X;X;X;X;X
EVTOPTA14140;Разумеется, храм надо реставрировать!;X;X;X;X;X;X
EVTOPTB14140;Часть средств может быть выделена на сохранение храма как объекта культурного наследия;X;X;X;X;X;X
EVTOPTC14140;Пусть люди сами разбираются с этим вопросом;X;X;X;X;X;X
EVTOPTD14140;Надо ясно высказаться против подобных проектов;X;X;X;X;X;X
EVTOPTE14140;Бог мертв;X;X;X;X;X;X
EVTNAME14150;Иммиграция и занятость;X;X;X;X;X;X
EVTNAME14150_sub;Предвыборные дебаты об иммигрантах;X;X;X;X;X;X
EVTDESC14150;Приток иммигрантов создал спрос на рабочие места. Защитники прав мигрантов требуют для новых граждан тех же прав, что и для граждан, родившихся в нашей стране. Эта тема горячо обсуждается на местных выборах.;X;X;X;X;X;X
EVTOPTA14150;Они не вправе выдвигать требования;X;X;X;X;X;X
EVTOPTB14150;Почему они должны иметь те же права?;X;X;X;X;X;X
EVTOPTC14150;Посмотрим, что можно сделать;X;X;X;X;X;X
EVTOPTD14150;Мы решим эту проблему;X;X;X;X;X;X
EVTOPTE14150;Будет непросто, но мы сделаем все, что в наших силах;X;X;X;X;X;X
EVTNAME14160;Проблемы иммиграции;X;X;X;X;X;X
EVTNAME14160_sub;Предвыборные дебаты о праве на жительство;X;X;X;X;X;X
EVTDESC14160;Некоторые жители региона $COUNTRY$ считают, что подвергаются государственной дискриминации из-за их происхождения. Этот вопрос стал яблоком раздора на местных выборах - либералы требуют уважения прав иммигрантов и приезжих. Их противники, на чьей стороне общественное мнение, полагают, что $COUNTRY_ADJ$ гражданином не стать за один день. Процесс натурализации должен длиться годы, а может, и целые поколения.;X;X;X;X;X;X
EVTOPTA14160;Ограниченное гражданство, пока не докажут свою лояльность;X;X;X;X;X;X
EVTOPTB14160;Ограниченное гражданство за редким исключением;X;X;X;X;X;X
EVTOPTC14160;Ограниченное гражданство - наша основная политика;X;X;X;X;X;X
EVTOPTD14160;Все люди созданы равными;X;X;X;X;X;X
EVTOPTE14160;Видите ли, у меня есть мечта...;X;X;X;X;X;X
EVTNAME14170;Новые граждане и право голоса;X;X;X;X;X;X
EVTNAME14170_sub;Предвыборные дебаты о гражданстве;X;X;X;X;X;X
EVTDESC14170;Иммиграция стала основным вопросом на местных выборах в $COUNTRY$. Либералы требуют утверждения всеобщего избирательного права для всех членов общества, включая иммигрантов. Другие цепляясь за старинные привилегии, выражают несогласие. Выборы приближаются, и дебаты накаляются в регионе $COUNTRY$.;X;X;X;X;X;X
EVTOPTA14170;Нужно стремиться к свободе во всем и всегда!;X;X;X;X;X;X
EVTOPTB14170;Полное гражданство с небольшими ограничениями - вот наш путь;X;X;X;X;X;X
EVTOPTC14170;Мы предоставляем полное гражданство;X;X;X;X;X;X
EVTOPTD14170;Полное гражданство, увы, нельзя раздавать просто так;X;X;X;X;X;X
EVTOPTE14170;Иммигранты? В моем регионе?;X;X;X;X;X;X
EVTNAME14180;Война и мир;X;X;X;X;X;X
EVTNAME14180_sub;Предвыборные дебаты о милитаризме;X;X;X;X;X;X
EVTDESC14180;Дебаты в $COUNTRY$ перед выборами в основном идут вокруг армии и военной политики страны $COUNTRY$. В области давно превалируют взгляды «ястребов» на внешнюю политику. В этом году все по-прежнему. Очевидно, что электорат симпатизирует воинственной политике, но ход дебатов может сгладить влияние этих настроений.;X;X;X;X;X;X
EVTOPTA14180;Вперед, в бой!;X;X;X;X;X;X
EVTOPTB14180;Нам нужна мощная армия;X;X;X;X;X;X
EVTOPTC14180;Не стоит увеличивать военные расходы;X;X;X;X;X;X
EVTOPTD14180;Мы думали урезать военные расходы...;X;X;X;X;X;X
EVTOPTE14180;Мама говорила, что пистолет - изобретение дьявола;X;X;X;X;X;X
EVTNAME14190;Желудок солдата;X;X;X;X;X;X
EVTNAME14190_sub;Предвыборные дебаты об армии и обороне;X;X;X;X;X;X
EVTDESC14190;Наши генералы жалуются на плохое снабжение солдат продовольствием и требуют выделить больше средств на питание. Они утверждают, что плохой паек снижает боевой дух солдат, и хотят исправить положение, улучшив обеды. Для многих семей военных в $COUNTRY$ этот вопрос стал основным.;X;X;X;X;X;X
EVTOPTA14190;Солдатам нужна хорошая еда!;X;X;X;X;X;X
EVTOPTB14190;Им нужно лучше питаться, чтобы лучше сражаться;X;X;X;X;X;X
EVTOPTC14190;Посмотрим, сколько можно выделить на улучшение питания;X;X;X;X;X;X
EVTOPTD14190;Не стоит придавать этому большого значения;X;X;X;X;X;X
EVTOPTE14190;Возможно, следует сократить расходы за счет сокращения самих солдат...;X;X;X;X;X;X
EVTNAME14200;Негодны для войны?;X;X;X;X;X;X
EVTNAME14200_sub;Предвыборные дебаты о расходах на оборону;X;X;X;X;X;X
EVTDESC14200;Поступил отчет о состоянии армии - оружие большинства солдат изношено, и офицеры требуют проверить оружие и отправить часть на утилизацию. Перевооружение армии будет стоить куда больше, чем запланировано в текущем бюджете.;X;X;X;X;X;X
EVTOPTA14200;Похоже, это затратно;X;X;X;X;X;X
EVTOPTB14200;А без оружия они не смогут воевать?;X;X;X;X;X;X
EVTOPTC14200;Возможно, мы могли бы что-то сделать;X;X;X;X;X;X
EVTOPTD14200;Солдату нужно оружие;X;X;X;X;X;X
EVTOPTE14200;Солдатам нужно лучшее оружие;X;X;X;X;X;X
EVTNAME14210;Волна пацифизма;X;X;X;X;X;X
EVTDESC14210;В $COUNTRY$ уже долгое время бродят пацифистские настроения, но на нынешних выборах складывается ощущение, что победит тот, чей пацифизм сильнее. Правда, не ясно, будут ли столь сильны симпатии к пацифистам после предвыборных дебатов.;X;X;X;X;X;X
EVTOPTA14210;Мир во всем мире!;X;X;X;X;X;X
EVTOPTB14210;Насилием ничего не решить;X;X;X;X;X;X
EVTOPTC14210;Перо сильней меча;X;X;X;X;X;X
EVTOPTD14210;Военным нужны пушки, а не слова;X;X;X;X;X;X
EVTOPTE14210;На самом деле, насилием можно решить все;X;X;X;X;X;X
EVTNAME10270;Общество студентов-либералов;X;X;X;X;X;X
EVTDESC10270;«И мы, $COUNTRY_ADJ$ молодежь, объединены общим требованием - мы жаждем возрождения свобод античности. Пусть государство $COUNTRY$ станет новой Грецией».\n\nРадикально настроенные студенты, вдохновленные романтическими идеалами античного мира - свободы и демократии, основали общество в одном из государственных университетов. Они опубликовали манифест, призывающий к реформе избирательно права и возрождению «древних традиций свободы в стране $COUNTRY$». Общество быстро набирает популярность в университете, и у новой идеологии находится все больше сторонников.;X;X;X;X;X;X
EVTOPTA10270;Они вправе высказать свое мнение;X;X;X;X;X;X
EVTOPTB10270;Неужели ректор не может справиться с этой чепухой?;X;X;X;X;X;X
EVTNAME10280;Возвращение классиков;X;X;X;X;X;X
EVTDESC10280;«И когда я читал об Афинах Перикла, меня всегда поражала просвещенность античного общества. Сегодня, тысячелетия спустя, я менее свободен, чем граждане античной Греции».\n\nВ XIX веке возродился интерес к классикам античной литературы. Общества Греции и Рима вдохновляли либеральных мыслителей, видевших в древности примеры прав и свобод, которых они хотели добиться в настоящем. Местный клуб реформистов опубликовал несколько классических сочинений, которые набирают популярность среди $COUNTRY_ADJ$ образованной элиты.;X;X;X;X;X;X
EVTOPTA10280;Вам что, больше нечем заняться?;X;X;X;X;X;X
EVTOPTB10280;Хорошо, что люди обращаются к классике. Как насчет «Диалогов» Сократа?;X;X;X;X;X;X
EVTNAME10290;Писатель-либерал;X;X;X;X;X;X
EVTDESC10290;«И увидев страдания народа, лишенного самого естественного права человека - свободы, он возрыдал».\n\nОдин из самых известных писателей нашей страны недавно издал книгу, которую критики уже окрестили самой суровой критикой $COUNTRY_ADJ$ политической системы, когда-либо прошедшей перо цензора. Писатель взывает к свободе и упразднению древних монархий, на месте которых возникнут республики, основанные на правах человека.;X;X;X;X;X;X
EVTOPTA10290;Проследите, чтобы тиражи этой книжки не выросли;X;X;X;X;X;X
EVTOPTB10290;Его голос должны услышать по всей стране!;X;X;X;X;X;X
EVTNAME10300;Протест торговой палаты;X;X;X;X;X;X
EVTDESC10300;Торговая палата в одном из регионов направила гневный протест в местное правительство с жалобами на экономическое вмешательство со стороны государства: оно якобы ущемляет местных предпринимателей и вредит свободному рынку. Торговая палата, вдохновленная идеями французских физиократов о свободной торговле и невмешательстве, требует от государства изменения экономической политики. Они хотят, чтобы рынок оставили в покое. Если их требования не удовлетворят, они грозятся поднять вопрос на государственном уровне.;X;X;X;X;X;X
EVTOPTA10300;Возможно, стоит подумать о местных поблажках;X;X;X;X;X;X
EVTOPTB10300;Требования господствующих классов? Я им не подчиняюсь.;X;X;X;X;X;X
EVTNAME10320;Трактат об экономике;X;X;X;X;X;X
EVTDESC10320;В одном из наших университетов профессор-либерал опубликовал трактат об экономике, который привлек внимание либеральных кругов как в стране $COUNTRY$, так и за рубежом. Это небольшая работа, полная изящных аргументов в пользу свободного рынка и политики невмешательства. Автора теперь упоминают в одном ряду с такими светилами экономической мысли, как Рикардо и Смит. Мы могли бы заклеймить трактат, назвав его лживой либеральной пропагандой, но, возможно, профессор прав?;X;X;X;X;X;X
EVTOPTA10320;Разумеется, мы гордимся этой работой!;X;X;X;X;X;X
EVTOPTB10320;Это лишь пропаганда, цель которой - эксплуатация рабочего класса;X;X;X;X;X;X
EVTNAME10330;Демонстрация чартистов;X;X;X;X;X;X
EVTDESC10330;В одном из наших регионов идет демонстрация, организованная членами $COUNTRY_ADJ$ клуба чартистов. На демонстрации призывают к тому, чтобы наделить избирательным правом более широкие слои населения. Хотя демонстрация проходит спокойно, в любой момент ситуация может выйти из-под контроля. Полиция готова вмешаться в любой момент, ожидая лишь повода.;X;X;X;X;X;X
EVTOPTA10330;Пусть проводят свою демонстрацию;X;X;X;X;X;X
EVTOPTB10330;Пусть полиция проведет разъяснительную беседу с этими горе-революционерами;X;X;X;X;X;X
EVTNAME17020;Мировой съезд противников рабства;X;X;X;X;X;X
EVTDESC17020;Вопрос о распространении избирательного права на женщин стал предметом пристального внимания на вчерашнем мировом съезде противников рабства в г.$CAPITAL$. Присутствовали несколько международных делегатов, включая женщин. На съезде поступило предложение - разрешить женщинам выступать перед съездом, но не давать им права голоса по резолюциям съезда. Даже распределение мест стало проблемой: женщины и мужчины сидели отдельно. Очевидно, что в стране $COUNTRY$, да и во всем западном мире, женщины пытаются принимать все большее участие в общественной жизни.;X;X;X;X;X;X
EVTOPTA17020;Эта неприкрытая дискриминация просто нелепа;X;X;X;X;X;X
EVTOPTB17020;Позволять женщинам говорить на общественных собраниях просто нелепо;X;X;X;X;X;X
EVTNAME17030;Женщины-рабочие;X;X;X;X;X;X
EVTDESC17030;Война продолжается, и все больше молодых мужчин уходят на фронт. Часть промышленных кругов высказалась за использование труда $COUNTRY_ADJ$ женщин - они могут заменить мужчин на фабриках. Такая политика, говорят эксперты, уже была опробована в небольших экспериментах, и женщины освоили рабочий процесс куда быстрее, чем многие предполагали. По-видимому, женщины вполне могут справляться с трудом на фабриках. Эпоха удивительных открытий продолжается.;X;X;X;X;X;X
EVTOPTA17030;Конечно же, война требует полной отдачи от каждого;X;X;X;X;X;X
EVTOPTB17030;ВОЙНА, СРАЖЕНИЯ!!! ...Простите, что вы хотели сказать?;X;X;X;X;X;X
EVTNAME17040;Генерал на стороне суфражисток?;X;X;X;X;X;X
EVTDESC17040;«И таким образом, несмотря на наличие профессий, которые женщины не могут освоить в принципе, присутствие их на рабочих местах само по себе не угрожает общественному порядку».\n\nУважаемый и хорошо известный офицер сегодня опубликовал статью в «Вестнике г.$CAPITAL$», одной из ведущих ежедневных газет в стране $COUNTRY$. Генерал выступил за легализацию труда женщин на предприятиях и фабриках. Он считает, что законодательное закрепление прав женщин лишь подтвердит ныне существующее положение. Эту статью уже назвали худшей карьерной ошибкой нашего времени.;X;X;X;X;X;X
EVTOPTA17040;Разумеется, необходимо законодательное регулирование женского труда;X;X;X;X;X;X
EVTOPTB17040;Такому, как он, не место в $COUNTRY_ADJ$ армии;X;X;X;X;X;X
EVTNAME17050;Марш грязи;X;X;X;X;X;X
EVTDESC17050;«С погодой в городе $CAPITAL$ нам ужасно не повезло: грязь, грязь и еще раз грязь. Грязи было море, между собой мы потом называли это мероприятие Маршем грязи». Так одна суфражистка описывала демонстрацию, в которой приняли участие более трех тысяч женщин из различных организаций: ткачихи, участницы лиги трезвости, актрисы и многие другие. Все они выступили за право голоса и эмансипацию женщин на улицах г.$CAPITAL$. Несмотря на погоду, демонстранты были полны энтузиазма.;X;X;X;X;X;X
EVTOPTA17050;Наблюдаем, записываем, но ничего не делаем;X;X;X;X;X;X
EVTOPTB17050;Нужно выразить наше сочувствие и понимание ситуации;X;X;X;X;X;X
EVTOPTC17050;Очевидно, что эти дурацкие общественные собрания переходят всякие границы;X;X;X;X;X;X
EVTNAME17060;Пикет стройных дам;X;X;X;X;X;X
EVTDESC17060;Суфражистки, организовавшие пикет у местного бара, стали посмешищем во всем регионе. Вид двух хрупких женщин из высшего общества с плакатами, агитирующих за права женщин и эмансипацию, не только спровоцировал бурю насмешек, но и вызвал недовольство среди низших классов, которым кажется, будто благополучные, богатые граждане пытаются учить их жизни.;X;X;X;X;X;X
EVTOPTA17060;Ну, что ж поделать - свобода слова и все такое;X;X;X;X;X;X
EVTOPTB17060;Может, надо было лучше слушать этих леди - тогда бы и они поняли, в чем суть...;X;X;X;X;X;X
EVTNAME17070;Суфражетки и суфражистки;X;X;X;X;X;X
EVTDESC17070;Подобно остальным политическим движениям, на ранних этапах движению суфражисток были не чужды внутренние разногласия и расколы по поводу тактики борьбы и различий в идеологии. Раскол между NUWSS и NSWRV в Великобритании - ярчайшее тому подтверждение. В стране $COUNTRY$ движение суфражисток ослабло из-за организационного раскола.;X;X;X;X;X;X
EVTOPTA17070;Пришло время для консервативных мер;X;X;X;X;X;X
EVTOPTB17070;Аааа, реакционеры вновь вздохнули свободно;X;X;X;X;X;X
EVTNAME17080;Кампания за закон об имуществе замужних женщин;X;X;X;X;X;X
EVTDESC17080;«Замужняя женщина лишается собственности и перестает существовать для закона, выйдя замуж. Мы хотим изменить эту ситуацию, мы хотим, чтобы женщины сами распоряжались своей собственностью. Суды обязаны рассматривать мужчину и женщину как отдельных граждан».\n\nВ одном из регионов страны $COUNTRY$ суфражистки организовали демонстрацию за право замужних женщин иметь собственность, которой они зачастую де-факто уже владеют.;X;X;X;X;X;X
EVTOPTA17080;Ну а что у нас с рынком ценных бумаг?;X;X;X;X;X;X
EVTOPTB17080;Это борьба за основные права человека, и она должна вестись на государственном уровне;X;X;X;X;X;X
EVTNAME17090;Листовки суфражисток;X;X;X;X;X;X
EVTDESC17090;«Мы раздавали их по всему городу. Мы с девчонками разделились, встретились на перекрестке на главной улице и затем прошли пару кварталов во все стороны. Тяжелый труд, но я вспоминаю это время с радостью».\n\n$COUNTRY_ADJ$ суфражистки провели акцию по раздаче листовок в одном из регионов для завоевания общественной поддержки. По всему городу женщины с плакатами раздавали листовки с просьбой поддержать требования суфражисток: от имущества до положения в браке, гражданского законодательства и т.п.;X;X;X;X;X;X
EVTOPTA17090;Не уверен, что местным понравятся эти горы мусора;X;X;X;X;X;X
EVTOPTB17090;По-моему, в том городе живет один депутат, не так ли?;X;X;X;X;X;X
EVTNAME17100;Образование для женщин;X;X;X;X;X;X
EVTDESC17100;«Если вы, сэр, недовольны тем, что студент номер 156 носит чепчик, я могу снять головной убор. Но я не удалюсь из аудитории.»\n\nЖенщина вызвала скандал в $COUNTRY_ADJ$ университете своим присутствием. Она поступила в одно из наших высших образовательных учреждений - это событие вызвало панику среди местных консерваторов.;X;X;X;X;X;X
EVTOPTA17100;Выкиньте эту капризную бабу из моего университета!;X;X;X;X;X;X
EVTOPTB17100;Что, наших эрудитов напугал женский интеллект?;X;X;X;X;X;X
EVTNAME17110;Второй пол;X;X;X;X;X;X
EVTDESC17110;«Хотя многие женщины усердно стремятся к идеалу, он не становится доступнее. Мечту охотно описывают в туманных и неточных выражениях, которые кажутся заимствованными из словаря ясновидящих. Во времена святого Фомы Аквинского ее сущность представлялась столь же доказанной, как снотворное воздействие мака.»\n- Симона де Бовуар, «Второй пол»\n\nИзвестная $COUNTRY_ADJ$ суфражистка опубликовала книгу по теории феминизма, которая привлекла внимание как в стране, так и за рубежом.;X;X;X;X;X;X
EVTOPTA17110;Похвалить книгу;X;X;X;X;X;X
EVTOPTB17110;Осудить книгу;X;X;X;X;X;X
EVTNAME17120;Письма суфражисток;X;X;X;X;X;X
EVTDESC17120;«Сестры, прошу вас - пишите! Пишите своему конгрессмену, своему депутату, хоть кому! Если мир не придет слушать слова о том, что женщины, у которых ныне не больше политических прав, чем у животных, во всем равны мужчинам, то эти слова сами придут к миру!»\n\n$COUNTRY_ADJ$ движение суфражисток проводит акцию по рассылке писем, их цель весьма амбициозна - писать каждому депутату по тысяче писем в год, пока женщины не добьтся избирательных прав. Кампания уже приносит первые результаты.;X;X;X;X;X;X
EVTOPTA17120;Полагаю, реформы получат серьезную поддержку в верхней палате;X;X;X;X;X;X
EVTOPTB17120;Полагаю, реформы получат серьезную поддержку в обществе;X;X;X;X;X;X
EVTNAME17130;Суфражистки нарушают закон;X;X;X;X;X;X
EVTDESC17130;«Четыре разбитых окна, попытка поджога, нападение на двух полицейских... полицейские не пострадали, хотя, думаю, пострадала их гордость. Что вообще сподвигло вас на такое?»\n\nЧасть наиболее воинственных $COUNTRY_ADJ$ суфражисток организовали антиправительственные беспорядки в одной из областей страны. Местные консерваторы угрюмо ворчат о подрыве моральных устоев нации и гибели западной цивилизации.;X;X;X;X;X;X
EVTOPTA17130;Ладно;X;X;X;X;X;X
EVTNAME17140;Голодовка суфражисток!;X;X;X;X;X;X
EVTDESC17140;$COUNTRY_ADJ$ суфражистка, которую задержали за участие в беспорядках, уже две недели ведет голодовку в одной из тюрем региона, протестуя против положения женщин в стране. Голодовка проходит под лозунгом «Право голоса женщинам!» Случай вывел избирательное право на первые полосы газет - левых, правых и центристов, - а также сделал его самой обсуждаемой темой на местных политических дебатах.;X;X;X;X;X;X
EVTOPTA17140;Местным властям следует насильно накормить эту истеричку;X;X;X;X;X;X
EVTOPTB17140;Отпустите ее и покончим с этим;X;X;X;X;X;X
EVTNAME17150;Закон «Кошки-мышки»;X;X;X;X;X;X
EVTDESC17150;Так называемый закон «Кошки-мышки» - печально известный закон, принятый в Великобритании в 1912г. для борьбы с голодовками суфражисток, вызывающими симпатии у населения. По закону, можно было выпустить задержанного из тюрьмы для восстановления после серьезной болезни, однако после исцеления он мог быть снова задержан. Таким образом правительство умывало руки: любые страдания голодающая женщина претерпевала исключительно по собственному желанию. Похожий законопроект оказался в законодательном собрании одного из регионов, где с голодовками суфражисток решили разобраться тем же способом.;X;X;X;X;X;X
EVTOPTA17150;Использовать влияние правительства, чтобы упразднить закон;X;X;X;X;X;X
EVTOPTB17150;Игнорировать проблему;X;X;X;X;X;X
EVTNAME17160;Учебный кружок;X;X;X;X;X;X
EVTDESC17160;Небольшой учебный кружок, посвященный деятельности суфражисток, за последние несколько лет заработал себе определенную репутацию в международных совещаниях по вопросам прав женщин. Кружок стал известен как $COUNTRY_ADJ$ школа - они опубликовали несколько работ по философии, политике и экономике, связанных с судьбой женщин всего мира.;X;X;X;X;X;X
EVTOPTA17160;Будем радоваться международному престижу, нежданно свалившемуся на голову;X;X;X;X;X;X
EVTOPTB17160;Смоем с себя этот позор нашей нации, пока еще кто-нибудь не последовал их примеру;X;X;X;X;X;X
EVTNAME17170;Право голоса для женщин во всем мире;X;X;X;X;X;X
EVTDESC17170;Хотя женщины получили право голоса в стране $COUNTRY$, во многих странах еще не достигли истинной демократии и равноправия. Было бы неплохо напоминать об этом на международных конференциях, а также использовать этот довод для успокоения народных масс на родине.;X;X;X;X;X;X
EVTOPTA17170;Я знаю одно место - им было бы неплохо успокоиться...;X;X;X;X;X;X
EVTOPTB17170;По крайней мере, мы лучше, чем...;X;X;X;X;X;X
EVTNAME17500;Профсоюзы;X;X;X;X;X;X
EVTDESC17500;«Нет, мы не сдадимся!»\n\nВ одном из наших регионов наблюдается рост социалистической агитации с тех пор, как на местной фабрике образовался профсоюз. Их примеру последовали и на других производствах - трудящиеся организуют профсоюзы на каждом заводе, фабрике и в мастерских по всему региону. Часть местной элиты обратилась к правительству с просьбой направить силы национальной гвардии на поддержание порядка в провинции.;X;X;X;X;X;X
EVTOPTA17500;Мы не направим оружие наших солдат против граждан, которых они защищают;X;X;X;X;X;X
EVTOPTB17500;Думаю, для такой благой цели мы найдем пару отрядов...;X;X;X;X;X;X
EVTNAME17510;Столкновения с демонстрантами;X;X;X;X;X;X
EVTDESC17510;«Восемь часов работы, восемь часов отдыха, восемь часов сна!»\n\nЛозунг гремит на улицах, рабочие маршируют к зданию парламента. Их требование - восьмичасовой рабочий день, и их примеру последует множество других, если работодатели согласятся на эти требования.;X;X;X;X;X;X
EVTOPTA17510;Мы не рекомендуем гражданам собираться в отряды;X;X;X;X;X;X
EVTOPTB17510;Что угодно, лишь бы остановить красную гидру!;X;X;X;X;X;X
EVTNAME17520;Саботаж;X;X;X;X;X;X
EVTDESC17520;В одном из наших регионов на фабрике отмечены случаи саботажа - не очень масштабного, но с весьма затратными последствиями. Руководство подозревает, что за этим стоит местный социалист, который недоволен решениями руководства о разделении труда внутри компании.;X;X;X;X;X;X
EVTOPTA17520;То есть, кого-то уволили? Что в этом такого?!;X;X;X;X;X;X
EVTOPTB17520;Никаких поблажек жадным жирным котам;X;X;X;X;X;X
EVTNAME10000;Расцвет наций;X;X;X;X;X;X
EVTDESC10000;Затишье в начале XIX века сменилось бурей в $YEAR$ году. Либеральная агитация привела к революциям по всему континенту. Старинные монархии Европы могли лишь в ужасе взирать на уличные толпы, поющие гимны Французской революции, отряды студентов и молодежи под республиканскими триколорами... Все они стремились к идеалам нового времени и свободы - в экономике, культуре и политике - к идеалам европейского либерализма.;X;X;X;X;X;X
EVTOPTA10000;Мы будем свободны, как наши отцы в былые дни;X;X;X;X;X;X
EVTNAME17530;Чертова забастовка!;X;X;X;X;X;X
EVTDESC17530;В одном из наших регионов полиция быстро подавила забастовку, которую организовали местные смутьяны-коммунисты и революционеры. В области растет недовольство социалистами: местные фермеры и крестьяне полагают, что идеология красных противоречит традициям и истории цивилизации в принципе и государства $COUNTRY$ в частности.;X;X;X;X;X;X
EVTOPTA17530;Надеюсь, это конец революционной болтовни;X;X;X;X;X;X
EVTOPTB17530;А как же угнетение рабочих? Эксплуатация правящим классом?..;X;X;X;X;X;X
EVTNAME17540;Солидарность бастующих;X;X;X;X;X;X
EVTDESC17540;Рабочие на одной из наших фабрик бастуют, выступая против всех пороков общества, как мнимых, так и реальных. Гораздо хуже то, что к этим краснопузым присоединилось немало рабочих по всей области: из солидарности они тоже начали забастовку. Производство в регионе почти остановилось. Возможно, для решения ситуации потребуются жесткие методы.;X;X;X;X;X;X
EVTOPTA17540;Время на нашей стороне. Будем кормить их обещаниями - предпринимать ничего не надо...;X;X;X;X;X;X
EVTOPTB17540;Закрыть все местные газеты, сочувствующие бастующим;X;X;X;X;X;X
EVTNAME17550;Красная Звезда;X;X;X;X;X;X
EVTDESC17550;Новая газета, не скрывающая политических пристрастий, выходит в г.$CAPITAL$. Это «Красная Звезда», рупор местной социалистической партии. В газете публикуются обзоры общественной ситуации, в которых почти всегда живо описываются страдания рабочих по всему миру. Принципы «Красной Звезды» - международная солидарность, права рабочих, поддержка профсоюзов и классовой борьбы на основе демократии и социализма.;X;X;X;X;X;X
EVTOPTA17550;Схожу-ка в бар, предложу парням организовать подписку. Кому выпивки?;X;X;X;X;X;X
EVTOPTB17550;Что это за... мерзкая бумажонка? Вы мне ее дали, чтобы завернуть бутерброд?;X;X;X;X;X;X
EVTNAME17560;Первомайская демонстрация;X;X;X;X;X;X
EVTDESC17560;На ветру развеваются красные флаги. Народ собрался посмотреть, как социалисты, коммунисты, члены профсоюзов и рабочие - и стар, и млад - выходят на демонстрации по всей стране - почтить память демонстрантов, погибших в 1886г. в Чикаго. Хотя демонстрация проходит каждый год во всех $COUNTRY_ADJ$ городах, в одном из регионов в демонстрация стала особенно массовой. Население может стать более сознательным и воинственным и поддержать социалистов.;X;X;X;X;X;X
EVTOPTA17560;Почтить память террористов и убийц в одном из моих регионов?;X;X;X;X;X;X
EVTOPTB17560;Мы, разумеется, поддерживаем это проявление международной солидарности рабочих;X;X;X;X;X;X
EVTNAME17580;Разрушение профсоюзов;X;X;X;X;X;X
EVTDESC17580;«В курятнике лисы, \nв поля быки пошли.\nПали профсоюзы, \nзнамена их в пыли.»\n- Стив Эрл\n\nКапиталисты в одном из регионов начали использовать тактику разрушения профсоюзов, чтобы покончить с «угрозой организаций трудящихся». Используя тайных агентов, внедренных в движение за права трудящихся, капиталисты надеются рассорить рядовых членов профсоюзов, разрушив их организации.;X;X;X;X;X;X
EVTOPTA17580;Прекрасная идея, апплодисменты!;X;X;X;X;X;X
EVTOPTB17580;Они не смеют посягать на свободу организации трудящихся;X;X;X;X;X;X
EVTNAME17590;Локаут!;X;X;X;X;X;X
EVTDESC17590;В одном из регионов капиталисты начали локаут после длительного трудового конфликта. Рабочим сказали, что пока они не прекратят поддерживать профсоюз, на рабочие места их не пустят. Местная полиция поддерживает эти действия, ссылаясь на долгие беспорядки на фабрике, доходившие иногда до саботажа.;X;X;X;X;X;X
EVTOPTA17590;У нас войны, политика, а вы мне говорите про какие-то трудовые организации?;X;X;X;X;X;X
EVTOPTB17590;Эй! Это нарушение конституции!;X;X;X;X;X;X
EVTNAME17600;Черные флаги;X;X;X;X;X;X
EVTDESC17600;Социалистическая партия в одном из регионов преображается под влиянием молодого харизматического политика. Хотя некоторые основные идеи социализма еще записаны в ее программе - в частности, о роли государства - на первый план выходит агрессивный, радикальный национализм. Над штаб-квартирой партии реют черные флаги. Очевидно, что это протофашистская организация. В регионе идет зарождение фашизма как политической силы.;X;X;X;X;X;X
EVTOPTA17600;Интересное развитие событий, будем следить за ними;X;X;X;X;X;X
EVTOPTB17600;Посмотрим, как направить энтузиазм населения в более мирное русло;X;X;X;X;X;X
EVTNAME17610;Чернорубашечники;X;X;X;X;X;X
EVTDESC17610;Набирающая силу фашистская партия в одном из наших регионов создала вооруженное формирование - идеологически верные лидерам фашистов, они готовы исполнить любой их приказ. Их называют «чернорубашечниками» из-за легко узнаваемых черных рубашек, напоминающих военную форму. Для $COUNTRY_ADJ$ политики это необычное явление. Некоторые опасаются, что другие партии последуют их примеру, создав собственные боевые отряды.;X;X;X;X;X;X
EVTOPTA17610;Попытаться ликвидировать эту организацию;X;X;X;X;X;X
EVTOPTB17610;Оставить их в покое и надеяться, что они не получат общественной поддержки;X;X;X;X;X;X
EVTNAME17620;Бесплатный суп от фашистов;X;X;X;X;X;X
EVTDESC17620;Фашистская партия в одном из регионов открывает полевые кухни, где бесплатно кормит супом безработных. Они утверждают, что нужно защитить «чистокровных $COUNTRY_ADJ$ рабочих от несправедливости мирового капитализма». Другие партии, в том числе либералы и консерваторы, резко осудили действия фашистов, утверждая, что это подкуп электората. Самих фашистов эти обвинения не очень-то волнуют.;X;X;X;X;X;X
EVTOPTA17620;Действия партии вполне законны, и потому правительству незачем вмешиваться;X;X;X;X;X;X
EVTOPTB17620;Это лишь попытка фашистов заручиться общественной поддержкой - покончите с этим!;X;X;X;X;X;X
EVTNAME17630;Поход на г.$CAPITAL$;X;X;X;X;X;X
EVTDESC17630;В столицу приходят сообщения, что чернорубашечники, боевые отряды фашистов, начали поход на г.$CAPITAL$. Они идут через всю страну, чтобы захватить власть в государстве $COUNTRY$. Военные пока не вмешиваются, и мы подозреваем, что это объясняется симпатиями к фашистам среди генералитета. Молодая $COUNTRY_ADJ$ демократия на краю гибели.;X;X;X;X;X;X
EVTOPTA17630;Отправьте военных для восстановления порядка;X;X;X;X;X;X
EVTOPTB17630;Какие у них красивые черные флаги! А у меня - белый флаг!;X;X;X;X;X;X
EVTNAME17640;$COUNTRY_ADJ$ фрайкор;X;X;X;X;X;X
EVTDESC17640;Ветераны войны, недовольные либерально-демократическим капитализмом, объединились в организацию «фрайкор» - боевой отряд, цели которого - якобы защита родины и государства. На самом же деле их целью является упрочение фашизма в одном из наших регионов. Фрайкоровцы уже играют мускулами на местной политической арене, угрожая нескольким политикам-либералам и своим противникам в принципе.;X;X;X;X;X;X
EVTOPTA17640;Пусть пыжатся, если им это нравится;X;X;X;X;X;X
EVTOPTB17640;Запретить организации набирать новобранцев в военных частях;X;X;X;X;X;X
EVTNAME17650;Фашистская газета;X;X;X;X;X;X
EVTDESC17650;В одном из регионов издается фашистская газета. «$COUNTRY_ADJ$ заря» критикует, по-видимому, все на свете, включая коммунистов, социалистов, либералов, консерваторов, иностранцев, нацменьшинства, женщин, гомосексуалистов, капиталистов, психически больных людей и преступников. Хотя в газете нет ничего, кроме моря желчи, она весьма популярна в широких слоях общества - что, конечно, не к чести $COUNTRY_ADJ$ населения будет сказано.;X;X;X;X;X;X
EVTOPTA17650;Полагаю, в основном ее будут читать низшие классы;X;X;X;X;X;X
EVTOPTB17650;Полагаю, в основном ее будут читать средние классы;X;X;X;X;X;X
EVTNAME17660;Оправдание насилия;X;X;X;X;X;X
EVTDESC17660;Политические стычки унесли несколько жизней в одном из регионов. Боевые отряды фашистов ворвались в штаб-квартиру либеральной партии, убив троих и ранив еще несколько человек. Ночью последовал ответ - фашисты, социалисты и отряды гражданской самообороны сошлись в уличных боях. Насилие началось, казалось бы, на ровном месте, и многие граждане недовольны. Их пугает ситуация в стране и то, куда мы движемся. Некоторые предлагают увеличить финансирование полиции для контроля над ситуацией.;X;X;X;X;X;X
EVTOPTA17660;Объявить комендантский час и отправить туда войска;X;X;X;X;X;X
EVTOPTB17660;Публично извиниться перед либеральной партией за то, что государство не смогло защитить их;X;X;X;X;X;X
EVTNAME17670;Агитация против нацменьшинств;X;X;X;X;X;X
EVTDESC17670;$COUNTRY_ADJ$ фашистская партия начала политическую пропаганду, направленную против всего иностранного в стране $COUNTRY$, в особенности - национальных меньшинств и иммигрантов. Партия пытается использовать ксенофобские настроения и призывает изгнать из государства всех иммигрантов. Некоторые представители интеллигенции осудили кампанию за разжигание национальной розни и поддержали национальные меньшинства.;X;X;X;X;X;X
EVTOPTA17670;Осудить пропаганду фашистов;X;X;X;X;X;X
EVTOPTB17670;Поддержать пропаганду фашистов;X;X;X;X;X;X
EVTNAME17680;Фашистский марш;X;X;X;X;X;X
EVTDESC17680;Фашисты вышли на улицы в одном из регионов для демонстрации силы партии. В черных и коричневых рубашках они проходят маршем по улицам под гром барабанов, устрашая граждан. Часть министров указывают на то, что неподконтрольные государству вооруженные формирования представляют собой проблему, и предлагают поставить их вне закона.;X;X;X;X;X;X
EVTOPTA17680;Пусть пыжатся, если им так хочется;X;X;X;X;X;X
EVTOPTB17680;Объявить военные формирования вне закона;X;X;X;X;X;X
EVTNAME17690;Пивной путч;X;X;X;X;X;X
EVTDESC17690;В одном из наших регионов фашистская партия организовала бунт. Сегодня мы получили сообщение, что они организовали штаб-квартиру в местной пивной и с ее крыльца зачитали декларацию о том, что берут государственную власть в свои руки. Наше правительство не решило, что делать в данной ситуации. Все сходятся в одном: в случае необходимости местная полиция должна с ними справиться. Некоторые считают, что нужно немедленно бросить все силы на подавление восстания. Впрочем, такие действия могут усилить поддержку фашистов среди недовольных нашей властью.;X;X;X;X;X;X
EVTOPTA17690;Местная полиция легко справится с этой клоунадой;X;X;X;X;X;X
EVTOPTB17690;Отправить военных, чтобы подавить восстание;X;X;X;X;X;X
EVTNAME17700;Пивной путч не удался;X;X;X;X;X;X
EVTDESC17700;Спокойствие пивной нарушили внезапно ворвавшиеся внутрь фрайкоровцы.\n\n«В пивной шесть сотен человек. Никому не выходить!»\n\nОдин из ворвавшихся в зал вскочил на стол и начал кричать о революции, национальном единении и новом правительстве. Завсегдатаи терпели его речи лишь минуту - затем они собрались и вышвырнули фрайкоровцев.;X;X;X;X;X;X
EVTOPTA17700;Здорово!;X;X;X;X;X;X
EVTOPTB17700;Погодите... что-что?;X;X;X;X;X;X
EVTNAME2500;Инцидент на границе;X;X;X;X;X;X
EVTDESC2500;Одного из наших граждан сегодня арестовала полиция соседнего государства за шпионаж. Он якобы изучал их оборонительные сооружения. Но вот проблема - арестовали его не на их стороне, а на нашей. Начальник местной полиции потребовал от своего иностранного коллеги немедленно отпустить $COUNTRY_ADJ$ гражданина и принести официальные извинения государству $COUNTRY$.;X;X;X;X;X;X
EVTOPTA2500;Не важно, чем они руководствовались, но это может стать поводом для войны;X;X;X;X;X;X
EVTNAME2510;Взрыв парохода '$CAPITAL$'!;X;X;X;X;X;X
EVTDESC2510;«$CAPITAL$», небольшой военный пароход, сегодня по неизвестным причинам затонул в иностранном порту после сильнейшего взрыва по правому борту. Военная разведка предполагает, что мог взорваться перегретый котел, однако газеты, известные склонностью к скандалам и спекуляциям, уже окрестили этот случай саботажем и военной агрессией иностранного государства. Наши граждане в ярости, на улицах г.$CAPITAL$, в честь которого и назван корабль, призывают к возмездию.;X;X;X;X;X;X
EVTOPTA2510;Подлые действия варваров не останутся безнаказанными!;X;X;X;X;X;X
EVTOPTB2510;Взрыв был несчастным случаем. Толпа не вправе управлять нашей внешней политикой!;X;X;X;X;X;X
EVTNAME2520;Оскорбление посла;X;X;X;X;X;X
EVTDESC2520;Наш посол в одной из великих держав отправил сообщение на родину, выражая недовольство действиями правительства вышеуказанной державы. Ему постоянно отказывали в аудиенции и предлагали поговорить с мелкими чиновниками вместо тех, кто реально принимает решения в стране. Наш посол пытается заключить двусторонний договор об экстрадиции, и эта дипломатическая чехарда продолжается уже два месяца.;X;X;X;X;X;X
EVTOPTA2520;Сообщите этой стране о потенциальных последствиях их отказа от сотрудничества;X;X;X;X;X;X
EVTOPTB2520;Поблагодарите их за потраченное время, и прекратите переговоры;X;X;X;X;X;X
EVTNAME2530;Инцидент в колонии;X;X;X;X;X;X
EVTDESC2530;В одной из наших колоний произошло столкновение с колониальными войсками другой державы: их отряд углубился в наши территории, следуя вдоль малоизученной реки. Более того, когда наш патруль обнаружил иностранные войска, те вели геологическую разведку. «Ястребы» в нашем правительстве сочли это посягательством на территориальную целостность государства $COUNTRY$ и предлагают военный план под названием «Государство $COUNTRY$ наносит ответный удар».;X;X;X;X;X;X
EVTOPTA2530;Вторгаться следует здесь, затем развернем войска тут и тут... занятно.;X;X;X;X;X;X
EVTOPTB2530;Не думаю, что из-за этого стоит ввязываться в войну, по чести говоря;X;X;X;X;X;X
EVTNAME2540;Притеснения торговцев;X;X;X;X;X;X
EVTDESC2540;«Я хотел бы упомянуть о проблеме торговца, который в прошлом месяце описал мне весьма грустную историю о том, как его товары конфисковала таможня в иностранном порту. Я могу лишь вновь повторить, что спускать с рук подобные посягательства на свободу международной торговли означает усугублять и так весьма серьезную проблему».\n\nДепутат, известный своими фритрейдерскими взглядами, сегодня выступил с речью в парламенте с жалобами на действия иностранной державы.;X;X;X;X;X;X
EVTOPTA2540;Возмутительно! Нужно подумать о применении силы!;X;X;X;X;X;X
EVTNAME2550;Барабаны войны;X;X;X;X;X;X
EVTDESC2550;Прошло немало лун с тех пор, как иностранцы появились у наших берегов, но их скоро выдворят прочь - утверждают наши военные и религиозные лидеры. На советах говорят, что настало время показать европейцам, что они больше не могут беспрепятственно грабить наши родные земли.;X;X;X;X;X;X
EVTOPTA2550;Следует серьезно подумать об этом;X;X;X;X;X;X
EVTNAME2560;$PROVINCENAME$ - исконные земли;X;X;X;X;X;X
EVTDESC2560;Территория провинции $PROVINCENAME$ уже долгое время находится под нашей властью и теперь, через много лет, граждане провинции считают $COUNTRY_ADJ$ правительство единственной законной властью. Она окончательно вошла в состав исконных земель нашей державы;X;X;X;X;X;X
EVTOPTA2560;Да здравствует $COUNTRY$!;X;X;X;X;X;X
EVTNAME2570;Лебенсраум;X;X;X;X;X;X
EVTDESC2570;Дуче, наши генералы разработали дерзкий план по расширению $COUNTRY_ADJ$ жизненного пространства с помощью военных захватов. Устроив провокацию на границе с одним из соседних государств, мы убедим наших людей и весь мир в том, что на нашу страну напали. А оккупация и аннексия соседней страны выглядит куда пристойней, если тебя не считают агрессором. Вы согласны с планом? Наши армии пройдут по всему континенту. Эта война будет вестись с невероятной жестокостью...;X;X;X;X;X;X
EVTOPTA2570;Да!;X;X;X;X;X;X
EVTDESC16010;«Хоть тело Джона Брауна гниет в сырой земле, душа вперед идет!» - «Тело Джона Брауна», один из маршей Союза.\n\nПрославленный герой движения за отмену рабства Джон Браун сегодня был повешен в Чарльстауне, штат Вирджиния, после неудачного рейда на оружейную мастерскую. Судя по всему, Браун хотел использовать оружие из мастерской для вооружения рабов, которые подняли бы восстание по всему Югу. Этот рейд и гибель Джона Брауна вызвали сильные волнения в рабовладельческих штатах, и в некоторых из них поговаривают о выходе из Союза.;X;X;X;X;X;X
EVTDESC16000;«Дом, разделившийся сам в себе, не устоит. Так и наше государство не сможет постоянно быть наполовину рабовладельческим, наполовину свободным. Я не жду того, что Союз будет распущен, и не жду того, что дом падет, но чего я действительно жду так это того, что дом прекратит быть разделенным. Он станет либо единым, либо совсем другим.» - Авраам Линкольн\n\nВсе кончено. Попытки компромисса, десятилетия переговоров по вопросу рабства не принесли результата. Сегодня конгрессмены Юга подали в отставку, а рабовладельческие штаты объявили о выходе из Союза США. Миссури и Мэрилэнд, а также западная часть Вирджинии выступили на стороне Союза. Войска Союза занимают столицу, Вашингтон. Южные ветра свирепстуют над домом, который разделился.;X;X;X;X;X;X
EVTNAME13015;Грубое оскорбление!;X;X;X;X;X;X
EVTDESC13015;Отряду $COUNTRY_ADJ$ граждан, недавно отправившихся в экспедицию в страну $FROMCOUNTRY$, отказали в праве на въезд. По-видимому, $FROMCOUNTRY_ADJ$ правительство все больше обращается к политике изоляции, чтобы избежать проблем с модернизацией своих политических, экономических и социальных институтов. Такая политика, разумеется, мешает $COUNTRY_ADJ$ торговле, дипломатии и миссионерству в регионе. Следует рассматривать это как нарушение свободы передвижения граждан.;X;X;X;X;X;X
EVTOPTA13015;Вариантов немного - следует подумать о применении силы;X;X;X;X;X;X
EVTOPTB13015;Мы должны уважать культурные различия между нашими народами;X;X;X;X;X;X
EVTDESC13100;«Иностранцы зашли слишком далеко! Их миссионеры распространяют лжеучения, увлекая ими наш народ и разрушая единство нации. Они нарушают наши обычаи, а их опиум одурманивает умы наших людей.» Вот что скажет вам народ в провинции $PROVINCENAME$, где уже несколько месяцев не утихает недовольство иностранцами.;X;X;X;X;X;X
EVTNAME13350;Слон для Америки?;X;X;X;X;X;X
EVTDESC13350;«По этой причине мы хотим закупить и отправить вам слонов, дабы вы выпустили их на волю с целью увеличения их числнности на американской континенте».\n\nТак в 1861 году король Рама IV, известный также под именем Монгкут, четвертый сиамский монарх из династии Чакри, писал в своем письме президенту США Джеймсу Бьюкенену. Узнав от посетившего Сиам американского капитана, что в США нет вообще слонов, король выразил желание подарить им один. Это письмо не успело дойти до Бьюкенена, так как пока оно пересекало Тихий океан, этот президент уже успел покинуть свой пост. В результате послание оказалось на столе у Авраама Линкольна. Который, как говорит история, вежливо отказался от этого предложения, аргументировав свой отказ неприспособленностью американского климата для жизни слонов.;X;X;X;X;X;X
EVTOPTA13350;Отлично;X;X;X;X;X;X
EVTNAME13355;Сожжение Летнего Дворца;X;X;X;X;X;X
EVTDESC13355;Древний Летний Дворец, по-китайски именуемый «Садами чистой ряби» - это садовый комплекс к северу от Императорского дворца в Пекине. Этот дворцовый комплекс был построен в XVIII - начале XIX века и долгое время служил резиденцией для циньских императоров. Известный своим богатым убранством, этот дворец стал одним из величайших достижений китайской культуры. Сегодня пришло сообщение, что $FROMCOUNTRY_ADJ$ солдаты, занявшие Пекин, сожгли дворец дотла. Народ скорбит, а новости об этой варварской выходке распространяются по Китаю и по всему миру.;X;X;X;X;X;X
EVTOPTA13355;Мы скорбим об утрате;X;X;X;X;X;X
EVTNAME16415;Рождение ку-клукс-клана;X;X;X;X;X;X
EVTDESC16415;Ку-клукс-клан, сокращенно «ККК», представлял собой террористическую организацию, состоящую в основном из белых южан. В 1865г. ее основали ветераны-конфедераты из Теннесcи. Их отряды наводили страх печально известными горящими крестами и белыми капюшонами и плащами. Ку-клукс-клан сопротивлялся реконструкции Юга, пытаясь сохранить власть белого человека в бывших штатах Конфедерации. Они не останавливались перед насилием как в отношении негров, так и в отношении республиканцев. Федеральное правительство начало борьбу с кланом, приняв в 1871г., в первый срок президента Гранта, акты о применении силы. Сегодня мы получили известие о том, что на юге видели горящие кресты. Черный дым застилает небо в эту теплую южную ночь.;X;X;X;X;X;X
EVTOPTA16415;Они забрали моего ребенка!;X;X;X;X;X;X
EVTNAME2000;Национальные диаспоры;X;X;X;X;X;X
EVTDESC2000;Иммигранты из других стран на новой родине часто селятся близко друг ко другу, стараясь найти поддержку у соотечественников, создавая этнические анклавы вроде «маленькой Италии» в Нью-Йорке. Не исключение и провинция $PROVINCENAME$ - иммигранты создали там свой район, в котором все - и кухня, и культура - напоминает им о родине.;X;X;X;X;X;X
EVTOPTA2000;Это победа нашего толерантного общества!;X;X;X;X;X;X
EVTOPTB2000;Прекрасная возможность для утверждения мира и гармонии!;X;X;X;X;X;X
EVTNAME2020;Замуж за иммигранта;X;X;X;X;X;X
EVTDESC2020;В провинции $PROVINCENAME$ сегодня торжествует любовь - родные и близкие празднуют свадьбу сына одного из иммигрантов и местной девушки. Некоторые называют это концом $COUNTRY_ADJ$ цивилизации, но молодожены вполне счастливы. Иммигранты принесли перемены в провинцию $PROVINCENAME$.;X;X;X;X;X;X
EVTOPTA2020;Пожелаем им счастья.;X;X;X;X;X;X
EVTOPTB2020;Это свидетельствует о том, что иммиграцию следует остановить;X;X;X;X;X;X
EVTNAME2050;Демонстранты требуют гражданства;X;X;X;X;X;X
EVTDESC2050;Иммигранты провинции $PROVINCENAME$ вышли на демонстрацию, требуя полного гражданства и равенства всех $COUNTRY_ADJ$ граждан перед законом.;X;X;X;X;X;X
EVTOPTA2050;Занятно. Выслушаем их...;X;X;X;X;X;X
EVTOPTB2050;Полная чушь!;X;X;X;X;X;X
EVTNAME2060;Этнические беспорядки;X;X;X;X;X;X
EVTDESC2060;В провинции $PROVINCENAME$ начались беспорядки среди иммигрантов. Хотя формально они являются гражданами, многие из них полагают, что правительство не позаботилось о том, чтобы они имели равные с местными жителями возможности.;X;X;X;X;X;X
EVTOPTA2060;Это проблемы местной полиции;X;X;X;X;X;X
EVTOPTB2060;Прислушаемся к их жалобам;X;X;X;X;X;X
EVTNAME2070;Клятва верности;X;X;X;X;X;X
EVTDESC2070;«Я клянусь в верности флагу страны $COUNTRY$ и ее правительству»\n\nНа глаза жителей провинции $PROVINCENAME$ слезы гордости - часть иммигрантов сегодня принесла клятву верности нашей стране, продемонстрировав преданность $COUNTRY_ADJ$ государству.;X;X;X;X;X;X
EVTOPTA2070;Добро пожаловать домой, братья;X;X;X;X;X;X
EVTNAME2080;Гетто;X;X;X;X;X;X
EVTDESC2080;Иммигранты, прибывающие в страну $COUNTRY$, зачастую небогаты и у них немного возможностей. Они собираются в бедных кварталах провинции $PROVINCENAME$, которые все больше напоминают гетто. Возможно, стоит заняться условиями их жизни, пока ситуация не ухудшилась.;X;X;X;X;X;X
EVTOPTA2080;Не думаю, что из-за этого стоит волноваться;X;X;X;X;X;X
EVTOPTB2080;Мы обязательно разберемся в ситуации;X;X;X;X;X;X
EVTNAME2090;Сегрегация;X;X;X;X;X;X
EVTDESC2090;Иммигранты в провинции $PROVINCENAME$ с трудом интегрируются в $COUNTRY_ADJ$ общество, и многие из местных считают их просто чужаками. Иммигранты живут в отдельных кварталах, ходят в отдельные школы и магазины и вообще мало контактируют с окружающими.;X;X;X;X;X;X
EVTOPTA2090;Их следует интегрировать - насильно, если придется;X;X;X;X;X;X
EVTOPTB2090;Местные жители правильно делают!;X;X;X;X;X;X
EVTNAME2100;Беспорядки против иммигрантов;X;X;X;X;X;X
EVTDESC2100;После гражданских волнений в провинции $PROVINCENAME$ недовольство иммигрантами вылилось в погром. Люди разбивали витрины, были убиты несколько недавно приехавших иммигрантов - приезжих обвиняют во всех смертных грехах.;X;X;X;X;X;X
EVTOPTA2100;Ужасные новости!;X;X;X;X;X;X
EVTNAME2110;Культура обогащается;X;X;X;X;X;X
EVTDESC2110;Недавно приехавшие в провинцию $PROVINCENAME$ иммигранты привезли с собой культуру родной страны, и теперь наши и их мелодии объединяются в новый стиль, в гармоничную симфонию страны $COUNTRY$. Их обычаи обогатили наши. Появились новые формы самовыражения в науке, искусстве и архитектуре.;X;X;X;X;X;X
EVTOPTA2110;Еще один повод похвастаться перед всем миром!;X;X;X;X;X;X
EVTOPTB2110;Зачем вы вообще мне это говорите?;X;X;X;X;X;X
EVTNAME2120;Депортация иммигранта;X;X;X;X;X;X
EVTDESC2120;Недавно прибывшего в провинцию $PROVINCENAME$ иммигранта посадили на корабль и отправили обратно после того, как местная полиция поймала его на краже. Этот случай вызвал тревогу среди местных иммигрантов, многие из которых не знакомы с нашими законами и опасаются новых депортаций.;X;X;X;X;X;X
EVTOPTA2120;Успокойте их, все в порядке;X;X;X;X;X;X
EVTOPTB2120;Правильно опасаются!;X;X;X;X;X;X
EVTNAME2130;Иностранная кухня;X;X;X;X;X;X
EVTDESC2130;Иммигранты в провинции $PROVINCENAME$ открыли несколько ресторанчиков, где можно попробовать блюда их родной страны. Теперь местные жители могут попробовать блюда доселе неведомых земель. Те, кто раньше ел ту же еду, что и их праотцы, могут открыть для себя деликатесы со всего мира.;X;X;X;X;X;X
EVTOPTA2130;Паста!;X;X;X;X;X;X
EVTOPTB2130;Пицца!;X;X;X;X;X;X
EVTNAME16250;Разговоры о выходе из Союза!;X;X;X;X;X;X
EVTDESC16250;Разговоры о выходе из Союза можно услышать на любой улице провинции $PROVINCENAME$. Эти разговоры идут и по всему штату $STATE$. Все меньше людей полагают, что разумный компромисс, сохранивший бы «особенный институт» - т.е рабство - на Юге, может быть достигнут в нынешней ситуации, когда Конгресс все больше склоняется к политическим реформам.;X;X;X;X;X;X
EVTOPTA16250;Мятежная погань!;X;X;X;X;X;X
EVTNAME16001;Дебаты о рабстве;X;X;X;X;X;X
EVTDESC16001;Единственный вопрос, который не смогли разрешить отцы-основатели нашей великой нации - это вопрос о рабстве в штатах Союза. Дебаты становятся лишь жарче с каждым годом после революции, и на сегодня этот вопрос стал основным для нашей страны. Часть радикально настроенных южан полагает, что компромисса быть не может и что единственная альтернатива навязанному из Вашингтона освобождению рабов - выход из Союза. Если наш Сенат попытается принудить Юг к политической реформе, при том что в верхней палате всего 40 процентов либералов, очевидно, что эти реформы встретят сопротивление.;X;X;X;X;X;X
EVTOPTA16001;Этот вопрос может подождать;X;X;X;X;X;X
EVTNAME11101;Ветер перемен;X;X;X;X;X;X
EVTDESC11101;$MONARCHTITLE$, $FROMCOUNTRY_ADJ$ посол сообщил нам о результатах $UNION_ADJ$ конгресса. Государство $FROMCOUNTRY$ признает власть $UNION_ADJ$ короны и провозглашает себя единой $UNION_ADJ$ нацией. Этим ветрам перемен трудно помешать.;X;X;X;X;X;X
EVTOPTA11101;Да здравствует $UNION_ADJ$ народ!;X;X;X;X;X;X
EVTNAME13356;Злодеяния «боксеров»!;X;X;X;X;X;X
EVTDESC13356;Общество «Кулак во имя справедливости и согласия», или «боксеры», как их называют, - китайское политическое движение, направленное на защиту Китая от европейской экспансии в Азии - совершили массовые убийства европейских миссионеров и торговцев в Китае. Вместе с европейцами нападениям подверглись китайские христиане. Китайское правительство эти убийства, похоже, совершенно не волнуют. Поговаривают даже, что циньское правительство поддерживает боксеров.;X;X;X;X;X;X
EVTOPTA13356;Это ужасно!;X;X;X;X;X;X
EVTNAME31311;Женевская конвенция;X;X;X;X;X;X
EVTDESC31311;«Положение первое. Приемные покои и военные госпитали признаются нейтральными и неприкосновенными и пользуются покровительством воюющих сторон, пока в них будут находиться больные или раненые».\n\nМеждународная конференция в Женеве, столице Швейцарии, обсуждает вопросы конвенции о правилах ведения войны. Все цивилизованные нации приглашены подписать документ, который назовут Женевской конвенцией.;X;X;X;X;X;X
EVTOPTA31311;Разумеется, мы подпишем этот исключительно прогрессивный документ;X;X;X;X;X;X
EVTOPTB31311;На данный момент мы не считаем нужным подписывать этот документ;X;X;X;X;X;X
EVTNAME23212;Наблюдение кометы;X;X;X;X;X;X
EVTDESC23212;Недавно в нашем небе была зафиксирована комета. Некоторые уверены, что это предвестник будущего упадка. Другие верят, что это просто феи летят по небу. Третьи же полагают, что комета - это гигантский шар изо льда, летающий в космосе, а ее длинный хвост создается благодаря энергии солнца. Споры вокруг этих трех одинаково жизнеспособных теорий стимулируют научные поиски в нашей стране.;X;X;X;X;X;X
EVTOPTA23212;Слава богу, мы живем в просвещенное время;X;X;X;X;X;X
EVTNAME60140;Конституционный конвент;X;X;X;X;X;X
EVTDESC60140;Власть в нашей стране полностью находится в руках либералов, и они полагают, что пришла пора для созыва конституционного конвента. Точка зрения каждого человека, ну, или, по крайней мере, всех, чье мнение действительно является важным, будет представлена в этом новом собрании, призванным определить дальнейший путь нашей славной державы.;X;X;X;X;X;X
EVTOPTA60140;Иначе люди воспользуются ситуацией в своих целях;X;X;X;X;X;X
EVT777002PTA;В чём смысл жить, если мы всё равно когда нибудь умрём! ;X;X;X;X;X;X
EVTOPTB777711;Только не это;X;X;X;X;X;X
EVTOPTA666002;Это может быть национальным достоянием ;X;X;X;X;X;X
EVTNAME100;Общество трезвости;X;X;X;X;X;X
EVTDESC100;«Каждый день пьянство наносит тяжкий вред нашему народу, все сильнее подрывая моральные и духовные устои нации. Нам необходимо сплотиться для защиты общественного благополучия и донести до бедных и угнетенных масс идеалы трезвости».\n\nУже долгое время в нашей стране растет потребление алкоголя. Дешевое и доступное крепкое спиртное и тяжелые условия труда - в таких условиях бедные классы особенно уязвимы перед смертоносной отравой. Неудивительно, что было основано $COUNTRY_ADJ$ общество трезвости.;X;X;X;X;X;X
EVTOPTA100;Что плохого в паре рюмашек? *ик*;X;X;X;X;X;X
EVTOPTB100;Прекрасная идея!;X;X;X;X;X;X
EVTNAME110;Открытие пивнушки;X;X;X;X;X;X
EVTDESC110;В одной из наших провинций сегодня открылась очередная пивнушка, подтверждая репутацию провинции как рая для бродяг, аферистов и пьянчуг. На каждую сотню жителей провинции приходится бар, бордель, пивнушка или какой-нибудь еще притон греха и порока. Хоть вином и можно залить любое горе, последствия чрезмерного увлечения спиртным будут весьма серьезны.;X;X;X;X;X;X
EVTOPTA110;Выпьем же за это!;X;X;X;X;X;X
EVTOPTB110;Принудить местные власти закрыть бар;X;X;X;X;X;X
EVTNAME120;Пьяные беспорядки;X;X;X;X;X;X
EVTDESC120;Полицейская облава в одном из баров провинции $PROVINCENAME$ спровоцировала массовые беспорядки, направленные против полиции и властей. Местные жители, разгневанные решением полиции закрыть бар, к тому же далеко не трезвые, вышли на улицы и устроили пьяный погром в городе.;X;X;X;X;X;X
EVTOPTA120;Бары становятся проблемой;X;X;X;X;X;X
EVTNAME130;Нищета и бедность;X;X;X;X;X;X
EVTDESC130;Нищета и бедность, а также прочие пороки общества, сопутствующие алкоголизму, распространяются все сильней в провинции $PROVINCENAME$ и по всему региону $STATENAME$. Местные поборники трезвости винят во всем множество магазинов, баров и пивных в провинции $PROVINCENAME$, в то время как другие, не столь убежденные наблюдатели указывают на безработицу и тяжелые условия труда как на основные причины всех зол.;X;X;X;X;X;X
EVTOPTA130;Закрыть бары!;X;X;X;X;X;X
EVTOPTB130;Мы не можем действовать прямо сейчас;X;X;X;X;X;X
EVTNAME140;Пикет у бара;X;X;X;X;X;X
EVTDESC140;Участники движения за трезвый образ жизни сегодня пикетировали бар в провинции $PROVINCENAME$, утверждая, что пьянство в баре разрушило множество браков и семей, сломало не одну жизнь и стало причиной не одного десятка разбитых окон и носов на всей территории региона $STATENAME$. Демонстранты требовали немедленного закрытия заведения, и лишь присутствие полиции удержало их от того, чтобы решить проблему собственноручно.;X;X;X;X;X;X
EVTOPTA140;Приказать закрыть бар;X;X;X;X;X;X
EVTOPTB140;Не стоит мешать людям выпивать;X;X;X;X;X;X
EVTNAME150;Трезвость и религия;X;X;X;X;X;X
EVTDESC150;«Ибо негоже истинно верующему прожигать свою жизнь под бременем тяжкого порока. Мы должны очистить от греха себя и собрание свое, раз и навсегда изгнав из него пагубный дух бутыли и подняв очи наши к Духу, что на небесах».\n\nДвижение за трезвый образ жизни набирает влияние в $COUNTRY_ADJ$ религиозных кругах, и общее собрание в одном из наших регионов - лучшее тому подтверждение.;X;X;X;X;X;X
EVTOPTA150;Трезвость нужна как никогда;X;X;X;X;X;X
EVTOPTB150;Движению за трезвость стоит подождать;X;X;X;X;X;X
EVTNAME160;Акт о лицензировании;X;X;X;X;X;X
EVTDESC160;Под влиянием мощного лоббирования со стороны общества трезвости, одна из наших областей приняла закон, позволяющий гражданам выдавать или изымать лицензии на оборот алкоголя в своем районе. Пользуясь мощной общественной поддержкой, данный законопроект фактически запретил продажу спиртных напитков на территории области. Множество местных пивоварен лишились права продавать продукцию в близлежащих районах и обанкротились.;X;X;X;X;X;X
EVTOPTA160;Местным жителям виднее;X;X;X;X;X;X
EVTOPTB160;Приказать отменить закон!;X;X;X;X;X;X
EVTNAME170;Труд и трезвость;X;X;X;X;X;X
EVTDESC170;«И если мы намерены освободить наших собратьев от ужасных страданий и от последствий пьянства и алкоголизма, лучше всего - постоянное, полное воздержание от пьянства. Иначе какой смысл в освобождении от угнетателей-капиталистов, если мы останемся под властью порока и вредных пристрастий?»\n\nТак как негативные последствия массового алкоголизма сильнее всего бьют по беднейшим классам, общество трезвости нашло союзников среди участников социалистического движения. Среди рабочих одной из наших областей они агитируют против употребления спиртного.;X;X;X;X;X;X
EVTOPTA170;Не мешать их работе;X;X;X;X;X;X
EVTOPTB170;С социалистами надо бороться на каждом шагу;X;X;X;X;X;X
EVTNAME180;Контрабанда спиртного;X;X;X;X;X;X
EVTDESC180;«Тихо, пацаны, погодь маленько. Как только погранец отвернется, мы рванем через границу. В городе $CAPITAL$ тысячи глоток жаждут отведать хотя бы стаканчик из вот этих ящиков».\n\nСухой закон привел к возникновению рынка контрабандного алкоголя. Соседние страны и подпольные заводы и самогонные фабрики - эта невидимая армия работает день и ночь, дабы представить публике огромный выбор разбавителей, древесных спиртов и контрабанды. Полиция узнала, что сегодня намечается поставка контрабандного товара в одной из наших областей.;X;X;X;X;X;X
EVTOPTA180;Пропустить контрабанду;X;X;X;X;X;X
EVTOPTB180;Пресечь поставку;X;X;X;X;X;X
EVTNAME190;Общество ценителей вин;X;X;X;X;X;X
EVTDESC190;В одной из наших областей основано общество ценителей вин, в ответ на выходки трезвенников и поборников трезвости. Общество направлено на сохранение, по их словам, богатого $COUNTRY_ADJ$ культурного наследия, то есть традиций и ритуалов, связанных со спиртными напитками. Общество ценителей вин возражает против каких-либо попыток ввести сухой закон и предлагает умеренное потребление как альтернативу.;X;X;X;X;X;X
EVTOPTA190;Уже хочу вступить!;X;X;X;X;X;X
EVTOPTB190;Пьянство умеренным не бывает;X;X;X;X;X;X
EVTNAME1000;Социалисты;X;X;X;X;X;X
EVTDESC1000;Карл Маркс опубликовал Манифест коммунистической партии. $COUNTRY_ADJ$ рабочие основали партию, направленную на осуществление целей данного документа. Они называют себя социалистами и верят во власть рабочего класса, где рабочие овладеют средствами производства. Равенство, справедливость, солидарность и демократия - важные элементы идеологии социалистов.;X;X;X;X;X;X
EVTOPTA1000;Хорошо;X;X;X;X;X;X
EVTNAME1001;Цели коммунистов;X;X;X;X;X;X
EVTDESC1001;«Мы требуем общества, свободного от классового гнета, свободного от эксплуатации, где никто не будет нуждаться. Мы требуем общества без государства, без классов, мы требуем общественной собственности на средства производства».;X;X;X;X;X;X
EVTOPTA1001;Хорошо;X;X;X;X;X;X
EVTNAME1002;Либертарианцы;X;X;X;X;X;X
EVTOPTA1002;Хорошо;X;X;X;X;X;X
EVTNAME1003;Третий путь;X;X;X;X;X;X
EVTDESC1003;«Сила в единстве! Правительство слабо, нам нужна партия, способная объединить народ, вернуть национальную гордость, не будучи обманутой сладкими обещаниями либерального капитализма». Партия «Третьего пути», или попросту фашисты, пытаются получить место в верхней палате парламента.;X;X;X;X;X;X
EVTOPTA1003;Хорошо;X;X;X;X;X;X
EVTNAME1100;Золотая лихорадка в пров. $PROVINCENAME$;X;X;X;X;X;X
EVTDESC1100;Утомленный старый путник возвратился из неизведанных земель. После порции виски он восклицает грубым голосом: «Золото! Я нашел золото! Горы золота!»;X;X;X;X;X;X
EVTOPTA1100;Золото!;X;X;X;X;X;X
EVTNAME1105;Алмазная лихорадка в пров. $PROVINCENAME$;X;X;X;X;X;X
EVTDESC1105;Утомленный старый путник возвратился из неизведанных земель. После порции виски он восклицает грубым голосом: «Алмазы! Я нашел алмазы! Горы алмазов!»;X;X;X;X;X;X
EVTOPTA1105;Алмазы!;X;X;X;X;X;X
EVTNAME1107;Каучук в области $PROVINCENAME$;X;X;X;X;X;X
EVTDESC1107;Небольшая экспедиция, отправленная в окрестности области, доложила о важной находке. Согласно отчету исследователей, каучуковые деревья весьма распространены на этой территории. В будущем они могут принести нам большую пользу.;X;X;X;X;X;X
EVTOPTA1107;От этого может быть польза;X;X;X;X;X;X
EVTNAME1109;Нефть в пров. $PROVINCENAME$;X;X;X;X;X;X
EVTDESC1109;Утомленный старый путник возвратился из неизведанных земель. После порции виски он восклицает грубым голосом: «Нефть! Я нашел нефть! Море нефти!»;X;X;X;X;X;X
EVTOPTA1109;Нефть!;X;X;X;X;X;X
EVTNAME1139;Золотая лихорадка в Витватерсранде;X;X;X;X;X;X
EVTDESC1139;С давних пор среди аборигенов ходили легенды о сказочном плоскогорье, где на земле валяются золотые слитки размером с яблоко. Неизвестно, на чем основывались эти легенды, но теперь они получили подтверждение: рудоискатели наткнулись в Витватерсранде на богатейшее месторождение золота. Новость о золотой лихорадке мгновенно облетела весь мир, и в провинции возник новый город, в который вливается настоящий поток искателей удачи. Отныне эта провинция будет известна как «Йоханнесбург».;X;X;X;X;X;X
EVTOPTA1139;Копайте Землю!;X;X;X;X;X;X
EVTNAME1140;Золото в Черных Холмах!;X;X;X;X;X;X
EVTDESC1140;Подполковник Кастер вернулся из Черных Холмов с известием, что на территории Дакота найдено золото в значительных количествах. Туда хлынули золотоискатели, рудокопы и искатели удачи, однако поступают тревожные сообщения о странных стонах и криках, которые доносятся с холмов ночью. Некоторые считают, что индейцы сиу вышли на тропу войны....;X;X;X;X;X;X
EVTOPTA1140;Смешанные известия;X;X;X;X;X;X
EVTNAME1200;Анархисты-террористы;X;X;X;X;X;X
EVTDESC1200;Сокращение расходов на борьбу с преступностью повышает риск появления анархистских организаций.;X;X;X;X;X;X
EVTOPTA1200;ОК;X;X;X;X;X;X
EVTNAME1201;Уличная преступность;X;X;X;X;X;X
EVTDESC1201;Сокращение расходов на борьбу с преступностью повышает риск появления уличных банд.;X;X;X;X;X;X
EVTOPTA1201;ОК;X;X;X;X;X;X
EVTNAME1202;Нечестный бизнес;X;X;X;X;X;X
EVTDESC1202;Повышающийся уровень преступности и снижающийся государственный контроль способствует концентрации усилий бизнеса на увеличении собственных прибылей. Это может закончиться крахом всей системы, так как все преследуют только личные интересы.;X;X;X;X;X;X
EVTOPTA1202;ОК;X;X;X;X;X;X
EVTNAME1203;Политиканство «партийной машины»;X;X;X;X;X;X
EVTDESC1203;Политиканство «партийной машины» означает подкуп недовольных политиками путем назначения на правительственные посты.;X;X;X;X;X;X
EVTOPTA1203;ОК;X;X;X;X;X;X
EVTNAME1204;Мафия;X;X;X;X;X;X
EVTDESC1204;Если организации, призванные бороться с преступностью не выполняют свои функции, криминал может объединиться в мафиозные структуры. Это негативно сказывается на производительности в провинции.;X;X;X;X;X;X
EVTOPTA1204;ОК;X;X;X;X;X;X
EVTNAME1205;«Гнилое местечко»;X;X;X;X;X;X
EVTDESC1205;Система «гнилых местечек» подразумевала создание небольших избирательных округов, с помощью которых достигалась победа на выборах.;X;X;X;X;X;X
EVTOPTA1205;ОК;X;X;X;X;X;X
EVTNAME1206;Расхитительство;X;X;X;X;X;X
EVTDESC1206;Из-за отсутствия надлежащего контроля политики часто используют служебные полномочия для личного обогащения. Это вызывает рост недовольства всех слоев населения.;X;X;X;X;X;X
EVTOPTA1206;ОК;X;X;X;X;X;X
EVTNAME1207;Террористические ячейки;X;X;X;X;X;X
EVTDESC1207;Сокращение численности полицейского аппарата в провинции облегчает условия жизни анархистов, которые могут нанести удар в любой момент.;X;X;X;X;X;X
EVTOPTA1207;ОК;X;X;X;X;X;X
EVTNAME1208;Тресты;X;X;X;X;X;X
EVTDESC1208;Государство сокращает расходы на борьбу с криминалом, что вызывает еще более несправедливое распределение доходов: богатые становятся еще богаче, а бедные еще беднее.;X;X;X;X;X;X
EVTOPTA1208;ОК;X;X;X;X;X;X
EVTNAME1209;Анархисты-террористы больше не проблема;X;X;X;X;X;X
EVTDESC1209;Увеличив расходы на борьбу с преступностью, мы улучшили наши способности по противодействию таким угрозам безопасности, как анархистские выступления.;X;X;X;X;X;X
EVTOPTA1209;Хорошо;X;X;X;X;X;X
EVTNAME1210;Уличная преступность больше не проблема;X;X;X;X;X;X
EVTDESC1210;Увеличив расходы на борьбу с преступностью, мы улучшили наши способности по противодействию таким угрозам безопасности, как уличные банды.;X;X;X;X;X;X
EVTOPTA1210;Хорошо;X;X;X;X;X;X
EVTNAME1211;Нечестный бизнес больше не проблема;X;X;X;X;X;X
EVTDESC1211;Увеличив расходы на борьбу с преступностью, мы усилили государственный контроль и сократили уровень преступности. Бизнес меньше концентрируется на увеличении собственной прибыли. В результате резко сократился риск сокрушения всей системы, так как все меньше и меньше людей преследуют только личные интересы.;X;X;X;X;X;X
EVTOPTA1211;Хорошо;X;X;X;X;X;X
EVTNAME1212;Политиканство «партийной машины» больше не проблема;X;X;X;X;X;X
EVTDESC1212;Увеличив расходы на борьбу с преступностью, мы улучшили наши способности по противодействию политиканству «партийной машины». Теперь политики гораздо реже подкупают недовольных путем назначения на правительственные посты.;X;X;X;X;X;X
EVTOPTA1212;Хорошо;X;X;X;X;X;X
EVTNAME1213;Мафия больше не проблема;X;X;X;X;X;X
EVTDESC1213;Увеличив расходы на борьбу с преступностью, мы улучшили наши способности по противодействию таким угрозам безопасности, как мафия. Теперь она больше не влияет на производительность в провинции.;X;X;X;X;X;X
EVTOPTA1213;Хорошо;X;X;X;X;X;X
EVTNAME1214;«Гнилые местечки» больше не проблема;X;X;X;X;X;X
EVTDESC1214;Система «гнилых местечек» подразумевала создание небольших избирательных округов, с помощью которых достигалась победа на выборах. Увеличив расходы на борьбу с преступностью, мы смогли решить проблему со слишком большим представительством в парламенте городков с малым числом выборщиков.;X;X;X;X;X;X
EVTOPTA1214;Хорошо;X;X;X;X;X;X
EVTNAME1215;Расхитительство больше не проблема;X;X;X;X;X;X
EVTDESC1215;Увеличив расходы на борьбу с преступностью, мы смогли повысить число контролирующих институтов, тем самым, осложнив для политиков использование служебных полномочий для личного обогащения. В результате агрессивность населения провинции $PROVINCENAME$ больше не будет столь быстро расти.;X;X;X;X;X;X
EVTOPTA1215;Хорошо;X;X;X;X;X;X
EVTNAME1216;Террористические ячейки больше не проблема;X;X;X;X;X;X
EVTDESC1216;Увеличив численность полицейского аппарата в провинции $PROVINCENAME$, мы резко осложнили анархистам жизнь, ибо теперь им гораздо труднее нанести по нам удар.;X;X;X;X;X;X
EVTOPTA1216;Хорошо;X;X;X;X;X;X
EVTNAME1217;Тресты больше не проблема;X;X;X;X;X;X
EVTDESC1217;Увеличив расходы на борьбу с криминалом, мы смогли добиться более справедливого распределения доходов в провинции $PROVINCENAME$. Как следствие, разрыв между богатыми и бедными теперь не так велик.;X;X;X;X;X;X
EVTOPTA1217;Хорошо;X;X;X;X;X;X
EVTNAME2010;Трудоустройство эмигрантов;X;X;X;X;X;X
EVTDESC2010;«Прошел уже месяц. Тридцать дней без работы, без денег: ни поесть, ни одеть семью. Целый месяц... он будто тянется целую вечность, пока ты ищешь еду на помойках. Мне противна мысль о том, чтобы побираться или воровать, но месяц без работы - это слишком...»\n\nПокинув родину, многие эмигранты так и не смогли найти работу в вашей стране.;X;X;X;X;X;X
EVTOPTA2010;Игнорировать;X;X;X;X;X;X
EVTOPTB2010;Убедить местных бизнесменов занять их;X;X;X;X;X;X
EVTNAME2030;Новое имя;X;X;X;X;X;X
EVTDESC2030;«Аня Езе... что?»\n«Аня Йезджерска. Трудно выговорить?»\n«Да, трудновато. Может, вам сменить имя? А то может быть трудно найти работу».\n\nТрудные имена и неудобное написание может помешать эмигрантам в поисках работы.;X;X;X;X;X;X
EVTOPTA2030;«Пусть будет Аня Ессек»;X;X;X;X;X;X
EVTOPTB2030;«Нет, меня зовут Аня Йезджерска»;X;X;X;X;X;X
EVTNAME2040;Приобретение дома;X;X;X;X;X;X
EVTDESC2040;Множество иммигрантов в стране подняли спрос на жилье. Строительство новых домов следует ускорить - уже говорят о случаях, когда иммигранты селятся по 10-20 человек в доме. Это создает определенные проблемы, так как может стать причиной эпидемий, к тому же поднимается социальная напряженность.;X;X;X;X;X;X
EVTOPTA2040;Ускорить строительство;X;X;X;X;X;X
EVTOPTB2040;К чему торопиться?;X;X;X;X;X;X
EVTNAME3000;Грязные трущобы;X;X;X;X;X;X
EVTDESC3000;Из старого дома невыносимо воняет плесенью и гнилым деревом. Внутри лишь старый пьяница - он выбегает через заднюю дверь, лишь завидев луч света в грязном окне. Одному богу известно, сколько здесь простоял этот дом, но его состояние вполне отражает то, что случилось с нашей страной в последние десятилетия. Все больше распространяется нищета, и такое жилье - норма для многих бедняков в нашей стране. Еще хуже то, что эти грязные трущобы - рассадник болезней и заразы.;X;X;X;X;X;X
EVTOPTA3000;Потребовать парламентского расследования;X;X;X;X;X;X
EVTOPTB3000;Искать поддержки реформ у местных жителей;X;X;X;X;X;X
EVTOPTC3000;Не вижу в этом никакой проблемы;X;X;X;X;X;X
EVTNAME3001;Цена здоровья;X;X;X;X;X;X
EVTDESC3001;«Хотя в этой палате часто звучат речи о цене болезней, операций и прочего, я не слышал ничего о цене нашей системы здравоохранения, в частности, о последствиях общественного здравоохранения. Сколько частных клиник закрывается каждый год, не в силах конкурировать с государством? Сколько аптек? Частная инициатива приносится в жертву государственной бюрократии, по природе неэффективной. Когда же наконец наше государство сделает здравоохранение свободным?»\n\nРечь против реформы здравоохранения в парламенте привлекла интерес общественности, и на удивление многие выступили против существующей системы здравоохранения. Что делать правительству?;X;X;X;X;X;X
EVTOPTA3001;Полностью уступить их требованиям и отменить реформу;X;X;X;X;X;X
EVTOPTB3001;Попытаться найти компромисс;X;X;X;X;X;X
EVTOPTC3001;Игнорировать проблему;X;X;X;X;X;X
EVTNAME3002;Большой побег;X;X;X;X;X;X
EVTDESC3002;«Он живет в большом доме - очень большом загородном доме».\n\nНаши города растут каждый день, принимая все новых жителей из сельской местности - неудивительно, что кто-то может поступить и наоборот. Условия жизни в городах все хуже - теснота, загрязнение, плохое жилье. Часть представителей среднего класса вновь жаждут тишины и спокойной жизни в деревне, а благодаря растущим доходам, все больше людей могут позволить себе выехать загород. $COUNTRY_ADJ$ деревни и села к этому очень располагают.;X;X;X;X;X;X
EVTOPTA3002;Ах, красоты природы!;X;X;X;X;X;X
EVTNAME3003;Скандал на фабрике;X;X;X;X;X;X
EVTDESC3003;«Свиней кормили лучше, чем нас, зуб даю».\n\nМестный скандал в одной из областей привлек внимание общественности. По-видимому, местный руководитель фабрики расхищал государственные средства, а потери возмещал за счет еды рабочих, порой выдавая лишь пару ломтей хлеба в день. На этом случае уже пытаются играть и либералы, и консерваторы - последние выступают против вмешательства властей, либералы же требуют дальнейших социальных реформ.;X;X;X;X;X;X
EVTOPTA3003;Поддержать местных консерваторов;X;X;X;X;X;X
EVTOPTB3003;Поддержать местных либералов;X;X;X;X;X;X
EVTOPTC3003;Надеяться, что вопрос разрешится сам собой;X;X;X;X;X;X
EVTNAME3004;Приют друзей;X;X;X;X;X;X
EVTDESC3004;Так как дальнейшие социальные реформы пока не находят достаточной поддержки, граждане одного из регионов взяли заботу о бедных в свои руки, организовав «Общество друзей». Цели общества - помощь и еда для стариков, работа и религиозное образование для бедняков, кроме того, у них есть работный дом.;X;X;X;X;X;X
EVTOPTA3004;Вот это частная инициатива, так держать!;X;X;X;X;X;X
EVTOPTB3004;Это совершенно неприемлемо;X;X;X;X;X;X
EVTOPTC3004;Что делает эта чушь на моем столе?;X;X;X;X;X;X
EVTNAME3005;Финансирование санатория;X;X;X;X;X;X
EVTDESC3005;«Таким образом, в этом году туберкулез унес еще несколько тысяч жизней в нашем регионе».\n\n$COUNTRY_ADJ$ общественность всколыхнулась после того, как в частном порядке был опубликован отчет местного врача. Помимо общих слов об антисанитарии, ужасных жилищных условиях, ведущих к распространению болезни, в отчете содержится жесткая критика властей: туберкулез можно было бы предотвратить с помощью карантина, но власти бездействуют. Кроме того, сильно не хватает лечебных учреждений. Консерваторы высмеивают отчет, считая его проявлением паникерства, и могут быть недовольны, если правительство примет его всерьез. С другой стороны, нам бы пригодился санаторий.;X;X;X;X;X;X
EVTOPTA3005;Финансировать строительство местного санатория;X;X;X;X;X;X
EVTOPTB3005;Игнорировать отчет, чтобы угодить консерваторам;X;X;X;X;X;X
EVTOPTC3005;Найти местных спонсоров для санатория;X;X;X;X;X;X
EVTNAME3006;Акт о зубных клиниках;X;X;X;X;X;X
EVTDESC3006;«И какова же последняя выходка правительства? Если верить министерству здравоохранения, бесплатных палат и еды для всех тунеядцев на свете не хватает. Теперь, джентльмены, им собираются бесплатно лечить еще и зубы!»\n\nПравящая партия попыталась провести закон о реформе зубных клиник, чтобы граждане обладали возможностью бесплатно получить хоть какое-то лечение зубов. Пока что идея не нашла большой поддержки, и среди членов партии идут разговоры о том, что следует бросить это дело.;X;X;X;X;X;X
EVTOPTA3006;Отказаться от законопроекта;X;X;X;X;X;X
EVTOPTB3006;Провести законопроект силой;X;X;X;X;X;X
EVTNAME3100;Клевета в газете;X;X;X;X;X;X
EVTDESC3100;Государственная газета «Утренний Курьер» опубликовала статью, где жестко осуждается «декадентство» местной элиты в одном из регионов. Их обвинили в недостатке патриотизма, а также в получении денег от иностранных держав для антиправительственной деятельности. Эти новости взбаламутили низы общества, которые настроены все враждебней против местных власть имущих. Прекратить публикации в газете означает вызвать у низов подозрение в сокрытии правды, но если этого не сделать, правящие классы могут почувствовать себя незащищенными.;X;X;X;X;X;X
EVTOPTA3100;Прекратить печатать этот бред!;X;X;X;X;X;X
EVTOPTB3100;Ведь это же правда?;X;X;X;X;X;X
EVTNAME3101;Любовная интрижка;X;X;X;X;X;X
EVTDESC3101;Газета «Ежедневный Телеграф», которую читают по всей области, опубликовала статью, весьма подробно описывающую любовные интриги местного политика, которые выходят далеко за рамки семьи. Хотя в статье и нет клеветы, его репутация и доброе имя явно под вопросом. Этот политик быстро стал посмешищем в народе. Он недоволен и требует от местного суда закрыть газету, которая «подрывает мораль и общественное доверие». Либералы в регионе будут против закрытия газеты, но этого не сделать, то поддержка реформ в отношении прессы только усилится.;X;X;X;X;X;X
EVTOPTA3101;Прекратить скандальную клевету!;X;X;X;X;X;X
EVTOPTB3101;Что ж поделаешь, его поймали без штанов...;X;X;X;X;X;X
EVTNAME3102;Желтая пресса;X;X;X;X;X;X
EVTDESC3102;Свобода прессы порой приводит к странным инцидентам. «$COUNTRY_ADJ$ Вестник», обычная желтая газетенка в одной из наших областей, опубликовала статью о том, что министр иностранных дел якобы тайный масон. Хотя для такого чтива это в порядке вещей, эта статья привлекла больше внимания, чем обычно. Люди почему-то поверили в эти обвинения. Если их отрицать, образованные люди в верхах сочтут это потаканием плебейству, но молчание приведет к тому, что низы окончательно уверуют в эти слухи.;X;X;X;X;X;X
EVTOPTA3102;Не опровергать слухи;X;X;X;X;X;X
EVTOPTB3102;Опровергать слухи;X;X;X;X;X;X
EVTOPTC3102;Но я же встречал его в масонской ложе на той неделе!;X;X;X;X;X;X
EVTNAME3200;Подпольная типография;X;X;X;X;X;X
EVTDESC3200;«Мы, $COUNTRY_ADJ$ Народный Комитет Освобождения, выдвигаем одно лишь требование правительству, которое засело в городе $CAPITAL$: Конец однопартийной власти!»\n\nОдно лишь требование, куда там. Кем себя возомнила эта чернь? Листовки с антиправительственными лозунгами распространяют в барах и кафе в одном из наших регионов, и мы полагаем, что за этим стоит подпольная типография. Местная полиция готова их прикрыть, и все было бы куда проще, если бы эти листовки не пользовались популярностью у населения. Закрыв типографию, мы несомненно вызовем недовольство общественности.;X;X;X;X;X;X
EVTOPTA3200;Закрыть типографию;X;X;X;X;X;X
EVTOPTB3200;Не принимать мер;X;X;X;X;X;X
EVTNAME3201;Драка на местных выборах;X;X;X;X;X;X
EVTDESC3201;Выборы местного мэра в одной из провинций привели к драке - местный фермер отказался голосовать за кандидата от правительства, несмотря на четкие указания. Здоровяк сломал нос троим представителям власти, прежде чем полицейским удалось убрать его из здания управы, где проходили выборы. Говорят, он вопил о праве свободного волеизъявления, или что-то в этом роде. Наверное, его следует наказать, как пример окружающим, но любое решение будет иметь последствия.;X;X;X;X;X;X
EVTOPTA3201;Пусть посидит три месяца на хлебе и воде!;X;X;X;X;X;X
EVTOPTB3201;Пусть он исчезнет;X;X;X;X;X;X
EVTOPTC3201;Освободить его;X;X;X;X;X;X
EVTNAME3202;Новые границы областей;X;X;X;X;X;X
EVTDESC3202;Время от времени мы... перечерчиваем границы областей, чтобы... лучше улавливать желания людей в политике. Если какая-то партия получает влияние там, где не следует, мы просто перечерчиваем границы областей, чтобы люди могли выбрать... более разумный политический курс. Мы заметили, что в одной из провинций сильны либеральные настроения, но не уверены, что им стоит так голосовать. Можно было бы объединить их с соседними районами, чтобы во всей области образовалось прочное консервативное большинство, но это явно усилит их недовольство.;X;X;X;X;X;X
EVTOPTA3202;Перечертить границы!;X;X;X;X;X;X
EVTOPTB3202;Давайте не вмешиваться в честную борьбу;X;X;X;X;X;X
EVTNAME3203;Слежка за голосующим;X;X;X;X;X;X
EVTDESC3203;Подходя к урне для бюллетеней, Джон Джонс чувствует, что за ним следят. Чиновник, руководящий голосованием, член избирательной комиссии, который следит за урной, агент правительства в баре из-за газеты. Повсюду ежечасно ведется слежка, и информация о его политических взглядах передается правительству. Джон боится, что однажды темной ночью к нему в дверь постучатся и спросят о том, лоялен ли он. Иван Иванович хотел бы голосовать тайно.;X;X;X;X;X;X
EVTOPTA3203;Параноикам ничем не поможешь...;X;X;X;X;X;X
EVTOPTB3203;ОНИ УЖЕ ПРИШЛИ ЗА МНОЙ!!!;X;X;X;X;X;X
EVTNAME3204;Фальсификация!;X;X;X;X;X;X
EVTDESC3204;Крупная фальсификация результатов замечена при выборах в местное собрание в одном из регионов. У нас есть веские основания считать, что голосование было крупной победой консерваторов, но либералы объявили о своей победе. Вмешаться и разобраться с фальсификацией на уровне правительства - этого ожидают от нас люди, да и победа консерваторов снизит напряженность в области, но все же... может, либералы лучше справятся с властью?;X;X;X;X;X;X
EVTOPTA3204;Консерваторы победили честно;X;X;X;X;X;X
EVTOPTB3204;Либералы победили честно;X;X;X;X;X;X
EVTNAME3300;Инвалид;X;X;X;X;X;X
EVTDESC3300;«Я спрашиваю у нашего правительства - неужели справедливо, что человек, честно и упорно трудившийся всю жизнь, будет лишен помощи и поддержки по прихоти случая?»\n\nФермер в одном из наших регионов чуть не погиб из-за несчастного случая во время молотьбы, став инвалидом на всю оставшуюся жизнь. Случай обсуждается на парламентских дебатах о $COUNTRY_ADJ$ пенсионной системе. Реформисты приводят этот случай в пример, обвиняя правительство в том, что для старых и немощных делается не достаточно.;X;X;X;X;X;X
EVTOPTA3300;Провести законопроект о реформе;X;X;X;X;X;X
EVTOPTB3300;Искать поддержки реформ у местных жителей;X;X;X;X;X;X
EVTOPTC3300;Игнорировать проблему;X;X;X;X;X;X
EVTNAME3301;Институт семьи;X;X;X;X;X;X
EVTDESC3301;С ростом продолжительности жизни все больше семей вынуждены заботиться о стариках, не способных прокормить себя. Меняется строение общества, и в отсутствие общественной пенсионной системы многие остаются без помощи. Большинство консерваторов стоят на том, что семья - первая и последняя инстанция, куда старики могут обратиться за помощью, а вмешательство правительства может разрушить семейные связи. Либералы, напротив, считают пенсию кощунственно низкой, указывая на множество необеспеченных людей.;X;X;X;X;X;X
EVTOPTA3301;Поддержать повышение пенсий;X;X;X;X;X;X
EVTOPTB3301;Выступить против повышения пенсий;X;X;X;X;X;X
EVTOPTC3301;Им платят пенсии?!;X;X;X;X;X;X
EVTNAME3302;Дебаты о пенсиях;X;X;X;X;X;X
EVTDESC3302;«Рассматривая политику правительства, я старался не приписывать злонамеренности то, что можно объяснить глупостью. Признаюсь, порой это было нелегко».\n\nНаша пенсионная система подверглась критике оппозиции внутри правящей партии. Помимо мелких возражений, основная мысль критиков - слишком низкие пенсии. Необходимо как-то отреагировать.;X;X;X;X;X;X
EVTOPTA3302;Согласен, нужно пересмотреть кое-что;X;X;X;X;X;X
EVTOPTB3302;Полагаю, следует выждать;X;X;X;X;X;X
EVTOPTC3302;Напротив, следует принять противоположные меры;X;X;X;X;X;X
EVTNAME3303;Овсянка за труды;X;X;X;X;X;X
EVTDESC3303;«Всю жизнь пахал, и что теперь? Миска баланды!»\n\nПосле того, как был опубликован отчет парламента о пенсионной системе, эта тема у всех на уме. В отчете дается взвешенная оценка системы, но внимание людей привлекло содержащееся в отчете интервью со старым джентльменом, который оказался «за бортом» из-за каких-то формальностей. Он возмущен тем, что, хотя упорно трудился всю жизнь, получает лишь овсянку.;X;X;X;X;X;X
EVTOPTA3303;Ну и что?;X;X;X;X;X;X
EVTOPTB3303;Думаю, реформы не помешают;X;X;X;X;X;X
EVTOPTC3303;Не придавать значения ситуации;X;X;X;X;X;X
EVTNAME3304;Обман системы;X;X;X;X;X;X
EVTDESC3304;«Пока из нашей экономики изымаются огромные суммы для пенсионной системы, становится все больше тревожных сообщений о массовом обмане государства, вплоть до того, что дети тринадцати лет от роду получают пособия!»\n\nЖаркая дискуссия разгорелась сегодня в парламенте после того, как комитет по пенсионному обеспечению и качеству жизни распустился, не предоставив отчета. По-видимому, внутренний конфликт между членами партий, входящих в комитет, относительно процедуры слушания оказался неразрешимым препятствием. Суматоху в парламенте можно использовать, чтобы быстро отменить пару самых затратных реформ социального обеспечения.;X;X;X;X;X;X
EVTOPTA3304;Избавиться от горе-реформ;X;X;X;X;X;X
EVTOPTB3304;Спешить некуда;X;X;X;X;X;X
EVTNAME3305;Старая гвардия;X;X;X;X;X;X
EVTDESC3305;«Всю жизнь, с малых лет, я шел и шел вперед, будучи твердо уверен, что погибну молодым на службе своей милой родине. И вот теперь, спокойно ожидая конца своих дней, я вижу, что все вышло иначе - я состарился».\n\nХотя продолжительность жизни в государстве $COUNTRY$ растет, неудачное стечение обстоятельств - относительно низких зарплат и низких пенсий - означает, что немногие могут подготовиться к тому времени, когда они уже не смогут трудиться. Образованный средний класс высказывается в пользу повышения минимальной заработной платы, в то время как аристократия желает повышения пенсий.;X;X;X;X;X;X
EVTOPTA3305;Аристократы правы, на мой взгляд;X;X;X;X;X;X
EVTOPTB3305;Джентльмены правы, на мой взгляд;X;X;X;X;X;X
EVTOPTC3305;Думаю, лучше не проводить реформ вовсе;X;X;X;X;X;X
EVTNAME3306;Послевоенные реформы?;X;X;X;X;X;X
EVTDESC3306;Война каждый день истощает силы нашего народа, и некоторые члены кабинета министров считают, что пора бы указать населению на будущее, которое ожидающет его после войны. Министр внутренних дел внес предложение, которое, по его мнению, поддержит парламент. Пообещав масштабную пенсионную реформу после войны, мы могли бы усилить поддержку военных действий в широких слоях населения.;X;X;X;X;X;X
EVTOPTA3306;Пообещать пенсионную реформу после войны;X;X;X;X;X;X
EVTOPTB3306;Никаких обещаний;X;X;X;X;X;X
EVTNAME3307;Послевоенные реформы!;X;X;X;X;X;X
EVTDESC3307;Во время войны мы обещали народу пенсионную реформу. Теперь война позади, и люди ожидают, что правительство сдержит слово.;X;X;X;X;X;X
EVTOPTA3307;Мы можем провести ограниченные реформы;X;X;X;X;X;X
EVTOPTB3307;У нас в планах амбициозная реформа!;X;X;X;X;X;X
EVTOPTC3307;Да неужели я мог такое пообещать?;X;X;X;X;X;X
EVTNAME3400;Отчаявшиеся безработные;X;X;X;X;X;X
EVTDESC3400;«Я был на всех предприятиях города, но безуспешно, сэр. Что мне делать? Я не могу просто сидеть дома и бить баклуши. Моя семья рассчитывает, что я обеспечу их, но что может бедный трудяга, если работы попросту нет?»\n\nРабочих мест мало, но много кредиторов - бедным слоям населения трудно сводить концы с концами.;X;X;X;X;X;X
EVTOPTA3400;И что с того?;X;X;X;X;X;X
EVTOPTB3400;Недаром их называют беднотой;X;X;X;X;X;X
EVTOPTC3400;Поищем поддержки реформ у местного населения;X;X;X;X;X;X
EVTNAME3401;Требования безработных;X;X;X;X;X;X
EVTDESC3401;«Мы хотим работать! Требуем работу!»\n\nСегодня экономическая наука утверждает, что правительству нужно проводить активную экономическую политику для создания рабочих мест в промышленности, однако сейчас, когда безработица превысила пять процентов, некоторые идеологи партии предлагают повысить пособие по безработице, чтобы успокоить народные массы, пока мы ожидаем восстановления экономики.;X;X;X;X;X;X
EVTOPTA3401;Напротив, пособия следует сократить;X;X;X;X;X;X
EVTOPTB3401;Нынешнего пособия вполне достаточно;X;X;X;X;X;X
EVTOPTC3401;Да, пришло время для подобных мер;X;X;X;X;X;X
EVTNAME3402;Огромные выплаты безработным;X;X;X;X;X;X
EVTDESC3402;«В этом году выплаты по безработице вновь превысят бюджет на несколько процентов. А дело, господа, именно в процентах. Тех процентах, что отделяют нас от банкротства».\n\nНаши программы по безработице приносят больше убытков, чем ожидалось, и некоторые налогоплательщики очень озабочены растущей нагрузкой на бюджет. В одном из регионов образована коалиция, требующая отмены пособий по безработице, и их усилия привлекли внимание всей страны.;X;X;X;X;X;X
EVTOPTA3402;Игнорировать комитет налогоплательщиков;X;X;X;X;X;X
EVTOPTB3402;Снизить пособия по безработице;X;X;X;X;X;X
EVTOPTC3402;Создать коалицию в поддержку пособий;X;X;X;X;X;X
EVTNAME3403;Сидячая забастовка;X;X;X;X;X;X
EVTDESC3403;«Рабочие захватили фабрику! Двери забаррикадированы! Никто не может пробиться внутрь!»\n\nРабочие в одной из областей заняли фабрику и начали сидячую забастовку. Их требования - повышение минимальной зарплаты и пособий по безработице. Мы можем выполнить одно из требований, или игнорировать проблему.;X;X;X;X;X;X
EVTOPTA3403;Чего им захотелось? Пособий? Они их получат...;X;X;X;X;X;X
EVTOPTB3403;Чего им захотелось? Зарплаты побольше? Они их получат...;X;X;X;X;X;X
EVTOPTC3403;Чего им захотелось? Хорошей взбучки? Они ее получат...;X;X;X;X;X;X
EVTNAME3404;Стихийная забастовка;X;X;X;X;X;X
EVTDESC3404;В одном из регионов началась стихийная забастовка. Рабочие забаррикадировались в местном цеху и не пускают внутрь никого, пока «не будут выполнены их требования». Проблема в том, что они сами внятных требований не выдвигают, кроме общих слов «побольше бы всего». Местный руководитель профсоюза предложил провести переговоры, но, возможно, лучший вариант - просто игнорировать их.;X;X;X;X;X;X
EVTOPTA3404;Пусть руководитель профсоюза ведет переговоры;X;X;X;X;X;X
EVTOPTB3404;Игнорировать их;X;X;X;X;X;X
EVTNAME3500;Красный Джон;X;X;X;X;X;X
EVTDESC3500;Кличка парня - Красный Джон. Говорят, он приплыл на корабле, полном кирпичей и цемента, но в душе привез виски и порох. Пару последних месяцев этот горлопан-космополит баламутил народ в одной из наших провинций, требуя повышения зарплат, устраивая собрания на фабриках и советуя рабочим объединяться в профсоюзы. От него одни неприятности, а полиция как раз узнала, что вечером он устраивает собрание в местной закусочной...;X;X;X;X;X;X
EVTOPTA3500;Арестовать его;X;X;X;X;X;X
EVTOPTB3500;Оставить его в покое;X;X;X;X;X;X
EVTNAME3501;Комитет по делам рабочих;X;X;X;X;X;X
EVTDESC3501;Рабочие из организованного правительством комитета по делам рабочих в одной из провинций предложили предоставить рабочим дополнительный выходной в году, ввиду тяжести их труда. Особых затрат это не принесет, но будет воспринято как потакание прихотям рабочего класса, и может дать низам стимул к нехорошим поступкам в будущем.;X;X;X;X;X;X
EVTOPTA3501;Вы все заслужили отдых!;X;X;X;X;X;X
EVTOPTB3501;Возвращайтесь к работе!;X;X;X;X;X;X
EVTNAME3502;Конфликт с администрацией;X;X;X;X;X;X
EVTDESC3502;«Так что его надо убрать. Не просто отстранить на время, а насовсем, понятно? Видеть его больше не хотим. От него одни беды, чесслово».\n\nПрофсоюз металлургов в одной из провинций протестует против начальника фабрики, которого обвиняют в издевательствах над рабочими - вплоть до избиения - за малейшее проявление «лености». Мы могли бы отстранить его, но хозяин завода утверждает, что этот начальник отлично справляется с работой.;X;X;X;X;X;X
EVTOPTA3502;Оставить его;X;X;X;X;X;X
EVTOPTB3502;Отстранить его;X;X;X;X;X;X
EVTNAME3503;Штрейкбрехеры!;X;X;X;X;X;X
EVTDESC3503;Группа штрейкбрехеров, направленная на фабрику в одном из наших районов, чтобы заменить бастующих, была окружена в своих бараках рабочими 23-го городского профсоюза. Напряженность растет, и руководители фабрики требуют от правительства направить армию для подавления забастовки. Подавить забастовку силой означает надолго испортить репутацию страны как в мире, так и перед собственным населением, но бездействие придаст социалистам сил и уверенности в победе.;X;X;X;X;X;X
EVTOPTA3503;Подавить забастовку;X;X;X;X;X;X
EVTOPTB3503;Пусть бастуют;X;X;X;X;X;X
EVTNAME3600;Калека;X;X;X;X;X;X
EVTDESC3600;Адский вопль раздался на фабрике, мгновенно остановив работу. Человек упорно пытался вырвать свою искалеченную руку из механизма - когда ему это удалось, он упал без сознания. Рабочие собрались вокруг него толпой, и мастеру пришлось приложить усилия, чтобы вернуть их на рабочие места. Раненого унесли, а остальные продолжили работать в молчании.;X;X;X;X;X;X
EVTOPTA3600;Сам виноват;X;X;X;X;X;X
EVTOPTB3600;Им явно нужна техника безопасности;X;X;X;X;X;X
EVTNAME3601;Ремни и браслеты;X;X;X;X;X;X
EVTDESC3601;Несмотря на все предосторожности, у мистера Брауна выдалась тяжелая неделя.\nПонедельник: чуть не потерял левый глаз из-за небрежности коллеги с лестницей.\nВторник: испортил лучшую рубашку, пытаясь спасти руку из автомата.\nСреда: чуть не попал под кирпич, который уронил один из рабочих-строителей.\nЧетверг: поскользнулся на масляном пятне и чуть не сломал шею.\nПятница: подавился бутербродом - правда, помог удар товарища по спине.\nНекоторых инцидентов можно было бы избежать, если бы на фабрике следовали технике безопасности.;X;X;X;X;X;X
EVTOPTA3601;Хорошо;X;X;X;X;X;X
EVTOPTB3601;Повезло ему;X;X;X;X;X;X
EVTOPTC3601;Требования техники безопасности должны выполняться;X;X;X;X;X;X
EVTNAME3602;Каски;X;X;X;X;X;X
EVTDESC3602;У строителей государства $COUNTRY$ прижилось нововведение: строительные каски. Сперва использовали старые военные шлемы, которые ветераны передавали сыновьям, а убедившись, что каска может спасти жизнь, их начали носить и другие рабочие. Иногда использовали старые котелки и кастрюли. Это повысило безопасность на стройках, и теперь рабочие реже страдают от падающих предметов и инструментов.;X;X;X;X;X;X
EVTOPTA3602;Пусть играются;X;X;X;X;X;X
EVTOPTB3602;Ну и?;X;X;X;X;X;X
EVTOPTC3602;Отличное изобретение!;X;X;X;X;X;X
EVTNAME3603;Рабочие против работодателей;X;X;X;X;X;X
EVTDESC3603;«Для нас это чересчур затратно, да и рабочие не всегда следуют технике безопасности. Они не используют личные средства защиты, и у нас инцидентов еще больше, чем раньше».\n«Он лжет. Правила безопасности прекрасно выполняются, инциденты все еще случаются, но ранения теперь не так серьезны».\n\nРаботодатели и рабочие вступили в спор о технике безопасности. Работодатели полагают, что она бесполезна, затратна и в любом случае не выполняется рабочими. Рабочие, однако, считают, что несчастных случаев стало меньше с тех пор, как они стали четко следовать требованиям безопасности.;X;X;X;X;X;X
EVTOPTA3603;А мне какое дело?;X;X;X;X;X;X
EVTOPTB3603;Согласен с работодателями;X;X;X;X;X;X
EVTOPTC3603;Согласен с рабочими;X;X;X;X;X;X
EVTNAME3604;Шпионы среди рабочих;X;X;X;X;X;X
EVTDESC3604;Внедрив шпионов в ряды рабочих на фабриках, мы можем предотвратить забастовки и умерить власть профсоюзов, однако есть риск того, что рабочие раскроют шпионаж, и тогда они будут бастовать и начнут массовые акции протеста. Слухи об использовании шпионажа в других провинциях свидетельствуют о том, что порой для прекращения вредной агитации применялись эффективные, но не вполне законные методы.;X;X;X;X;X;X
EVTOPTA3604;Нам бы помогли... надежные источники информации;X;X;X;X;X;X
EVTOPTB3604;Нарушать их личную неприкосновенность? Не стоит...;X;X;X;X;X;X
EVTNAME3605;Забастовка полицейских;X;X;X;X;X;X
EVTDESC3605;Полицейские в одной из наших провинций начали забастовку из-за требований по безопасности. Местный профсоюз указывает на необходимость более четких стандартов осуществления арестов, обысков и уголовных расследований, а также требует улучшений в медицинском обеспечении. Правительство может пойти на выполнение требований, но некоторые члены кабинета считают забастовку незаконной - она угрожает общественному порядку.;X;X;X;X;X;X
EVTOPTA3605;Да кем они себя возомнили?;X;X;X;X;X;X
EVTOPTB3605;Полагаю, их требования разумны;X;X;X;X;X;X
EVTNAME3606;Фосфорная челюсть;X;X;X;X;X;X
EVTDESC3606;Предупреждения о некрозе нижней челюсти, вызываемом желтым фосфором, распространяются на фабриках спичечной промышленности. «Фосфорная челюсть» - тяжелое заболевание, его первые симптомы - боль в зубах и деснах. Постепенно в костях челюсти начинается абсцесс, и лишь хирургическое устранение может спасти пациента. Наши медэксперты рекомендуют перейти на более безопасный, но и более дорогой красный фосфор, что прекратит распространение болезни.;X;X;X;X;X;X
EVTOPTA3606;Но это ведь стоит денег, не так ли?;X;X;X;X;X;X
EVTOPTB3606;Здоровье рабочих - наша первая обязанность;X;X;X;X;X;X
EVTNAME3607;Отличное здоровье;X;X;X;X;X;X
EVTDESC3607;Все меньше дней в году болеют люди на заводе, меньше несчастных случаев. Множество рабочих здоровы и счастливо трудятся на наших фабриках, заслуживших репутацию самых безопасных в мире. Похоже, наши реформы здравоохранения и безопасности труда наконец оправдали себя. Наши люди довольны, и производительность труда достигла максимальных значений.;X;X;X;X;X;X
EVTOPTA3607;Господь любит нас;X;X;X;X;X;X
EVTOPTB3607;Мы подаем пример другим странам;X;X;X;X;X;X
EVTNAME3700;Трубочисты;X;X;X;X;X;X
EVTDESC3700;«Молодой парнишка выбрался из трубы и уселся на крышу. Лицо его и одежда были черным-черны от пепла в трубе, и это была явно не первая труба, где он сегодня побывал. Он устало прошел по крыше и спустился вниз, получил от хозяйки дома пенни и отправился по своим делам».\n\nТяжкий труд молодых трубочистов в городе вызывает негодование у многих жителей. Был образован комитет, чтобы разобраться с невыносимыми условиями труда.;X;X;X;X;X;X
EVTOPTA3700;Следует подумать о законе, который разрешил бы ситуацию;X;X;X;X;X;X
EVTOPTB3700;Тяжелый труд закаляет характер человека;X;X;X;X;X;X
EVTNAME3701;Фабричные часы;X;X;X;X;X;X
EVTDESC3701;«Часы пошли, день начался, часы встали, день закончился. Работаешь весь день, нет времени на отдых. К полуночи падаешь в постель и засыпаешь сразу. Работаешь каждый день, всю неделю - только работа, работа, работа. Трудишься, и никакого просвета».\n\nФабричные часы - нововведение, позволившее повысить производительность в промышленности. Однако некоторые защитники прав трудящихся говорят, что часы - это отчуждение рабочих от средств производства, или что-то такое. Не знаем, откуда они этого набрались, но над вопросом придется подумать.;X;X;X;X;X;X
EVTOPTA3701;Тик-так, жалкие марионетки;X;X;X;X;X;X
EVTOPTB3701;Ну, если для счастья им нужно немного отдыха...;X;X;X;X;X;X
EVTOPTC3701;Нужен закон, чтобы запретить это дьявольское изобретение;X;X;X;X;X;X
EVTNAME3702;Отдых рабочих;X;X;X;X;X;X
EVTDESC3702;С ростом уровня жизни в стране $COUNTRY$, все больше выходцев из беднейших классов считают, что имеют право на большую долю в растущем богатстве страны. Некоторые члены радикальных движений за права трудящихся предложили узаконить несколько часов отдыха в день для рабочих, утверждая, что это даже повысит производительность. Иные не так уверены в этом и утверждают, что это нарушит основные законы экономики и свободного рынка.;X;X;X;X;X;X
EVTOPTA3702;Избавиться от этих дурацких законопроектов!;X;X;X;X;X;X
EVTOPTB3702;Эксперимент на местном уровне;X;X;X;X;X;X
EVTOPTC3702;Больше отдыхать! Меньше работать! (Это ведь и властей касается, верно?);X;X;X;X;X;X
EVTNAME3703;Работать меньше или меньше работы?;X;X;X;X;X;X
EVTDESC3703;«И хотя наши условия труда считаются одними из лучших в мире, я не считаю, что стоит гордиться леностью. Единственный разумный шаг - отменить некоторые из этих реформ».\n\nДебаты в парламенте на прошлой неделе шли исключительно о рабочих часах. Консерваторы утверждают, что пора бы принять законодательство, более отвечающее интересам бизнеса.;X;X;X;X;X;X
EVTOPTA3703;Верно подмечено!;X;X;X;X;X;X
EVTOPTB3703;Не уверен...;X;X;X;X;X;X
EVTOPTC3703;Чушь, надо поддерживать наши профсоюзы;X;X;X;X;X;X
EVTNAME3750;Трое - уже толпа;X;X;X;X;X;X
EVTDESC3750;Трое мужчин, которые собрались на углу поговорить о перипетиях политики, жизни, о судьбе и будущем, были арестованы местной полицией за нарушение запрета на общественные собрания, комендантского часа и пары других местных законов в довесок. Местные, конечно, считают инцидент полицейским произволом и уже высказались против запрета на общественные собрания. Пусть ситуация и абсурдна, но она ясно показывает, до какой степени правительство может контролировать повседневную жизнь людей в государстве $COUNTRY$.;X;X;X;X;X;X
EVTOPTA3750;Наверняка это заговорщики;X;X;X;X;X;X
EVTOPTB3750;Отпустить их на свободу и принести извинения;X;X;X;X;X;X
EVTNAME3751;Общественное собрание!;X;X;X;X;X;X
EVTDESC3751;Куда ни глянь, всюду перешептываются, говорят о политике. Очевидно, что население в стране $COUNTRY$ постепенно переходит к демократическим традициям, и в результате запрет на общественные собрания не особо поддерживается. Вчера, например, общественное собрание в одной из провинций посетил местный политик. Если даже членов правительства не заботит исполнение закона, похоже, надо что-то поменять.;X;X;X;X;X;X
EVTOPTA3751;Закон должен исполняться;X;X;X;X;X;X
EVTOPTB3751;Устаревшему закону пора уйти;X;X;X;X;X;X
EVTNAME3752;Клуб благородных джентльменов;X;X;X;X;X;X
EVTDESC3752;«Линия фронта перед нами, и судьба страны в наших руках, господа. Подняться и занять достойное место среди народов мира, или же рухнуть в пучину коррупции, деспотии и отсталости».\n\nКлуб джентльменов открылся в одной из наших провинций. В задачу клуба входит помощь его участникам, благотворительность и содействие национальным интересам всей страны - этот клуб станет основой местного сообщества на многие годы.;X;X;X;X;X;X
EVTOPTA3752;Отличная инициатива!;X;X;X;X;X;X
EVTOPTB3752;$COUNTRY$ - не место для тайных сборищ!;X;X;X;X;X;X
EVTNAME3753;Побоище на Еловой улице;X;X;X;X;X;X
EVTDESC3753;Демонстрация проходит спокойно - люди с плакатами собрались в небольшую группу на Еловой улице. Глядя на демонстрантов, нетрудно понять, что они чем-то недовольны, хотя не совсем понятно чем. Они просто пользуются своим правом на общественные собрания - однако вскоре настроения толпы меняются к худшему. Крики в толпе все громче, и все отчетливей в них слышен гнев. К тому моменту, как местные чиновники выходят на переговоры для того, чтобы успокоить толпу, напряжение достигает критической точки, и разъяренная толпа начинает крушить все вокруг.;X;X;X;X;X;X
EVTOPTA3753;Это очевидное последствие права на общественные собрания;X;X;X;X;X;X
EVTOPTB3753;К сожалению, таковы побочные последствия важнейших свобод человека;X;X;X;X;X;X
EVTNAME3754;Заговор на улице Катона;X;X;X;X;X;X
EVTDESC3754;Несколько известных радикалов регулярно собираются в здании городского управления на улице Катона вот уже не один месяц. Радикальные республиканские убеждения этой группы и их попытки завоевать новых последователей привлекли внимание местных властей. Полицейские совершили рейд на рассвете, и все опасения подтвердились - группа планировала покушение на известного члена кабинета министров, а в их дальнейшие планы входил государственный переворот. Хотя их план, очевидно, не осуществился бы, инцидент вызвал дебаты в верхней палате парламента об ограничении прав на общественные собрания.;X;X;X;X;X;X
EVTOPTA3754;Свободу следует защищать в любых обстоятельствах;X;X;X;X;X;X
EVTOPTB3754;Не стоит скатываться к анархии;X;X;X;X;X;X
EVTNAME3755;Нападение на фабрику!;X;X;X;X;X;X
EVTDESC3755;Разъяренные отсутствием работы, политикой правительства и ситуацией в их городе, местные рабочие напали на фабрику в одной из наших провинций. Идею им подали какие-то местные баламуты. Несколько зданий фабрики подверглись разграблению, были украдены запасы хлеба и провианта, ущерб оценен в несколько тысяч. Местные чиновники быстро остановили нападавших и арестовали лидеров, но инцидент рискует иметь долгосрочные последствия. Какие указания дать кабинету министров? Какова позиция правительства?;X;X;X;X;X;X
EVTOPTA3755;У рабочих были основания для таких действий;X;X;X;X;X;X
EVTOPTB3755;Это нападение ничем не спровоцировано;X;X;X;X;X;X
EVTNAME3756;Демонстранты требуют реформ;X;X;X;X;X;X
EVTDESC3756;Люди вышли на улицы в одном из регионов - они недовольны отсутствием политического волеизъявления и провели демонстрацию, требуя от правительства политических реформ. Хотя демонстрация по большей части протекала мирно, в ходе протеста были слышны гневные тирады, а напряжение в отношениях либералов и консерваторов нарастают. Местные аристократы требуют от правительства осудить демонстрацию за высказанные на ней лозунги, отказаться от реформ и поддержать существующий порядок. Поддержка требований аристократов вызовет недовольство прогрессивно настроенных граждан, а поддержка реформ вызовет недовольство и аристократов, и консерваторов.;X;X;X;X;X;X
EVTOPTA3756;Правительство стремится к проведению реформ;X;X;X;X;X;X
EVTOPTB3756;Реформы будут... в свое время...;X;X;X;X;X;X
EVTNAME3800;Прожиточный минимум;X;X;X;X;X;X
EVTDESC3800;«Крышу над головой, еду - хлеб, сыр, немного мяса. Мы не требуем слишком много, лишь самое необходимое для жизни и работы».\n\nВ стране $COUNTRY$ выходит листовка, в которой описываются страдания бедняков. Листовка привлекла внимание общественности, и некоторые члены парламента указывают на необходимость поднять минимальную заработную плату.;X;X;X;X;X;X
EVTOPTA3800;Искать поддержки реформ у местного населения;X;X;X;X;X;X
EVTOPTB3800;Ха-ха-ха - нет;X;X;X;X;X;X
EVTOPTC3800;Провести реформы;X;X;X;X;X;X
EVTNAME3801;Простая реформа;X;X;X;X;X;X
EVTDESC3801;«Верно говорят: «запутанный клубок». Вот чем стал наш гражданский кодекс из-за бюрократии, связанной с реформой заработной платы».\n\nЧлены парламента, известные своими связями с капиталистами страны $COUNTRY$ критикуют реформы минимальной заработной платы, указывая на якобы негативные последствия реформы: теперь законодательство нашей страны стало менее простым и прозрачным. Они утверждают, что система забюрократизирована, и ее следует реформировать. Однако предложенные ими реформы по сути представляют собой отмену всей системы.;X;X;X;X;X;X
EVTOPTA3801;Чертовы реакционеры!;X;X;X;X;X;X
EVTOPTB3801;Уверен, можно найти компромисс;X;X;X;X;X;X
EVTOPTC3801;Толстые книжки мне тоже не по нраву;X;X;X;X;X;X
EVTNAME3802;Представитель рабочих;X;X;X;X;X;X
EVTDESC3802;«И хотя я не утверждаю, что представляю всех рабочих страны $COUNTRY$, часть из них доверили мне представлять их интересы, и вот что они сказали: нам нужно повысить зарплату. Цены за последние несколько лет выросли, на некоторые товары в два раза - несправедливо, что всю выгоду получают лишь капиталисты».\n\nИзвестный представитель движения за права трудящихся встретился с несколькими министрами и, судя по всему, произвел на них впечатление. Кабинет в общем полагает, что настало время пересмотреть наши законы о минимальной заработной плате, но некоторые члены кабинета выступают за прямо противоположный курс.;X;X;X;X;X;X
EVTOPTA3802;Нужно отменить часть ранее принятых реформ;X;X;X;X;X;X
EVTOPTB3802;Не нужно спешки;X;X;X;X;X;X
EVTOPTC3802;Нужно провести новые реформы;X;X;X;X;X;X
EVTNAME3803;Дорогая рабочая сила;X;X;X;X;X;X
EVTDESC3803;«Минимальная заработная плата? Да кому она нужна? Мы всегда платили рабочим столько, сколько они заслуживают - и им всегда хватало на жилье, еду и одежду. Может, не самую лучшую еду или одежду, но они ведь не голодали, верно?»\n\nПолитика в отношении минимальной заработной платы вызвала недовольство некоторых $COUNTRY_ADJ$ работодателей, и теперь они лоббируют свои интересы, пытаясь добиться отмены минимальной заработной платы. У них есть сторонники среди влиятельных членов парламента и кабинета министров.;X;X;X;X;X;X
EVTOPTA3803;Они правы, как всегда;X;X;X;X;X;X
EVTOPTB3803;Можно провести эксперимент по отмене на местном уровне;X;X;X;X;X;X
EVTOPTC3803;Минимальная зарплата останется прежней;X;X;X;X;X;X
EVTNAME3900;Рост профсоюзов;X;X;X;X;X;X
EVTDESC3900;«Пролетариям нечего терять кроме своих цепей. Приобретут же они весь мир. Пролетарии всех стран, соединяйтесь!»\n\nПрофсоюзное движение охватило часть областей страны, словно пожар. Все больше агитаторов приходят на фабрики, убеждая рабочих объединяться в профсоюзы и восставать против капиталистической эксплуатации. $COUNTRY_ADJ$ законы запрещают образование профсоюзов, но некоторые члены правительства полагают, что настало время изменить закон.;X;X;X;X;X;X
EVTOPTA3900;Узаконить беспорядки? Никогда...;X;X;X;X;X;X
EVTOPTB3900;Нужно заручиться поддержкой реформ на местах;X;X;X;X;X;X
EVTOPTC3900;Возможно, пришло время для небольших перемен;X;X;X;X;X;X
EVTNAME3901;Государственные профсоюзы;X;X;X;X;X;X
EVTDESC3901;«И так как нашим трудящимся нужен один орган, выражающий их общие интересы, членство в государственном профсоюзе должно быть обязательным для всех госслужащих».\n\nОбязательное членство в государственном профсоюзе для всех $COUNTRY_ADJ$ служащих нашло серьезную поддержку в парламенте. Кроме того, предложение поддерживает и часть профсоюзов - многие полагают, что такое решение будет хорошим компромиссом с теми, кто требует дальнейшей либерализации законодательства для профсоюзов. Какова позиция правительства?;X;X;X;X;X;X
EVTOPTA3901;Членство будет обязательным;X;X;X;X;X;X
EVTOPTB3901;Нужно избавиться от профсоюзов в принципе;X;X;X;X;X;X
EVTOPTC3901;Будем руководствоваться принципами свободы воли;X;X;X;X;X;X
EVTNAME3902;Общество друзей;X;X;X;X;X;X
EVTDESC3902;Так называемое «Общество друзей» было основано в одной из наших провинций. Общество друзей связывает людей схожих профессий и ставит целью экономическую помощь своим членам, в том числе страхование на случай безработицы, кооперативные ссуды и вклады. Общество друзей утверждает, что не является профсоюзом - это, скорее, кооператив или банк, но более агрессивно настроенные члены кабинета полагают, что организация - не более чем прикрытие для социалистического профсоюзного движения, и следует ее закрыть.;X;X;X;X;X;X
EVTOPTA3902;Закрыть организацию;X;X;X;X;X;X
EVTOPTB3902;Не трогать организацию;X;X;X;X;X;X
EVTOPTC3902;Закрыть ее и запретить подобные организации;X;X;X;X;X;X
EVTNAME3903;Борьба с профсоюзами;X;X;X;X;X;X
EVTDESC3903;«Так что я думаю, я могу прогуляться со своими парнями по фабрике, поговорить с народом. Объяснить им про закон, мир и порядок. Потреплю их по макушкам, так сказать, чтоб лучше дошло. Эти буяны понимают только силу».\n\nНесколько ассоциаций работодателей выступили с требованием легализовать локаут и разрушение профсоюзов. Мнения членов правительства разделились, однако большая часть фракций, поддерживающих бизнес, поддерживает эту идею. Кое-кто даже предлагает законодательно ограничить образование профсоюзов.;X;X;X;X;X;X
EVTOPTA3903;Разрушить профсоюзы!;X;X;X;X;X;X
EVTOPTB3903;Легализовать практику борьбы с профсоюзами;X;X;X;X;X;X
EVTOPTC3903;Запретить методы борьбы с профсоюзами;X;X;X;X;X;X
EVTNAME4000;Аболиционизм;X;X;X;X;X;X
EVTDESC4000;«Рабство - самое древнее и зловещее проявление угнетения и тирании - уже отменено почти во всем цивилизованном мире, однако же в нашей собственной стране, в $COUNTRY$, рабство процветает и поддерживается законом. Закон не должен стоять на стороне столь противоестественной формы угнетения».\n\nВ одном из регионов прошла демонстрация движения за отмену рабства. Требования сводились к отмене института рабства и освобождению рабов.;X;X;X;X;X;X
EVTOPTA4000;Ну и?;X;X;X;X;X;X
EVTOPTB4000;Поддержать движение;X;X;X;X;X;X
EVTOPTC4000;Выступить против движения;X;X;X;X;X;X
EVTNAME4001;Поддержка отмены рабства в других государствах;X;X;X;X;X;X
EVTDESC4001;«Да, здесь в стране $COUNTRY$ все люди равны и свободны, но в мире еще немало мест, где узы рабства и крепостничества крепки, как никогда».\n\nАболиционисты в стране $COUNTRY$ требуют от правительства поддержки аболиционизма в других странах. Поддержка иностранных диссидентов едва ли скажется положительно на отношениях с государствами, где практикуют рабство.;X;X;X;X;X;X
EVTOPTA4001;Свобода - для всех!;X;X;X;X;X;X
EVTOPTB4001;Не сейчас;X;X;X;X;X;X
EVTNAME4100;Массовые протесты!;X;X;X;X;X;X
EVTDESC4100;В одной из наших провинций люди наводнили улицы - протестовать против правительства вышли все мужчины, женщины и дети. Причиной стало то, что верхняя палата парламента назначается, а не избирается: люди требуют демократических реформ. Вариантов действий немного. Либо прислушаться к требованиям разгневанной толпы, либо нет - тогда они придут в еще большую ярость.;X;X;X;X;X;X
EVTOPTA4100;Жалкая чернь!;X;X;X;X;X;X
EVTOPTB4100;Мы прислушаемся к голосу каждого;X;X;X;X;X;X
EVTNAME4101;Недовольство верхней палатой;X;X;X;X;X;X
EVTDESC4101;В широких слоях населения бродит недовольство верхней палатой парламента, которая назначается правительством. Многие недовольны отсутствием представительства в нынешней системе, и уже долгое время ведется агитация, которая влияет на общественное мнение по данному вопросу. В одном районе прошли протесты с применением силы. Настало время правительству принять решение! Игнорировать проблему означает вызвать недовольство населения и усилить протестные настроения, направленные против верхней палаты. Компромисс усилит позиции либералов в верхней палате и вызовет недовольство консерваторов.;X;X;X;X;X;X
EVTOPTA4101;Все это сущий бред;X;X;X;X;X;X
EVTOPTB4101;Возможно, стоит найти компромисс;X;X;X;X;X;X
EVTNAME4102;Критика федерализма;X;X;X;X;X;X
EVTDESC4102;В одном из регионов критикуют систему равного представительства всех областей в верхней палате. По их мнению, у них самих слишком мало представителей. Неважно, связано ли их недовольство именно с этой проблемой или чем-то еще - они весьма активно его выражают. Соглашение с протестующими, которые сами не знают, чего хотят, другие страны воспримут как слабость, однако игнорировать вопрос означает разгневать местных. Какова позиция правительства?;X;X;X;X;X;X
EVTOPTA4102;Почему эта чушь на моем столе?;X;X;X;X;X;X
EVTOPTB4102;Может, представительство, пропорциональное размеру населения?;X;X;X;X;X;X
EVTNAME4103;Население довольно конституцией;X;X;X;X;X;X
EVTDESC4103;Люди в самых населенных районах нашей страны довольны широким представительством в парламенте. Одному региону особенно повезло: его представители смогли добиться привилегий на государственном уровне. По большому счету, это не требует внимания правительства, однако люди вполне довольны. Возможно, нам следует как-то воспользоваться внезапно приобретенной поддержкой населения. Как поступить правительству?;X;X;X;X;X;X
EVTOPTA4103;Лучше не бывает;X;X;X;X;X;X
EVTOPTB4103;Это означает мир;X;X;X;X;X;X
EVTOPTC4103;Нашему народу можно доверять;X;X;X;X;X;X
EVTNAME4200;Профессор критикует избирательную систему;X;X;X;X;X;X
EVTDESC4200;Профессор одного из самых престижных университетов в нашей стране опубликовал политический трактат. В нем поддерживается вариант системы Джефферсона для назначений в верхнюю палату парламента. Метод Джефферсона - это метод наивысшего среднего, который предоставляет места в парламенте согласно полученному определенной партией числу голосов, при этом доля полученных голосов и полученных мест максимально близки. Трактат привлек внимание как в стране, так и за рубежом. Благодаря этой публикации у нас есть возможность реформировать нашу избирательную систему - с другой стороны, можно довольствоваться международным престижем, полученным в связи с этой научной работой. Какова позиция правительства?;X;X;X;X;X;X
EVTOPTA4200;Проводить реформы;X;X;X;X;X;X
EVTOPTB4200;Имидж нашей страны улучшится;X;X;X;X;X;X
EVTNAME4201;Клуб политических реформ;X;X;X;X;X;X
EVTDESC4201;В стране $COUNTRY$ образован национальный клуб политических реформ, цель которого - реформирование $COUNTRY_ADJ$ избирательной системы. Им удалось приобрести некоторое влияние в дебатах по поводу выборов. Клуб хотел бы изменить систему Джефферсона на пропорциональное представительство. По их мнению, пропорциональное представительство лучше отражает чаяния большинства населения, а не политических кругов. Учитывая влияние, приобретенное клубом, оставлять проблему без внимания не стоит, однако на данном этапе, возможно, такая реформа была бы излишней.;X;X;X;X;X;X
EVTOPTA4201;Следует воспользоваться моментом;X;X;X;X;X;X
EVTOPTB4201;Не время для реформы;X;X;X;X;X;X
EVTNAME4202;Мандат на реформы;X;X;X;X;X;X
EVTDESC4202;Верхняя палата всецело в руках либералов - явное указание на то, что наше население поддерживает политические реформы. Это хороший момент для реформирования избирательной системы, но что именно нужно делать? Фактически, мы можем провести любые реформы. У нас есть варианты: мажоритарная система или система Джефферсона. Хотя нам нужно еще провести проект реформ через законодательные органы, у нас все получится.;X;X;X;X;X;X
EVTOPTA4202;Мажоритарная система;X;X;X;X;X;X
EVTOPTB4202;Система Джефферсона;X;X;X;X;X;X
EVTOPTC4202;Не время для реформ;X;X;X;X;X;X
EVTNAME4300;Демонстрации из-за реформы уставов;X;X;X;X;X;X
EVTDESC4300;Толпа за стенами парламента разгневана, и ее гнев направлен на нас. Население в ярости из-за проблем с реформами городских уставов. Они требуют голосования - а горячие головы в толпе уже намекают на решение проблемы силой. Но несмотря на мнение радикалов, движение за реформу уставов пока что протестует мирно. У нашего правительства два варианта: поддержать реформу уставов или выступить против нее. Выбрать не сложно.;X;X;X;X;X;X
EVTOPTA4300;Поддержать реформу уставов;X;X;X;X;X;X
EVTOPTB4300;Выступить против реформы;X;X;X;X;X;X
EVTNAME4301;Критика земельного ценза;X;X;X;X;X;X
EVTDESC4301;Наша избирательная система зависит от землевладения. Недавний случай привлек внимание общественности одной из областей - молодой вдове отказали в праве голоса, так как земля в ее владении быстро теряла стоимость из-за обвала цен в регионе. Событие вызвало дискуссии на тему земельного ценза как такового. Реформистские идеи набирают силу в прогрессивных кругах. На повестке вопрос о позиции правительства. Стоит ли зафиксировать индексы голосования, вызвав недовольство бедных слоев населения, или оставить плавающие индексы?;X;X;X;X;X;X
EVTOPTA4301;Зафиксировать индексы;X;X;X;X;X;X
EVTOPTB4301;Оставить индексы плавающими;X;X;X;X;X;X
EVTNAME4302;Имущественный ценз;X;X;X;X;X;X
EVTDESC4302;Право голоса зависит от богатства и размеров собственности голосующего. Основной принцип - лишь те, кто вносит существенный вклад в общее благо, вправе решать, как следует управлять этим благом. В одном из регионов данная система привела к тому, что несколько местных купцов и торговцев из средних классов имеют достаточно средств, чтобы получить право голосовать. Изменение правил будет выглядеть как попытка исключить какие-либо классы из избирательного процесса, богатые люди вряд ли хорошо к этому отнесутся. Лишить представителей среднего класса права голоса - значит вызвать всплеск недовольства на местах.;X;X;X;X;X;X
EVTOPTA4302;Изменить правила;X;X;X;X;X;X
EVTOPTB4302;Не менять правила;X;X;X;X;X;X
EVTNAME4303;Вопрос денег;X;X;X;X;X;X
EVTDESC4303;В законодательном собрании одного из регионов развернулась дискуссия об имущественном цензе. Оппоненты полагают, что существующая система по природе своей исключает из избирательного процесса широкие слои населения. Мы можем игнорировать дискуссию и надеяться, что она не поднимется на государственный уровень, или же вмешаться и выступить в защиту существующей системы, что приведет к дебатам на уровне государства.;X;X;X;X;X;X
EVTOPTA4303;Игнорировать вопрос;X;X;X;X;X;X
EVTOPTB4303;Поднять вопрос;X;X;X;X;X;X
EVTNAME4304;Местный вопрос;X;X;X;X;X;X
EVTDESC4304;«Таким образом, правительство подорвет основы стабильности и спокойствия в нашем родном регионе, если будет поддерживать призывы к дальнейшим реформам, которые слышны из уст революционного сброда. Они хуже испорченных младенцев».\n\nК нашему правительству обратилась группа капиталистов, аристократов и иных влиятельных лиц одного из регионов. Они называют себя Союзом сознательных граждан, и пытаются указать правительству, что противники дальнейших реформ избирательной системы никуда не делись. Что им ответить?;X;X;X;X;X;X
EVTOPTA4304;Посмотрим, что можно сделать;X;X;X;X;X;X
EVTOPTB4304;Ну, обещать им мы ничего не можем;X;X;X;X;X;X
EVTNAME4305;Люди празднуют свободу;X;X;X;X;X;X
EVTDESC4305;В одной из провинций, судя по всему, дела у людей идут отлично. Один из регионов, находившийся в политическом тупике с последних выборов, наконец вышел из положения, прийдя к партийному компромиссу. Теперь местные законодательные собрания снова вернулись к работе. Население выходит на улицы, отмечая это событие как большой успех демократии, и вспоминает бессмертные строки Шиллера: «Радость, пламя неземное, Райский дух, слетевший к нам, Опьяненные тобою, Мы вошли в твой светлый храм. Ты сближаешь без усилья Всех разрозненных враждой, Там, где ты раскинешь крылья, Люди - братья меж собой».;X;X;X;X;X;X
EVTOPTA4305;Ура!;X;X;X;X;X;X
EVTOPTB4305;Воистину, это особенный момент!;X;X;X;X;X;X
EVTNAME4400;Эра невмешательства;X;X;X;X;X;X
EVTDESC4400;«Мое желание - чтобы накопленное состояние: облигации, акции, земли, капитал - все стало основанием для дальнейшего утверждения идей человеческой свободы».\n\nНаступила эра невмешательства. Политика свободной торговли позволяет товарам свободно пересекать границы, и наша казна полнеет. Как предсказывал Адам Смит, невидимая рука ведет нашу нацию к процветанию, и впервые за много лет искоренен голод. Богатый торговец скончался в одном из наших городов, завещав использовать свое состояние для утверждения политики свободной торговли.;X;X;X;X;X;X
EVTOPTA4400;Наши торговцы - наша гордость;X;X;X;X;X;X
EVTOPTB4400;Наши рабочие - наша гордость;X;X;X;X;X;X
EVTNAME4401;Хлебные бунты;X;X;X;X;X;X
EVTDESC4401;На главной улице возведены баррикады, выбиты окна пекарен, царит мародерство. Перебои в снабжении продовольствием в стране $COUNTRY$ усиливаются, народный гнев выплескивается на улицы. Многие винят протекционизм правительства за ситуацию на рынке продовольствия, а некоторые требуют отставки правительства. У нас есть два варианта действий: сменить кабинет министров и надеяться, что это успокоит население, или же выжидать и верить в то, что в долгосрочной перспективе наш протекционизм оправдает себя.;X;X;X;X;X;X
EVTOPTA4401;Сменить кабинет;X;X;X;X;X;X
EVTOPTB4401;Выжидать;X;X;X;X;X;X
EVTNAME4402;Торговля оружием;X;X;X;X;X;X
EVTDESC4402;В стране $COUNTRY$ царит свобода торговли, и ограничений очень мало. Однако в одной из соседних стран существуют ограничения на импорт отдельных товаров, в частности, огнестрельного оружия. В одной из провинций зреет конфликт. $COUNTRY_ADJ$ торговец открыл магазин, торгуя оружием через границу. Мы могли бы известить соседнее государство, но законных средств остановить торговлю у нас не много. Свободная торговля включает в себя торговлю оружием.;X;X;X;X;X;X
EVTOPTA4402;Сообщить о торговце;X;X;X;X;X;X
EVTOPTB4402;Торговец - свободный человек;X;X;X;X;X;X
EVTNAME4403;Банкротство местного предпринимателя;X;X;X;X;X;X
EVTDESC4403;Один из наших торговцев оказался в трудной ситуации после банкротства семейного бизнеса. Его предприятие было основой местной промышленности, и теперь многие жители городка оказались без работы и средств к существованию. Это, безусловно, трагедия, и мы могли бы что-нибудь предпринять в данной ситуации. Политика экономической интервенции нашего правительства позволяет использовать бюджетные средства для поддержки предприятий на грани банкротства. Мы можем вмешаться и поддержать погибающий бизнес.;X;X;X;X;X;X
EVTOPTA4403;Поддержать бизнес;X;X;X;X;X;X
EVTOPTB4403;Игнорировать ситуацию;X;X;X;X;X;X
EVTNAME4404;Государственные предприятия не справляются;X;X;X;X;X;X
EVTDESC4404;«...а вот начальник агентства по предпринимательству».\n\nНаши государственные предприятия уже долгое время страдают от инертности и коррупции. В результате образовался дефицит одежды, мыла и кое-где даже продовольствия. Ежедневные потребности населения не удовлетворяются, и массовое недовольство - это лишь вопрос времени. Очевидно, пора заняться этой проблемой.;X;X;X;X;X;X
EVTOPTA4404;Реформировать администрацию;X;X;X;X;X;X
EVTOPTB4404;Усилить частно-капиталистические стимулы;X;X;X;X;X;X
EVTNAME4405;Приписки;X;X;X;X;X;X
EVTDESC4405;Отдел экономического планирования докладывает о неверных расчетах в прошлогоднем промежуточном плане, в результате чего возникли массовые приписки в военном производстве. Выявить причину ошибки не так просто: все в правительстве умывают руки. Мы могли бы возместить «потери», урезав зарплаты и проведя рационализацию в административной системе, но такие меры едва ли будут популярны.;X;X;X;X;X;X
EVTOPTA4405;Кому-то придется заплатить;X;X;X;X;X;X
EVTOPTB4405;Черт!;X;X;X;X;X;X
EVTNAME4406;Желтая пресса;X;X;X;X;X;X
EVTDESC4406;«...таким образом, долг каждого $COUNTRY_ADJ$ гражданина - поддержать родную страну в это трудное время всеми возможными силами и средствами».\n\nОдна из популярных газет нашей страны опубликовала статью, поддерживающую воинственную политику нашего правительства. Это хорошо, и нам следует подумать над тем, как извлечь из этого максимальную выгоду.;X;X;X;X;X;X
EVTOPTA4406;Склонять к воинственности общественное мнение;X;X;X;X;X;X
EVTOPTB4406;Повысить наш международный престиж;X;X;X;X;X;X
EVTNAME4407;Вербовка военнослужащих;X;X;X;X;X;X
EVTDESC4407;Наши вооруженные силы провели массовую вербовку по всей стране, и все больше новобранцев вступают в ряды армии. Без поддержки правительства вербовка бы провалилась, утверждают военные. Мы можем использовать поддержку общественности, возникшую в результате вербовки, чтобы уменьшить истощение нашего населения в результате войны, или же продолжать преследовать военные цели.;X;X;X;X;X;X
EVTOPTA4407;Наш народ устал;X;X;X;X;X;X
EVTOPTB4407;Наш народ голоден;X;X;X;X;X;X
EVTNAME4408;Сокращение военных расходов;X;X;X;X;X;X
EVTDESC4408;«...и попросту немыслимым кажется то, что наш народ страдает под тяжким игом нищеты, ужасных жилищных условий и морально деградирует, а парламент требует истратить тысячи, миллионы на порох и пушки. Наш народ действительно должен пойти войной, господа, - но войной на общественные пороки».\n\nОдин из членов правительства выступил в парламенте с долгой речью в поддержку сокращения правительством военных расходов. Как нам отреагировать?;X;X;X;X;X;X
EVTOPTA4408;Люди поймут его;X;X;X;X;X;X
EVTOPTB4408;Во всем мире будет мир;X;X;X;X;X;X
EVTNAME4409;Парламент пацифистов;X;X;X;X;X;X
EVTDESC4409;«Перед нами основной вопрос - не только нашего времени, это вопрос на все времена. Надо ли продолжать нести бремя войны, возложенное на мир великим державами, или же стоит опустить оружие и сказать открыто, что мы жаждем мира и готовы умереть за него».\n\nПацифизм нашего правительства получил поддержку как в обществе, так и в парламенте. Можно использовать эту поддержку, сократив военизацию населения, или же продолжить утверждать идеи пацифизма.;X;X;X;X;X;X
EVTOPTA4409;Утверждать идеи!;X;X;X;X;X;X
EVTOPTB4409;Сократить военизацию;X;X;X;X;X;X
EVTNAME4410;Бог мертв;X;X;X;X;X;X
EVTDESC4410;«Мы на пороге дивного нового мира. Позади тысячелетия тьмы, позорного невежества и предрассудков. Перед нами новое будущее, свободное от этих зол. Здесь мы должны избрать свой путь. Бог мертв, господа! Пойдем ли мы вперед, признав, что открытия науки отвергли навсегда возможность существования божественного творца, или же уцепимся за свой вожделенный кошмар, продолжая в страхе трепетать перед демонами, ангелами и грехами отцов. Мы свободные люди, господа. Давайте же вести себя, как подобает свободному человеку».\n\n$COUNTRY_ADJ$ духовенство, разумеется, возмущено антиклерикальной политикой.;X;X;X;X;X;X
EVTOPTA4410;Чернорясники и реакционеры!;X;X;X;X;X;X
EVTOPTB4410;Давайте учтем их мнение;X;X;X;X;X;X
EVTNAME4411;Секуляризация;X;X;X;X;X;X
EVTDESC4411;«В последние годы все очевидней становится тот факт, что союз между церковью и государством не может более существовать ввиду нарастающих противоречий. Противоречий, которые выливаются в местные стычки».\n\nВ одном из регионов светская политика правящей партии вызвала небольшое происшествие. Местное духовенство получило поддержку правительства для благотворительных целей. Помимо прочего, религиозным организациям позволили арендовать общественные здания по цене гораздо ниже рыночной.;X;X;X;X;X;X
EVTOPTA4411;Эту политику необходимо прекратить;X;X;X;X;X;X
EVTOPTB4411;Это же благотворительность...;X;X;X;X;X;X
EVTNAME4412;Мир плюралистов;X;X;X;X;X;X
EVTDESC4412;«Все мы разные. Все мы, живущие на святой земле в стране $COUNTRY$, поем разными голосами. Но все же мы едины, ведь все мы $COUNTRY_ADJ$ граждане».\n\nПохоже, ветер меняется. Старые конфликты уходят в прошлое, заклятые враги пожимают руки. Похоже на сон, но политика плюрализма нашей правящей партии привела к новой эре понимания и терпимости в нашем государстве. Мир может быть обманчив, но это несомненно мир.;X;X;X;X;X;X
EVTOPTA4412;Мы победим!;X;X;X;X;X;X
EVTOPTB4412;Мы все братья!;X;X;X;X;X;X
EVTNAME4413;Возрождение морализма;X;X;X;X;X;X
EVTDESC4413;«Таким образом, моральные устои нации подорваны, и все пороки общества нашли приют в нашей стране. Мы отчаянно нуждаемся в возрождении морали в государстве $COUNTRY$. Надо вернуться к исконным ценностям, к основам, к тому, что было основой величия нашей страны».\n\nВ одном районе священник организовал небольшую, но популярную организацию, целью которой является восстановление моральных устоев в государстве $COUNTRY$. Несомненно, эта организация пытается поддержать политику морализма, избранную правящей партией, и может стать ценным союзником партии.;X;X;X;X;X;X
EVTOPTA4413;Несите слово!;X;X;X;X;X;X
EVTOPTB4413;Возрадуйтесь!;X;X;X;X;X;X
EVTNAME4414;Лобби протекционистов;X;X;X;X;X;X
EVTDESC4414;«Но сегодня наши качественные товары проигрывают дешевому ширпотребу из-за границы, наводнившему рынки. Поэтому особенно важно защитить местную промышленность от вредного влияния иностранной конкуренции».\n\nОдин из наших регионов страдает от сильной иностранной конкуренции, и в нем появилось лобби протекционистов. Их цели - установить субсидии для «ключевых отраслей» национальной промышленности, а также ввести ограничения на импорт товаров из-за границы.;X;X;X;X;X;X
EVTOPTA4414;Поддержать лоббистов;X;X;X;X;X;X
EVTOPTB4414;Свободная торговля, свободная промышленность;X;X;X;X;X;X
EVTNAME4415;Движение за свободную торговлю;X;X;X;X;X;X
EVTDESC4415;«И сегодня, когда одряхлевший дракон меркантилизма вновь поднимает голову, тем, кто не желает закрытия границ между народами мира, надо ясно высказаться в поддержку свободы».\n\nОбщественное мнение всколыхнулось в связи с образованием движения за свободную торговлю в одной из наших областей. Движение направлено против протекционизма в политике правительства, а также требует отмены некоторых основных законов в нашей экономической политике.;X;X;X;X;X;X
EVTOPTA4415;Экономическая политика не изменится;X;X;X;X;X;X
EVTOPTB4415;Мы учтем их аргументы;X;X;X;X;X;X
EVTNAME4416;Свободная торговля и мораль;X;X;X;X;X;X
EVTDESC4416;«И таким образом в данном случае вопросы экономической свободы должны быть отделены от более широкого вопроса - общественной морали. Свободная торговля приводит к наплыву мерзостей, нечистот, и этот грязный поток, в котором утопают наши люди, необходимо прекратить».\n\nМежду моралистами и фритрейдерами в одном из регионов нашего государства развернулись дебаты. Моралисты считают, что наша политика свободной торговли позволяет торговцам ввозить любые товары, и требуют установить запрет на ввоз товаров, подрывающих моральные устои общества.;X;X;X;X;X;X
EVTOPTA4416;Поддержать фритрейдеров;X;X;X;X;X;X
EVTOPTB4416;Поддержать моралистов;X;X;X;X;X;X
EVTNAME4417;Моралисты за войну;X;X;X;X;X;X
EVTDESC4417;«Война, в которую вступает наша страна, это наша война. Не только потому что война за отечество справедлива, но и по причине морального превосходства нашей стороны».\n\nПолитика нашего правительства по поддержке моральных устоев общества способствовала широкой поддержке войны со стороны моралистов. Некоторые даже называют войну страны $COUNTRY$ крестовым походом.;X;X;X;X;X;X
EVTOPTA4417;Отважные воины, вы заслужили отдых!;X;X;X;X;X;X
EVTOPTB4417;Вперед, отважные воины!;X;X;X;X;X;X
EVTNAME4418;Запрет общественных собраний;X;X;X;X;X;X
EVTDESC4418;«В свете последних нападений, совершенных некоторыми членами нашего сообщества, я предлагаю временный запрет на собрания в общественных местах. Известно, что город следует настроениям толпы - уберите толпу, и город успокоится».\n\nКлика консерваторов в Верхней Палате, используя общественные беспорядки в стране $COUNTRY$ как повод, начали продвигать идею временного запрета общественных собраний. Хотя запрет якобы временный, представители других партий опасаются, что он может стать постоянным.;X;X;X;X;X;X
EVTOPTA4418;Тирания - не решение;X;X;X;X;X;X
EVTOPTB4418;Временный запрет - хорошая идея;X;X;X;X;X;X
EVTNAME4419;Очереди за хлебом;X;X;X;X;X;X
EVTDESC4419;«Я просто хочу хлеба. Стою в очереди уже четыре часа - не думаю, что у них есть хлеб».\n\nОчереди на улицах вырастают длиной в несколько домов. Государственные поставки продовольствия с трудом попадают в одну из наших провинций из-за неэффективности и бюрократизма в министерстве транспорта. Очевидно, что местные жители ожидают от правительства решительных действий.;X;X;X;X;X;X
EVTOPTA4419;Утверждать, что нет никакой проблемы;X;X;X;X;X;X
EVTOPTB4419;Обвинить бюрократов;X;X;X;X;X;X
EVTOPTC4419;Отправить военных на помощь;X;X;X;X;X;X
EVTNAME4420;Политбюро и война;X;X;X;X;X;X
EVTDESC4420;«Я полагаю, что мы утратили наше место под солнцем. Государство $COUNTRY$ уважали среди других народов, но сегодня наш голос как будто нарочно не слышат. Я полагаю, что нужно утвердить свои позиции на международной арене. Кто-то может обвинить меня в авантюризме, но ведь наша страна создана руками авантюристов».\n\nПолитбюро провело собрание, посвященное международному положению страны. Настроения членов бюро весьма мрачные - некоторые из них предлагают провести военную кампанию, чтобы утвердить наш статус и отвести внимание от внутреннего недовольства режимом в государстве.;X;X;X;X;X;X
EVTNAME4422;Забастовка пацифистов!;X;X;X;X;X;X
EVTDESC4422;«Мы не поддадимся на уговоры капиталистов, которые наживаются на войне, пытаясь с помощью империалистической пропаганды стравить рабочих разных стран! Рабочие всего мира братья, у нас один язык. Пот и кровь наших братьев - это и наши пот и кровь! Капиталисты делают деньги, товарищи, а мы проливаем кровь!»\n\nВ одной из провинций началась забастовка, организованная профсоюзным движением. Хотя забастовка официально называется «За мир и солидарность», некоторые в правительстве подозревают, что это первые проявления неофициальной власти социалистов.;X;X;X;X;X;X
EVTOPTA4422;Поставить социалистические профсоюзы вне закона;X;X;X;X;X;X
EVTOPTB4422;Игнорировать демонстрацию;X;X;X;X;X;X
EVTOPTA4420;Следует заручиться дополнительной поддержкой войны;X;X;X;X;X;X
EVTOPTB4420;Вперед, в пекло;X;X;X;X;X;X
EVTNAME4421;Либералы против притеснения;X;X;X;X;X;X
EVTDESC4421;«Наших агитаторов притесняют, штаб партии закрыт, нашим представителям мешают работать тут и там. Удивительно, что мы вообще набираем голоса! Притеснение политических партий - позор, позор нашей нации и насмешка над теми, кого я называл бы электоратом, имей $COUNTRY$ реально демократические выборы».\n\nВедущие представители либерального политического фланга выразили жесткий протест против притеснения их партий в нашей избирательной системе. Политики в ярости и требуют действий от правительства страны.;X;X;X;X;X;X
EVTOPTA4421;Правительству сейчас не до политических реформ;X;X;X;X;X;X
EVTOPTB4421;Правительство полагает, что некоторые реформы не помешают;X;X;X;X;X;X
EVTNAME4423;Отдел цензуры завален работой;X;X;X;X;X;X
EVTDESC4423;За последние пару лет отдел цензуры завалили работой, и начальство уже несколько раз жаловалось на то, что подчиненные не справляются с огромным количеством материалов, поступающих на проверку. Проблема завалов в отделе достигла критической точки: в печать попала статья, полная лживой антиправительственной пропаганды - фактически клевета на нескольких членов правительства. На вопрос о том, как газете удалось пройти цензуру, отдел указал на несколько ранее предоставленных отчетов. Все проблемы объясняются недостатком ресурсов у цензоров. Однако некоторые члены кабинета министров полагают, что у отдела более чем достаточно средств, чтобы справиться со своими задачами, и в основе всего лежат организационные проблемы.;X;X;X;X;X;X
EVTOPTA4423;Обвинить бюрократов;X;X;X;X;X;X
EVTOPTB4423;Увеличить бюджет отдела;X;X;X;X;X;X
EVTNAME4424;Критика свободного рынка;X;X;X;X;X;X
EVTDESC4424;«И вот к чему привела спекуляция наших промышленных магнатов! Господа, вот результаты! Сотни тысяч, если не миллионы, средств потеряны из-за рисковых вложений, спекуляции на рынке недвижимости и облигаций, которые на поверку оказались просто фантиками. Я призываю собравшихся здесь принять решительные меры по исправлению ситуации, ужесточив регулирование и усилив вмешательство государства».\n\nЧлен парламента подверг критике экономическую политику нашего правительства, указывая на целый ряд лопнувших инвестиционных проектов в частном секторе.;X;X;X;X;X;X
EVTOPTA4424;Регулировать все, что движется;X;X;X;X;X;X
EVTOPTB4424;Экономическая свобода неразрывно связана с прогрессом человечества;X;X;X;X;X;X
EVTNAME4425;Богохульная газетенка!;X;X;X;X;X;X
EVTDESC4425;Интересно, о чем они вообще думали - публиковать такой текст в стране $COUNTRY$? Ну, сделанного не воротишь. В одной из $COUNTRY_ADJ$ ежедневных газет опубликовали богохульную статью, содержащую нападки на все религиозное. Текст написал видный представитель нашей интеллигенции. В нынешнее безбожное время это вполне ожидаемо. Моралисты требуют извинений перед религиозными организациями за эту статью, но некоторые члены элиты общества, склоняющиеся к реформам, утверждают, что автор лишь воспользовался свободой слова. В конце концов, в государстве $COUNTRY$ свободная пресса, так что в их словах есть доля истины.;X;X;X;X;X;X
EVTOPTA4425;Похоже, нашим гражданам дали слишком много свободы;X;X;X;X;X;X
EVTOPTB4425;Автор пользуется теми правами, что дает ему наш закон;X;X;X;X;X;X
EVTNAME23200;Откуда течет Нил?;X;X;X;X;X;X
EVTDESC23200;Географическое Общество учредило гонорар для того, кто обнаружит исток Нила.;X;X;X;X;X;X
EVTOPTA23200;Мы должны снарядить экспедицию;X;X;X;X;X;X
EVTOPTB23200;Мы должны обсудить это предложение;X;X;X;X;X;X
EVTOPTC23200;Мы не хотим участвовать в этой глупой затее;X;X;X;X;X;X
EVTNAME23201;Неудачная экспедиция;X;X;X;X;X;X
EVTDESC23201;Наша экспедиция вернулась без каких-либо результатов. Исток Нила не найден, но участники экспедиции надеются, что следующая экспедиция будет более успешной.;X;X;X;X;X;X
EVTOPTA23201;Мы должны попробовать еще раз;X;X;X;X;X;X
EVTOPTB23201;Достаточно этой чепухи;X;X;X;X;X;X
EVTNAME23202;Пропавшая экспедиция;X;X;X;X;X;X
EVTDESC23202;Вторая экспедиция к истокам Нила исчезла без следа. Вероятно, их можно считать погибшими. Должны ли мы предпринять третью попытку?;X;X;X;X;X;X
EVTNAME23203;Исток Нила обнаружен;X;X;X;X;X;X
EVTDESC23203;Наши отважные исследователи нанесли на карту исток Нила и принесли славу и престиж нашей великой стране!;X;X;X;X;X;X
EVTOPTA23203;Это день славы нашей науки!;X;X;X;X;X;X
EVTNAME23204;Первыми к Полюсу!;X;X;X;X;X;X
EVTDESC23204;Географическое Общество учредило награду для того, кто первым достигнет Северного полюса.;X;X;X;X;X;X
EVTOPTC23204;Интересно, что может быть полезного в исследовании этих промерзших земель?;X;X;X;X;X;X
EVTDESC23205;Наша экспедиция к северному полюсу вернулась, не добившись успеха. Однако ее участники очень надеются, что состоится еще одна экспедиция.;X;X;X;X;X;X
EVTDESC23206;Вторая экспедиция к северному полюсу исчезла без следа. Вероятно, их можно считать погибшими. Должны ли мы предпринять третью попытку?;X;X;X;X;X;X
EVTNAME23207;Первыми к Северному полюсу!;X;X;X;X;X;X
EVTDESC23207;Наши отважные исследователи первыми установили флаг на Северном полюсе и принесли славу и престиж нашей великой стране!;X;X;X;X;X;X
EVTNAME23208;Через Антарктику;X;X;X;X;X;X
EVTDESC23208;Географическое Общество назначило награду тому, кто первым достигнет Южного полюса;X;X;X;X;X;X
EVTOPTC23208;Спасибо, но мы уже насмотрелись на пингвинов!;X;X;X;X;X;X
EVTDESC23209;Наша экспедиция к южному полюсу вернулась, не добившись успеха. Однако ее участники очень надеются, что состоится еще одна экспедиция.;X;X;X;X;X;X
EVTDESC23210;Вторая экспедиция к южному полюсу исчезла без следа. Вероятно, их можно считать погибшими. Должны ли мы предпринять третью попытку?;X;X;X;X;X;X
EVTNAME23211;Первыми к Южному полюсу!;X;X;X;X;X;X
EVTDESC23211;Наши отважные исследователи первыми установили флаг на Южном полюсе и принесли славу и престиж нашей великой стране!;X;X;X;X;X;X
EVTNAME23400;Членство в Международном олимпийском комитете;X;X;X;X;X;X
EVTDESC23400;Комбинация возродившегося интереса к древнегреческой цивилизации и представления о спорте как важной составляющей общественного развития привела французского аристократа Пьера де Кубертена к мысли возродить Олимпийские игры - дружественные спортивные состязания между народами. Это прекрасный способ пропаганды мира. Следует ли нам вступить в Международный олимпийский комитет и принять участие в организации первых игр?;X;X;X;X;X;X
EVTOPTA23400;Превосходная идея! Мы согласны...;X;X;X;X;X;X
EVTOPTB23400;Интересная идея, но сейчас не время;X;X;X;X;X;X
EVTNAME23401;Следует ли нам принять первые Олимпийские игры?;X;X;X;X;X;X
EVTDESC23401;Олимпийская идея возникла на нашей священной земле, поэтому Международный олимпийский комитет предложил нашему правительству организовать первые Олимпийские игры современности. Следует ли нам принять это предложение?;X;X;X;X;X;X
EVTOPTA23401;Да, это отличная возможность показать всему миру достижения нашего народа;X;X;X;X;X;X
EVTOPTB23401;Нет, мы найдем лучшее применение нашим ограниченным ресурсам;X;X;X;X;X;X
EVTDESC23402;Хотя Олимпийские игры появились в Греции, Международный олимпийский комитет предложил нашей стране взять на себя ответственность за проведение первых Олимпийских игр современности. Следует ли нам принять это предложение?;X;X;X;X;X;X
EVTNAME23403;Принять участие в первых Олимпийских играх?;X;X;X;X;X;X
EVTDESC23403;После объявления страны-хозяйки игр Международный олимпийский комитет разослал своим членам приглашение принять участие в играх. Мы примем в них участие?;X;X;X;X;X;X
EVTOPTA23403;Да, примем;X;X;X;X;X;X
EVTOPTB23403;К сожалению, мы не можем;X;X;X;X;X;X
EVTNAME23404;Игры первой Олимпиады;X;X;X;X;X;X
EVTDESC23404;Спортсмены со всего мира собрались в нашей столице на олимпийские соревнования. Это великий момент для нашей страны.;X;X;X;X;X;X
EVTOPTA23404;Мы объявляем открытыми эти игры - первые Олимпийские игры современности;X;X;X;X;X;X
EVTNAME23405;Наши спортсмены побеждают!;X;X;X;X;X;X
EVTDESC23405;Некоторые из наших спортсменов, принявших участие в Олимпийских играх, вернулись домой с золотыми, серебряными и бронзовыми медалями.;X;X;X;X;X;X
EVTOPTA23405;Слава молодежи нашей страны!;X;X;X;X;X;X
EVTNAME23406;Следует ли нам принять вторые Олимпийские игры?;X;X;X;X;X;X
EVTDESC23406;Международный олимпийский комитет предложил нашей стране принять следующие Олимпийские игры. Должны ли мы взять на себя такое обязательство?;X;X;X;X;X;X
EVTNAME23407;Принять участие во вторых Олимпийских играх?;X;X;X;X;X;X
EVTNAME23408;Игры второй Олимпиады;X;X;X;X;X;X
EVTOPTA23408;Мы объявляем открытыми эти игры - вторые Олимпийские игры современности;X;X;X;X;X;X
EVTNAME23410;Следует ли нам принять третьи Олимпийские игры?;X;X;X;X;X;X
EVTNAME23411;Принять участие в третьих Олимпийских играх?;X;X;X;X;X;X
EVTNAME23412;Игры третьей Олимпиады;X;X;X;X;X;X
EVTOPTA23412;Мы объявляем открытыми эти игры - третьи Олимпийские игры современности;X;X;X;X;X;X
EVTNAME23413;Игры третьей Олимпиады;X;X;X;X;X;X
EVTOPTA23413;Мы объявляем открытыми эти игры - третьи Олимпийские игры современности;X;X;X;X;X;X
EVTNAME23414;Следует ли нам принять четвертые Олимпийские игры?;X;X;X;X;X;X
EVTNAME23415;Принять участие в четвертых Олимпийских играх?;X;X;X;X;X;X
EVTNAME23416;Игры четвертой Олимпиады;X;X;X;X;X;X
EVTOPTA23416;Мы объявляем открытыми эти игры - четвертые Олимпийские игры современности;X;X;X;X;X;X
EVTNAME23418;Следует ли нам принять четвертые Олимпийские игры?;X;X;X;X;X;X
EVTNAME23419;Принять участие в четвертых Олимпийских играх?;X;X;X;X;X;X
EVTNAME23420;Игры пятой Олимпиады;X;X;X;X;X;X
EVTOPTA23420;Мы объявляем открытыми эти игры - пятые Олимпийские игры современности;X;X;X;X;X;X
EVTNAME23421;Игры пятой Олимпиады;X;X;X;X;X;X
EVTOPTA23421;Мы объявляем открытыми эти игры - пятые Олимпийские игры современности;X;X;X;X;X;X
EVTNAME23422;Следует ли нам принять шестые Олимпийские игры?;X;X;X;X;X;X
EVTNAME23423;Принять участие в шестых Олимпийских играх?;X;X;X;X;X;X
EVTNAME23424;Игры шестой Олимпиады;X;X;X;X;X;X
EVTOPTA23424;Мы объявляем открытыми эти игры - шестые Олимпийские игры современности;X;X;X;X;X;X
EVTNAME23426;Следует ли нам принять седьмые Олимпийские игры?;X;X;X;X;X;X
EVTNAME23427;Принять участие в седьмых Олимпийских играх?;X;X;X;X;X;X
EVTNAME23428;Игры седьмой Олимпиады;X;X;X;X;X;X
EVTOPTA23428;Мы объявляем открытыми эти игры - седьмые Олимпийские игры современности;X;X;X;X;X;X
EVTNAME23430;Следует ли нам принять восьмые Олимпийские игры?;X;X;X;X;X;X
EVTNAME23431;Принять участие в восьмых Олимпийских играх?;X;X;X;X;X;X
EVTNAME23432;Игры восьмой Олимпиады;X;X;X;X;X;X
EVTOPTA23432;Мы объявляем открытыми эти игры - восьмые Олимпийские игры современности;X;X;X;X;X;X
EVTNAME23434;Следует ли нам принять девятые Олимпийские игры?;X;X;X;X;X;X
EVTNAME23435;Принять участие в девятых Олимпийских играх?;X;X;X;X;X;X
EVTNAME23436;Игры девятой Олимпиады;X;X;X;X;X;X
EVTOPTA23436;Мы объявляем открытыми эти игры - девятые Олимпийские игры современности;X;X;X;X;X;X
EVTNAME23438;Следует ли нам принять десятые Олимпийские игры?;X;X;X;X;X;X
EVTNAME23439;Принять участие в десятых Олимпийских играх?;X;X;X;X;X;X
EVTNAME23440;Игры десятой Олимпиады;X;X;X;X;X;X
EVTOPTA23440;Мы объявляем открытыми эти игры - десятые Олимпийские игры современности;X;X;X;X;X;X
EVTNAME23450;Завещание Альфреда Нобеля всему человечеству;X;X;X;X;X;X
EVTDESC23450;Завещание недавно усопшего шведского изобретателя и промышленника Альфреда Нобеля гласит, что все его состояние будет вложено в фонд, который будет присуждать ежегодные премии заслуженным ученым в области химии, физики и физиологии или медицины, а также авторам новаторских литературных произведений и тем, чья деятельность больше всего способствовала миру и сотрудничеству между народами.;X;X;X;X;X;X
EVTOPTA23450;Возвышенный поступок великого шведа;X;X;X;X;X;X
EVTNAME23451;Нобелевская премия по физике;X;X;X;X;X;X
EVTDESC23451;Одному из наших выдающихся ученых присуждена Нобелевская премия по физике за этот год.;X;X;X;X;X;X
EVTOPTA23451;Это большая честь для физической науки нашей страны;X;X;X;X;X;X
EVTNAME23491;Нобелевская премия по химии;X;X;X;X;X;X
EVTDESC23491;Одному из наших выдающихся ученых присуждена Нобелевская премия по химии за этот год.;X;X;X;X;X;X
EVTOPTA23491;Это большая честь для химической науки нашей страны;X;X;X;X;X;X
EVTNAME23531;Нобелевская премия по медицине и физиологии;X;X;X;X;X;X
EVTDESC23531;Одному из наших выдающихся ученых присуждена Нобелевская премия по медицине и физиологии за этот год.;X;X;X;X;X;X
EVTOPTA23531;Это большая честь для медицинской науки нашей страны;X;X;X;X;X;X
EVTNAME23571;Нобелевская премия по литературе;X;X;X;X;X;X
EVTDESC23571;Одному из наших выдающихся писателей присуждена Нобелевская премия по литературе за этот год.;X;X;X;X;X;X
EVTOPTA23571;Это большая честь для нашей литературы;X;X;X;X;X;X
EVTNAME23611;Нобелевская премия мира;X;X;X;X;X;X
EVTDESC23611;Одному из наших выдающихся борцов за укрепление мира присуждена Нобелевская премия за этот год.;X;X;X;X;X;X
EVTOPTA23611;Это большая честь для нашей страны;X;X;X;X;X;X
EVTNAME30000;Следует ли нам устроить Всемирную выставку?;X;X;X;X;X;X
EVTDESC30000;Делегация, представляющая высшие торговые и промышленные круги нашей страны, внесла предложение провести Всемирную выставку в нашей столице. Такое мероприятие даст нам отличный шанс продемонстрировать наши экономические возможности и высокий технологический уровень остальному миру. Демонстрация наших товаров поможет значительно увеличить наш экспорт. Следует ли нам поддержать эту идею?;X;X;X;X;X;X
EVTOPTA30000;Отличная идея! Мы согласны;X;X;X;X;X;X
EVTOPTB30000;Нашим ресурсам найдется лучшее применение;X;X;X;X;X;X
EVTNAME30001;Всемирная выставка открыта;X;X;X;X;X;X
EVTDESC30001;Представители всего мира прибыли в нашу столицу на открытие Всемирной выставки. Разные страны представлены своими павильонами, а выдающиеся архитектурные сооружения отражают высочайшие достижения нашей экономики и культуры.;X;X;X;X;X;X
EVTOPTA30001;Отличная идея!;X;X;X;X;X;X
EVTNAME30002;Следует ли нам устроить региональную выставку?;X;X;X;X;X;X
EVTDESC30002;Делегация, представляющая высшие торговые и промышленные круги нашей страны, внесла предложение провести региональную выставку в нашей столице. Такое мероприятие даст нам отличный шанс продемонстрировать наши экономические возможности и высокий технологический уровень нашим соседям. Демонстрация товаров поможет нам значительно увеличить экспорт и улучшить отношения с соседями. Следует ли нам поддержать эту идею?;X;X;X;X;X;X
EVTNAME30003;Региональная выставка открыта;X;X;X;X;X;X
EVTDESC30003;Представители соседних государств прибыли в нашу столицу на открытие выставки. Разные нации представлены своими павильонами, а выдающиеся архитектурные сооружения отражают высочайшие достижения нашей экономики и культуры.;X;X;X;X;X;X
EVTOPTA30003;Великолепное представление для наших соседей!;X;X;X;X;X;X
EVTNAME30004;Следует ли нам устроить колониальную выставку?;X;X;X;X;X;X
EVTDESC30004;Делегация, представляющая высшие торговые и промышленные круги нашей страны, внесла предложение провести колониальную выставку в нашей столице. Такое мероприятие даст нам отличный шанс продемонстрировать экономические и культурные богатства наших колоний. Демонстрация товаров, которые производятся в нашей империи, поможет значительно увеличить наш экспорт и увеличить поддержку наших имперских амбиций гражданами метрополии. Следует ли нам поддержать эту идею?;X;X;X;X;X;X
EVTNAME30005;Колониальная выставка открыта;X;X;X;X;X;X
EVTDESC30005;Представители нашей империи и всего мира прибыли в нашу столицу на открытие этой колониальной выставки. Колонии представлены разными павильонами, а выдающиеся архитектурные сооружения подчеркивают значение нашей экономики и культуры в глазах посетителей.;X;X;X;X;X;X
EVTOPTA30005;Величественная демонстрация мощи и богатства нашей империи!;X;X;X;X;X;X
EVTNAME10100;Гибель урожая $YEAR$ года;X;X;X;X;X;X
EVTDESC10100;Фитофтороз, погибель для урожая картофеля, поразила посевы в провинции $PROVINCENAME$. Местные фермеры голодают, кое-где целые семьи спасаются бегством. Гибель урожая картофеля вызвала голод в провинции, и он угрожает распространиться еще шире.;X;X;X;X;X;X
EVTOPTA10100;Пусть едят пирожные!;X;X;X;X;X;X
EVTOPTB10100;Не жалейте усилий, помогите местным фермерам;X;X;X;X;X;X
EVTNAME10120;Вестник провинции $PROVINCENAME$;X;X;X;X;X;X
EVTDESC10120;Новая ежедневная газета появилась в провинции $PROVINCENAME$ - «Вестник провинции $PROVINCENAME$», в ней публикуют местные новости и комментарии по острым политическим вопросам, а также литературную критику. Газета стала рупором местных либералов.;X;X;X;X;X;X
EVTOPTA10120;Надеюсь, я не попаду на страницу с некрологами;X;X;X;X;X;X
EVTNAME10130;Общество чартистов;X;X;X;X;X;X
EVTDESC10130;Местное отделение общества чартистов появилось в провинции $PROVINCENAME$, требуя расширения избирательных прав и отмены земельного ценза.;X;X;X;X;X;X
EVTOPTA10130;Просто замечательно;X;X;X;X;X;X
EVTNAME10140;Тайное общество;X;X;X;X;X;X
EVTDESC10140;Либеральные идеи распространяются в провинции $PROVINCENAME$. Никто не знает, в чем причина внезапного роста их популярности, но, по слухам, недавно было основано тайное общество. Розенкройцеры, фримасоны или баварские иллюминаты - кто-то распространяет либеральную пропаганду в провинции $PROVINCENAME$.;X;X;X;X;X;X
EVTOPTA10140;А может, они хотят, чтобы мы так думали?;X;X;X;X;X;X
EVTNAME10150;Банды луддитов;X;X;X;X;X;X
EVTDESC10150;Густой смог из фабричных труб тяжело навис над городом в кроваво-красном небе, полном угольной пыли. Глубоко в городе, в самом сердце промышленной машины, эхо воплей разъяренной толпы поднимается над печными трубами и водостоками. Луддиты, взбешенные невыносимыми условиями труда, жаждут возврата к старым добрым временам, к деревенской пасторали - и выходят на улицы провинции $PROVINCENAME$.;X;X;X;X;X;X
EVTOPTA10150;Послать войска для усмирения луддитов;X;X;X;X;X;X
EVTOPTB10150;Намекнуть на возможные изменения в политике;X;X;X;X;X;X
EVTNAME10160;Политические банкеты;X;X;X;X;X;X
EVTDESC10160;Аморальность, словно вода - просочится через малейшие трещины в стене закона. Либералы в провинции $PROVINCENAME$ начали собираться на банкеты, чтобы обойти запрет на общественные собрания. Якобы бесцельные посиделки и праздники в среде друзей - на самом деле (что всем известно) являются политическими собраниями, которым пытаются придать флер законности.;X;X;X;X;X;X
EVTOPTA10160;Пришло время заняться ими;X;X;X;X;X;X
EVTOPTB10160;Оставить их в покое;X;X;X;X;X;X
EVTNAME10170;Либеральная пропаганда распространяется;X;X;X;X;X;X
EVTDESC10170;Словно крысы, несущие чуму, пропагандисты либералов свободно пересекают наши границы. Либеральная пропаганда распространяется в провинции $PROVINCENAME$ из соседней провинции. Возможно, следует отправить труда войска.;X;X;X;X;X;X
EVTOPTA10170;Мы подумаем над этим;X;X;X;X;X;X
EVTNAME10180;Анти-якобинский трактат;X;X;X;X;X;X
EVTDESC10180;«В то время, когда силы революции грозят смести вековой порядок в Европе, наш священный долг - выразить протест. Якобинцы, для которых нет ничего святого, просто шарлатаны и лжепророки. Тот террор, что принес во Францию Робеспьер, они жаждут принести в государство $COUNTRY$ своими радикальными идеями».\n\nЛиберальная пропаганда в стране $COUNTRY$ мобилизовала силы реакции. Один из ведущих консерваторов в интеллектуальных кругах опубликовал трактат, направленный против якобинства.;X;X;X;X;X;X
EVTOPTA10180;Интересно;X;X;X;X;X;X
EVTNAME10190;Зажигательная проповедь;X;X;X;X;X;X
EVTDESC10190; «Знайте же, что те, кто требует революции, противятся самому Господу Богу всемогущему и его плану, ибо он поставил правителей над царствами».\n\nМестный проповедник в провинции $PROVINCENAME$ выступил с пылкой проповедью, осуждая либеральные идеи.;X;X;X;X;X;X
EVTOPTA10190;Он говорит разумно!;X;X;X;X;X;X
EVTNAME10200;Либеральная революция;X;X;X;X;X;X
EVTDESC10200; «Смерть королю!» - кричат хриплые голоса. Улицы в провинции $PROVINCENAME$ наполнились людьми. Несправедливость - мнимая или действительная - вызвала бунт черни против нашей власти. Революция пока что слаба, и будущее ее туманно - возможно, она потухнет сама собой? А может быть, стоит решительно подавить ее, чтобы показать всем пример?;X;X;X;X;X;X
EVTOPTA10200;Послать войска;X;X;X;X;X;X
EVTOPTB10200;Начать переговоры с лидерами восстания;X;X;X;X;X;X
EVTNAME10210;Восстание якобинцев;X;X;X;X;X;X
EVTDESC10210;Революция полыхает в государстве $COUNTRY$, провинция $PROVINCENAME$ восстала. Взывая к свободе, равенству и братству, граждане выходят на улицы.;X;X;X;X;X;X
EVTOPTA10210;Черт!;X;X;X;X;X;X
EVTNAME10220;Пламя революции гаснет;X;X;X;X;X;X
EVTDESC10220;Ливень громко барабанит по опустевшей площади. Порванная листовка выброшена в сточную канаву - чернила медленно стекают с листа. Это последнее напоминание о том, что еще недавно провинция $PROVINCENAME$ была очагом либеральной пропаганды. На листовке изображение - санкюлот, олицетворение французской революции, держит республиканский триколор. Слова просты: «Свобода, равенство и братство в государстве $COUNTRY$». Вскоре остатки листовки смывают в канализацию потоки дождя, возвращая эти идеи в подполье, из которого они и вышли.;X;X;X;X;X;X
EVTOPTA10220;Туда им и дорога;X;X;X;X;X;X
EVTNAME10050;Конец Революции;X;X;X;X;X;X
EVTDESC10050;Баррикады разрушены, из окон не видны развевающиеся триколоры. События, вошедшие в историю как $COUNTRY_ADJ$ либеральная революция $YEAR$ года, уже в прошлом, и судя по всему, мы пережили бурю.;X;X;X;X;X;X
EVTOPTA10050;Помолимся же за души павших;X;X;X;X;X;X
EVTNAME10230;Холера!;X;X;X;X;X;X
EVTDESC10230;Основной симптом холеры - непрерывная диарея, приводящая к обезвоживанию больного. В тяжелых случаях болезнь приводит к летальному исходу за пару дней с момента появления симптомов. Это одна из самых быстроразвивающихся смертельных болезней. Сегодня пришла новость - в одной из провинций действительно вспышка холеры.;X;X;X;X;X;X
EVTOPTA10230;Установить карантин вокруг провинции;X;X;X;X;X;X
EVTOPTB10230;Насколько плохими могут быть последствия?;X;X;X;X;X;X
EVTNAME10240;Эпидемия холеры!;X;X;X;X;X;X
EVTDESC10240;Еще минуту назад он спокойно шел по своим делам, болтал, как ни в чем не бывало, а теперь схватился за живот, пытаясь добежать до уборной. Причины очевидны.;X;X;X;X;X;X
EVTOPTA10240;Поди, пьянствовал накануне?;X;X;X;X;X;X
EVTNAME10250;Либералы воспользовались эпидемией холеры;X;X;X;X;X;X
EVTDESC10250;«Наши рабочие и крестьяне живут в убогих лачугах - хорошо лишь то, что их легко спалить дотла! Никакой санитарии - так живет обычный гражданин в государстве $COUNTRY$. А наше правительство еще «удивлено» эпидемией холеры в провинции $PROVINCENAME$?»\n\nЭпидемия холеры в провинции $PROVINCENAME$ стала объектом политики - либералы воспользовались ей, чтобы обвинить правительство.;X;X;X;X;X;X
EVTOPTA10250;Промолчать;X;X;X;X;X;X
EVTOPTB10250;Обвинить их в оппортунизме;X;X;X;X;X;X
EVTNAME12000;Катастрофа на угольном месторождении!;X;X;X;X;X;X
EVTDESC12000;Черный дым валит из карьера огромными клубами, к запаху огня и угля примешивается слабый запах горелой плоти. В хаосе уцелевшие пытаются спасти все, что осталось от угольной шахты после Великого Взрыва $YEAR$ года. Вековой сон угольных пластов потревожил взрыв метана из подземных полостей. Неосторожность с лампадой, искра от кайла - и шахта наполнилась адским пламенем.;X;X;X;X;X;X
EVTOPTA12000;Обвинить местное руководство;X;X;X;X;X;X
EVTOPTB12000;Рабочие были неосторожны!;X;X;X;X;X;X
EVTNAME12010;Комиссия по шахтам $YEAR$ года;X;X;X;X;X;X
EVTDESC12010;«Общие выводы комиссии таковы: условия труда на $COUNTRY_ADJ$ угольных разработках не отвечают даже самым базовым требованиями безопасности. В шахтах широко используется детский труд, в частности на очень опасных и грязных работах - самому молодому рабочему всего девять лет. Слабое освещение, плохая вентиляция и воздух, который от угольной пыли стал чернее ночи. Более того...»\n\nКомиссия по шахтам и карьерам $YEAR$ года представила окончательный отчет по условиям труда на $COUNTRY_ADJ$ угольных разработках, и итоги неутешительны.;X;X;X;X;X;X
EVTOPTA12010;Провести реформу;X;X;X;X;X;X
EVTOPTB12010;Выступить против реформы из принципа;X;X;X;X;X;X
EVTNAME12020;Девочка из провинции $PROVINCENAME$;X;X;X;X;X;X
EVTDESC12020;«Ящик с углем был слишком тяжел для ее хрупкого тельца, истощенного годами тяжелого труда в угольных шахтах провинции $PROVINCENAME$, и ее ноги не выдержали. В темноте она споткнулась и рухнула в глубины шахт».\n\nЕще одна девочка погибла на угольных шахтах в одной из провинций, и эта трагедия вызвала всплеск общественного внимания по всей стране.;X;X;X;X;X;X
EVTOPTA12020;Не повезло ей;X;X;X;X;X;X
EVTNAME12030;Слабое производство;X;X;X;X;X;X
EVTDESC12030;Одна из наших фабрик снарядов докладывает о невыполнении плана производства в последние три месяца - об этом не сообщалось, чтобы не вызывать паники у инвесторов и промышленных магнатов. Покрыв дефицит на фабрике из государственных запасов, мы могли бы спасти рабочие места.;X;X;X;X;X;X
EVTOPTA12030;Покрыть убытки;X;X;X;X;X;X
EVTOPTB12030;Пусть работают лучше;X;X;X;X;X;X
EVTNAME12040;Фабричная вонь;X;X;X;X;X;X
EVTDESC12040;Жители провинции $PROVINCENAME$ жалуются на выбросы с фабрики по производству удобрений. Для местного правительства фабрика пахнет розами - она основа бюджета, а вот простым жителям надоело чувствовать вонь. Мы могли бы выпустить указания, чтобы на фабрике изменили техпроцесс, однако такой поступок может вызвать недовольство промышленных магнатов.;X;X;X;X;X;X
EVTOPTA12040;Урожай не растет сам собой, увы;X;X;X;X;X;X
EVTOPTB12040;Да, следует подумать над ограничениями выбросов;X;X;X;X;X;X
EVTNAME12050;Ограбление чайной весовой;X;X;X;X;X;X
EVTDESC12050;Центральная станция взвешивания чая в провинции $PROVINCENAME$ ограблена вооруженными бандитами. Часть местных жителей полагает, что тяжелые времена в регионе вынудили местных фермеров ограбить весовую - им надоело смотреть, как оптовики и торговцы получают себе всю прибыль. Каковы бы ни были причины, нужно разобраться с ситуацией.;X;X;X;X;X;X
EVTOPTA12050;Смириться с убытками;X;X;X;X;X;X
EVTOPTB12050;Обвинить местных фермеров;X;X;X;X;X;X
EVTOPTC12050;Обвинить местных бюрократов;X;X;X;X;X;X
EVTNAME12060;Голодные солдаты;X;X;X;X;X;X
EVTDESC12060;Пока идет война, каждая банка консервов с фабрики «Консервы провинции $PROVINCENAME$» ничуть не менее важна, чем пушечные ядра и винтовки. Еда отличная, и судя по всему, нравится солдатам. Генеральный штаб сделал очередной крупный заказ на фабрике.;X;X;X;X;X;X
EVTOPTA12060;Запасать еду;X;X;X;X;X;X
EVTOPTB12060;Облегчить бедствия гражданского населения;X;X;X;X;X;X
EVTNAME12070;Старые консервы;X;X;X;X;X;X
EVTDESC12070;Начальник снабжения армии доложил об обнаружении забытого склада с консервами на военном объекте в провинции $PROVINCENAME$. Консервы, вроде бы, съедобны, хотя и пролежали пару лет. Что нам делать с пятнадцатью тоннами консервов?;X;X;X;X;X;X
EVTOPTA12070;Насколько их хватит?;X;X;X;X;X;X
EVTOPTB12070;Раздать еду беднякам;X;X;X;X;X;X
EVTNAME12080;Падеж скота;X;X;X;X;X;X
EVTDESC12080;В провинции $PROVINCENAME$ вспыхнула эпидемия среди крупнорогатого скота, вызвав массовую гибель животных. Ветеринар местного гарнизона колесит по провинции, пытаясь хоть как-то удержать заразную болезнь под контролем. Хотя эпидемия, вроде бы, завершается сама, остается вопрос возмещения ущерба сотням обнищавших фермеров и их семьям.;X;X;X;X;X;X
EVTOPTA12080;Правительство покроет все убытки;X;X;X;X;X;X
EVTOPTB12080;Увы, ничего не поделаешь;X;X;X;X;X;X
EVTNAME12090;Гибель шелкопряда;X;X;X;X;X;X
EVTDESC12090;Коконы умирают, а нити на них не свертываются должным образом, разматываясь при малейшем ветерке. Что-то пошло не так на шелковых полях, и лучшие химики не могут найти лекарства от болезни, поразившей наши фермы. Местные производители шелка возмущены и требуют действий от правительства.;X;X;X;X;X;X
EVTOPTA12090;Мы ничего не можем поделать;X;X;X;X;X;X
EVTOPTB12090;Возместить убытки местных производителей;X;X;X;X;X;X
EVTNAME12100;Лекарство!;X;X;X;X;X;X
EVTDESC12100;Известных химик нашел лекарство от болезни, поразившей шелковые поля в провинции $PROVINCENAME$, а при поддержке правительства это лекарство можно распространить во всех провинциях, если и там появится заболевание.;X;X;X;X;X;X
EVTOPTA12100;Поражена лишь одна провинция;X;X;X;X;X;X
EVTOPTB12100;Слава химической науке!;X;X;X;X;X;X
EVTNAME12110;На хлопковых плантациях;X;X;X;X;X;X
EVTDESC12110;Хлопок из провинции $PROVINCENAME$ - один из наилучших в мире по качеству и прочности. Репутация этого хлопка зарабатывалась годами. Местные фермеры начали гордиться тем, что на рынке хлопка слово $PROVINCENAME$ стало знаком качества.;X;X;X;X;X;X
EVTOPTA12110;Средь бескрайних хлопковых полей...;X;X;X;X;X;X
EVTOPTB12110;Отправьте немного хлопка нашим соседям!;X;X;X;X;X;X
EVTNAME12120;Железом и кровью;X;X;X;X;X;X
EVTDESC12120;«Не речами и постановлениями большинства решаются великие вопросы современности, а железом и кровью».\n- Отто фон Бисмарк\n\nНовые богатые залежи железной руды обнаружены в шахте в провинции $PROVINCENAME$. Руды богаты железом, но оно находится на опасной глубине, за пределами возможностей нашей добывающей промышленности. Мы могли бы попытаться добыть руду, но эта попытка будет стоить немало крови и человеческих жизней.;X;X;X;X;X;X
EVTOPTA12120;Вгрызайтесь в землю глубоко и жадно!;X;X;X;X;X;X
EVTOPTB12120;Лучше забыть о подобных вещах;X;X;X;X;X;X
EVTNAME12130;Производство на дому;X;X;X;X;X;X
EVTDESC12130;Район прядильщиков в провинции $PROVINCENAME$ в последнее время бурно развивается, и появляется все больше и больше домашних прядилен. Хотя народ провинции $PROVINCENAME$ всегда славился деловитостью, этот бурный рост можно объяснить только доступом к лучшей в мире шерсти.;X;X;X;X;X;X
EVTOPTA12130;Работайте усердней!;X;X;X;X;X;X
EVTOPTB12130;Работайте с умом!;X;X;X;X;X;X
EVTNAME12140;Бум в кораблестроении;X;X;X;X;X;X
EVTDESC12140;В доках, на пристанях и причалах в провинции $PROVINCENAME$ не умолкает звон молота и скрип пилы - местная фабрика пытается справиться с заказами на клиперы, приходящими со всего мира. Эффективное производство и управление, а также мастерство строителей и мореходов позволили провинции $PROVINCENAME$ выпускать больше кораблей все лучшего качества, установив рекорд по объемам производства! Возможно, настало время почивать на лаврах, но с другой стороны, будущее всегда туманно.;X;X;X;X;X;X
EVTOPTA12140;Отпразднуем это!;X;X;X;X;X;X
EVTOPTB12140;Основать военно-морское училище;X;X;X;X;X;X
EVTNAME12150;Взрыв котла!;X;X;X;X;X;X
EVTDESC12150;Сегодня произошла трагедия в провинции $PROVINCENAME$ - во время испытаний в мастерской взорвался паровой котел, собранный для местного судостроительного завода. Семеро рабочих погибли из-за взрыва, а также пострадало оборудование, сумма ущерба составила несколько тысяч фунтов. Местные чиновники начали расследование по факту плохих условий труда в мастерской. Мы надеемся, что в будущем подобных несчастных случаев можно избежать, но сейчас в $PROVINCENAME$ объявлен траур по погибшим.;X;X;X;X;X;X
EVTOPTA12150;Выплатить вдовам компенсацию;X;X;X;X;X;X
EVTOPTB12150;Надо работать сверхурочно и сдать новые котлы в срок;X;X;X;X;X;X
EVTNAME12160;Цемент «Стандарт провинции $PROVINCENAME$»;X;X;X;X;X;X
EVTDESC12160;Провинция $PROVINCENAME$ за последние годы заработала репутацию в производстве цемента. Все началось с семейного бизнеса, а ныне выросло в огромную индустрию, ставшую основой благосостояния всей провинции. Марка цемента «Стандарт провинции $PROVINCENAME$» становится общеупотребительной. $COUNTRY_ADJ$ цемент, изготовленный по технологии провинции $PROVINCENAME$, ценят и пытаются повторить во всем мире!;X;X;X;X;X;X
EVTOPTA12160;Социальная ответственность!;X;X;X;X;X;X
EVTOPTB12160;Прибыль!;X;X;X;X;X;X
EVTNAME12170;Разлив краски;X;X;X;X;X;X
EVTDESC12170;Сегодня несколько рабочих на фабрике лакокрасочных материалов в провинции $PROVINCENAME$ попали под разлившуюся горячую краску. Местные жители недовольны и винят во всем плохую организацию безопасности труда на этом весьма опасном производстве. От правительства требуют решительных действий.;X;X;X;X;X;X
EVTOPTA12170;Мы воспользуемся этим инцидентом!;X;X;X;X;X;X
EVTOPTB12170;Ну стали они цветными, невелика беда;X;X;X;X;X;X
EVTNAME12180;Взрыв топливных баков!;X;X;X;X;X;X
EVTDESC12180;Сегодня по неизвестным пока причинам взорвался топливный бак на заводе нефтепереработки в провинции $PROVINCENAME$, и семеро рабочих погибли в пламени взрыва. Имуществу компании был нанесен ущерб на тысячи долларов. Хозяин завода умыл руки, утверждая, что правительство само виновато: инспекторы по безопасности труда плохо выполняют свои обязанности.;X;X;X;X;X;X
EVTOPTA12180;Правительство за это не в ответе;X;X;X;X;X;X
EVTOPTB12180;Правительство, разумеется, должно помочь;X;X;X;X;X;X
EVTNAME12190;Перепроизводство на нефтеперерабатывающем заводе;X;X;X;X;X;X
EVTDESC12190;У нефтеперерабатывающего завода в провинции $PROVINCENAME$ дела в последнее время идут неплохо, производство превышает ожидаемые объемы на несколько тысяч галлонов. Из-за проблем с хранением, хозяин завода был вынужден обратиться к правительству, предлагая купить излишки по очень низкой цене. Мы могли бы купить топливо сами, или отказать ему и подождать, пока хозяин попытается продать их подешевле на рынке. Местным жителям дешевое топливо пригодится, но оно и нам самим не помешает.;X;X;X;X;X;X
EVTOPTA12190;Купить топливо;X;X;X;X;X;X
EVTOPTB12190;Отказаться;X;X;X;X;X;X
EVTNAME12200;Трагедия на руднике;X;X;X;X;X;X
EVTDESC12200;Еще одна трагедия, унесшая несколько жизней, произошла сегодня на руднике в провинции $PROVINCENAME$. Несколько рабочих были ранены, часть из них до сих пор числится пропавшими без вести. Плохо укрепленная опора в шахте сломалась, вызвав обрушение. Этот несчастный случай вызовет дебаты по поводу условий труда на наших рудниках.;X;X;X;X;X;X
EVTOPTA12200;Интересы промышленности превыше всего;X;X;X;X;X;X
EVTOPTB12200;Рабочие должны быть в безопасности;X;X;X;X;X;X
EVTNAME12210;Старик и море;X;X;X;X;X;X
EVTDESC12210;Рыбак из провинции $PROVINCENAME$ сегодня привез огромный улов. Его корабль забит дарами моря под завязку, и вскоре другие рыбаки привезут такой же улов. В этом году в провинции $PROVINCENAME$ необычайно много рыбы.;X;X;X;X;X;X
EVTOPTA12210;Отлично!;X;X;X;X;X;X
EVTOPTB12210;Помогите едой местным беднякам;X;X;X;X;X;X
EVTNAME12220;Чай в стране $COUNTRY$;X;X;X;X;X;X
EVTDESC12220;В этом году отличный урожай чая, в особенности - в провинции $PROVINCENAME$. По всей округе мешки с чайными листьями стоят плотными рядами и издают приятный чайный аромат. Этого урожая хватит на годы, если хорошо им распорядиться. Отдадим излишки фермерам, позволим торговцам продать их и выручить прибыль, или же запасем для использования в будущем?;X;X;X;X;X;X
EVTOPTA12220;Запасать излишки чая;X;X;X;X;X;X
EVTOPTB12220;Оставить излишки фермерам;X;X;X;X;X;X
EVTOPTC12220;Передать чай нашим торговцам;X;X;X;X;X;X
EVTNAME12230;Радио провинции $PROVINCENAME$;X;X;X;X;X;X
EVTDESC12230;У местной радиостанции в провинции $PROVINCENAME$ не хватает деталей для передатчиков, и им пришлось прекратить трансляции до тех пор, пока они не решат проблему. Местные власти предлагают одолжить детали радиостанции, так как местное население может быть взволновано отсутствием новостей с фронта.;X;X;X;X;X;X
EVTOPTA12230;У нас нет лишних деталей;X;X;X;X;X;X
EVTOPTB12230;Дайте им радиозапчасти;X;X;X;X;X;X
EVTNAME12240;Вытрезвитель;X;X;X;X;X;X
EVTDESC12240;Все больше социальных, религиозных институтов и образовательных учреждений в стране $COUNTRY$, а также значительная часть средних классов, видят зловещее влияние алкоголя на наше общество. Указывая на последствия - разбитые окна, разрушенные судьбы - некоторые даже требуют полного запрета на торговлю спиртным. Хозяева спиртзаводов в провинции $PROVINCENAME$ озабочены происходящим и хотят гарантий продаж их продукции в будущем.;X;X;X;X;X;X
EVTOPTA12240;И чего же это стоит?;X;X;X;X;X;X
EVTOPTB12240;К сожалению, никаких гарантий;X;X;X;X;X;X
EVTNAME12250;БАБАХ!;X;X;X;X;X;X
EVTDESC12250;Пожар на складе взрывчатых материалов в провинции $PROVINCENAME$ стал причиной огромного взрыва, который, поговаривают, был слышен даже в г. $CAPITAL$. Разрушения обширны, погибли сотни людей. В городе распространяется пламя пожара, огонь угрожает богатым домам на севере и бедным кварталам на юге, так что пожарным необходимо принять решение, что спасать.;X;X;X;X;X;X
EVTOPTA12250;Спасайте богатые кварталы;X;X;X;X;X;X
EVTOPTB12250;У нас нет классовых предпочтений;X;X;X;X;X;X
EVTOPTC12250;Спасайте бедные кварталы;X;X;X;X;X;X
EVTNAME12260;Роскошная мебель;X;X;X;X;X;X
EVTDESC12260;«Возможно, это кресло, мадам? Из бразильского красного дерева, украшенное изящной нубийской резьбой по слоновой кости. Оцените мраморную кожу. Второго подобного кресла не найти в провинции $PROVINCENAME$!»\n\nРастущий уровень жизни в провинции $PROVINCENAME$ привел к росту спроса на роскошную, элегантную мебель. Люди стремятся украсить свои дома. Правительственным учреждениям тоже следовало бы улучшить свой вид.;X;X;X;X;X;X
EVTOPTA12260;Наши учреждения - лицо страны;X;X;X;X;X;X
EVTOPTB12260;Никаких лишних расходов, пока я у власти;X;X;X;X;X;X
EVTNAME12270;Мода меняется;X;X;X;X;X;X
EVTDESC12270;Проблемы у фабрики элитной одежды в провинции $PROVINCENAME$: несколько поставок сорвались в течение последних недель. Причина отказов проста - одежда плохо продается, и это неудивительно: покрой ужасен, пуговицы настолько велики, что кажутся смешными. Странно... в прошлый сезон эта одежда казалась красивой.;X;X;X;X;X;X
EVTOPTA12270;Ее еще можно носить...;X;X;X;X;X;X
EVTOPTB12270;Настоять, чтобы чиновники носили эту одежду;X;X;X;X;X;X
EVTOPTC12270;Дизайнер поплатится головой!;X;X;X;X;X;X
EVTNAME12280;Заплесневелая одежда;X;X;X;X;X;X
EVTDESC12280;Вода просочилась на фабричный склад в провинции $PROVINCENAME$, повредив ящики с одеждой. На ней появилась едкая, вонючая плесень. Выглядит одежда нормально, но ткань пахнет сыростью подвала и стоялой водой. Возможно, одежду еще можно спасти, но не ясно, будет ли кто ни будь вообще носить такое.;X;X;X;X;X;X
EVTOPTA12280;Выкинуть лохмотья;X;X;X;X;X;X
EVTOPTB12280;Отдать одежду бедным и заменить партию;X;X;X;X;X;X
EVTNAME13000;Ветер с Запада;X;X;X;X;X;X
EVTDESC13000;«Ветра западной цивилизации повеяли на Востоке, и каждая травинка и каждый лист следуют их колебаниям».\n\nМы называем недавние события предзнаменованием. У наших берегов появились странные корабли. Их мачты высоки, словно достают до небес. Сперва лишь единицы, а ныне все больше - словно ветер, готовый превратиться в бурю - что же будет завтра? Их корабли удивительны, и тем паче удивительны их обычаи. Очевидно, что необходимо принять решение по поводу иностранцев из «Европы».;X;X;X;X;X;X
EVTOPTA13000;Прощай, $CONTINENTNAME$!;X;X;X;X;X;X
EVTOPTB13000;Изгнать варваров!;X;X;X;X;X;X
EVTNAME13010;Влияние Запада;X;X;X;X;X;X
EVTDESC13010;Новости из провинции $PROVINCENAME$ - там возникло сообщество эмигрантов из европейских стран и великих держав. Несомненно, это результат политики открытых портов и границ, проводимой нашим правительством. Влияние Запада может быть полезным, в чем убеждено наше правительство, однако некоторые не так благодушно настроены к иностранцам.;X;X;X;X;X;X
EVTOPTA13010;Добро пожаловать;X;X;X;X;X;X
EVTOPTB13010;Возвращайтесь, откуда пришли!;X;X;X;X;X;X
EVTNAME13020;Матросы с затонувшего судна;X;X;X;X;X;X
EVTDESC13020;«Старый пруд!\nПрыгнула лягушка -\nВсплеск воды».\n\n- Мацуо Басе\n\nВ провинции $PROVINCENAME$ ходят слухи о странных людях, найденных утром на берегу. Происхождение моряков, потерпевших крушение, уточняется, но очевидно, что они не из государства $COUNTRY$.;X;X;X;X;X;X
EVTOPTA13020;Позволить им вернуться на родину;X;X;X;X;X;X
EVTOPTB13020;Вынудить их остаться;X;X;X;X;X;X
EVTNAME13030;Иностранные контрабандисты;X;X;X;X;X;X
EVTDESC13030;Гражданин в провинции $PROVINCENAME$ носил иностранную одежду. Допрос властей позволил вскрыть целую организацию, которая привозила товары из-за границы.;X;X;X;X;X;X
EVTOPTA13030;Ну, бывает...;X;X;X;X;X;X
EVTOPTB13030;Пресечь немедля!;X;X;X;X;X;X
EVTNAME13040;Иностранный торговый порт?;X;X;X;X;X;X
EVTDESC13040;Несмотря на очевидную справедливость нашей политики изоляции, некоторое количество иностранных товаров может пригодиться, и члены правительства высказались в пользу открытия небольшого торгового порта в провинции $PROVINCENAME$, где иностранные корабли могли бы причаливать и торговать, не нарушая при этом общей политики изоляции нашей страны. Это пойдет на пользу и провинции, и стране, однако консерваторы утверждают, что разрушительное влияние иностранцев может проникнуть к нам через эту лазейку.;X;X;X;X;X;X
EVTOPTA13040;Небольшой торговый порт нетрудно контролировать;X;X;X;X;X;X
EVTOPTB13040;Гмм. Не стоит...;X;X;X;X;X;X
EVTNAME13050;Пристрастие к опиуму;X;X;X;X;X;X
EVTDESC13050;Сладкий, сильный аромат тянется на улицах городов в провинции $PROVINCENAME$, расползаясь во всех направлениях от магазинов иностранных товаров. Европейские торговцы привезли с собой привычку курить опиум, а наши подданные так пристрастились к нему, что впору говорить об эпидемии. Каждый новый корабль с товарами погружает все новые массы людей в бездну наркотической зависимости. Что делать?;X;X;X;X;X;X
EVTOPTA13050;Не стоит вмешиваться;X;X;X;X;X;X
EVTOPTB13050;Выпустить закон, запрещающий торговлю опиумом;X;X;X;X;X;X
EVTOPTC13050;Закрыть торговый порт;X;X;X;X;X;X
EVTNAME13055;Опиум распространяется;X;X;X;X;X;X
EVTDESC13055;Огромные парусники ходят вдоль побережья с севера на юг, словно волки, выбирая слабых и безвольных жертв среди населения, коих легко отравить смертоносным ядом. Иностранные корабли швартуются в любых портах, вонзая когти в наш обескровленный народ. Опиум пришел в провинцию $PROVINCENAME$.;X;X;X;X;X;X
EVTOPTA13055;Черт!;X;X;X;X;X;X
EVTNAME13060;Опиум распространяется;X;X;X;X;X;X
EVTDESC13060;Пристрастие к опиуму из соседних провинций распространяется вглубь материка. Фермеры и рабочие в провинции $PROVINCENAME$ перестали ходить на работу, поля пустуют, люди в провинции $PROVINCENAME$ все больше и больше попадают под власть смертельного пристрастия.;X;X;X;X;X;X
EVTOPTA13060;Не стоит вмешиваться;X;X;X;X;X;X
EVTOPTB13060;Приказать местным чиновникам уничтожить поставки опиума;X;X;X;X;X;X
EVTNAME13065;Письмо от губернатора;X;X;X;X;X;X
EVTDESC13065;«От вашей страны до государства $COUNTRY$ шестьдесят или семьдесят тысяч ли. Однако же корабли варваров плывут сюда за прибылью. Богатства государства $COUNTRY$ ныне служат для обогащения варваров. По какому праву они отравили $COUNTRY_ADJ$ народ смертоносным ядом?»\n\nОдин из губернаторов решил сам заняться проблемой опиума и написал письмо главе иностранного государства, критикуя поддержку торговли опиумом.;X;X;X;X;X;X
EVTOPTA13065;Так держать!;X;X;X;X;X;X
EVTOPTB13065;Нет! Принести извинения и прекратить это безумие!;X;X;X;X;X;X
EVTNAME13070;Голландские науки;X;X;X;X;X;X
EVTDESC13070;«Рангаку», дословно - 'голландские науки', на японском означает знание, пришедшее с Запада, от голландцев, через торговый порт в Дедзиме. То же происходит и в провинции $PROVINCENAME$ - местные чиновники переводят западные научные труды и книги, тем самым способствуя развитию $COUNTRY_ADJ$ науки и естествознания.;X;X;X;X;X;X
EVTOPTA13070;Отлично!;X;X;X;X;X;X
EVTNAME13080;Потеря лица;X;X;X;X;X;X
EVTDESC13080;Он скрывает лицо и едва сдерживает гнев. Местный аристократ из провинции $PROVINCENAME$ был унижен иностранцем. По-видимому, иностранец не поклонился должным образом, проходя мимо аристократа. Потерпим ли мы такое неуважение к нашим обычаям?;X;X;X;X;X;X
EVTOPTA13080;Иностранец не знает обычаев, он не желал зла;X;X;X;X;X;X
EVTOPTB13080;Возможно, золото решит проблему?;X;X;X;X;X;X
EVTOPTC13080;Изгнать иностранцев!;X;X;X;X;X;X
EVTNAME13090;Иностранный микроскоп;X;X;X;X;X;X
EVTDESC13090;Словно ребенок, он восторженно показывает на устройство. - «Можно рассмотреть их глаза! - восклицает он, указывая на банку с жуками. - Взгляните в окуляр - там линзы, увеличивающие изображение десятикратно. - Это микроскоп, - улыбается ученый. - Я купил его у иностранца в провинции $PROVINCENAME$!»;X;X;X;X;X;X
EVTOPTA13090;Наша наука достигнет новых высот!;X;X;X;X;X;X
EVTNAME13100;Бунт против иноземцев;X;X;X;X;X;X
EVTOPTA13100;О, черт;X;X;X;X;X;X
EVTNAME13110;Западное образование;X;X;X;X;X;X
EVTDESC13110;Мы решили открыть двери Западу - если наши подданные должны поддержать наше решение, то царственным особам надо подать пример. Образованные правители необходимы, если мы жаждем занять достойное место среди прочих держав. Отправив отпрысков получить образование в Европе или наняв европейцев для обучения здесь, мы добьемся желаемого. Что скажете, ваше величество?;X;X;X;X;X;X
EVTOPTA13110;Неплохая мысль!;X;X;X;X;X;X
EVTOPTB13110;Это ваш проект? Закрыть двери!;X;X;X;X;X;X
EVTNAME13120;Король и я;X;X;X;X;X;X
EVTDESC13120;Европейская гувернантка, которую мы наняли для образования придворных, неплохо справляется, однако некоторые ее идеи чужды местным традициям. К примеру, она резко заявляла о равенстве людей и о том, что стране $COUNTRY$ следует отказаться от веками проверенной системы рабства. Не уверен, ваше величество, но это опасные речи...;X;X;X;X;X;X
EVTOPTA13120;Пусть говорит. Делать мы ничего не будем...;X;X;X;X;X;X
EVTOPTB13120;Опасны ее речи или нет, полагаю, она права;X;X;X;X;X;X
EVTNAME13130;Европейская военная миссия;X;X;X;X;X;X
EVTDESC13130;Одна из великих держав заинтересовалась нашей страной и предложила отправить к нам военную миссию. Это явно поможет нашему развитию, но в случае войны может стать обузой. Однако отказ от такого щедрого предложения могут принять за оскорбление. Разрешить военную миссию?;X;X;X;X;X;X
EVTOPTA13130;Разумеется! Нашим войскам необходима модернизация...;X;X;X;X;X;X
EVTOPTB13130;Думаю, обойдемся без этого;X;X;X;X;X;X
EVTNAME13140;Утечка военных данных;X;X;X;X;X;X
EVTDESC13140;Информация о военных приготовлениях нашей страны стала доступной из-за военной миссии в провинции $PROVINCENAME$, серьезно повредив нашим военным планам. Мы выдворили участников военной миссии, однако ущерб уже нанесен.;X;X;X;X;X;X
EVTOPTA13140;Черт!;X;X;X;X;X;X
EVTNAME13150;Притеснения европейцев;X;X;X;X;X;X
EVTDESC13150;Высокая враждебность части населения в провинции $PROVINCENAME$ привела к насилию против местных иммигрантов из-за границы. Посольства великих держав отправили жалобы нашему правительству и ожидают действий. Что предпринять?;X;X;X;X;X;X
EVTOPTA13150;Игнорировать их жалобы;X;X;X;X;X;X
EVTOPTB13150;Арестовать очевидных подозреваемых;X;X;X;X;X;X
EVTNAME13160;Что нам делать с пьяным матросом?;X;X;X;X;X;X
EVTDESC13160;Пьяные матросы в $COUNTRY_ADJ$ тюрьмах обычно не становятся вопросом государственной важности, но этот - исключение из правила. Матрос одной из великих держав арестован в провинции $PROVINCENAME$ за убийство гражданина нашей страны в пьяной драке. Дипломатический атташе настаивает на том, чтобы матроса передали на родину для суда. У нас возникла проблема. Согласиться однажды означает, что иностранцы и впредь смогут избегать нашего правосудия. Отказ же разгневает иностранные государства. Над этой проблемой следует подумать.;X;X;X;X;X;X
EVTOPTA13160;Передать его иностранцам;X;X;X;X;X;X
EVTOPTB13160;Казнить его;X;X;X;X;X;X
EVTNAME13170;В стране $FROMCOUNTRY$ казнили матроса!;X;X;X;X;X;X
EVTDESC13170;От нашего атташе в стране $FROMCOUNTRY$ пришло донесение, что матрос нашего торгового судна был казнен. Судя по донесению, матрос убил местного в драке на берегу в государстве $FROMPROVINCE$. Несмотря на усилия дипломатической миссии, его судили и казнили согласно $FROMCOUNTRY_ADJ$ законам. Мы скорбим, однако следует подумать над тем, как отреагировать на оскорбление нашего народа.;X;X;X;X;X;X
EVTOPTA13170;Отправить карательную экспедицию;X;X;X;X;X;X
EVTOPTB13170;Проглотить обиду;X;X;X;X;X;X
EVTNAME13180;Экстерриториальность;X;X;X;X;X;X
EVTDESC13180;Новости из страны $FROMCOUNTRY$ - они решили предоставить иностранцам право быть судимыми по законам родной страны. Несомненно, они приняли такое решение под давлением со стороны великих держав, но все же это хорошая новость.;X;X;X;X;X;X
EVTOPTA13180;Мы довольны этим решением;X;X;X;X;X;X
EVTNAME13190;Военная реформа;X;X;X;X;X;X
EVTDESC13190;Присутствие европейцев в нашей части света растет. Военная реформа все более необходима. Европейцы имеют полки обученных профессионалов, наша же армия устарела. В ней заправляют кланы, дворянство, имеют значение семейные связи и личная преданность.;X;X;X;X;X;X
EVTOPTA13190;Начать военную реформу;X;X;X;X;X;X
EVTOPTB13190;Наши традиции святы;X;X;X;X;X;X
EVTNAME13200;Чужое владычество;X;X;X;X;X;X
EVTDESC13200;Мы потерпели поражение. Несмотря на политику полной изоляции, враждебный мир вторгся в наши земли. $SPHEREMASTER$ разрушает заслон на наших границах. Теперь наша страна - сателлит, покорно повинующийся их мощи. Иностранные торговцы, миссионеры и шпионы хлынули через наши границы, попирая наш суверенитет на нашей же родной земле. Мы более не властны над своей судьбой, и нам приказано повиноваться. Но перед рассветом чернее мрак...;X;X;X;X;X;X
EVTOPTA13200;Мы должны выждать;X;X;X;X;X;X
EVTOPTB13200;Свобода или смерть!;X;X;X;X;X;X
EVTNAME13210;Декрет об образовании;X;X;X;X;X;X
EVTDESC13210;«Вам надлежит не только быть верными и добропорядочными подданными, но и почитать традиции праотцов».\n\nСистема образования в государстве $COUNTRYNAME$ увязла в паутине древних традиций и догм. Это способствовало сохранению традиционного порядка в прошедшие века, однако старая система с трудом приспосабливается к знанию из стран Запада. Реформа системы грозит недовольством сторонников традиций, но вправе ли мы задерживать ее?;X;X;X;X;X;X
EVTOPTA13210;Провести реформу;X;X;X;X;X;X
EVTOPTB13210;Пусть все будет по-старому;X;X;X;X;X;X
EVTNAME13220;Посольский квартал;X;X;X;X;X;X
EVTDESC13220;Несколько великих держав в последние годы пытались открыть постоянные дипломатические представительства в государстве $COUNTRYNAME$, но мы отказывали им до сих пор. Однако в столице появилась идея: возможно, стоит позволить им открыть посольства, при условии, что все они будут находиться в одном месте, где мы могли бы их контролировать? Кажется, посольский квартал в провинции $PROVINCENAME$ - хорошая идея.;X;X;X;X;X;X
EVTOPTA13220;Надеюсь, они оценят наше предложение;X;X;X;X;X;X
EVTOPTB13220;Зачем? Им есть, что нам предложить?;X;X;X;X;X;X
EVTNAME13230;Убийство посла;X;X;X;X;X;X
EVTDESC13230;Гулять в одиночку по улицам в провинции $PROVINCENAME$ может быть весьма опасно, в чем убедился на своей шкуре иностранный посол. Охранники нашли его мертвым в четыре часа утра. Судя по всему, это было ограбление, однако иностранцы обвиняют нас в том, что мы не смогли защитить дипломата. Полагаю, даже официальные извинения не успокоят их, однако что-то более существенное могло бы помочь...;X;X;X;X;X;X
EVTOPTA13230;Скрепя сердце, приказать поставить памятник погибшему;X;X;X;X;X;X
EVTOPTB13230;Достаточно извинений;X;X;X;X;X;X
EVTOPTC13230;Это чушь собачья, он сам виноват!;X;X;X;X;X;X
EVTNAME13240;Корабль у берегов;X;X;X;X;X;X
EVTDESC13240;Масляный фонарь вспыхнул, осветив грязным светом влажные помещения трюма. Обычный корабль, причаливший в порту провинции $PROVINCENAME$ едва ли вызывал подозрения, но годы обмана со стороны иностранных купцов развили у наших людей шестое чувство на неприятности. Крыса, пробежавшая между ящиками, привлекла внимание человека. Сладкий, терпкий, очень знакомый запах. Опиум. Трюм, полный опиума.;X;X;X;X;X;X
EVTOPTA13240;Приказать кораблю уйти;X;X;X;X;X;X
EVTOPTB13240;Пропустить груз;X;X;X;X;X;X
EVTNAME13250;Фритрейдерство!;X;X;X;X;X;X
EVTDESC13250;Одного из наших торговцев недавно выдворили из провинции $FROMPROVINCE$. По-видимому, он пытался провезти контрабандный груз опиума, несмотря на $FROMCOUNTRY_ADJ$ запрет на его импорт. Либерал в нижней палате нашего парламента высказался по данной ситуации.\n\n«Право свободно и открыто торговать через моря на всех континентах - неотъемлемое право человечества. Наши права попираются в государстве $FROMCOUNTRY$, и мне остается лишь гадать, как долго наше правительство будет терпеть выходки этих дикарей».;X;X;X;X;X;X
EVTOPTA13250;Свободная торговля - это честная торговля!;X;X;X;X;X;X
EVTOPTB13250;У нас есть вопросы и поважнее;X;X;X;X;X;X
EVTNAME13260;Страна $FROMCOUNTRY$ требует снять торговые ограничения!;X;X;X;X;X;X
EVTDESC13260;«Ваши торговые ограничения - позор для вашей же страны. Честные $FROMCOUNTRY_ADJ$ граждане, желающие лишь свободно торговать, были изгнаны из ваших портов, и мы требуем немедленного разрешения ситуации. Государству $COUNTRYNAME$ придется устранить эти ограничения или же приготовиться к последствиям».;X;X;X;X;X;X
EVTOPTA13260;Гнуться под порывами ветра - не значит сломаться;X;X;X;X;X;X
EVTOPTB13260;Мы дадим достойный отпор силам зла;X;X;X;X;X;X
EVTNAME13270;$COUNTRY_ADJ$ опиумная война;X;X;X;X;X;X
EVTDESC13270;Торговый спор между государством $FROMCOUNTRY$ и великими державами шел со второй половины 18-го века. В конце концов напряжение достигло критической точки - в $MONTH$ $YEAR$ года, когда чиновники несколько раз отвергли просьбы о свободной торговле (подразумевающие снятие запрета на продажу опиума), с которыми обращалось государство $COUNTRY$. $COUNTRY_ADJ$ правительство, уже давно взявшее курс на конфликт, не могло не объявить войну, и таким образом, началась $COUNTRY_ADJ$-$FROMCOUNTRY_ADJ$ опиумная война.;X;X;X;X;X;X
EVTOPTA13270;Ура!;X;X;X;X;X;X
EVTNAME13280;Аристократы в гневе;X;X;X;X;X;X
EVTDESC13280;Реформы в нашей стране не по нраву помещикам в провинции $PROVINCENAME$.;X;X;X;X;X;X
EVTOPTA13280;Черт!;X;X;X;X;X;X
EVTNAME13290;100 дней реформ;X;X;X;X;X;X
EVTDESC13290;Поражение в последней войне привело нас к ясному осознанию того, что перемены необходимы. Иначе наша страна не сумеет адаптироваться к новым мировым реалиям. Ряд быстрых реформ мог бы помочь в этом.;X;X;X;X;X;X
EVTOPTA13290;Значительные реформы!;X;X;X;X;X;X
EVTOPTB13290;Небольшие реформы;X;X;X;X;X;X
EVTNAME13300;Корабль на горизонте;X;X;X;X;X;X
EVTDESC13300;На небе ни облачка, спокоен океан, и солнце погружается в воды у берегов провинции $PROVINCENAME$. Где-то далеко над морем кричат чайки, их не тревожат события, определяющие пути государств и народов. Спокойствие нашей страны не нарушалось веками, но внезапно на горизонте возникла точка. Вдали, где небо встречается с морем, появилось белое пятно. Вскоре оно увеличилось - парус, мачта, флаг... У наших берегов явно не $COUNTRY_ADJ$ судно, а европейское. В данный момент мы не знаем их намерений. Что делать с кораблем?;X;X;X;X;X;X
EVTOPTA13300;Открыть огонь из всех орудий;X;X;X;X;X;X
EVTOPTB13300;Игнорировать судно;X;X;X;X;X;X
EVTOPTC13300;Просигналить «добро пожаловать»;X;X;X;X;X;X
EVTNAME13305;Иностранцы в провинции $PROVINCENAME$;X;X;X;X;X;X
EVTDESC13305;У иностранцев много историй. Одна из них - про человека, который въехал в город на осле. Возможно, это тот самый человек, который сегодня приехал в провинцию $PROVINCENAME$? Мы пока не знаем, почему странный иноземец пришел в провинцию $PROVINCENAME$, но его видели у местных властей - похоже, он намерен остаться.;X;X;X;X;X;X
EVTOPTA13305;Это вопрос государственной важности, ага;X;X;X;X;X;X
EVTNAME13310;Миссионеры;X;X;X;X;X;X
EVTDESC13310;Цели иностранцев в провинции $PROVINCENAME$ раскрыты! Они решили заняться здесь миссионерством и организовать приход!;X;X;X;X;X;X
EVTOPTA13310;Ложные учения!;X;X;X;X;X;X
EVTNAME13320;Иностранная школа;X;X;X;X;X;X
EVTDESC13320;Люди с Запада в провинции $PROVINCENAME$ открыли школу, где преподают западные науки и искусство.;X;X;X;X;X;X
EVTOPTA13320;Интересно...;X;X;X;X;X;X
EVTNAME13330;Развитие торговли;X;X;X;X;X;X
EVTDESC13330;Торговцы великих держав уже некоторое время развивают деятельность в провинции $PROVINCENAME$, и теперь она стала одним из центров внешней торговли.;X;X;X;X;X;X
EVTOPTA13330;Отлично!;X;X;X;X;X;X
EVTNAME13340;Угольная база;X;X;X;X;X;X
EVTDESC13340;Европейцы соорудили угольную базу в провинции $PROVINCENAME$ для заправки кораблей.;X;X;X;X;X;X
EVTOPTA13340;Я вижу столбы дыма...;X;X;X;X;X;X
EVTNAME13352;Ать-два!;X;X;X;X;X;X
EVTDESC13352;Они маршируют взад-вперед по плацу ровными шеренгами. Приказы офицера, взмах его руки моментально передается по всем войскам, словно ожившая волна. Пару месяцев назад эти новобранцы были обычными крестьянами, фермерами, не державшими в руках оружия. Теперь они быстро становятся солдатами - сотни человек исполняют приказ одного. Теперь мы понимаем, в чем источник европейской военной мощи.;X;X;X;X;X;X
EVTOPTA13352;Действительно...;X;X;X;X;X;X
EVTNAME13360;Дипломатическая миссия;X;X;X;X;X;X
EVTDESC13360;Люди с Запада в провинции $PROVINCENAME$ организовали дипломатическую миссию для расширения контактов и культурного обмена между нами и западными странами.;X;X;X;X;X;X
EVTOPTA13360;Интересно;X;X;X;X;X;X
EVTNAME13400;Присесть по-европейски;X;X;X;X;X;X
EVTDESC13400;«Он прекрасен!» - женщина радуется, словно ребенок. Европейские торговцы в провинции $PROVINCENAME$ завозят на берег любопытнейшие товары из своих стран, в частности, этот шикарный диван - говорят, он сделан из драгоценных пород дерева.;X;X;X;X;X;X
EVTOPTA13400;Присядем!;X;X;X;X;X;X
EVTNAME13410;Телескоп;X;X;X;X;X;X
EVTDESC13410;Звезды над страной $COUNTRY$ всегда указывали нам путь, но никогда прежде мы не видели их так близко. Торговцы в провинции $PROVINCENAME$ привезли современный телескоп в страну $COUNTRY$ - теперь и мы можем раскрыть тайны небес. Торговля в провинции $PROVINCENAME$ помогает нашим научным исследованиям.;X;X;X;X;X;X
EVTOPTA13410;Отлично!;X;X;X;X;X;X
EVTNAME13420;Микстура Варбурга;X;X;X;X;X;X
EVTDESC13420;Она уже несколько дней не встает с постели, в горячечном бреду жалуется на головные боли. Лоб у нее раскален, словно печь, она все время дрожит и очень утомилась. Все ритуалы омовения и настои наших врачей бессильны. Мы уже потеряли надежду, но внезапно ее сын ворвался в комнату с европейцем с местного торгового поста! «Это ей поможет! - говорит торговец, достав небольшую стеклянную бутылочку из кармана пиджака. - Микстура Варбурга! Ничто не лечит малярию лучше пары капель Варбурговой микстуры!» И через пару дней она вновь здорова.;X;X;X;X;X;X
EVTOPTA13420;Интересно;X;X;X;X;X;X
EVTNAME14500;Дождь;X;X;X;X;X;X
EVTDESC14500;Засуха в одной из наших колоний вызвала прения между колониальной администрацией и местными. Львиная доля воды из местных водоемов идет на фабрики и плантации колонии, оставив простых жителей без воды для орошения. Засуха длится уже недели, и напряжение нарастает. Можно направить часть воды на орошение, но другие страны усмотрят в этом слабость.;X;X;X;X;X;X
EVTOPTA14500;Направить воду на орошение местных ферм;X;X;X;X;X;X
EVTOPTB14500;Рано или поздно пойдет дождь;X;X;X;X;X;X
EVTOPTC14500;Лучше запасем еще воды, на случай, если засуха продолжится;X;X;X;X;X;X
EVTNAME14510;Торговые привилегии под вопросом;X;X;X;X;X;X
EVTDESC14510;«Просто нелепо, что торговцы, давно обосновавшиеся в колониях, имеют особые, и, разумеется, совершенно нечестные привилегии на получение доходов от колоний. Все это оплачено из нашей казны, прошу заметить. Неужто торговцы вправе получать прибыль по праву первого?»\n\nВ парламенте дебаты о статусе торговцев и торговле с колониями завершились дракой, когда депутат-сторонник одной из колониальных компаний набросился на поборника свободной торговли - последний возражал против преференций. Возможно, настало время для пересмотра правил торговли с колониями.;X;X;X;X;X;X
EVTOPTA14510;Мы должны открыть колонии для свободной конкуренции;X;X;X;X;X;X
EVTOPTB14510;Либералы в верхней палате обеспечат свободу торговли;X;X;X;X;X;X
EVTOPTC14510;Консерваторы в верхней палате обеспечат порядок в колониях;X;X;X;X;X;X
EVTNAME14520;Строительство новой фабрики в колониях;X;X;X;X;X;X
EVTDESC14520;Одна компания, занимающихся освоением колоний, выдвинула предложение - открыть в одной из наших колоний новую фабрику. Фабрика поможет развитию местного производства, однако очевидно, что придется изъять несколько тысяч акров земли у аборигенов. Нужно взвесить выгоду от производства и возможный ущерб от враждебных, обнищавших местных жителей.;X;X;X;X;X;X
EVTOPTA14520;Новая фабрика, очевидно, великое благо;X;X;X;X;X;X
EVTOPTB14520;Силой прогнать людей с их земли? Не очень-то благородно!;X;X;X;X;X;X
EVTNAME14530;Кризис в колониях;X;X;X;X;X;X
EVTDESC14530;«... и я утверждаю, что нынешний подъем бунтарских настроений в колонии - результат постоянного, бездумного вреда, который наши чиновники наносят местным жителям. Ведь если мы заявляем, что наша цель - развивать образование и поднимать уровень жизни в колониях, тем хуже для нас, если результат прямо противоположен заявленной цели».\n\nВраждебность местных жителей нарастает в одной из наших колоний, и в столицу $CAPITAL$, поступают донесения, что причиной стали ошибки управляющих в колонии. Мы могли бы попытаться решить проблему, найдя козлов отпущения в колониальной администрации. Впрочем, спокойствие бюрократов может быть поважнее довольных аборигенов какой-то богом забытой колонии.;X;X;X;X;X;X
EVTOPTA14530;Нам необходима эффективная, честная и бдительная администрация;X;X;X;X;X;X
EVTOPTB14530;Неприятная история... ой, уже почти обед. Кто идет играть в крикет после обеда?;X;X;X;X;X;X
EVTNAME14540;Экзотическая фауна!;X;X;X;X;X;X
EVTDESC14540;«В бассейне реки Конго, в глубинах Бенгалии, в джунглях Индии и на побережьях Явы наука открывает новые виды. Свет цивилизации достигает самых темных уголков планеты, и тайны Творца постепенно раскрываются. Поднимите камень в любой из колоний, и вы точно обнаружите под ним какую-нибудь экзотическую тварь».\n\nНовые виды экзотической фауны обнаружены в колониях, и поступило предложение основать Колониальный Музей Естественной Истории.;X;X;X;X;X;X
EVTOPTA14540;Идея интересная, но это весьма затратно;X;X;X;X;X;X
EVTOPTB14540;Лучше наблюдать за этими тварями в естественной среде обитания;X;X;X;X;X;X
EVTNAME14550;Колониальная выставка;X;X;X;X;X;X
EVTDESC14550;«Богатства колоний текут рекой в нашу казну, но не одни лишь деньги приносит освоение Нового Мира. Главная выгода от присутствия в колониях - все новые возможности для испытания и применения наших новейших технологий».\n\nПара филантропов в стране $COUNTRY$ решили основать колониальную выставку, прославив тем самым наши колонии, миссионеров и нашу Империю в целом. Вопрос в том, как подать эту выставку - как триумф нашей технологии, или как салют нашей великой Империи?;X;X;X;X;X;X
EVTOPTA14550;Слава Империи!;X;X;X;X;X;X
EVTOPTB14550;Слава промышленным магнатам и ученым!;X;X;X;X;X;X
EVTNAME14560;Образование в колониях;X;X;X;X;X;X
EVTDESC14560;«Здесь, в отдаленных местах, забытых богом и людьми, варварские обычаи, неприемлемые для цивилизованных народов, все еще сильны. Они царствуют среди аборигенов наравне с безграмотностью, антисанитарией и полным невежеством».\n\nУправление по делам колоний опубликовало отчет о социальной политике в колониях, и читать его не очень приятно. Большинство людей в колониях живут, как в Темные Века или того хуже. Управление по делам колоний требует принять меры.;X;X;X;X;X;X
EVTOPTA14560;Необходимо массовое образование;X;X;X;X;X;X
EVTOPTB14560;Полагаю, ресурсами можно распорядиться и лучше;X;X;X;X;X;X
EVTNAME14570;Недовольство в колониях;X;X;X;X;X;X
EVTDESC14570;«В колонии зреет недовольство, несмотря на попытки губернаторов провести переговоры между местными властями и метрополией. Рекомендации управления по делам колоний таковы: необходимо либо принять меры по примирению с местными, либо лишить их власти, переведя колонию под прямое управление губернатора».\n\nМестные жители в одной из колоний недовольны нашим правлением, и нужно решить, как действовать в этой ситуации.;X;X;X;X;X;X
EVTOPTA14570;Мы не уступим угрозам и шантажу;X;X;X;X;X;X
EVTOPTB14570;Мы попытаемся достичь компромисса;X;X;X;X;X;X
EVTNAME14580;Осквернение святыни;X;X;X;X;X;X
EVTDESC14580;В провинции $PROVINCENAME$ дела идут хуже некуда: колониальная полиция, преследуя подозреваемых в убийстве чиновника, вломилась в святилище. По-видимому, оно что-то значило для местных. Они в ярости из-за неуважения к их религии.;X;X;X;X;X;X
EVTOPTA14580;Да кого вообще волнует их религия?;X;X;X;X;X;X
EVTOPTB14580;Их верования следует уважать;X;X;X;X;X;X
EVTNAME14590;Бунтарские настроения в войсках;X;X;X;X;X;X
EVTDESC14590;Полк колониальных войск в одной из колоний угрожает открытым бунтом из-за недовольства $COUNTRY_ADJ$ командирами. Судя по докладам военных, местным новобранцам трудно приспособиться к жесткой дисциплине современной армии, однако в особом мнении управления по делам колоний упоминаются также на случаи побоев и недостойного поведения со стороны наших офицеров.;X;X;X;X;X;X
EVTOPTA14590;Ленивые аборигены должны приспособиться!;X;X;X;X;X;X
EVTOPTB14590;Мы должны принять ответственность;X;X;X;X;X;X
EVTNAME14600;Волна беспорядков в колониях;X;X;X;X;X;X
EVTDESC14600;«Возможно, в этом году что-то было в воздухе. Некоторые считают, что это была необычная солнечная активность, другие - просто цепочка неудачных совпадений. Так или иначе, но в $YEAR$ году волна беспорядков прокатилась по $COUNTRY_ADJ$ колониям, словно лесной пожар».\n\nВолна беспорядков сотрясает колонии, и надо действовать. Уступки местным будут стоить потери престижа, но отказать им довольно сложно.;X;X;X;X;X;X
EVTOPTA14600;Сохраняйте спокойствие. Это пройдет...;X;X;X;X;X;X
EVTOPTB14600;Мы пойдем на необходимые уступки ради спокойствия;X;X;X;X;X;X
EVTNAME14610;Напряжение спадает;X;X;X;X;X;X
EVTDESC14610;Напряжение в провинции $PROVINCENAME$ региона $STATENAME$ уже долгое время нарастало, но недавно подул ветер перемен. На территории почему-то стало спокойней, воинственно настроенные граждане возвращаются к работе. Возможно, они сочли противостояние бессмысленным ввиду нашей мощи, или же гнев прошел сам собой.;X;X;X;X;X;X
EVTOPTA14610;Отлично!;X;X;X;X;X;X
EVTNAME14620;Гражданские беспорядки;X;X;X;X;X;X
EVTDESC14620;Высокая враждебность населения в провинции $PROVINCENAME$ региона $STATENAME$ привела к чрезвычайному происшествию государственной важности: стычки и мародерство выплеснулись на улицы. Ситуация может привести к массовой бойне, если мы не предпримем мер. Колониальная полиция готова вмешаться и восстановить порядок, но все ожидают инструкций губернатора.;X;X;X;X;X;X
EVTOPTA14620;Вмешаться немедленно!;X;X;X;X;X;X
EVTOPTB14620;Вмешаться... когда-нибудь...;X;X;X;X;X;X
EVTNAME14630;Ошибки в управлении колониями;X;X;X;X;X;X
EVTDESC14630;«И управление по делам колоний настоятельно рекомендует реорганизовать вышеозначенную колонию, иначе она окончательно сползет в трясину бюрократического произвола, творившегося последние пару лет. В этом случае хищения народного богатства, коррупция и неэффективность на долгие годы станут основной достопримечательностью колонии».\n\nОдна из наших колоний погрузилась в бездны произвола. Управление по делам колоний предлагает провести реорганизацию, но это может не найти понимания у местных властей.;X;X;X;X;X;X
EVTOPTA14630;Оставьте колонию в покое. Надеюсь, ситуация разрешится сама...;X;X;X;X;X;X
EVTOPTB14630;Реорганизуйте колонию и примите меры для предотвращения подобных ситуаций в будущем;X;X;X;X;X;X
EVTNAME14640;Беспорядки в колониях;X;X;X;X;X;X
EVTDESC14640;«Хотя анти-$COUNTRY_ADJ$ настроения уже долгое время зреют в колонии, лишь недавно они вылились в открытое насилие. В последние несколько месяцев убиты трое чиновников колониального правительства, и очевидно, что нужно решать этот вопрос, иначе ситуация выйдет из-под контроля».\n\nСпокойствие одной из наших колоний оказалось обманчивым. Беспорядки среди местных и недовольство колониальным правлением уже через пару дней приведут к открытому восстанию. Затишью перед бурей пришел конец.;X;X;X;X;X;X
EVTOPTA14640;Сделайте хоть что-нибудь! Исполняйте!;X;X;X;X;X;X
EVTOPTB14640;Что? С чего мне волноваться?;X;X;X;X;X;X
EVTNAME14650;Охота на крупную дичь;X;X;X;X;X;X
EVTDESC14650;Львы, слоны, жирафы, быки, пантеры и носороги - волшебная привлекательность Африки во многом связана с ее разнообразной флорой и фауной. Охота на крупную дичь стала весьма популярной в провинции $PROVINCENAME$, принося доход всему региону $STATENAME$ и привлекая новых туристов. Появилось предложение пригласить иностранных чиновников на охоту в провинцию $PROVINCENAME$. Престиж нашей страны, несомненно, вырастет, но местные будут не очень довольны толпами туристов на своих плантациях.;X;X;X;X;X;X
EVTOPTA14650;Не буди лихо, пока оно тихо;X;X;X;X;X;X
EVTOPTB14650;Охота - часть круговорота жизни и смерти;X;X;X;X;X;X
EVTNAME14660;Хейя сафари!;X;X;X;X;X;X
EVTDESC14660;Хейя сафари! В диких землях провинции $PROVINCENAME$ есть на что посмотреть. Сафари стали очень популярны. Надевай шлем, готовь седло - сегодня будем в пути до заката, а то и до восхода. Провинция $PROVINCENAME$ притягивает европейских богатеев как магнит: все хотят увидеть чудеса Африки лично. Современные пароходы привозят их сотнями. Местная фауна пополнилась новым видом - европеец на сафари.;X;X;X;X;X;X
EVTOPTA14660;Это прекрасно отразится на нашей репутации!;X;X;X;X;X;X
EVTOPTB14660;Давайте пригласим этого посла... как его там?;X;X;X;X;X;X
EVTNAME14670;Сердце тьмы;X;X;X;X;X;X
EVTDESC14670;«И лишь тогда я увидел, как они с ними обращаются... лишь тогда. Там был ребенок, хорошо его помню. Лет восемь, может девять. У них были нормы на добычу. И в тот день он не выполнил свою. Не спрашивайте, почему. Я... его руки...!»\n\nОбщество страны $COUNTRY$ потрясено - крупное европейское издание опубликовало статью об условиях труда в одной из колоний. Жестокая эксплуатация местных, телесные наказания и увечья от побоев - этими методами поддерживается порядок в колонии, на рудниках и плантациях. Их скрывают от управления по делам колоний с помощью коррупции и взяток.;X;X;X;X;X;X
EVTOPTA14670;Государству $COUNTRY$ не пристало извиняться;X;X;X;X;X;X
EVTOPTB14670;Мы признаем ответственность за совершенное зло;X;X;X;X;X;X
EVTNAME14680;Население для колоний!;X;X;X;X;X;X
EVTDESC14680;«Земля! Свобода! Труд!»\n\nУправление по делам колоний предложило организовать кампанию для стимулирования эмиграции в колонии, чтобы усилить в них $COUNTRY_ADJ$ присутствие. Управление обнаружило подходящую для этих целей колонию, и требуется лишь подписать указ.;X;X;X;X;X;X
EVTOPTA14680;Полностью поддерживаю идею;X;X;X;X;X;X
EVTOPTB14680;Полагаю, для начала следует заняться делами на родине;X;X;X;X;X;X
EVTNAME14690;Гуркхи, аскари, тиральеры;X;X;X;X;X;X
EVTDESC14690;«Я был рожден под властью государства $COUNTRY$. Всю жизнь носил $COUNTRY_ADJ$ одежду, выучил $COUNTRY_ADJ$ язык. И я готов умереть за свою страну».\n\nТрадиция поддерживать государство $COUNTRY$ и $COUNTRY_ADJ$ власть сильна в одной из наших колоний, и несколько местных поддержали предложение управления по делам колоний: они готовы сформировать военные полки из местных для поддержания порядка в колониях.;X;X;X;X;X;X
EVTOPTA14690;Мои верные подданные, служите лучше своей родной земле!;X;X;X;X;X;X
EVTOPTB14690;Отличная идея, нужно бросить все силы на ее осуществление;X;X;X;X;X;X
EVTNAME14700;Банановые страны;X;X;X;X;X;X
EVTDESC14700;«Банановая лодка, грузи ее всю ночь. Забрезжит утро, пора домой».\n- Песня о Банановом Корабле\n\nЭкспансия колониальных предприятий позволила привозить в метрополию множество ранее неизвестных товаров. Судно с бананами только что пришвартовалось в одном из наших портов, и граждане с удивлением вкушают сладкий, странный фрукт, неведомый $COUNTRY_ADJ$ публике. Трюмы кораблей полны бананов. Люди в восторге.;X;X;X;X;X;X
EVTOPTA14700;Ананасы-бананасы!;X;X;X;X;X;X
EVTNAME14710;Война - это грабеж;X;X;X;X;X;X
EVTDESC14710;«Так что если правительство в столице $CAPITAL$ могло бы помочь нам в нашем маленьком деле, мы были бы очень благодарны».\n\nПромышленные магнаты предложили правительству идею - они нашли новый способ грабежа. В одной из наших колоний есть несколько акров сельхозугодий, но их можно было бы использовать эффективнее, обрабатывая современной техникой. Конечно, чтобы продать эти земли в руки капиталистов, землю придется экспроприировать у прежних владельцев. Но с этим-то проблем не будет, верно?;X;X;X;X;X;X
EVTOPTA14710;Вон отсюда, хапуги;X;X;X;X;X;X
EVTOPTB14710;Клиент всегда пр... то есть, мы подумаем над вашим предложением.;X;X;X;X;X;X
EVTNAME14720;Убыточные колонии;X;X;X;X;X;X
EVTDESC14720;«Не могу понять, почему правительство настаивает на трате тысяч, если не миллионов, фунтов каждый год на империализм и проекты за границей, которые лишь обременяют наш бюджет. Нас не звали в колонии, и, по-моему, нам там не место».\n\nРопот против колоний все громче раздается в государстве $COUNTRY$, все больше и больше людей подвергают сомнению наши колониальные амбиции. Колонии представляются бременем, а не богатством, и сподвигнуть народ на освоение колоний становится трудней.;X;X;X;X;X;X
EVTOPTA14720;Колонии жизненно необходимы нашей нации;X;X;X;X;X;X
EVTOPTB14720;Мы должны начать пропаганду о пользе колоний;X;X;X;X;X;X
EVTNAME15000;$PROVINCECULTURE$ негодуют: полиция застрелила мальчишку!;X;X;X;X;X;X
EVTDESC15000;Среди населения провинции $PROVINCENAME$ уже долго зреет недовольство, и теперь нам грозит социальный взрыв - местная полиция пыталась разогнать толпу, нарушившую запрет на общественные собрания. В итоге обе стороны применили силу, и жертвой огня полицейских пал мальчишка из толпы.;X;X;X;X;X;X
EVTOPTA15000;У государства $COUNTRY$ есть дела поважнее;X;X;X;X;X;X
EVTOPTB15000;Провести строгое расследование случая;X;X;X;X;X;X
EVTNAME15010;Правила торговли в провинциях;X;X;X;X;X;X
EVTDESC15010;В результате политики в области гражданства, установленной правительством, солдатам нашей армии приказано покупать лишь те товары, которые продают $COUNTRYCULTURE$. Из-за этого накаляется и без того сложная ситуация в провинции $PROVINCENAME$: $PROVINCECULTURE$ стали жертвой дискриминации со стороны правительства.;X;X;X;X;X;X
EVTOPTA15010;Правила остаются в силе;X;X;X;X;X;X
EVTOPTB15010;Отменить правила;X;X;X;X;X;X
EVTNAME15020;$PROVINCECULTURE$ получили поэта!;X;X;X;X;X;X
EVTDESC15020;«Проснитесь, сыны мои. Вооружитесь оружием праведным! Стряхните цепи, которыми вы связаны!»\n\n$PROVINCECULTURE$ получили своего поэта. Его тревожит низкая сознательность его народа, так что он опубликовал гимн родной стране, который быстро стал популярным у движения национального сопротивления нашей власти в провинции $PROVINCENAME$. Мы могли бы избавиться от поэта, но убийство могут раскрыть. Как быть?;X;X;X;X;X;X
EVTOPTA15020;Оставить его в покое;X;X;X;X;X;X
EVTOPTB15020;Стрихнин или цианид?;X;X;X;X;X;X
EVTNAME15030;Дискриминация в школе;X;X;X;X;X;X
EVTDESC15030;Школы в провинции $PROVINCENAME$ занимаются дискриминацией: $COUNTRYCULTURE$ получают гораздо больше поддержки, а $PROVINCECULTURE$ чувствуют, что их притесняют. Хотя такая политика и способствует нашему техническому прогрессу, $PROVINCECULTURE$ могут решиться на самые разные меры вплоть до вооруженного сопротивления и положить конец нашей власти в этих краях.;X;X;X;X;X;X
EVTOPTA15030;Слегка изменить политику образования;X;X;X;X;X;X
EVTOPTB15030;Пускай остаются неграмотными;X;X;X;X;X;X
EVTNAME15040;Проповедник;X;X;X;X;X;X
EVTDESC15040;«И пусть $COUNTRY_ADJ$ люди знают, что мы не будем спокойно взирать на то, как они отбирают нашу паству».\n\nМестный проповедник в провинции $PROVINCENAME$ агитирует за национальное сопротивление нашей власти, но это лишь еще один симптом болезни, глубоко поразившей общество. Вообще большая часть священников в провинции $PROVINCENAME$ в последнее время выражают протест.;X;X;X;X;X;X
EVTOPTA15040;Усмирить священников с помощью закона;X;X;X;X;X;X
EVTOPTB15040;Избавиться от главных смутьянов;X;X;X;X;X;X
EVTNAME15050;Подпольная газета;X;X;X;X;X;X
EVTDESC15050;$PROVINCECULTURE$ - меньшинство провинции $PROVINCENAME$, выпускают газету. С помощью пары старых законов о прессе мы могли бы прикрыть ее, но наше участие будет всем очевидно - может, лучше оставить все как есть?;X;X;X;X;X;X
EVTOPTA15050;Это лишь $PROVINCECULTURE$! Нечего их бояться...;X;X;X;X;X;X
EVTOPTB15050;Прикрыть издание от греха подальше;X;X;X;X;X;X
EVTDESC15060;Ни для кого не секрет, что $PROVINCECULTURE$, участвующие в движении сопротивления, получают поддержку от Первого Фермерского Банка провинции $PROVINCENAME$. $COUNTRYCULTURE$ встретили очень сильный отпор в провинции. Движение сопротивление очень активно, а банк дошел до того, что выставлял на продажу землю, которую могли купить только $PROVINCECULTURE$. В местном правительстве поговаривают о национализации банка, но страх перед недовольством в обществе вынудил их вынести вопрос на государственный уровень. Как поступим?;X;X;X;X;X;X
EVTOPTA15060;Национализировать банк;X;X;X;X;X;X
EVTOPTB15060;Закрыть его, но сохранить инвестиции фермеров в банке;X;X;X;X;X;X
EVTOPTC15060;Не стоит будить спящую собаку;X;X;X;X;X;X
EVTNAME15070;$PROVINCECULTURE$-трудяги;X;X;X;X;X;X
EVTDESC15070;$PROVINCECULTURE$ основали подпольный профсоюз рабочих и ремесленников в провинции $PROVINCENAME$, и местные власти доводят сей факт до нашего внимания. Остановить деятельность профсоюза необходимо, чтобы производство в провинции не встало, но такие действия вызовут недовольство... Как быть?;X;X;X;X;X;X
EVTOPTA15070;Надо быть помягче;X;X;X;X;X;X
EVTOPTB15070;Надо взять дубину побольше...;X;X;X;X;X;X
EVTNAME15080;$PROVINCECULTURE$ восстают!;X;X;X;X;X;X
EVTDESC15080;Образно говоря, зловещие письмена уже давно были на стене, но чиновники провинции $PROVINCENAME$ наконец получили доказательства: местные планируют вооруженное восстание против $COUNTRY_ADJ$ власти. Тайной полиции удалось раскрыть планы восстания с помощью информаторов и двойных агентов. Что делать? Мы можем сразиться с повстанцами в одной, решающей битве, или же попытаться разбить их на мелкие группы, которые разбегутся по округе.;X;X;X;X;X;X
EVTOPTA15080;Сразимся с ними в решающем бою;X;X;X;X;X;X
EVTOPTB15080;Разбить их на мелкие группы;X;X;X;X;X;X
EVTNAME15090;Оскорбление офицера;X;X;X;X;X;X
EVTDESC15090;Мальчишка в провинции $PROVINCENAME$ на своей шкуре узнал, что офицеров $COUNTRY_ADJ$ армии не стоит оскорблять. Придя в сознание, юнец утирает кровь под носом. Войска в провинции $PROVINCENAME$ стали причиной ухудшения отношений с местным населением. Мы могли бы ужесточить устав, но в столице будет море недовольных.;X;X;X;X;X;X
EVTOPTA15090;Наглец получил по заслугам;X;X;X;X;X;X
EVTOPTB15090;Сделать выговор офицеру;X;X;X;X;X;X
EVTNAME15100;Аристократы подбивают крестьян на бунт;X;X;X;X;X;X
EVTDESC15100;«К оружию! Нищие, угнетенные, голодные братья из провинции $PROVINCENAME$. Во имя Господа, изгоним проклятых оккупантов с родной земли!» Местные аристократы в провинции $PROVINCENAME$ призывают к свержению нашей власти. Мы могли бы с ними разобраться сейчас, но, может, стоит выждать более удобного момента.;X;X;X;X;X;X
EVTOPTA15100;Нам плевать на их болтовню;X;X;X;X;X;X
EVTOPTB15100;Сокрушить бунтарей!;X;X;X;X;X;X
EVTNAME15110;$PROVINCECULTURE$ и их летописи;X;X;X;X;X;X
EVTDESC15110;Известный историк опубликовал историческую книгу о провинции $PROVINCENAME$. Книга может стать опасной, если ее прочитают $PROVINCECULTURE$, но мы можем повлиять на ее распространение. Если ограничим продажи, то книгу получат лишь богатые классы. Если нет, то, скорее всего, большинство читателей будет из средних классов. Как поступить?;X;X;X;X;X;X
EVTOPTA15110;Ограничить распространение;X;X;X;X;X;X
EVTOPTB15110;Не ограничивать распространение;X;X;X;X;X;X
EVTNAME15120;Конгресс нации;X;X;X;X;X;X
EVTDESC15120;$PROVINCECULTURE$ возбуждены до предела, и их лидеры собрались на национальный конгресс в провинции $PROVINCENAME$. Они требуют независимости, указывая на то, что все $PROVINCECULTURE$ желают самоуправления и независимости. Кроме того, они утверждают, что права их народа подавлены «$COUNTRY_ADJ$ игом».;X;X;X;X;X;X
EVTOPTA15120;Жребий брошен;X;X;X;X;X;X
EVTNAME15130;Все дороги ведут в г.$CAPITAL$;X;X;X;X;X;X
EVTDESC15130;Дорожные работы в провинции $PROVINCENAME$ угрожают привести к конфликту - проблема возникла из-за языка дорожных знаков. Местные власти полагают, что нужно использовать наш язык, но некоторые утверждают, что мы оскорбим местных жителей, если откажемся от их языка. Местные названия затруднят интеграцию провинции в нашем государстве, но наш язык, безусловно, вызовет недовольство местных. Как бы мы ни решили, местные сочтут, что все дороги в государстве $COUNTRY$ ведут в г.$CAPITAL$.;X;X;X;X;X;X
EVTOPTA15130;Пусть радуются $COUNTRYCULTURE$;X;X;X;X;X;X
EVTOPTB15130;Пусть радуются $PROVINCECULTURE$;X;X;X;X;X;X
EVTNAME15140;Равные возможности;X;X;X;X;X;X
EVTDESC15140;Комитет бизнесменов и торговцев из провинции $PROVINCENAME$ обратился к правительству в г.$CAPITAL$ с жалобой по поводу неприкрытой дискриминации при проведении госзаказов. Наше правительство придерживается политики преференций, предпочитая $COUNTRY_ADJ$ поставщиков, чем крайне возмущены $PROVINCECULTURE$. Комитет представляет интересы ремесленников и капиталистов в провинции, и мы могли бы попытаться расстроить их союз.;X;X;X;X;X;X
EVTOPTA15140;Нет времени на встречу с ними, увы;X;X;X;X;X;X
EVTOPTB15140;Пойти навстречу капиталистам;X;X;X;X;X;X
EVTOPTC15140;Пойти навстречу кустарям;X;X;X;X;X;X
EVTNAME15150;Культуркампф;X;X;X;X;X;X
EVTDESC15150;Если бы провинция $PROVINCENAME$ была героем эпической пьесы, то на горизонте сгущались бы темные грозовые тучи. $PROVINCECULTURE$ и $COUNTRY_ADJ$ меньшинство в провинции $PROVINCENAME$ на грани открытого противостояния. Экстренная депеша правительству в г.$CAPITAL$ требует вмешательства со стороны государства. Мы можем подавить радикальные организации в провинции или же выждать, надеясь, что ситуация разрешится сама собой.;X;X;X;X;X;X
EVTOPTA15150;Подавить организации;X;X;X;X;X;X
EVTOPTB15150;Выждать;X;X;X;X;X;X
EVTNAME15160;С оружием в руках;X;X;X;X;X;X
EVTDESC15160;$COUNTRY_ADJ$ тайный склад с оружием в провинции $PROVINCENAME$ сегодня утром обнаружили взломанным и разграбленным. Среди прочего, было украдено артиллерийское орудие. $PROVINCECULTURE$-партизаны взяли на себя ответственность за акцию. Местные чиновники теперь опасаются, что, если $PROVINCECULTURE$ поднимут восстание в провинции $PROVINCENAME$, то они будут хорошо вооружены. Кроме того, этот случай может придать смелости и без того радикальному движению за независимость.;X;X;X;X;X;X
EVTOPTA15160;Черт побери!;X;X;X;X;X;X
EVTOPTB15160;Принять меры для замены украденного оружия;X;X;X;X;X;X
EVTNAME15170;Саботаж;X;X;X;X;X;X
EVTDESC15170;В результате саботажа были повреждены промышленные объекты в провинции $PROVINCENAME$. Представители фабрики полагают, что за этим стоят $PROVINCECULTURE$. Доказательств в данный момент у нас нет, но серьезное расследование могло бы многое прояснить, хотя оно потребует значительных затрат.;X;X;X;X;X;X
EVTOPTA15170;Арестовать первых попавшихся подозреваемых, как обычно;X;X;X;X;X;X
EVTOPTB15170;Провести серьезное расследование;X;X;X;X;X;X
EVTNAME15180;Органическая работа;X;X;X;X;X;X
EVTDESC15180;Философия «органической работы» зародилась в оккупированной Польше в ответ на подавление польской национальной культуры прусскими и российскими властями. Философия, основанная на принципах позитивизма Августа Конта, Герберта Спенсера и Джона Стюарта Милля, утверждала, что производительный труд, а не революция или восстание, является основой развития национального самосознания и, в итоге, путем мирной борьбы, приведет к национальному освобождению. Как в Польше, так и в провинции $PROVINCENAME$ люди следуют этим принципам.;X;X;X;X;X;X
EVTOPTA15180;Поддержать движение;X;X;X;X;X;X
EVTOPTB15180;Пусть движение развивается самостоятельно;X;X;X;X;X;X
EVTNAME15190;Бойня в провинции $PROVINCENAME$;X;X;X;X;X;X
EVTDESC15190;$PROVINCECULTURE$ восстали! Вооруженные действия местной знати против $COUNTRY_ADJ$ власти быстро переросли в нечто большее. Крестьяне провинции $PROVINCENAME$ подхватили призывы к верности государству $COUNTRYNAME$ и восстали против бунтующей знати! Банды крестьян быстро одержали верх. Теперь мы можем вмешаться и подавить восстание, или же позволить крестьянам разделаться с аристократам. Последнее избавит нас от части бунтовщиков из знати, однако может не понравиться остальным державам на континенте $CONTINENTNAME$.;X;X;X;X;X;X
EVTOPTA15190;Не вмешиваться;X;X;X;X;X;X
EVTOPTB15190;Рано или поздно надо вмешаться;X;X;X;X;X;X
EVTOPTC15190;Вмешаться немедленно;X;X;X;X;X;X
EVTNAME15200;Офицеры-националисты;X;X;X;X;X;X
EVTDESC15200;Это было вполне ожидаемо. Слухи ходили по частям, а иногда, стоило $COUNTRY_ADJ$ офицеру войти в комнату, даже самая оживленная беседа умолкала, словно наткнувшись на глухую стену. Офицеры-$PROVINCECULTURE$ в провинции $PROVINCENAME$ все больше увлекаются идеями национализма и сепаратизма, и у нас есть тому доказательства. Можно игнорировать это до поры до времени, или же избавиться от наиболее ярых националистов среди офицеров.;X;X;X;X;X;X
EVTOPTA15200;Избавиться от лидеров;X;X;X;X;X;X
EVTOPTB15200;Притвориться, что все в порядке;X;X;X;X;X;X
EVTNAME15210;$PROVINCECULTURE$ получают своего мученика;X;X;X;X;X;X
EVTDESC15210;Наручные часы показывают без пяти двенадцать. Он смотрит через площадь, не страшась бушующей толпы, взбирается на трибуну и начинает речь. Он говорит часами - о своей нации, ее угнетении, причинах гнета и о будущем. Он выбирает слова, оставляющие безоглядную уверенность в его правоте. $COUNTRY_ADJ$ жандармы влетают на площадь, и вскоре человека на трибуне уже нет. Где-то далеко в городе часы пробили двенадцать. Молодой националист арестован. Как с ним поступить?;X;X;X;X;X;X
EVTOPTA15210;Он явно опасен. Посадить его...;X;X;X;X;X;X
EVTOPTB15210;Он явно опасен. Казнить его...;X;X;X;X;X;X
EVTNAME15220;Солдаты-националисты;X;X;X;X;X;X
EVTDESC15220;Они двигаются неторопливо. Порой они слоняются по части, не заботясь о соблюдении уставной дисциплины. Если обратиться к ним, то они нехотя отдают честь - достаточно быстро, чтобы не нарушать устава, но настолько медленно, что становится ясно: их верность под вопросом. Они, $PROVINCECULTURE$, а не $COUNTRY_ADJ$ солдаты.;X;X;X;X;X;X
EVTOPTA15220;Требовать строгой дисциплины;X;X;X;X;X;X
EVTOPTB15220;Требовать строжайшей дисциплины;X;X;X;X;X;X
EVTNAME15230;Литературное общество;X;X;X;X;X;X
EVTDESC15230;$PROVINCECULTURE$ получили полную поддержку одного литературного клуба в другой стране, который поддерживает тайные связи с жителями провинции $PROVINCENAME$. Мы могли бы принять меры по изоляции провинции $PROVINCENAME$ от вредного влияния извне, к примеру, разрешив тайной полиции просматривать почту. Впрочем, это испортит отношения с вышеупомянутой иностранной державой. Мы можем и не обращать внимания на проблему и позволить недовольным гражданам установить контакт с зарубежьем. Но это не очень хорошая идея.;X;X;X;X;X;X
EVTOPTA15230;Тайная полиция исправит положение;X;X;X;X;X;X
EVTOPTB15230;Игнорировать проблему;X;X;X;X;X;X
EVTNAME15240;Патриотическая организация;X;X;X;X;X;X
EVTDESC15240;$PROVINCECULTURE$ создали небольшую патриотическую организацию, которая набирает популярность в провинции $PROVINCENAME$. Они утверждают, что занимаются лишь координацией своих соплеменников - граждан страны $COUNTRY$, чтобы помогать местным. Однако мы подозреваем, что организация тайно поддерживает и пропагандирует борьбу за независимость. Мы могли бы прикрыть ее, хотя это и повысит враждебность населения.;X;X;X;X;X;X
EVTOPTA15240;Оставить ее в покое;X;X;X;X;X;X
EVTOPTB15240;Прикрыть организацию;X;X;X;X;X;X
EVTNAME15250;Религиозные обряды;X;X;X;X;X;X
EVTDESC15250;До сих пор $PROVINCECULTURE$-священники в провинции $PROVINCENAME$ могли проводить службы на родном языке. Наша щедрость, судя по всему, была чрезмерной: эту привилегию используют для распространения анти-$COUNTRY_ADJ$ пропаганды среди паствы провинции $PROVINCENAME$. Мы могли бы выпустить указ, требующий отправления службы на государственном языке, но это разъярит священнослужителей. Стоит ли так поступать?;X;X;X;X;X;X
EVTOPTA15250;Запретить обряды;X;X;X;X;X;X
EVTOPTB15250;Игнорировать ситуацию;X;X;X;X;X;X
EVTNAME15260;Ограничения на строительство для меньшинств;X;X;X;X;X;X
EVTDESC15260;$PROVINCECULTURE$ должны быть интегрированы в $COUNTRY_ADJ$ государство. Для этого светлые головы в нашем правительстве придумали ограничить право этого меньшинства и прочих нацменьшинств на строительство жилья и землевладение. Хотя такие меры будут очень непопулярны среди меньшинств, они ускорят ассимиляцию. Ввести ограничения на строительство?;X;X;X;X;X;X
EVTOPTA15260;Да, конечно!;X;X;X;X;X;X
EVTOPTB15260;Нет, пусть владеют землей и строят жилье;X;X;X;X;X;X
EVTNAME15270;Повозка Држималы;X;X;X;X;X;X
EVTDESC15270;Старик Држимала придумал, как обойти запрет на строительство жилья, которому подчиняются все $PROVINCECULTURE$, - он живет в повозке. Как только власти пытаются прищучить его за нарушение запрета, он невозмутимо отвечает, что его жилье не стояло и суток на одном и том же месте, и таким образом не является постройкой. Каждое утро в семь часов он двигает повозку на пару метров. Мы стали посмешищем!;X;X;X;X;X;X
EVTOPTA15270;Отменить запрет на строительство!;X;X;X;X;X;X
EVTOPTB15270;Это лишь одиночка;X;X;X;X;X;X
EVTNAME15274;Гости у Држималы;X;X;X;X;X;X
EVTDESC15274;Иностранный журналист посетил старика Држималу в его повозке, собирая материал для статьи о человеке, который живет в повозке из-за $COUNTRY_ADJ$ законов, притесняющих нацменьшинства. Статья привлекла внимание на родине журналиста, и в мире узнают все больше о наших законах, направленных против меньшинств.;X;X;X;X;X;X
EVTOPTA15274;Отменить запрет на строительство!;X;X;X;X;X;X
EVTOPTB15274;Это лишь одиночка;X;X;X;X;X;X
EVTNAME15280;$COUNTRY_ADJ$ школы;X;X;X;X;X;X
EVTDESC15280;$PROVINCECULTURE$ ассимилируют медленнее, чем предполагалось. Одна из причин - их дети все еще учатся на родном языке. Приказав следовать национальному стандарту образования, мы можем вырастить новое поколение, которое будет ощущать себя гражданами $COUNTRY_ADJ$ государства.;X;X;X;X;X;X
EVTOPTA15280;Ввести $COUNTRY_ADJ$ школьную программу;X;X;X;X;X;X
EVTOPTB15280;Не обращать внимания;X;X;X;X;X;X
EVTNAME15290;Школьная забастовка;X;X;X;X;X;X
EVTDESC15290;Он отводит руку, словно удивлен силой собственного удара. Все позади - он уже не в гневе, а скорей, напуган. Она сжимает зубы и шипит, запинаясь от боли, с сильным акцентом: «$COUNTRY_ADJ$ свиньи вроде вас будут гореть в аду». Наверное, это единственные известные ей слова на нашем языке. На следующий день родители не пустили своих детей в $COUNTRY_ADJ$ школы, утверждая, что там драконовские порядки. Этот инцидент стал известен, как школьная забастовка $YEAR$ года в провинции $PROVINCENAME$.;X;X;X;X;X;X
EVTOPTA15290;Изменить школьную программу;X;X;X;X;X;X
EVTOPTB15290;Учите склонения, неучи;X;X;X;X;X;X
EVTNAME15300;Сокольское движение;X;X;X;X;X;X
EVTDESC15300;В 1862г. в Праге зародилось физкультурное движение, быстро распространившееся и в других славянских государствах. Официально движение было неполитическим, но на практике сокольское движение было важным элементом чешского национализма и панславянской идеологии. Движение преследовало цели гармоничного умственного и физического развития участников, а его собрания становились площадками для распространения радикальных националистических идей, за что движение несколько раз пытались подавить власти.;X;X;X;X;X;X
EVTOPTA15300;В провинции $PROVINCENAME$ им не место!;X;X;X;X;X;X
EVTOPTB15300;Почему бы и нет?;X;X;X;X;X;X
EVTOPTA15310;Ужасно. Просто ужасно...;X;X;X;X;X;X
EVTOPTB15310;Приложить все усилия, чтобы закрыть этот университет;X;X;X;X;X;X
EVTNAME16000;Раскол в парламенте;X;X;X;X;X;X
EVTOPTA16000;Трижды ура Союзу!;X;X;X;X;X;X
EVTOPTB16000;Вперед, под знаменем Дикси! Урра!;X;X;X;X;X;X
EVTNAME16010;Последний рейд Джона Брауна;X;X;X;X;X;X
EVTOPTA16010;Его душа, воистину, идет вперед;X;X;X;X;X;X
EVTNAME16020;Дред Скотт против Сэндфорда;X;X;X;X;X;X
EVTDESC16020;«Дред Скотт, рожденный рабом, рабом и остается...» - Дред Скотт против Сэндфорда\n\nДред Скотт, рожденный рабом в Вирджинии, с помощью юристов-аболиционистов подал в суд на своего «владельца», утверждая, что его проживание в свободном штате является основанием для освобождения. Верховный суд США вынес противоположное решение - права рабовладельцев защищаются независимо от того, где на территории Союза проживает раб. Судебное дело вызвало огромные волнения среди северян-аболиционистов, которые полагают, что следующей ступенью станет распространение института рабства на всю территорию США.;X;X;X;X;X;X
EVTOPTA16020;Плохие новости;X;X;X;X;X;X
EVTNAME16030;Красавица Юга;X;X;X;X;X;X
EVTDESC16030;В белом платье она проходит по улицам провинции $PROVINCENAME$. Ее простая красота и благородный вид собирают восторженные взгляды. Голос ее плавный и нежный, словно аромат магнолии, мягкий, как хлопок, и доброжелательный, словно уютная веранда, где можно отдохнуть. Воплощенье добродетели, чести и достоинства - таковы женщины Юга. Поднимем же бокалы за Дикси!;X;X;X;X;X;X
EVTOPTA16030;За наших рыцарей!;X;X;X;X;X;X
EVTOPTB16030;За трудящихся Юга!;X;X;X;X;X;X
EVTNAME16040;Помещики Юга;X;X;X;X;X;X
EVTDESC16040;«Была когда-то страна искусных наездников и хлопковых полей. Звалась она старым Югом. Там в маленьких уголках, застыла в поклоне сама галантность. Там жили последние рыцари и прекрасные дамы. Последние хозяева и их рабы. Теперь об этом можно прочитать только в книгах. Теперь это не более чем сон, который трудно забыть. Это целый мир, унесенный ветром...» - Унесенные ветром\n\nАграрная экономика юга США во многом напоминала систему древнеримских усадеб или средневековый феодализм - экономическая и политическая власть была сосредоточена в руках помещиков-аристократов, и в этом заключалось отличие Юга от промышленно развитого Севера. Другая культура сама по себе не достаточное основание для гражданской войны, но она стала одним из основных камней преткновения между янки и дикси.;X;X;X;X;X;X
EVTOPTA16040;Хозяева...;X;X;X;X;X;X
EVTOPTB16040;...и рабы...;X;X;X;X;X;X
EVTNAME16050;Я хотел бы быть в Дикси;X;X;X;X;X;X
EVTDESC16050;«И я хочу быть в Дикси! Ура! Ура!\nЯ буду драться до конца, до самого конца...»\n\n- Дикси-Ленд\n\nГоворят, слово «Дикси», обозначающее юг США, произошло от линии Мэйсона-Диксона, разделяющей штаты Мэриленд, Делавэр, Вирджиния и Пенсильвания. Раскол между Севером и Югом, прошедший по разделу Мэйсона-Диксона, определял не только границы рабства, но и национальной идентичности.;X;X;X;X;X;X
EVTOPTA16050;Песенка для всех!;X;X;X;X;X;X
EVTOPTB16050;Плебейские песни;X;X;X;X;X;X
EVTNAME16060;Янки-дудль;X;X;X;X;X;X
EVTDESC16060;«Янки Дудль к нам верхом, \nПриезжал на пони.\nШляпу круглую с пером\nЗвал он макарони».\n\n-Янки-Дудль\n\nСлово «янки» произошло от прозвища, которым датские колонисты называли поселенцев Новой Англии: «янке», что значит 'маленький Ян'. В XIX веке этим словом часто пользовались, чтобы обозначить культурные различия между северянами и южанами в США.;X;X;X;X;X;X
EVTOPTA16060;Песенка для всех!;X;X;X;X;X;X
EVTOPTB16060;Плебейские песни;X;X;X;X;X;X
EVTNAME16080;Следуй за глазом в ночи;X;X;X;X;X;X
EVTDESC16080;«Когда растет вновь день, и перепелка зовет, \nСледуй за глазом в ночи.\nТам ждет старикан, что свободу несет, \nКоль пойдешь ты за глазом в ночи».\n\n-Следуй за глазом в ночи\n\nПо преданию, песня «Следуй за глазом в ночи» была написана для беглых рабов, которые бежали с Юга на свободу, на Север. Песня говорила следовать за «глазом в ночи», то есть полярной звездой.;X;X;X;X;X;X
EVTOPTA16080;Пусть поют;X;X;X;X;X;X
EVTOPTB16080;Опасные идеи;X;X;X;X;X;X
EVTNAME16090;Рыцари золотого круга;X;X;X;X;X;X
EVTDESC16090;Местный кружок тайного общества, посвященного пропаганде интересов юга США путем распространения рабства - «Рыцари золотого круга» - появился в провинции $PROVINCENAME$. Мы могли бы попытаться прекратить их деятельность, но местные могут воспринять это как попрание традиций республики.;X;X;X;X;X;X
EVTOPTA16090;Оставить их в покое;X;X;X;X;X;X
EVTOPTB16090;Прекратить деятельность общества;X;X;X;X;X;X
EVTNAME16100;Антирабовладельческое общество;X;X;X;X;X;X
EVTDESC16100;Американское антирабовладельческое общество, основанное в 1833г., было передовой организацией по борьбе с рабством в США. В обществе было немало известных членов - Фредерик Дуглас, Эбби Келли Фостер. Организация проводила собрания, выступления, выпускала еженедельную газету с 1840 по 1870гг. с целью уничтожения рабства в США. Теперь у общества появился филиал в провинции $PROVINCENAME$. Мы могли бы попытаться прекратить их деятельность, но местные могут воспринять это как попрание традиций республики.;X;X;X;X;X;X
EVTOPTA16100;Оставить их в покое;X;X;X;X;X;X
EVTOPTB16100;Прекратить деятельность общества;X;X;X;X;X;X
EVTNAME16110;Рынок рабов;X;X;X;X;X;X
EVTDESC16110;«Мы считаем самоочевидными истины: что все люди созданы равными и наделены Творцом определенными неотъемлемыми правами, к числу которых относится право на жизнь, на свободу и на стремление к счастью». - Декларация независимости, 1776 год\n\nТусклый свет в помещении с отсыревшими стенами. Воняет потом и немытыми телами. Тесное помещение, увешанное цепями и веревками, подсказывает, что за торговля идет на этом рынке. Одного за другим связанных негров выталкивают на помостки, где начинается торг. Здесь людей сгоняют, словно скот, чтобы продать в рабство.;X;X;X;X;X;X
EVTOPTA16110;Ну и?;X;X;X;X;X;X
EVTOPTB16110;Отвратительно!;X;X;X;X;X;X
EVTNAME16120;Листовки аболиционистов;X;X;X;X;X;X
EVTDESC16120;Длинную листовку, описывающую противоречия рабства с конституцией, распространяют в провинции $PROVINCENAME$. Если это продолжится, вырастет недовольство низших классов, среди которых распространяют эти листовки. Однако попытку запрета воспримут как попрание свободы слова. Местные власть имущие будут разгневаны. Попробуем ограничить распространение?;X;X;X;X;X;X
EVTOPTA16120;Нет!;X;X;X;X;X;X
EVTOPTB16120;Да!;X;X;X;X;X;X
EVTNAME16130;Беглый раб;X;X;X;X;X;X
EVTDESC16130;«Где я!?» - мужчина просыпается с криком. Когда ему рассказывают, что его нашли без сознания в паре ярдов к северу от границы штата $STATENAME$, он начинает смеяться, изредка сбиваясь на кашель. «$STATENAME$. Я в штате $STATENAME$. Милостивый Боже, я в штате $STATENAME$!» Человек оказался беглым рабом с плантации к югу от линии Мэйсона-Диксона. Он ранен, но ему удалось выжить. Одному богу ведомо, что он пережил за время побега. Федеральное законодательство, однако, требует возвращения раба его владельцу.;X;X;X;X;X;X
EVTOPTA16130;Закон есть закон;X;X;X;X;X;X
EVTOPTB16130;Он останется в штате $STATENAME$;X;X;X;X;X;X
EVTNAME16140;Подземная железная дорога;X;X;X;X;X;X
EVTDESC16140;Так называемая «Подземная железная дорога» - тайная организация аболиционистов, целью которой является помощь беглым рабам на пути к свободным штатам Севера. Мы имеем основания полагать, что они начали действовать в провинции $PROVINCENAME$. Мы могли бы надавить на местных политиков, чтобы те начали борьбу с их деятельностью - но тем самым мы рискуем вызвать всплеск аболиционизма на Севере.;X;X;X;X;X;X
EVTOPTA16140;Оставить их в покое;X;X;X;X;X;X
EVTOPTB16140;Пресечь их деятельность;X;X;X;X;X;X
EVTNAME16150;Медноголовые;X;X;X;X;X;X
EVTDESC16150;«Медноголовые» - фракция демократов в северных штатах США, которые во время Гражданской войны были против военных действий и склонялись к миру с Югом. Прозвище им дали профсоюзы, называя их ядовитыми гадюками, но вскоре и сами они стали называть себя медноголовыми. Хотя войны пока нет, некоторые круги в демократической партии провинции $PROVINCENAME$ решительно против аболиционизма. Мы могли бы начать там политическую кампанию, чтобы нейтрализовать их влияние, но это вызовет недовольство южан.;X;X;X;X;X;X
EVTOPTA16150;У нас есть дела поважнее;X;X;X;X;X;X
EVTOPTB16150;Ведите постоянные дебаты с медноголовыми;X;X;X;X;X;X
EVTNAME16160;Освободитель;X;X;X;X;X;X
EVTDESC16160;Газета «Освободитель», основанная в 1831г. У. Гаррисоном, стала одной из самых известных газет, агитирующих за отмену рабства в США перед началом Гражданской войны. Хотя тираж издания был небольшим - лишь пара тысяч экземпляров, - оно прославилось неизменной приверженностью идеям аболиционизма. Вышел очередной выпуск «Освободителя», и дебаты о рабстве вспыхнули с новой силой.;X;X;X;X;X;X
EVTOPTA16160;Воистину...;X;X;X;X;X;X
EVTNAME16170;Власть рабовладельцев;X;X;X;X;X;X
EVTDESC16170;«Властью рабовладельцев» называли власть помещиков-рабовладельцев, «аристократов» юга США. Многие политики Севера рассматривали рабство не только как попрание прав чернокожих, но и как политику, в корне противоречащую идеалам республики, изложенным в документах, на которых основаны Соединенные Штаты Америки, а следовательно, как наивысшую угрозу гражданским идеалам страны. Сегодня сенаторы Юга заблокировали прохождение законопроекта в палате представителей. Хоть это и мелкое событие, оно вполне ясно демонстрирует степень влияния южных штатов на американскую политику.;X;X;X;X;X;X
EVTOPTA16170;О, нет! Мой акт о коллекционировании марок!;X;X;X;X;X;X
EVTNAME16180;Фристейтеры;X;X;X;X;X;X
EVTDESC16180;Во время самых ожесточенных дебатов о рабстве в парламенте, часть аболиционистов организовали эмиграцию в штаты Канзас и Небраска, чтобы предотвратить их превращение в рабовладельческие штаты. Теория суверенитета выбора гласит, что в штатах вопрос о рабстве будет определяться демократическим голосованием. Этих аболиционистов назвали фристейтерами - теперь они появляются и в штате $STATENAME$.;X;X;X;X;X;X
EVTOPTA16180;Пусть селятся, где хотят;X;X;X;X;X;X
EVTOPTB16180;Издать указ, чтобы остановить их;X;X;X;X;X;X
EVTNAME16190;Приграничные бандюги;X;X;X;X;X;X
EVTDESC16190;Огонь пожирает деревянные дома и хижины, освещая звездное небо оранжевым маревом. Дым тянется над городом. Он едет по главной улице, отбрасывая дрожащие тени. «Выходите, где вы есть!» - кричит он. Где-то далеко в городе слышны выстрелы и крики умирающих. Приграничные бандюги, намереваясь сделать штат $STATENAME$ рабовладельческим, пересекли границу провинции $PROVINCENAME$ и напали на небольшое поселение.;X;X;X;X;X;X
EVTOPTA16190;Ужасная новость;X;X;X;X;X;X
EVTOPTB16190;Издать указ, чтобы остановить их;X;X;X;X;X;X
EVTNAME16200;Кровопролитие в штате $STATENAME$;X;X;X;X;X;X
EVTDESC16200;В провинции $PROVINCENAME$ идут столкновения между приграничными бандитами и фристейтерами из-за рабства, и количество жертв растет. В будущем эти события назовут Кровопролитием в штате $STATENAME$ - они привлекут внимание всей нации к вопросу рабства.;X;X;X;X;X;X
EVTOPTA16200;Настал черный день;X;X;X;X;X;X
EVTNAME16210;Война в провинции $PROVINCENAME$;X;X;X;X;X;X
EVTDESC16210;Бандюги штата $STATENAME$ напали на небольшое поселение в провинции $PROVINCENAME$ с целью выбить аболиционистов из штата $STATENAME$. В бою погибли сотни людей - эти события войдут в историю как Война в провинции $PROVINCENAME$.;X;X;X;X;X;X
EVTOPTA16210;Настал черный день для штата $STATENAME$;X;X;X;X;X;X
EVTNAME16220;Эмигрант Эйд, Ко.;X;X;X;X;X;X
EVTDESC16220;Баланс сил между фристейтерами и приграничными бандюгами влияет на политику во всем Союзе. Для достижения своих целей аболиционисты организовали в штате $STATE$ компанию «Эмигрант Эйд», которая должна помогать фристейтерам поселиться в новой территории. Мы можем ожидать увеличения числа поселений фристейтеров в будущем.;X;X;X;X;X;X
EVTOPTA16220;Интересно;X;X;X;X;X;X
EVTNAME16230;Рейдеры Куантрилла!;X;X;X;X;X;X
EVTDESC16230;Бандиты, собравшиеся вокруг Вильяма Кларка Куантрилла, атаковали поселение фристейтеров в провинции $PROVINCENAME$ и сожгли его дотла. Резня в провинции $PROVINCENAME$ - лишь мелкий эпизод в длительном конфликте между поддерживающими рабство «бандюгами» и фристейтерами-аболиционистами в штате $STATENAME$.;X;X;X;X;X;X
EVTOPTA16230;Ужасная новость;X;X;X;X;X;X
EVTNAME16240;Стрелки потаватоми;X;X;X;X;X;X
EVTDESC16240;Сотня человек из «Стрелков потаватоми», боевого отряда аболиционистов, нанесли удар по «приграничным бандюгам» в провинции $PROVINCENAME$, уничтожив их поселение.;X;X;X;X;X;X
EVTOPTA16240;Ужасная новость;X;X;X;X;X;X
EVTNAME16300;Хижина дяди Тома;X;X;X;X;X;X
EVTDESC16300;Роман Гарриет Бичер-Стоу «Хижина дяди Тома», опубликованный в 1852г., стал одной из самых известных книг, осуждающих рабство. Его влияние на осознание проблемы рабства в обществе было столь велико, что, по словам свидетелей, Авраам Линкольн при встрече со Стоу в начале Гражданской войны поприветствовал ее словами: «Так вы та маленькая леди, что начала эту большую войну».;X;X;X;X;X;X
EVTOPTA16300;Так вы та маленькая леди...;X;X;X;X;X;X
EVTNAME16310;Дело о шхуне Амистад;X;X;X;X;X;X
EVTDESC16310;Сегодня Верховный Суд вынес решение, что восставшие в 1839г. на испанской шхуне «Амистад» рабы, позже оказавшиеся в Нью-Йорке, лишь защищали свою свободу - учитывая запрет на атлантическую работорговлю. Это дело стало крупной победой движения за отмену рабства, и осведомленность общественности о проблеме рабства растет.;X;X;X;X;X;X
EVTOPTA16310;Интересно;X;X;X;X;X;X
EVTNAME16400;Государство $FROMCOUNTRY$ подало заявку на вступление в США на правах штата!;X;X;X;X;X;X
EVTDESC16400;Вчера утром мы получили извещение от $FROMCOUNTRY_ADJ$ конгресса с заявкой на вступление в США на правах штата. Конституция штата и карта границ прилагаются. Большинство полагает, что мы не откажем государству $FROMCOUNTRY$ в присоединении к нашему славному государству.;X;X;X;X;X;X
EVTOPTA16400;Народ как всегда прав!;X;X;X;X;X;X
EVTOPTB16400;Сейчас не время;X;X;X;X;X;X
EVTNAME16410;Конец «Анаконды»!;X;X;X;X;X;X
EVTDESC16410;Наши прибрежные воды вновь открыты для мореходства, и Великая змея Скотта нам более не угрожает. Ура!;X;X;X;X;X;X
EVTOPTA16410;Ура!;X;X;X;X;X;X
EVTNAME16420;Война сиу;X;X;X;X;X;X
EVTDESC16420;Наплыв поселенцев в Черные Холмы привел к эскалации конфликта с местными племенами сиу. Сегодня мы получили извещение, что на территории Дакоты индейцы образовали крупный военный союз, возглавляемый вождем по имени Сидящий Бык.;X;X;X;X;X;X
EVTOPTA16420;Что ж, пусть это будет их последний бой;X;X;X;X;X;X
EVTNAME16430;Конец войны сиу;X;X;X;X;X;X
EVTDESC16430;Сидящий Бык и его отважные воины капитулировали, сиу побеждены. Хотя стычки с их племенами продолжатся, копье народа сиу сломано навеки. Никогда впредь им не набрать такой силы, и их будущее в резервациях. Немного печально взирать на то, как от этой некогда великой нации остается лишь запись в учебниках истории нашей молодой республики.;X;X;X;X;X;X
EVTOPTA16430;Прощай, великий народ;X;X;X;X;X;X
EVTNAME16440;Войны апачей;X;X;X;X;X;X
EVTDESC16440;Апачи в Нью-Мексико, которых возглавляет человек по имени Викторио, восстали и убили несколько поселенцев на территории штата. Вторжение белого человека на исконные земли индейцев спровоцировало конфликт, и банда Викторио отказывается сдаваться на милость Соединенных Штатов.;X;X;X;X;X;X
EVTOPTA16440;Рано или поздно им придется сдаться;X;X;X;X;X;X
EVTNAME16450;Джеронимо повержен;X;X;X;X;X;X
EVTDESC16450;Известный партизан, воин народа апачей Джеронимо сегодня сдался капитану Генри Лоутону вместе с небольшой группой мужчин, женщин и детей. Теперь, когда Джеронимо сдался, последняя искра сопротивления апачей на Западе потухла. Некогда гордый народ покорен. И много лет спустя, на смертном одре, Джеронимо скажет племяннику, что всегда сожалел о решении сдаться властям.;X;X;X;X;X;X
EVTOPTA16450;Ура вождю!;X;X;X;X;X;X
EVTNAME17000;Суфражистки;X;X;X;X;X;X
EVTDESC17000; «...мы не смиримся с нашим положением, не успокоимся и не будем молчать! Дайте женщинам право голоса!»\n\nРазвитие либеральной мысли и феминизма в прошедшие годы позволило женщинам в стране $COUNTRY$ объединиться в организации суфражисток, требующих права голоса на равне с мужчинами. По всей стране $COUNTRY$ женщины перестают довольствоваться ролью домохозяйки и хранительницы очага и требуют права на труд, на владение собственностью, а также права голоса.;X;X;X;X;X;X
EVTNAME17010;Женский парламент;X;X;X;X;X;X
EVTDESC17010;Небольшая женская организация собрала международный конгресс по правам женщин. Заседание в г.$CAPITAL$ шло два дня, в нем участвовали как женщины, так и мужчины, но в первый день участвовать могли исключительно женщины. Во второй день обсуждалась тактика политической борьбы. Хотя между делегатами не было единого мнения, конгресс все же принял десять резолюций, содержащих требования равноправия женщин в семейном законодательстве, в образовании, в трудовом законодательстве, а также в религиозных и моральных вопросах.;X;X;X;X;X;X
EVTOPTA17010;Тайной полиции следует остановить этих опасных революционеров;X;X;X;X;X;X
EVTOPTB17010;Выразить поддержку женскому парламенту и его резолюциям;X;X;X;X;X;X
EVTNAME17570;Вперед!;X;X;X;X;X;X
EVTDESC17570;«Внимание, внимание! Общая забастовка в г.$CAPITAL$. Рабочие требуют повышения зарплаты. Внимание, внимание! Общая забастовка в...»\n\nСоциалистическая газета «Вперед!» выходит в г.$CAPITAL$. В ней публикуют новости о забастовках, новости политики и мирового социалистического движения.;X;X;X;X;X;X
EVTOPTA17570;А еще говорят, что левые не контролируют прессу... хех.;X;X;X;X;X;X
EVTOPTB17570;Интересная, наверное, газета;X;X;X;X;X;X
EVTNAME18000;Смена настроений в парламенте;X;X;X;X;X;X
EVTDESC18000;«... и чем же наша партия нынче помогла $COUNTRY_ADJ$ рабочим, когда народ требует реформ и социальной справедливости, в разгар голодовок и обострения классовой борьбы? Ничем, кроме невнятных обещаний! Коллеги, по этой причине, да и по множеству других, я не могу более называть себя либералом. Я либерал в истинном смысле этого слова - я социалист».\n\nГруппа радикально настроенных членов верхней палаты парламента решили организовать социалистическую платформу, требуя социальных реформ, равенства и братства трудящихся. Мы могли бы надавить на их политическую партию с требованием приструнить смутьянов.;X;X;X;X;X;X
EVTOPTA18000;Пусть поступают, как им заблагорассудится;X;X;X;X;X;X
EVTOPTB18000;Надавить на их партию;X;X;X;X;X;X
EVTNAME18010;Демократическая оппозиция;X;X;X;X;X;X
EVTDESC18010;«Социал-демократия - лишь название. Хотя партия и пытается поддержать иллюзию демократии, любому здравомыслящему человеку очевидно, что они готовы предать парламентаризм ради бессмысленных массовых протестов и нелепых догм, а сами погрязли в коррупции. Если рухнет заслон на их пути, пусть люди знают, что были и те, кто выступал против этих мерзавцев».\n\nЧасть недовольных членов верхней палаты выступили против социалистов за их отказ от политических реформ. Мы можем повлиять на состав новой оппозиционной фракции.;X;X;X;X;X;X
EVTOPTA18010;Либералы-консерваторы;X;X;X;X;X;X
EVTOPTB18010;Консерваторы-либералы;X;X;X;X;X;X
EVTNAME18020;Дебаты об избирательном праве в верхней палате;X;X;X;X;X;X
EVTDESC18020;«... и тем не менее наши консерваторы утверждают, что низшие классы не могут - из-за недостатка образования, моральных ценностей, общественной сознательности - голосовать за своих представителей. Я же скажу, что это просто спор о курице и яйце. Если бы провидению было угодно, чтобы эти классы были представлены в нашей палате, возможно, искоренением недостатков в образовании и сознательности занялись бы куда усердней».\n\nАгитация в верхней палате сегодня привела к тому, что несколько членов либеральной фракции откололись от основной массы из-за реформы избирательной системы. Все больше людей в обществе добиваются всеобщего избирательного права.;X;X;X;X;X;X
EVTOPTA18020;Недостатки-то остаются...;X;X;X;X;X;X
EVTOPTB18020;Возможно, пришло время для реформ;X;X;X;X;X;X
EVTNAME18030;Обсуждение общественных собраний;X;X;X;X;X;X
EVTDESC18030;«... так что, мой старый друг, нам понадобится твоя поддержка в верхней палате для принятия закона».\n\nЛибералы в верхней палате пытаются заручиться поддержкой сомневающихся представителей из других партий, чтобы принять закон об отмене запрета на общественные собрания. Им удалось достичь определенного успеха - как нам поступить в этой ситуации?;X;X;X;X;X;X
EVTOPTA18030;Поддержать их действия;X;X;X;X;X;X
EVTOPTB18030;Игнорировать ситуацию;X;X;X;X;X;X
EVTNAME18040;Красная угроза;X;X;X;X;X;X
EVTDESC18040;«...Я видел красные флаги на улицах г.$CAPITAL$, и я уверен, что единственный метод борьбы с угрозой социализма - политика умиротворения».\n\nГруппа либералов-реформистов в верхней палате решила перейти на сторону социалистов по вопросам реформы профсоюзного законодательства. Они утверждают, что наша нынешняя политика не позволяет общественности выразить свое мнение, и реформа трудового законодательства нужна для защиты интересов рабочих. Для этих целей они создают парламентский блок. Можно подергать за ниточки в парламенте, чтобы остановить их.;X;X;X;X;X;X
EVTOPTA18040;В этом нет нужды;X;X;X;X;X;X
EVTOPTB18040;Да, их следует остановить;X;X;X;X;X;X
EVTNAME18050;Неотложные вопросы;X;X;X;X;X;X
EVTDESC18050;«... и я вновь задам вопрос, на который не может ответить эта палата - что делать с реформой прессы? Я и многие из моих коллег уже долгое время требуем реформы, однако собрание не в состоянии даже ответить на наши вопросы, не говоря уже о принятии законов».\n\nДепутаты-реформисты в парламенте организовали коалицию для принятия реформы законов о прессе. Пользуясь тем, что общество поддерживает идеи свободы самовыражения, либералы усиливают свои позиции в верхней палате.;X;X;X;X;X;X
EVTOPTA18050;Предложение принято;X;X;X;X;X;X
EVTOPTB18050;Предложение отклонено;X;X;X;X;X;X
EVTNAME18060;Действие и противодействие;X;X;X;X;X;X
EVTDESC18060;«И вот почему мы можем лишь твердо ответить «нет» дальнейшим попыткам реформ! Мы пришли к власти для проведения ограниченных реформ, а теперь идут разговоры о реформах, которые разрушат самые древние, самые священные основы нашего общества».\n\nСоюз недовольных политическими переменами создали члены нескольких фракций верхней палаты, и их платформа теперь выступает против всех попыток фундаментального реформирования политической системы.;X;X;X;X;X;X
EVTOPTA18060;Партиям следует приструнить своих вольнодумцев!;X;X;X;X;X;X
EVTOPTB1806;Я думаю точно так же!;X;X;X;X;X;X
EVTNAME18070;Реакционеры;X;X;X;X;X;X
EVTDESC18070;«...кто против?»\n\nВо время чрезвычайного заседания верхней палаты было выдвинуто любопытное предложение реформы конституции. Предлагается, чтобы состав верхней палаты согласовывался с правящей партией. Судя по всему, таким образом ныне правящая партия реакционеров пытается захватить власть.;X;X;X;X;X;X
EVTOPTA18070;Все идет по плану;X;X;X;X;X;X
EVTOPTB18070;Законность такого предложения сомнительна;X;X;X;X;X;X
EVTNAME18080;Подневольный наемный труд;X;X;X;X;X;X
EVTDESC18080;Дебаты о подневольности наемного труда идут в верхней палате, и социалистическая партия берет верх, агитируя за реформу заработной платы. Широкая поддержка дальнейших социальных реформ в обществе привела к тому, что электорат вынуждает и политиков вне соцпартии голосовать за реформы - некоторые из них перешли во фракцию социалистов. Используя политическое влияние, мы могли бы избежать массового перехода депутатов на сторону социалистов, однако широкие слои населения воспримут такие действия как диктаторские замашки.;X;X;X;X;X;X
EVTOPTA18080;Пусть переходят, куда хотят;X;X;X;X;X;X
EVTOPTB18080;Усмирить их;X;X;X;X;X;X
EVTNAME18090;Совещание фракции либералов призывает к реформам;X;X;X;X;X;X
EVTDESC18090;Фракция либералов провела совещание с целью усилить поддержку реформ. Ссылаясь на случаи вторжения в личную жизнь граждан со стороны государства, а также утверждая, что политическая система приносит выгоду кучке власть предержащих в ущерб большинству населения, либералы угрожают блокировать любые законопроекты в верхней палате, пока их требования не будут учтены. Несколько представителей других партий склонны поддержать либералов по вопросу политических реформ. Промедление с нашей стороны лишь усилит общественное недовольство медленными темпами реформирования.;X;X;X;X;X;X
EVTOPTA18090;Нам нужно решение на основе многопартийного консенсуса;X;X;X;X;X;X
EVTOPTB18090;Оттягивайте любые попытки реформ;X;X;X;X;X;X
EVTNAME18100;Комиссия парламента по здоровью и гигиене;X;X;X;X;X;X
EVTDESC18100;«...и я считаю огромным изъяном нашей хваленой системы то, что рабочие люди не в состоянии обеспечить ни себе, ни потомкам даже простейшей чистоты. Грязные, покрытые сажей сараи в тени дымоходов, торчащих как грибы из земли, внутри же темно и сыро... Это прекрасная почва для распространения холеры, туберкулеза и моральных пороков. Даже ограниченная реформа здравоохранения, коллеги, серьезно поправит положение».\n\nВ верхней палате волнения из-за того, что она не способна провести социальные реформы несмотря на растущее давление со стороны общества.;X;X;X;X;X;X
EVTOPTA18100;Замять проблему до следующих выборов;X;X;X;X;X;X
EVTOPTB18100;Провести реформы;X;X;X;X;X;X
EVTNAME18110;Временное большинство в верхней палате;X;X;X;X;X;X
EVTDESC18110;«Полагаю, мы можем договориться».\n\nВременное большинство образовалось в верхней палате парламента по вопросу пособий по безработице. В своем выступлении консерватор, возглавляющий большинство, высказался за принятие мер, хотя бы в качестве эксперимента. Ссылаясь на общественное недовольство условиями, в которых оказываются безработные, он утверждает, что возглавляемые им депутаты поддержат разумные пособия по безработице. Либералы в парламенте не уверены в том, стоит ли поддерживать предложение, но отказ вызовет недовольство реформистов.;X;X;X;X;X;X
EVTOPTA18110;Удача благоволит храбрым;X;X;X;X;X;X
EVTOPTB18110;Еще не время;X;X;X;X;X;X
EVTNAME18120;Усиление консерваторов в верхней палате;X;X;X;X;X;X
EVTDESC18120;«Полагаю, единственное разумное решение нынешней проблемы - поддержать моих коллег-консерваторов».\n\nМощная общественная поддержка и нарастающая воинственность в обществе способствуют усилению позиций консерваторов в верхней палате. Несколько членов либеральной партии рассматривают возможность перехода во фракцию консерваторов, и лишь строгая партийная дисциплина может удержать либералов на своих местах.;X;X;X;X;X;X
EVTOPTA18120;Пусть уходят;X;X;X;X;X;X
EVTOPTB18120;Дисциплина превыше всего;X;X;X;X;X;X
EVTNAME18130;Красная заря;X;X;X;X;X;X
EVTDESC18130;В верхней палате занимается красная заря - все больше членов парламента поддерживают правящую социалистическую партию и желают сотрудничать с ней. Если мы не хотим, чтобы социалисты получили большинство в парламенте, настало время действовать.;X;X;X;X;X;X
EVTOPTA18130;Будь что будет;X;X;X;X;X;X
EVTOPTB18130;Вмешаться, чтобы прекратить переход на сторону социалистов;X;X;X;X;X;X
EVTNAME18140;Фашисты рвутся к власти;X;X;X;X;X;X
EVTDESC18140;Фалангисты становятся сильней и на улице, и в верхней палате парламента. Несколько консерваторов - добровольно или из страха - рассматривают возможность перехода в фашистский лагерь. Предотвратив этот переход, мы вызовем враждебность со стороны фашистов.;X;X;X;X;X;X
EVTOPTA18140;Ничего не делать;X;X;X;X;X;X
EVTOPTB18140;Предотвратить захват власти;X;X;X;X;X;X
EVTNAME18150;Реформа выборов;X;X;X;X;X;X
EVTDESC18150;Либеральное меньшинство использует беспорядки в стране $COUNTRYNAME$ в политических целях, пытаясь переманить на свою сторону «левых» консерваторов в верхней палате. Вопрос на повестке - реформа выборов, и некоторые консерваторы готовы поддержать либеральную партию в данном вопросе.;X;X;X;X;X;X
EVTOPTA18150;Остановить перебежчиков;X;X;X;X;X;X
EVTOPTB18150;Пусть поступают, как вздумается;X;X;X;X;X;X
EVTNAME18160;Речь в парламенте;X;X;X;X;X;X
EVTDESC18160;«И я считаю, дабы наша родина не лишилась свободы, мы должны всегда быть бдительны».\n\nОдин из либералов в верхней палате выступил с зажигательной речью, критикуя правительство за неспособность справиться с социальной напряженностью в стране. Как отреагирует правительство?;X;X;X;X;X;X
EVTOPTA18160;Мы добьемся результатов;X;X;X;X;X;X
EVTOPTB18160;Мы ни в чем не виноваты;X;X;X;X;X;X
EVTNAME18170;Демагог-социалист;X;X;X;X;X;X
EVTDESC18170;Демагог из соцпартии, поднявшись на место спикера, разразился длинной тирадой, в которой обвинил правительство в неспособности справиться с социальной напряженностью в стране. Он утверждает, что при социализме народ и партия будут едины.;X;X;X;X;X;X
EVTOPTA18170;Возможно, нам следует поучиться у них;X;X;X;X;X;X
EVTOPTB18170;Смутьян и вольнодумец;X;X;X;X;X;X
EVTNAME18180;Обращение к парламенту;X;X;X;X;X;X
EVTDESC18180;«И приятно осознавать, что веками установленный порядок торжествует в нашей стране и сегодня». Консерватор из верхней палаты выступил в парламенте с речью, в которой не скупился на похвалы нашей нации и ее великих достижений.;X;X;X;X;X;X
EVTOPTA18180;Отлично!;X;X;X;X;X;X
EVTOPTB18180;Прекрасно!;X;X;X;X;X;X
EVTNAME18190;Выступление реакционера;X;X;X;X;X;X
EVTDESC18190;Реакционер из верхней палаты сегодня обратился к парламенту, говоря о необходимости возврата тех земель, что были нашими издревле и по праву принадлежат нашему народу.;X;X;X;X;X;X
EVTOPTA18190;Готовьтесь к бою!;X;X;X;X;X;X
EVTOPTB18190;У нас достаточно земель;X;X;X;X;X;X
EVTNAME18200;Агитация в парламенте;X;X;X;X;X;X
EVTDESC18200;«...чтобы наши торговцы и купцы имели право свободно торговать на море и на суше, и никакое правительство не смело бы их остановить».\n\nХаризматичный молодой политик, лидер фракции либерало-анархистов, агитирует за поддержку фритрейдерства, и судя по всему, находит поддержку в обществе. Мы могли бы использовать эту возможность для усиления политики свободного рынка. Его последователи будут недовольны, если мы проигнорируем речь.;X;X;X;X;X;X
EVTOPTA18200;Вперед, к свободному рынку;X;X;X;X;X;X
EVTOPTB18200;Игнорировать его;X;X;X;X;X;X
EVTNAME18500;Парад полицейских;X;X;X;X;X;X
EVTDESC18500;Сегодня во всех городах страны $COUNTRYNAME$ силы правопорядка прошли стройными рядами по улицам городов в полном обмундировании, продемонстрировав всем и каждому готовность стать на страже закона и порядка в это смутное время. Полицейские департаменты также запросили от правительства указаний о том, как им действовать в будущем. Как нам извлечь максимум выгоды из этого события?;X;X;X;X;X;X
EVTOPTA18500;Восстановить правопорядок;X;X;X;X;X;X
EVTOPTB18500;Используем это в целях пропаганды;X;X;X;X;X;X
EVTNAME18510;Военный парад;X;X;X;X;X;X
EVTDESC18510;Наша страна ослабла, но не наша армия. В глазах солдат на параде можно узреть лишь беззаветную преданность стране $COUNTRYNAME$ и идеалам нашего народа. Эти люди, которых не зазорно назвать людьми с большой буквы, с детства воспитывались, твердо веря в наш народ, и они готовы умереть, защищая его. Слава нашей родной стране $COUNTRYNAME$!;X;X;X;X;X;X
EVTOPTA18510;Честь и справедливость!;X;X;X;X;X;X
EVTOPTB18510;Великая слава на все времена!;X;X;X;X;X;X
EVTNAME18520;Кровь и цветы;X;X;X;X;X;X
EVTDESC18520;Солдаты отправляются в путь, покидая свои части, чтобы сражаться и пролить кровь на великой войне. Их приветствуют женщины и дети, стоящие у дороги и у перронов на вокзалах, они дарят солдатам поцелуи, улыбки и украшают их оружие цветами.;X;X;X;X;X;X
EVTOPTA18520;Не стоит затягивать войну;X;X;X;X;X;X
EVTOPTB18520;Мы воюем, чтобы победить;X;X;X;X;X;X
EVTNAME18530;Свет свободы;X;X;X;X;X;X
EVTDESC18530;В мастерских и на заводах, свободный $COUNTRY_ADJ$ народ каждый день совершает новые открытия. Прогресс науки связан со свободным обменом идеями, и нет в мире свободней страны, чем $COUNTRY$. Благодаря этой свободе, наша страна стала центром технического прогресса.;X;X;X;X;X;X
EVTOPTA18530;Трудитесь усердно!;X;X;X;X;X;X
EVTOPTB18530;Пусть нами восхищаются остальные!;X;X;X;X;X;X
EVTNAME18540;Свобода торжествует;X;X;X;X;X;X
EVTDESC18540;Хоть наши действия называли империалистической агрессией, некоторые даже в других странах говорят, что мы лишь поддерживаем распространение свободы, расширяя наше государство. Иностранное общество дружбы недавно отправило нам телеграмму, поздравляя с недавними победами. Какой путь избрать нашей нации в будущем?;X;X;X;X;X;X
EVTOPTA18540;Величие и слава!;X;X;X;X;X;X
EVTOPTB18540;Честь и скромность!;X;X;X;X;X;X
EVTNAME99912115;Переход на мобильную армию!;X;X;X;X;X;X
EVTDESC99912115;Скорый поезд к дому мчится, полечу домой, как птица. Полечу, как птица я. Жизнь начнётся без авралов, сундуков и генералов;X;X;X;X;X;X
EVTOPTA99912115;Демобилизация!;X;X;X;X;X;X
EVTNAME18550;Несвободная свобода;X;X;X;X;X;X
EVTDESC18550;В государстве $COUNTRY$ растет агрессивность населения, демонстранты выходят на улицы г.$CAPITAL$, протестуя против правительства и призывая к политическим и экономическим реформам. Отправив полицейские отряды, мы могли бы предотвратить дальнейшее насилие. Но у нашей страны есть традиции - свобода слова для всех и каждого. Продемонстрировав приверженность нашим принципам, мы заработаем уважение других держав.;X;X;X;X;X;X
EVTOPTA18550;Отправить полицейских;X;X;X;X;X;X
EVTOPTB18550;Свобода превыше всего;X;X;X;X;X;X
EVTNAME18560;Равенство возможностей;X;X;X;X;X;X
EVTDESC18560;Минуту назад они маршировали, скандируя лозунги, полные отчаяния и гнева. Теперь все успокоилось - гнев растаял, жажда борьбы утихла, и воцарился мир. Что бы не говорили о пороках нашей страны, несмотря на все ее болезни и старые раны, все люди в нашем государстве трудятся усердно и поровну делят радости и невзгоды. И народ, наконец, понял это.;X;X;X;X;X;X
EVTOPTA18560;Забудем же об их грехах;X;X;X;X;X;X
EVTOPTB18560;Простим же им их грехи;X;X;X;X;X;X
EVTNAME18570;Труд и прогресс;X;X;X;X;X;X
EVTDESC18570;Они проливают пот и кровь, трудятся с величайшим усердием каждый день ради блага нашей страны, ради ее репутации. Наши мужчины и женщины - лучшие в своем роде. Все они осознают себя частью огромной страны с общей судьбой, общим будущим, и знают, что усердный труд будет щедро вознагражден. Наши идеалы равенства сподвигли наш народ на более усердный труд в этом году. Как нам поступить?;X;X;X;X;X;X
EVTOPTA18570;Сохранять спокойствие и гордиться собой;X;X;X;X;X;X
EVTOPTB18570;Вперед, к новым научным достижениям;X;X;X;X;X;X
EVTNAME18580;Мира и хлеба;X;X;X;X;X;X
EVTDESC18580;«Конец войне! Хлеба рабочим г.$CAPITAL$! Прощай, оружие!»\n\nПо всей стране $COUNTRYNAME$ прокатились демонстрации с требованием остановить войну и заключить мир с противником. Наша страна основана на идеалах равенства всех людей. Демонстранты считают себя частью общества и не отказывают в солидарности даже нашим врагам.;X;X;X;X;X;X
EVTOPTA18580;Мир будет заключен;X;X;X;X;X;X
EVTOPTB18580;Придется подождать;X;X;X;X;X;X
EVTNAME19000;Раздор среди великих держав;X;X;X;X;X;X
EVTDESC19000;Наша независимость постоянно подвергается атакам и существует, скорее, лишь на бумаге: несколько великих держав ведут борьбу за влияние над нашими политическими институтами. Недавно возник спор по поводу их права проводить уголовные расследования на $COUNTRY_ADJ$ территории. Великим державам придется подтвердить свои права - в противном случае они утратят влияние.;X;X;X;X;X;X
EVTOPTA19000;Хорошие новости!;X;X;X;X;X;X
EVTNAME19005;Споры в стране $FROMCOUNTRY$;X;X;X;X;X;X
EVTDESC19005;Между нашей страной и другими великим державами возник спор по поводу страны $FROMCOUNTRY$ из-за права проводит уголовные расследования. Мы полагаем, что имеем право проводить их в государстве $FROMCOUNTRY$ без вмешательства местных властей или иностранных государств. Разумеется, наши соперники оспаривают это право. Выбор невелик - нужно либо подтвердить наше влияние, что будет воспринято как попрание $FROMCOUNTRY_ADJ$ независимости, или отступить, что приведет к потере влияния в стране $FROMCOUNTRY$.;X;X;X;X;X;X
EVTOPTA19005;Утвердить наше влияние;X;X;X;X;X;X
EVTOPTB19005;Отступить;X;X;X;X;X;X
EVTNAME19010;Место под солнцем;X;X;X;X;X;X
EVTDESC19010;Наша страна - одна из величайших великих держав. От г.$CAPITAL$ до самых дальних окраин наши флаги гордо реют по ветру, вселяя страх в сердца наших противников. Дабы продемонстрировать наше величие и справедливое правление, мы проведем в столице имперский парад. Вопрос вот в чем: стоит ли приглашать иностранные делегации, или иные нации не достойны того, чтобы занять место под солнцем рядом с нами?;X;X;X;X;X;X
EVTOPTA19010;Все должны узреть наше величие!;X;X;X;X;X;X
EVTOPTB19010;Мы самодостаточны, славься $COUNTRY$!;X;X;X;X;X;X
EVTNAME19020;Ботаническая экспедиция в провинции $PROVINCENAME$?;X;X;X;X;X;X
EVTDESC19020;Флора в провинции $PROVINCENAME$ прекрасна и уникальна - и по большей части неизвестна науке. Здесь, в неизведанных землях, богатства для любого исследователя-ботаника ожидают смельчаков, которые бросят вызов суровому климату. $COUNTRY_ADJ$ ботаническое общество хотело бы снарядить экспедицию в провинцию $PROVINCENAME$, но, как обычно, не хватает средств. Отправка экспедиции расширит наши научные знания. И имейте в виду: у нас могут быть конкуренты...;X;X;X;X;X;X
EVTOPTA19020;Отправить экспедицию!;X;X;X;X;X;X
EVTOPTB19020;У нас есть дела поважнее;X;X;X;X;X;X
EVTNAME19022;Ботаническая экспедиция в провинции $FROMPROVINCE$?;X;X;X;X;X;X
EVTDESC19022;Среди ученых-ботаников ходят слухи, что государство $FROMCOUNTRY$ отправило ботаническую экспедицию в провинцию $FROMPROVINCE$. По слухам, флора в провинции $FROMPROVINCE$ чрезвычайно разнообразна и интересна. Хотя $FROMPROVINCE$ - $FROMCOUNTRY_ADJ$ колония, мы могли бы попробовать отправить туда и наших людей. Это может вызвать недовольство, но научные открытия того стоят.;X;X;X;X;X;X
EVTOPTA19022;Отправить $COUNTRY_ADJ$ экспедицию!;X;X;X;X;X;X
EVTOPTB19022;Провинция принадлежит стране $FROMCOUNTRY$;X;X;X;X;X;X
EVTNAME19023;Неудачи ботанической экспедиции;X;X;X;X;X;X
EVTDESC19023;Отправленная нами ботаническая экспедиция потерпела крушение в Марокко - в корабле пробоина, запасы пищи на исходе. Глава отряда отправил сообщение на родину с проходящим судном, запросив дополнительные средства на продолжение пути в неизведанные земли. Предоставить ему средства?;X;X;X;X;X;X
EVTOPTA19023;Нет, пусть сам выкручивается;X;X;X;X;X;X
EVTOPTB19023;Да, во имя науки;X;X;X;X;X;X
EVTNAME19024;Дебаты в парламенте о ботанике;X;X;X;X;X;X
EVTDESC19024;«... и в то время как некоторые граждане страны не могут позволить себе и того жалкого минимума еды и одежды, что нужен им для жизни, правительство тратит миллионы на экспедиции в богом забытые уголки планеты в поисках красивых цветочков!»\n\nВ верхней палате бушуют дебаты об экспедиции, отправленной нами некоторое время назад. Либералы выступают против нее, указывая на большие расходы, которые $COUNTRYNAME$ не может себе позволить.;X;X;X;X;X;X
EVTOPTA19024;Отменить экспедицию;X;X;X;X;X;X
EVTOPTB19024;Правительство не отказывается от своих целей;X;X;X;X;X;X
EVTNAME19025;Доклад ботанической экспедиции;X;X;X;X;X;X
EVTDESC19025;«...таким образом, наша экспедиция открыла 20 ранее неизвестных видов растительности. За последние два месяца мы потеряли несколько человек из-за малярии и кишечных инфекций, но несмотря на потерю товарищей, мораль отряда высока. С уважением, ...»\n\nБотаническая экспедиция докладывает о своих успехах. Очевидно, что несмотря на успехи, им бы не помешала дополнительная поддержка.;X;X;X;X;X;X
EVTOPTA19025;Поддержим наших парней!;X;X;X;X;X;X
EVTOPTB19025;Пускай поищут что-нибудь съедобное;X;X;X;X;X;X
EVTNAME19026;Ученых съели каннибалы?;X;X;X;X;X;X
EVTDESC19026;$COUNTRY_ADJ$ ботаническая экспедиция, отправленная нами, не выходит на связь уже долгое время. Вчера мы получили тревожное сообщение:\n\n«Лагерь покинут. По всему лагерю видны следы борьбы. Цепь человеческих следов уходит в непроходимую глушь. Полагаю, $COUNTRY_ADJ$ ботанической экспедиции $YEAR$ года пришел конец».\n\nСудя по всему, наша экспедиция пропала.;X;X;X;X;X;X
EVTOPTA19026;Черт!;X;X;X;X;X;X
EVTNAME19027;$COUNTRY_ADJ$ императрица;X;X;X;X;X;X
EVTDESC19027;Лепестки огромного цветка сияют, словно королевская корона. Ботаническая экспедиция возвратилась домой с новым видом цветка. Цветок величиной с человеческий кулак теперь обсуждают по всей Европе. Садовники пытаются вырастить его у себя в садах. В знак уважения за огромную помощь, оказанную нашим правительством экспедиции, цветок назвали «$COUNTRY_ADJ$ императрица». Нашему научному открытию завидует весь мир.;X;X;X;X;X;X
EVTOPTA19027;Отлично!;X;X;X;X;X;X
EVTNAME19028;Ботаническая экспедиция возвращается;X;X;X;X;X;X
EVTDESC19028;Сегодня в стране $FROMCOUNTRY$ объявили, что обнаружили доселе неизвестный миру белый цветок, назвав его «$FROMCOUNTRY_ADJ$ императрицей». Теперь наша экспедиция едва ли сможет найти что-то, что сравнится с $FROMCOUNTRY_ADJ$ открытием. Экспедиция вернулась на родину - результатов немного, но они есть.;X;X;X;X;X;X
EVTOPTA19028;Черт!;X;X;X;X;X;X
EVTNAME19029;Экспедиция возвращается;X;X;X;X;X;X
EVTDESC19029;Улицы г.$CAPITAL$ сегодня украсили весенними цветами в честь возвращения ботанической экспедиции $YEAR$ года. Экспедиции спосбоствовал невероятный успех, они открыли и классифицировали более сотни новых видов колониальной флоры. Нашей стране есть чем гордиться, наши усилия привели к прорыву в науке!;X;X;X;X;X;X
EVTOPTA19029;Ура!;X;X;X;X;X;X
EVTNAME19030;Восточный вопрос;X;X;X;X;X;X
EVTDESC19030;Оттоманская империя теряет статус великой державы, и теперь ее называют «больным человеком Европы». Национализм и бунты в провинциях империи, где основная масса населения - не турки, промышленная отсталость от государств Западной Европы заставляют многих полагать, что падение империи - лишь вопрос времени. А притеснения христиан в Оттоманском государстве привели к тому, что страна $FROMCOUNTRY$ объявила себя защитником и покровителем всех христиан на востоке. Примем ли мы это вопиющее попрание суверенитета нашей империи?;X;X;X;X;X;X
EVTOPTA19030;Государству $FROMCOUNTRY$ следует отказаться от этого титула;X;X;X;X;X;X
EVTOPTB19030;У нас есть дела поважнее;X;X;X;X;X;X
EVTNAME19031;Противники протектората!;X;X;X;X;X;X
EVTDESC19031;$FROMCOUNTRY$ выступает против принятия нами титула покровителя и защитника всех христиан в Оттоманской империи. Мы можем оставить титул, несмотря на протесты со стороны страны $FROMCOUNTRY$, но другие страны сочтут это легитимным поводом для войны со стороны государства $FROMCOUNTRY$. Если они объявят войну, и мы проиграем ее, то и наш новый титул ничего не будет значить.;X;X;X;X;X;X
EVTOPTA19031;Это наш титул!;X;X;X;X;X;X
EVTOPTB19031;Что ж, откажемся!;X;X;X;X;X;X
EVTNAME19032;Отказ!;X;X;X;X;X;X
EVTDESC19032;$FROMCOUNTRY$ отвечает отказом на требование снять с себя титул покровителя и защитника христиан в Оттоманской империи. Теперь у нас есть легитимный повод для войны с ними, и мы можем лишить их титула, победив в этой войне.;X;X;X;X;X;X
EVTOPTA19032;Да будет так;X;X;X;X;X;X
EVTNAME19033;Согласие!;X;X;X;X;X;X
EVTDESC19033;$FROMCOUNTRY$ снимает с себя титул покровителя и защитника христиан в Оттоманской империи. Надеюсь, это поможет избежать войны.;X;X;X;X;X;X
EVTOPTA19033;Весьма удачный исход;X;X;X;X;X;X
EVTNAME19040;Требование права на раскопки;X;X;X;X;X;X
EVTDESC19040;$FROMCOUNTRY$ требует прав на раскопку в Долине Царей. Хотя у нашей страны на данный момент нет ни денег, ни технологий для масштабных раскопок, и обратиться к иностранному подрядчику кажется неплохой идеей, возможно, лучше не тревожить древнюю историю нашего народа до тех пор, пока мы сами не сможем заняться раскопками. Однако отказ иностранной державе несомненно испортит отношения с ней.;X;X;X;X;X;X
EVTOPTA19040;Пусть копают!;X;X;X;X;X;X
EVTOPTB19040;Долина наша;X;X;X;X;X;X
EVTNAME19041;Египет разрешает раскопки;X;X;X;X;X;X
EVTDESC19041;Правительство Египта предоставило нам эксклюзивное право вести раскопки и исследования древних руин в Долине Царей. Открытия, которые будут там сделаны, несомненно поднимут престиж нашей науки в глазах всего мира.;X;X;X;X;X;X
EVTOPTA19041;Отлично!;X;X;X;X;X;X
EVTNAME19042;Египет отказал в праве на раскопки;X;X;X;X;X;X
EVTDESC19042;Правительство Египта отказало нам в праве проводить раскопки в Долине Царей. Мы потеряли престиж на международной арене, а отношения с Египтом ухудшились.;X;X;X;X;X;X
EVTOPTA19042;Эх!;X;X;X;X;X;X
EVTNAME19043;Подкуп чиновников;X;X;X;X;X;X
EVTDESC19043;Египетские чиновники в Александрии не позволяют нашей экспедиции разгрузить важное оборудование для раскопок в Александрийском порту. Египетская таможня - наследие византийства, и ее не пройти без личных связей или денег. Мы могли бы обратиться в правительство Египта, но, возможно, лучше проложить себе дорогу с помощью обычных взяток.;X;X;X;X;X;X
EVTOPTA19043;Взятки - наш путь;X;X;X;X;X;X
EVTOPTB19043;Обратиться к правительству;X;X;X;X;X;X
EVTNAME19044;Обнаружена египетская гробница!;X;X;X;X;X;X
EVTDESC19044;Наша команда археологов в Долине Царей в Египте обнаружила гробницу времен восемнадцатой династии фараонов. Гробница прямоугольной формы, разделена на верхний и нижний зал с колоннами. В нижнем зале обнаружен царский саркофаг. Благодаря этому фантастическому открытию наших египтологов обсуждает весь научный мир Европы!;X;X;X;X;X;X
EVTOPTA19044;Фантастика!;X;X;X;X;X;X
EVTNAME19045;Проклятие фараонов!;X;X;X;X;X;X
EVTDESC19045;Не ясно, по какой причине, но слухи распространяются все быстрее, и теперь их знают все. По слухам, проклятие постигнет каждого, кто потревожит гробницы фараонов в Долине Царей, а некоторые утверждают, что наши археологи грозят навлечь проклятье на всю страну $COUNTRY$. Несомненно, это просто фантазии, но тем не менее, в обществе витает паника.;X;X;X;X;X;X
EVTOPTA19045;Тоже мне новости! Что там на очереди, явление кометы?;X;X;X;X;X;X
EVTNAME19046;Гробница Тутанхамона;X;X;X;X;X;X
EVTDESC19046;«...открыв гранитную дверь в гробницу, я вдохнул воздух, застоявшийся за три тысячи лет. Насколько мне известно, я первым потревожил сон фараона с тех пор, как его похоронили тысячелетия тому назад. В древнем воздухе витали запахи пшеницы с полей дельты Нила, духов в алебастровых вазах и истлевшего папируса».\n\n$COUNTRY_ADJ$ археологи в Долине Царей совершили открытие века - они первыми обнаружили гробницу 19-летнего фараона Тутанхамона.;X;X;X;X;X;X
EVTOPTA19046;Великолепно!;X;X;X;X;X;X
EVTNAME19047;Найдена мумия;X;X;X;X;X;X
EVTDESC19047;Наши археологи в Долине Царей открыли очередную гробницу, а в ней - мумифицированные останки верховного жреца времен девятнадцатой Династии. Внутри гробница богато украшена. Это открытие - большой успех нашей египетской экспедиции.;X;X;X;X;X;X
EVTOPTA19047;Прекрасно!;X;X;X;X;X;X
EVTNAME19200;Эмсская депеша;X;X;X;X;X;X
EVTDESC19200;«Тогда его величество отказался принять посла и велел передать, что более не имеет ничего сообщить ему»\n\nМежду Францией и Германией вспыхнул дипломатический конфликт из-за неподобающего обращения с французским послом со стороны прусского короля, находившегося на отдыхе в Эмсе, в Пруссии. По слухам, депешу сфальсифицировали немецкие чиновники, чтобы спровоцировать войну.;X;X;X;X;X;X
EVTOPTA19200;Похоже на подлог...;X;X;X;X;X;X
EVTNAME19300;Свобода освещает мир;X;X;X;X;X;X
EVTDESC19300;«Вам, земли древние, - кричит она, безмолвных губ не разжав, - жить в роскоши пустой, \n\nА мне отдайте из глубин бездонных, Своих изгоев, люд забитый свой, пошлите мне отверженных, бездомных...»\n\nНарод Франции сделал великолепный подарок американскому народу. Огромная бронзовая статуя женщины с факелом высотой 151 фут, названная «Свобода, освещающая мир». Ее создал скульптор Фредерик Огюст Бартольди. Для статуи уже определно место на острове в порту Нью-Йорка. Отныне ее будут называть «Статуя Свободы».;X;X;X;X;X;X
EVTOPTA19300;Я им свечу у двери золотой...;X;X;X;X;X;X
EVTNAME19500;Нападение на повозки!;X;X;X;X;X;X
EVTDESC19500;Наши разведчики обнаружили горящие останки обоза фортреккеров у реки Бушман пару дней назад. Среди разрушенных повозок мы нашли останки африканеров - мужчин, женщин и детей. Наконечники копий на месте трагедии свидетельствуют: эта резня, без всякого сомнения, - дело рук зулусских полков-импи, пришедших с юго-востока.;X;X;X;X;X;X
EVTOPTA19500;Они погибли не напрасно!;X;X;X;X;X;X
EVTNAME19501;Золотая лихорадка Витватерсранда;X;X;X;X;X;X
EVTDESC19501;Эмигранты потоками движутся через нашу колонию на мысе к новому городу Йоханнесбург у гор Витватерсранд, где началась золотая лихорадка. Наплыв иностранцев в эти края вызвал столкновения на границе, и, возможно, это хороший повод покончить с независимостью мелких приграничных государств.;X;X;X;X;X;X
EVTOPTA19501;Над этим стоит поразмыслить;X;X;X;X;X;X
EVTNAME21000;Вспышка туберкулеза!;X;X;X;X;X;X
EVTDESC21000;Одной из основных причин смерти в XIX веке был туберкулез - инфекционное заболевание, поражающее легкие человека. Сегодня известно, что его вызывают различные штаммы микобактерий. Раньше туберкулез пытались объяснить различными причинами, от вампиризма до «дисбаланса жизненных жидкостей». Заразную болезнь, известную с древнейших времен, впервые описал в 1020г. Авиценна. Типичные симптомы - хронический кашель, жар, кровохаркание. В XIX веке болезнь приобрела романтическую репутацию из-за того, что некоторые известные поэты и писатели болели ей.;X;X;X;X;X;X
EVTOPTA21000;Кхе-кхе...;X;X;X;X;X;X
EVTNAME21010;Голод в одном из регионов!;X;X;X;X;X;X
EVTDESC21010;Хотя эпидемии и масштабный голод исчезли почти полностью из западных стран с развитием современной капиталистической системы и развитого разделения труда, а также после прорывов в сельском хозяйстве, самый древний враг и убийца человека еще собирал кровавую жатву в Европе и в Америке и в XX веке. Разумеется, в основном среди бедных. В одном из наших регионов разразился голод, и нужно действовать быстро.;X;X;X;X;X;X
EVTOPTA21010;Надо помочь голодающим!;X;X;X;X;X;X
EVTOPTB21010;Увы, я уже пожертвовал монетку;X;X;X;X;X;X
EVTNAME21020;Брюшной тиф!;X;X;X;X;X;X
EVTDESC21020;Обычно человек заражается им через пищу или воду, что особенно вероятно в условиях плохой гигены, антисанитарии, в тесном жилье. Брюшной тиф был одной из самых смертоносных болезней XIX века. Только в Чикаго в 1891г. брюшной тиф унес жизни 174 человек на каждые 100 000 жителей. Болезнь начинается с легкого жара, и через пару недель приводит к внутренним кровотечениям и расстройству сознания, возможен и летальный исход. Хотя прогресс в санитарно-гигиенической обработке со временем уничтожил болезнь в развитых странах, в $YEAR$ году один из $COUNTRY_ADJ$ районов серьезно пострадал от болезни.;X;X;X;X;X;X
EVTOPTA21020;Гигиена не соблюдается, люди мрут;X;X;X;X;X;X
EVTOPTB21020;Объявить карантин вокруг региона;X;X;X;X;X;X
EVTNAME21030;Пандемия гриппа;X;X;X;X;X;X
EVTDESC21030;«Испанка» - пандемия гриппа, унесшая жизни от 50 до 100 миллионов людей по всему миру в 1918-1920 годах. Из-за развитой торговли между странами и колониями, усиления международных связей на протяжении XIX века, испанский грипп распространился по всему миру за пару лет. Ситуацию усугубляла первая мировая война и жуткие условия жизни в окопах. Испанка стала первой и самой жуткой мировой пандемией. Кстати, у вас в последнее время температура?;X;X;X;X;X;X
EVTOPTA21030;Бороться с болезнью всеми силами;X;X;X;X;X;X
EVTOPTB21030;Да нет, я в порядке;X;X;X;X;X;X
EVTNAME21040;Вспышка оспы;X;X;X;X;X;X
EVTDESC21040;Оспа, крайне заразное вирусное заболевание, уносила жизни около 400 000 европейцев каждый год в конце XVIII века. Успешные мероприятия по вакцинации в XIX и XX веках в итоге привели к полному искоренению болезни к 1979г., но это едва ли утешит ваших граждан, которые пострадали от вспышки оспы в $YEAR$ году.;X;X;X;X;X;X
EVTOPTA21040;Мы сделаем все, что в наших силах. Каждая жизнь бесценна!;X;X;X;X;X;X
EVTOPTB21040;Слабый погибает, верно ведь?;X;X;X;X;X;X
EVTNAME21500;Падение Тунгусского метеорита!;X;X;X;X;X;X
EVTDESC21500;Ученые считают, что взрыв в районе реки Тунгуска в 1908 году, который уничтожил лес на многие километры вокруг, был вызван падением метеорита или астероида.;X;X;X;X;X;X
EVTOPTA21500;Ух!;X;X;X;X;X;X
EVTNAME21510;Извержение вулкана Кракатау!;X;X;X;X;X;X
EVTDESC21510;Извержение вулкана Кракатау и волна-цунами, возникшая после взрыва, унесли жизни 36500 человек в Голландской Ост-Индии. Звук взрыва был слышен за три тысячи миль от места извержения, на острове Родригес в Индийском океане. Воздействию извержения подвергся весь мир - небо потемнело над всей планетой, закаты стали ярко-красными, а средняя температура в мире понизилась более чем на один градус Цельсия.;X;X;X;X;X;X
EVTOPTA21510;Ух!;X;X;X;X;X;X
EVTNAME21520;Землетрясение в Сан-Франциско!;X;X;X;X;X;X
EVTDESC21520;Сегодня в Сан-Франциско, в штате Калифорния, крупное землетрясение привело к масштабным разрушениям и унесло тысячи жизней. Толчки ощущались в глубине континента до самой Невады, а пожар, начавшийся в результате землетрясения, полностью разрушил город. Войска доставляют продовольствие пострадавшим. Это землетрясение будут помнить не одно поколение.;X;X;X;X;X;X
EVTOPTA21520;Ух!;X;X;X;X;X;X
EVTNAME22000;Система «трасти»;X;X;X;X;X;X
EVTDESC22000;Система «трасти» - организация службы исполнения наказаний, впервые примененная в штате Миссисипи, а затем и в Техасе, Алабаме, Луизиане и других штатах - в рамках этой системы заключенные, демонстрирующие хорошее поведение (зачастую под этим подразумевалось послушание охранникам), могли выступать в роли надзирателей за остальными заключенными. Была выстроена жесткая иерархия наподобие армейской. Некоторым, особо надежным заключенным даже позволялось носить огнестрельное оружие. В основе лежала эксплуатация труда заключенных ради прибыли. Впервые эту систему применили в тюрьме Парчмен Фарм в Миссисипи, а с наступлением двадцатого века ее приняли на ура как современный и прибыльный метод организации тюрем. В итоге протесты против широкораспространенного избиения заключенных привели к отмене этой системы в 1970г., но в $YEAR$ году ее с энтузиазмом внедряли в некоторых $COUNTRY_ADJ$ областях.;X;X;X;X;X;X
EVTOPTA22000;Бьем - значит, любим;X;X;X;X;X;X
EVTOPTB22000;Мрачная история...;X;X;X;X;X;X
EVTNAME22010;Основание тюремной колонии;X;X;X;X;X;X
EVTDESC22010;Идея изолировать преступников и нарушителей общественного порядка стара, как мир. В старину правосудие зачастую вершили с помощью изгнания из царства в качестве крайней меры, и такое наказание считалось зачастую более суровым, чем смертная казнь. Рост колониальных империй в XVIII-XIX веках привел к возрождению этих идей в современной форме тюремной колонии. Примеры его печально известны: британская колония Ботани Бэй и французский «Остров Дьявола» в Гвиане. Государство $COUNTRY$ тоже владеет некоторыми территориями, которые можно было бы использовать для таких целей. Стоит ли нам создать тюремную колонию?;X;X;X;X;X;X
EVTOPTA22010;Никто не сбежит с Острова Проклятых!;X;X;X;X;X;X
EVTOPTB22010;Думаю, есть более гуманное решение;X;X;X;X;X;X
EVTNAME22011;Упразднение тюремной колонии;X;X;X;X;X;X
EVTDESC22011;Так как у нас более нет территорий, подходящих для ссылки, тюремная колония была упразднена.;X;X;X;X;X;X
EVTOPTA22011;Ну что ж, это было неизбежно;X;X;X;X;X;X
EVTNAME22020;Реформа тюремной системы;X;X;X;X;X;X
EVTDESC22020;«Две грязные комнаты, три спальни - для мужчин восемь квадратных футов, для женщин - квадрат девять на восемь, остальные четыре с половиной квадратных футов. Постели из соломы, превратившейся в труху, полные паразитов, теснота, нет доступа к воде. Мелкие воришки сидят в кандалах - в мой прошлый визит восемь из них были женщины».\n- Джон Говард\n\nЛига за реформу тюрем образована в государстве $COUNTRY$ - они протестуют против ужасных условий в тюрьмах и других исправительных учреждениях нашей страны. Лига требует одиночных камер, а также предлагает прочие меры по улучшению условий жизни заключенных.;X;X;X;X;X;X
EVTOPTA22020;Тюрьмы грязны? Это же тюрьмы!;X;X;X;X;X;X
EVTOPTB22020;Возможно, настало время для некоторых реформ;X;X;X;X;X;X
EVTOPTC22020;Сперва нужно заручиться большинством голосов в верхней палате;X;X;X;X;X;X
EVTNAME22030;Жестокое убийство!;X;X;X;X;X;X
EVTDESC22030;$COUNTRY$ в шоке - сегодня в новостях сообщили о жестоком убийстве в одном из регионов. Молодую девушку, проститутку, клиент избил насмерть - по слухам, полиция покрывает убийцу, который является членом влиятельной семьи банкиров. Однако полиция утверждает, что расследование еще ведется, и личность убийцы не установлена. Дело у всех на устах, дебаты идут в парламенте - представители либералов требуют от правительства ответов.;X;X;X;X;X;X
EVTOPTA22030;Потребовать от полиции предъявить виновного;X;X;X;X;X;X
EVTOPTB22030;Давайте воздержимся от необоснованных обвинений;X;X;X;X;X;X
EVTNAME22040;Банда в кандалах;X;X;X;X;X;X
EVTDESC22040;Они ходят гуськом по дорогам, звеня кандалами. Это не рабы, а заключенные, приговоренные судами к принудительному труду под палящим солнцем. Их можно частенько увидеть в стране $COUNTRY$. Принудительный труд испокон веков является самой распространенной формой наказания в $COUNTRY_ADJ$ судах. Говорят, тяжелый труд перевоспитает этих кретинов - и они трудятся в поте лица.;X;X;X;X;X;X
EVTOPTA22040;Нам стоит подумать о более гуманных способах наказания;X;X;X;X;X;X
EVTOPTB22040;Отлично! Переходим к следующему вопросу на повестке!;X;X;X;X;X;X
EVTNAME22050;Разыскивается!;X;X;X;X;X;X
EVTDESC22050;В одном из регионов началась операция по захвату беглого преступника - осужденный убийца сбежал из местной тюрьмы. Побег - неприятная новость, но помимо прочего, случай привлек внимание общественности к тюремной системе. Начались дебаты о преступлении и наказании. Либералы утверждают, что побег - лишь свидетельство ужасного недофинансирования наших тюрем, в то время как консерваторы указывают на ограниченный бюджет страны - и говорят, что не стоит тратить кучу денег на содержание худших членов общества.;X;X;X;X;X;X
EVTOPTA22050;Смотрите в верхах!;X;X;X;X;X;X
EVTOPTB22050;Ищите в низах!;X;X;X;X;X;X
EVTNAME22060;Пожизненное заключение;X;X;X;X;X;X
EVTDESC22060;«И вот этот заключенный. Начал с пресловутых отмычек-заколок, потом грабил банки. Остаток жизни он проведет в тюрьме, и мы держим его все время в кандалах. Полагаю, через пару лет он сойдет с ума от этого, если уже не тронулся».\n\nПожизненное заключение без возможности амнистии - распространенный вид наказания в государстве $COUNTRY$, однако некоторые в либеральных кругах, обсуждая вопросы преступления и наказания, высказываются в таком духе: человек в кандалах едва ли сможет перевоспитаться, ибо он постоянно мучается в невыносимых условиях. Развивается движение за либерализацию тюремного законодательства.;X;X;X;X;X;X
EVTOPTA22060;Об этом стоит подумать;X;X;X;X;X;X
EVTOPTB22060;Будем делать все по старинке;X;X;X;X;X;X
EVTNAME22070;Должник в тюрьме;X;X;X;X;X;X
EVTDESC22070;С началом XIX века в Европе бросать в тюрьму за долги все еще оставалось нормой. В Англии было немало плачевно известных «долговых ям», включая тюрьму Флит в Лондоне. В этих исправительных учреждениях должникам зачастую приходилось оплачивать и камеру, и кровать, а иногда и труд тюремщика. Такие поборы лишь ухудшали положение должника, ведь заработать деньги в тюрьме непросто. От этой системы постепенно отказались в большинстве стран Европы в течение XIX века. В 1846г. тюрьму Флит снесли. Несправедливо осужденный $COUNTRY_ADJ$ аристократ сейчас пытается привлечь внимание публики к этим тюрьмам, требуя их упразднения.;X;X;X;X;X;X
EVTOPTA22070;Вопрос надо рассмотреть;X;X;X;X;X;X
EVTOPTB22070;Я ни в чем не убежден. Такой урок идет людям на пользу...;X;X;X;X;X;X
EVTNAME22080;Смертная казнь;X;X;X;X;X;X
EVTDESC22080;Сегодня сторонники отмены смертной казни выдвинули новые аргументы во время дебатов в Клубе Реформаторов г.$CAPITAL$. Они заострили внимание на невозможности отмены приговора и риске гибели невиновного. Либералы объединилсь в Гражданский комитет за отмену смертной казни. Поводом для дебатов послужил недавний случай казни старика, осужденного за убийство жены, несмотря на то, что мужчина явно лишился рассудка от старости. Основанный либералами комитет требует от членов парламента высказаться против «самой страшной несправедливости». Они также требуют от кабинета министров прояснить нашу позицию по этому вопросу на встрече.;X;X;X;X;X;X
EVTOPTA22080;Я буду рад встретиться с ними;X;X;X;X;X;X
EVTOPTB22080;У меня нет времени слушать чепуху тюфяков-либералов!;X;X;X;X;X;X
EVTNAME29900;Первый трактор в провинции $PROVINCENAME$;X;X;X;X;X;X
EVTDESC29900;"«Мама, мама! Старик привез новую машину! Она может пахать, тянуть, толкать, на ней можно ездить! Он называет ее ""трактор""!»\n\nПоявление трактора в провинции $PROVINCENAME$ вызвало переворот в сельском хозяйстве - производительность ферм выросла до масштабов, немыслимых лет двадцать назад. Воистину, промышленность - благо для страны $COUNTRY$.";X;X;X;X;X;X
EVTOPTA29900;Великое благо!;X;X;X;X;X;X
EVTNAME29901;Электрификация провинции $PROVINCENAME$!;X;X;X;X;X;X
EVTDESC29901;"«Мама, мама! Ты видела новые фонари на главной улице? Они вешают их на фонарные столбы - говорят, они светятся от ""электричества""!»\n\nЭлектричество в уличных фонарях пришло в провинцию $PROVINCENAME$. Этот новый вид энергии ярко освещает наши города. Растет производительность на предприятиях, улучшаются условия жизни местных жителей.";X;X;X;X;X;X
EVTOPTA29901;Великолепно!;X;X;X;X;X;X
EVTNAME29902;Взрывные работы в провинции $PROVINCENAME$!;X;X;X;X;X;X
EVTDESC29902;«Мама, мама! Ты слышала звуки взрывов из шахты? Говорят, это новая взрычатка!»\n\nПоявление нитроглицерина и развитие горнопроходческой техники в провинции $PROVINCENAME$ позволили местной добывающей промышленности увеличить производство в несколько раз.;X;X;X;X;X;X
EVTOPTA29902;Бабах!;X;X;X;X;X;X
EVTNAME29903;Новый магазин в провинции $PROVINCENAME$;X;X;X;X;X;X
EVTDESC29903;«Мама! Мама! Они открыли новый магазин в городе!»\n\nВ XIX веке началось стремительное развитие системы распределения товаров и их доставки потребителям из различных слоев общества. Благодаря открытию новых, специализированных торговых сетей потребители получили доступ к промтоварам, производимым на фабриках. Новый магазин в провинции $PROVINCENAME$ поможет местным фермам - теперь им не надо тратить время, чтобы ездить на рынок и обратно.;X;X;X;X;X;X
EVTOPTA29903;Отлично!;X;X;X;X;X;X
EVTNAME29904;Механизация шахт;X;X;X;X;X;X
EVTDESC29904;«Мама! Мама! Папа говорит, у них на шахте новые инструменты!»\n\nС изобретением металлорежущих станков в рудниках появились новые, эффективные инструменты. С их помощью легче извлекать спящие под землей богатства. Эффективность и объемы добычи полезных ископаемых в провинции $PROVINCENAME$ увеличились.;X;X;X;X;X;X
EVTOPTA29904;И все же не будем копать слишком жадно и глубоко;X;X;X;X;X;X
EVTNAME31100;Обнаружена Троя!;X;X;X;X;X;X
EVTDESC31100;Археолог Генрих Шлиман раскопал легендарную Трою в Турции! Это открытие способствовало резкому росту популярности археологии и завладело умами миллионов.;X;X;X;X;X;X
EVTOPTA31100;Обворожительно!;X;X;X;X;X;X
EVTOPTA31101;Мы приветствуем германские инвестиции;X;X;X;X;X;X
EVTNAME31300;Первая перепись населения;X;X;X;X;X;X
EVTDESC31300;В январе 1837 года в Швейцарии была проведена первая перепись населения. По ее данным, население страны составило 2, 190, 258 человек.;X;X;X;X;X;X
EVTOPTA31300;Это полезно знать!;X;X;X;X;X;X
EVTNAME31301;Франция требует экстрадиции Луи Наполеона;X;X;X;X;X;X
EVTDESC31301;В августе 1838 года Франция потребовала от Швейцарии экстрадиции претендующего на трон племянника императора Наполеона I Луи Наполеона. Швейцария отказалась это сделать, и вторжение французских войск смог предотвратить только сам Луи Наполеон: он согласился переехать в Лондон.;X;X;X;X;X;X
EVTOPTA31301;Опасность была так близка!;X;X;X;X;X;X
EVTNAME31302;Телеграмма!;X;X;X;X;X;X
EVTDESC31302;В 1852 году в Швейцарии начали использовать азбуку Морзе. По всей стране открыли 27 телеграфных станций.;X;X;X;X;X;X
EVTOPTA31302;Новые средства связи в Швейцарии;X;X;X;X;X;X
EVTNAME31303;Референдум по вопросу национализации железных дорог;X;X;X;X;X;X
EVTOPTA31303;Народ сказал свое слово;X;X;X;X;X;X
EVTDESC31303;На проведенном референдуме большинство граждан страны высказалось за национализацию железных дорог.;X;X;X;X;X;X
EVTNAME31304;Референдум по статусу евреев;X;X;X;X;X;X
EVTDESC31304;На проведенном референдуме большинство швейцарцев высказалось за то, чтобы евреи были признаны полноправными гражданами страны.;X;X;X;X;X;X
EVTNAME31305;Референдум по государственной монополии на производство алкогольных напитков;X;X;X;X;X;X
EVTDESC31305;На проведенном референдуме большинство граждан страны высказалось за введение государственной монополии на производство алкогольных напитков.;X;X;X;X;X;X
EVTNAME31306;Переворот в Тичино;X;X;X;X;X;X
EVTDESC31306;Радикальные либералы организовали кровавый переворот в Тичино. В конце концов, федеральные войска разгромили повстанцев. Напряжение в стране возросло, несмотря на амнистию лидеров движения.;X;X;X;X;X;X
EVTOPTA31306;Необходимо восстановить порядок в Тичино;X;X;X;X;X;X
EVTNAME31307;Убийство Сиси!;X;X;X;X;X;X
EVTDESC31307;Императрица Австрии Елизавета фон Виттельсбах была убита итальянским анархистом Луиджи Лучени в гостинице «Бо-Риваж» в Женеве.;X;X;X;X;X;X
EVTOPTA31307;Это может стать примером для остальных!;X;X;X;X;X;X
EVTNAME31308;Конференция социалистов в Циммервальде.;X;X;X;X;X;X
EVTDESC31308;Циммервальдская конференция Социалистического интернационала состоялась 4 сентября 1915 г. и была первым таким съездом после начала Первой мировой войны (т.е. с августа 1914 г). Хотя на предыдущем съезде Интернационала в Базеле в ноябре 1912 г. война рассматривалась как возможность низвергнуть капиталистический строй, ужасающие потери воюющих сторон заставили делегатов Циммервальдской конференции осудить войну как порождение империализма и призвать рабочих к борьбе против ее продолжения. На съезде присутствовали многие выдающиеся лидеры социалистического движения: Лаццари и Модильяни из Италии, Ленин, Зиновьев из России, немцы Ледебур и Гоффман, французы Бурдерон и Мергейм, и многие другие.;X;X;X;X;X;X
EVTOPTA31308;Сомнительные идеи распространяются все шире;X;X;X;X;X;X
EVTNAME31309;Конференция социалистов в Кентале;X;X;X;X;X;X
EVTDESC31309;На конференции в Кентале собрались видные социалистические лидеры. Обсуждались перспективы и способы построения социалистического будущего.;X;X;X;X;X;X
EVTNAME31310;Красный крест;X;X;X;X;X;X
EVTDESC31310;16 стран подписали Женевскую конвенцию, значительно облегчившую судьбу раненых на поле боя солдат. Символом новой организации стал видоизмененный флаг Швейцарии - красный крест на белом фоне.;X;X;X;X;X;X
EVTOPTA31310;Хорошая идея!;X;X;X;X;X;X
EVTNAME32500;Смерть Пушкина;X;X;X;X;X;X
EVTDESC32500;Один из величайших русских писателей, основоположник современного литературного русского языка Александр Сергеевич Пушкин - автор таких известных произведений, как «Евгений Онегин», «Борис Годунов», «Капитанская дочка». Он погиб в феврале 1837 года на дуэли с французом Дантесом.;X;X;X;X;X;X
EVTOPTA32500;Трагическая смерть;X;X;X;X;X;X
EVTNAME32501;Комитет за независимость Польши;X;X;X;X;X;X
EVTDESC32501;В Париже был создан Комитет за независимость Польши, целью которого стала борьба за независимость Польши от России, Австро-Венгрии и Пруссии.;X;X;X;X;X;X
EVTOPTA32501;И что? Польша все равно не появится на карте!;X;X;X;X;X;X
EVTNAME32502;Кружок петрашевцев;X;X;X;X;X;X
EVTDESC32502;С 1845 года в доме социалиста-утописта М.В. Буташевича-Петрашевского собирались знакомые для обсуждения философских, литературных и общественно-политических вопросов. Одним из членов кружка был Ф.М. Достоевский. К 1849 году наиболее активная часть петрашевцев начала обсуждение планов по созданию тайного общества с целью свержения самодержавия и уничтожения крепостного права. В апреле 1849 года наиболее активные члены кружка были арестованы и приговорены к смертной казни. В последний момент смертная казнь была заменена каторгой.;X;X;X;X;X;X
EVTOPTA32502;Этого они и заслуживают!;X;X;X;X;X;X
EVTNAME32503;Эрмитаж;X;X;X;X;X;X
EVTDESC32503;В Санкт-Петербурге открылся Эрмитаж, построенный по проекту Лео фон Кленце. У жителей России появилась возможность посмотреть на замечательную коллекцию выдающихся произведений искусства.;X;X;X;X;X;X
EVTOPTA32503;Во славу царя!;X;X;X;X;X;X
EVTNAME32504;Постановка оперы М.П. Мусоргского «Борис Годунов».;X;X;X;X;X;X
EVTDESC32504;8 февраля 1874 года после долгих лет работы М.П. Мусоргский впервые представил публике оперу «Борис Годунов». Соединив русскую народную музыку с идеями Рихарда Вагнера, М.П. Мусоргский доказал, что народная музыка достойна права на существование.;X;X;X;X;X;X
EVTOPTA32504;Какая хорошая музыка!;X;X;X;X;X;X
EVTNAME32505;«Братья Карамазовы»;X;X;X;X;X;X
EVTDESC32505;В 1880 г. Федор Достоевский завершил главный труд своей жизни, «Братьев Карамазовых». Это одно из самых захватывающих произведений в истории всей мировой литературы, в котором Достоевский развил основные идеи, которые главенствовали в его творчестве после разрыва с социалистами. В своих мемуарах, «Дневнике писателя», Достоевский отверг критику своего произведения слева, отметив, что никто из левых не подвергал христианство такой уничижительной критике, как это сделал он в главах «Бунт» и «Великий инквизитор». Произведения Достоевского оказали огромное влияние на умы не только в России, но и на Западе, причем не только в литературном отношении, но и в философском и религиозном.;X;X;X;X;X;X
EVTOPTA32505;Иногда дважды два - пять!;X;X;X;X;X;X
EVTNAME32506;Первая железная дорога в России!;X;X;X;X;X;X
EVTDESC32506;В 1837 году железная дорога протяженностью 26 километров соединила Петербург и Царское Село. Это была первая железная дорога в России.;X;X;X;X;X;X
EVTOPTA32506;Прогресс не остановить!;X;X;X;X;X;X
EVTNAME32507;Симодский договор;X;X;X;X;X;X
EVTDESC32507;7 февраля 1855 года в Симоде вице-адмирал Путятин подписал первое официальное российско-японское соглашение - «Договор о дружбе, торговле и границах». Северные Курилы объявлялись российской территорией, а Сахалин оставался под совместным управлением. Кроме того, Япония открывала три порта для купцов из России.;X;X;X;X;X;X
EVTOPTA32507;Мы будем торговать с Японией!;X;X;X;X;X;X
EVTNAME32508;Московский Художественный театр;X;X;X;X;X;X
EVTDESC32508;Оригинальность постановки «Чайки» А.П. Чехова доказала, что Московский Художественный театр является одним из крупнейших творческих центров эпохи не только российского, но и мирового искусства.;X;X;X;X;X;X
EVTOPTA32508;Фантастическая постановка!;X;X;X;X;X;X
EVTNAME33000;В Берлине создается труппа Мейнингена;X;X;X;X;X;X
EVTDESC33000;Театральная труппа Саксен-Мейнингского герцогства представила в свой репертуар в Берлине. Выступление имело большой успех и стало началом целой серии гастролей в различные страны Европы.;X;X;X;X;X;X
EVTOPTA33000;Изумительно!;X;X;X;X;X;X
EVTNAME33001;Карл Гагенбек;X;X;X;X;X;X
EVTDESC33001;В 1874 году сын торговца скотом Карл Гагенбек впервые выступил в Гамбурге с представлением о необычных людях. В 1887 году Гагенбек организовал первый цирк, где занимались дрессировкой животных. А в 1907 году он открыл в Гамбурге уникальный зоопарк.;X;X;X;X;X;X
EVTOPTA33001;Теперь все могут понаблюдать за львами, зебрами и слонами!;X;X;X;X;X;X
EVTNAME33002;Конрад Дуден;X;X;X;X;X;X
EVTDESC33002;В 1880 году школьный директор Конрад Дуден опубликовал составленный им полный орфографический словарь немецкого языка. Он стал самым авторитетным словарем немецкой орфографии.;X;X;X;X;X;X
EVTOPTA33002;Наконец-то язык тоже унифицирован!;X;X;X;X;X;X
EVTNAME33005;Багдадская железная дорога;X;X;X;X;X;X
EVTDESC33005;В 1903 году немцы получили от Оттоманской империи концессию на строительство и эксплуатацию Багдадской железной дороги, которая соединит Константинополь и Багдад. Это стало знаком того, что отношения Берлина и Стамбула находятся на высоком уровне.;X;X;X;X;X;X
EVTOPTA33005;Мы профинансируем этот проект!;X;X;X;X;X;X
EVTOPTB33005;Нет, это не наше дело;X;X;X;X;X;X
EVTNAME33800;Гамбург в огне!;X;X;X;X;X;X
EVTDESC33800;Пожар, бушевавший три дня, уничтожил почти треть всех построек в городе. После этой трагедии власти Гамбурга реформировали систему пожарной охраны и внесли изменения в план развития города.;X;X;X;X;X;X
EVTOPTA33800;Трагедия!;X;X;X;X;X;X
EVTNAME33801;Гибель «Австрии»;X;X;X;X;X;X
EVTDESC33801;У берегов Ньюфаундленда затонуло судно «Австрия». Эта трагедия унесла жизни 495 человек, в основном эмигрантов из Европы.;X;X;X;X;X;X
EVTOPTA33801;Трагедия!;X;X;X;X;X;X
EVTNAME33802;Перевозки через Атлантику;X;X;X;X;X;X
EVTDESC33802;Самые богатые купцы Гамбурга основали компанию, занимающуюся перевозками через Атлантический океан. Услугами компании с удовольствием пользовались желающие эмигрировать в Америку, которых с каждым годом становилось все больше.;X;X;X;X;X;X
EVTOPTA33802;Ура!;X;X;X;X;X;X
EVTNAME33900;Присоединение герцогства Брауншвейг;X;X;X;X;X;X
EVTDESC33900;У герцога Вильгельма Брауншвейг-Люнебургского не было наследников, поэтому герцогом Брауншвейгским становится его кузен Эрнст Август II. Таким образом, герцогство входит в состав нашего королевства.;X;X;X;X;X;X
EVTOPTA33900;Теперь мы - часть Ганновера;X;X;X;X;X;X
EVTOPTA33901;Земли Ганновера воссоединены;X;X;X;X;X;X
EVTNAME34100;Фестиваль музыки Моцарта;X;X;X;X;X;X
EVTDESC34100;В 1838 году 42 коллектива исполнителей из Рейнланда, Бадена, Гессена и Франконии собрались во Франкфурте для проведения трехдневного фестиваля музыки Моцарта. Это мероприятие стало также демонстрацией политического единства немцев.;X;X;X;X;X;X
EVTOPTA34100;Пусть поют - нечего разговаривать!;X;X;X;X;X;X
EVTNAME35300;Пуччини превращает американские пьесы в итальянские оперы;X;X;X;X;X;X
EVTNAME34500;Петер II - Великий Герцог;X;X;X;X;X;X
EVTDESC34500;9 июня 1815 года герцогство Ольденбург стало Великим Герцогством. Его Высочество Петер II стал первым монархом, которого официально начали называть великим герцогом.;X;X;X;X;X;X
EVTOPTA34500;Боже, храни великого герцога!;X;X;X;X;X;X
EVTNAME34600;Публикация «Руководящих принципов для учителей».;X;X;X;X;X;X
EVTDESC34600;Немецкий педагог-теоретик Адольф Дистервег заложил новые принципы обучения и воспитания детей. Дети должны были превратиться в сознательных, думающих и ответственных граждан своей страны. В 1847 году ученый был лишен должности за чрезмерно активную популяризацию своих идей.;X;X;X;X;X;X
EVTOPTA34600;А ведь очень интересные мысли!;X;X;X;X;X;X
EVTNAME34601;«Дойчландслид»;X;X;X;X;X;X
EVTDESC34601;В августе 1841 года Хофман фон Фаллерслебен написал стихотворение «Дойчландслид». Впоследствии эти стихи, положенные на мелодию австрийца Йозефа Гайдна «Боже, храни Кайзера», стали текстом немецкого государственного гимна.;X;X;X;X;X;X
EVTOPTA34601;Мечтатель!;X;X;X;X;X;X
EVTNAME34602;Фридрих Вильгельм IV;X;X;X;X;X;X
EVTDESC34602;7 июня 1840 года умирает король Фридрих Вильгельм III. На трон вступает его сын-романтик Фридрих Вильгельм IV.;X;X;X;X;X;X
EVTOPTA34602;Да здравствует король!;X;X;X;X;X;X
EVTNAME34603;Зоологический сад;X;X;X;X;X;X
EVTDESC34603;В августе 1844 года в Берлине состоялось открытие первого в Германии зоологического сада. До этого зоологические сады существовали лишь в Лондоне и Антверпене.;X;X;X;X;X;X
EVTOPTA34603;Экзотические животные!;X;X;X;X;X;X
EVTNAME34604;Евреи на военной службе;X;X;X;X;X;X
EVTDESC34604;В октябре 1845 года в Пруссии был принят закон, обязывавший евреев служить в армии.;X;X;X;X;X;X
EVTOPTA34604;Все граждане должны служить в армии!;X;X;X;X;X;X
EVTNAME34605;Открыт Нептун!;X;X;X;X;X;X
EVTDESC34605;Прусский астроном Йохан Готтлиб Галле открыл планету Нептун. До 1930 года она считалась последней планетой Солнечной системы.;X;X;X;X;X;X
EVTOPTA34605;Их уже восемь!;X;X;X;X;X;X
EVTNAME34606;Отто Николай;X;X;X;X;X;X
EVTDESC34606;В Берлине состоялась премьера комедийной оперы «Виндзорские насмешницы», основанной на одноименной пьесе Шекспира. Спектакль имел ошеломляющий успех.;X;X;X;X;X;X
EVTOPTA34606;А мне спектакль больше нравится;X;X;X;X;X;X
EVTNAME34607;Страховые фонды;X;X;X;X;X;X
EVTDESC34607;Компания Круппа создает в Эссене страховой фонд для страхования любого из своих 970 рабочих в случае болезни. Страхование обязательно для каждого рабочего.;X;X;X;X;X;X
EVTOPTA34607;Ввести страхование по всей стране!;X;X;X;X;X;X
EVTOPTB34607;Это аморально!;X;X;X;X;X;X
EVTNAME34608;Принят закон о детском труде;X;X;X;X;X;X
EVTDESC34608;Следуя примеру Великобритании, правительство Пруссии поддалось на уговоры некоторых религиозных и общественных деятелей и приняло закон о строгом ограничении рабочего времени для детей.;X;X;X;X;X;X
EVTOPTA34608;Бедные дети!;X;X;X;X;X;X
EVTNAME34700;Алберт Лорцинг;X;X;X;X;X;X
EVTDESC34700;В 1837 году в Лейпциге состоялась премьера самой известной оперы Алберта Лорцинга «Царь и плотник». Лорцинг считается отцом немецкой комедийной оперы.;X;X;X;X;X;X
EVTOPTA34700;Какая музыка!;X;X;X;X;X;X
EVTNAME34701;Опера Семпера;X;X;X;X;X;X
EVTDESC34701;Главный архитектор Саксонии профессор Готтфрид Семпер закончил работу над зданием дрезденской оперы - одним из своих самых знаменитых шедевров. Его стиль сочетал в себе элементы классицизма и ренессанса, и в том, что Дрезден называют «Флоренцией на Эльбе», есть немалая заслуга Семпера.;X;X;X;X;X;X
EVTOPTA34701;Чудесное здание!;X;X;X;X;X;X
EVTDESC35300;Джакомо Пуччини, в 1904 году успешно поставивший оперу по мотивам пьесы американца Дэвида Беласко «Мадам Баттерфляй», готовится представить свою новую работу: оперу, в основе которой лежит сюжет «Девушки с золотого Запада» того же автора.;X;X;X;X;X;X
EVTOPTA35300;Отлично, отлично!;X;X;X;X;X;X
EVTNAME35301;Величайший тенор;X;X;X;X;X;X
EVTDESC35301;Исполнение «Риголетто» в лондонском Ковент Гарден принесло Энрико Карузо мировую славу.;X;X;X;X;X;X
EVTOPTA35301;Отлично, отлично!;X;X;X;X;X;X
EVTNAME35400;Премьера «Набукко»;X;X;X;X;X;X
EVTDESC35400;Главное произведение Верди, «Набукко», премьера которой состоялась в миланской опере «Ла Скала», мгновенно завоевала сердца итальянцев, а один из ее отрывков стал неофициальным гимном Италии.;X;X;X;X;X;X
EVTOPTA35400;Истинный шедевр!;X;X;X;X;X;X
EVTNAME35700;«О новых вопросах»;X;X;X;X;X;X
EVTDESC35700;Труд папы Льва XIII «Права и обязанности капитала и рабочих» начинался со слов «О новых вопросах». Дух социалистических революций проникал все дальше и дальше. Причины конфликтов ясны: это быстрое развитие промышленности, изменение отношений между работодателями и рабочими, огромные доходы отдельных граждан при общей бедности, упадок морали. Социализм угрожает религиозным и моральным устоям общества и стремится нанести ущерб Церкви и Государству, работодателям и рабочим, проповедует атеизм. Для борьбы с социализмом необходимо организовать общества, которые способствовали бы технологическому прогрессу и в то же время брали на себя заботу о слабых и обездоленных.;X;X;X;X;X;X
EVTOPTA35700;Труд так же ценен, как и богатство;X;X;X;X;X;X
EVTNAME36400;Эдвард Мунк;X;X;X;X;X;X
EVTDESC36400;Эдвард Мунк (1863-1944) способствовал развитию экспрессионизма. Его работы настолько шокировали представителей высших слоев общества, что некоторые картины было запрещено выставлять на всеобщее обозрение, поскольку автор изображал ужасные условия жизни простых людей.;X;X;X;X;X;X
EVTOPTA36400;Невеселые картины…;X;X;X;X;X;X
EVTNAME36401;Ивар Аасен;X;X;X;X;X;X
EVTDESC36401;Сын фермера, учитель Ивар Аасен (1863-1896) посчитал необходимым провести реформу письменного норвежского языка, который, по его мнению, взял слишком много от датского языка. После нескольких поездок по сельским районам Аасен составил грамматику и словарь «нового» норвежского языка. Хотя его деятельность не способствовала просвещению крестьян и фермеров, многие из стихотворений Аасена стали песнями и распространились в сельской местности. Перед самой смертью ученого «новый» язык получил официальное признание в норвежском парламенте.;X;X;X;X;X;X
EVTOPTA36401;Народный язык для нации;X;X;X;X;X;X
EVTNAME36402;Великая четверка;X;X;X;X;X;X
EVTDESC36402;В конце 19 века на жизнь Норвегии огромное влияние оказали работы Хенрика Ибсена, Бьернстьерне Бьернсона, Александра Киелланда и Йонаса Ли. Их романы и пьесы, написанные в жанре реализма, привели в ярость представителей высших слоев общества, вызвали бурные дискуссии по всей стране и подготовили почву для полномасштабных социальных реформ.;X;X;X;X;X;X
EVTOPTA36402;Чертовы писатели!;X;X;X;X;X;X
EVTNAME36403;Парламентаризм;X;X;X;X;X;X
EVTDESC36403;В 1884 году Йохан Свердруп, член фракции либералов в парламенте заявил о необходимости формирования правительства на основе парламентского большинства. В результате это стало реальностью, несмотря на отсутствие принятого по этому поводу закона или судебного решения. Норвежский парламент превратился в арену борьбы разных политических партий друг с другом и с королем.;X;X;X;X;X;X
EVTOPTA36403;Место для защиты наших интересов;X;X;X;X;X;X
EVTNAME36405;Профсоюз Маркуса Трана;X;X;X;X;X;X
EVTDESC36405;Вдохновленный революционными настроениями в Европе в 1848 году, Маркус Тран приступил к созданию профсоюзов квалифицированных и неквалифицированных рабочих. Профсоюзы выступали за предоставление всем гражданам избирательных прав, улучшение условий труда наемных рабочих и отмену всех тарифов на импорт зерна. Правительство боролось с деятельностью профсоюзов, и в итоге сам Тран был приговорен к 5 годам лишения свободы.;X;X;X;X;X;X
EVTOPTA36405;Опасные идеи распространяются все шире;X;X;X;X;X;X
EVTNAME36600;Шведский соловей;X;X;X;X;X;X
EVTDESC36600;Шведская сопрано Дженни Линд родилась в 1820 году в Стокгольме. В 1838 году она дебютировала в стокгольмском театре, а к середине 1840-х годов стала знаменитой во всем мире после серии успешных выступлений в Европе и США. Дженни Линд стала первой шведской суперзвездой, зрителей покорил ее замечательный голос и оригинальная манера исполнения. Значительную часть средств, полученных за выступления, певица тратила на благотворительность.;X;X;X;X;X;X
EVTOPTA36600;Гений искусства...;X;X;X;X;X;X
EVTNAME36601;Обязательное начальное образование;X;X;X;X;X;X
EVTDESC36601;В 1842 году в Швеции было введено обязательное начальное образование. Хотя прежняя система образования считалась достаточно эффективной, именно закон о начальной школе, принятый в 1842 году, позволил практически полностью ликвидировать неграмотность среди населения. Местные власти получили возможность оказывать давление даже на тех родителей, которые не желали уделять должное внимание обучению детей.;X;X;X;X;X;X
EVTOPTA36601;Всеобщее образование!;X;X;X;X;X;X
EVTNAME36602;«Афтонбладет»;X;X;X;X;X;X
EVTDESC36602;6 декабря 1830 года вышел в свет первый номер вечерней газеты «Афтонбладет» под редакцией Ларса Йохана Хиерты. Газета выступала за свободу слова, свободную торговлю, снижение импортных пошлин и проведение демократических реформ. Власти сразу невзлюбили «Афтонбладет»: представители высшего класса относились к газете с презрением, и король в течение нескольких лет пытался запретить ее издание. Эти попытки не увенчались успехом. Газета стала очень популярной среди небогатых шведов, и тираж постоянно увеличивался. Выпуск либеральной «Афтонбладет» стал первым и самым важным этапом в борьбе за свободу печати в стране.;X;X;X;X;X;X
EVTOPTA36602;Говорите свободно!;X;X;X;X;X;X
EVTNAME36603;Беспорядки в Стокгольме!;X;X;X;X;X;X
EVTDESC36603;1848 год стал годом революций в Европе. Накалилась и обстановка в Швеции. 19 мая 1848 года большое число недовольных и агрессивно настроенных людей разных сословий и политических взглядов вышло на улицы Стокгольма. Толпа находилась в сильном возбуждении, люди крушили все вокруг и избивали тех, кто им не нравился. Король Оскар I лично обратился к толпе, однако это не помогло: разрушению подвергались все новые и новые районы города.;X;X;X;X;X;X
EVTOPTA36603;Срочно вызывайте войска!;X;X;X;X;X;X
EVTNAME36604;Горан Фредерик Горанссон впервые применяет бессемеровский метод;X;X;X;X;X;X
EVTDESC36604;Горан Фредерик Горанссон первым стал применять методику производства стали англичанина Генри Бессемера в промышленных масштабах. Бессемер предложил пропускать воздух через расплавленный чугун, чтобы понизить уровень углерода в металле до приемлемого. В результате получалась ковкая сталь. В Сандвикене был построен завод по производству стали бессемеровским способом.;X;X;X;X;X;X
EVTOPTA36604;Наши ученые способствуют прогрессу страны;X;X;X;X;X;X
EVTNAME36605;Дождливый год;X;X;X;X;X;X
EVTDESC36605;В середине 1860-х годов сельское хозяйство не могло обеспечить страну зерном. В 1867 году урожай сгнил на корню, и во многих районах страны начался голод.;X;X;X;X;X;X
EVTNAME36606;Засушливый год;X;X;X;X;X;X
EVTDESC36606;После неурожая 1867 года, вызванного непрекращающимися дождями, 1868 год также оказался очень тяжелым. Жара и сушь привели к гибели посевов, и голод продолжился. В результате этого многие семьи решили эмигрировать из страны.;X;X;X;X;X;X
EVTOPTA36606;Трагедия!;X;X;X;X;X;X
EVTNAME36607;Суровый год;X;X;X;X;X;X
EVTDESC36607;Трудности продолжились в 1869 году. В городах начались эпидемии, а в сельских районах по-прежнему царили голод, нищета и отчаяние, увеличилось эмигрантов. Всего в 1867-69 гг. из Швеции выехало более 60 тысяч человек.;X;X;X;X;X;X
EVTOPTA36607;Это ужасно!;X;X;X;X;X;X
EVTNAME36608;Соединены железные дороги!;X;X;X;X;X;X
EVTDESC36608;В 1871 году в Арвике состоялась торжественная церемония, посвященная соединению железных дорог Швеции и Норвегии.;X;X;X;X;X;X
EVTOPTA36608;Отпразднуем!;X;X;X;X;X;X
EVTNAME36609;Продажа острова Св. Бартоломея;X;X;X;X;X;X
EVTDESC36609;Небольшой остров Св. Бартоломея у берегов Америки, находился под управлением Швеции 94 года. В 1878 году было принято решение продать его Франции, поскольку он больше не приносил дохода в качестве порта свободной торговли и стал тяжелым бременем для бюджета страны.;X;X;X;X;X;X
EVTOPTA36609;Продать эти голые скалы!;X;X;X;X;X;X
EVTOPTB36609;Мы должны сохранить его во славу Швеции!;X;X;X;X;X;X
EVTNAME36610;Забастовка рабочих в Сундсвалле;X;X;X;X;X;X
EVTDESC36610;В 1879 году экономика Швеции находилась в упадке. Хозяевам лесопилок в Сундсвалле пришлось урезать работникам зарплату. В ответ те организовали забастовку, которая перекинулась и на другие предприятия. Всего бастовали 6000 рабочих с 21 лесопилки. Это была первая забастовка такого масштаба в Швеции. Она объединила рабочих страны и стала первым этом формирования шведского рабочего класса и социал-демократии в стране, а также способствовала созданию профсоюзов.;X;X;X;X;X;X
EVTOPTA36610;Пожалуйста, соблюдайте порядок и законность!;X;X;X;X;X;X
EVTNAME36611;Публикация «Красной комнаты».;X;X;X;X;X;X
EVTDESC36611;Август Стриндберг (1849-1912) - один из наиболее талантливых писателей в истории мировой литературы. Он писал пьесы, романы и короткие рассказы, эффектно сочетая в своих произведениях натурализм, психологизм и мистицизм. «Красная комната» сделала Стриндберга по-настоящему знаменитым. В этой книге автор сатирически описал государственное устройство и порядки Швеции. Кроме того, писатель известен своей нетерпимостью по отношению к феминисткам, а также интересом к оккультизму. Помимо написания книг он занимался фотографией, рисованием и алхимией.;X;X;X;X;X;X
EVTOPTA36611;Захватывающе!;X;X;X;X;X;X
EVTNAME36612;Боденская крепость;X;X;X;X;X;X
EVTDESC36612;В 1900 году шведский парламент принял решение о строительстве протяженной системы укреплений в районе Бодена недалеко от финской границы. Эта крепость была построена на вершине горы неподалеку от стратегически важной реки Луле. Крепость должна была защищать север страны от потенциальной угрозы со стороны России.;X;X;X;X;X;X
EVTOPTA36612;Да, мы должны заботиться о безопасности страны!;X;X;X;X;X;X
EVTOPTB36612;Нет, не сейчас;X;X;X;X;X;X
EVTNAME36614;Книга Карла Йонаса Луве Альмквиста «Можно»;X;X;X;X;X;X
EVTDESC36614;Один из лучших шведских писателей, Карл Йонас Луве Альмквист, оказал значительное влияние на шведскую литературу, написав большое число произведений, представляющих собой смесь романтизма, мистицизма и социальной осведомленности. В книге «Можно» он выражает несогласие с традиционными взглядами на брак и роль женщины в обществе. Книга вызвала большой скандал.;X;X;X;X;X;X
EVTOPTA36614;Отличная Книга!;X;X;X;X;X;X
EVTNAME36615;Упадок сельского хозяйства и массовая эмиграция;X;X;X;X;X;X
EVTDESC36615;1880-е годы стали периодом упадка сельского хозяйства в Швеции. Усугубленный быстрым ростом населения и все увеличивающимся недовольством, кризис привел к росту числа эмигрантов. В 1880-х годах только в США уехало более 340, 000 жителей страны.;X;X;X;X;X;X
EVTOPTA36615;Настали тяжелые времена!;X;X;X;X;X;X
EVTNAME36616;Реформы Луи де Гира;X;X;X;X;X;X
EVTDESC36616;Архаичная парламентская система Швеции позволяла участвовать в работе законодательного органа представителям четырех сословий: аристократии, духовенства, бюргерства и крестьянства. Большую часть мест занимали представители аристократии и духовенства. Луи де Гир предложил создать двухпалатный парламент, состоящий из представителей любых сословий, которые избирались бы в ходе всеобщего голосования. После проведения этой либеральной реформы большую часть мест в парламенте заняли представители крупной буржуазии. В результате начало набирать силу движение за изменение и этой системы и предоставление женщинам избирательных прав.;X;X;X;X;X;X
EVTOPTA36616;Да, провести реформу;X;X;X;X;X;X
EVTOPTB36617;Нет, оставить все как есть!;X;X;X;X;X;X
EVTNAME36617;Государственный флаг на торговых судах;X;X;X;X;X;X
EVTDESC36617;Король Швеции и Норвегии Карл Юхан поддался на уговоры членов парламента и позволил норвежским судам плавать под флагом Норвегии.;X;X;X;X;X;X
EVTOPTA36617;Предоставить им это право;X;X;X;X;X;X
EVTNAME36622;Великий скандинавский студенческий съезд;X;X;X;X;X;X
EVTDESC36622;После победы Дании в Первой Шлезвигской войне, в которой принимало участие большое число добровольцев из скандинавских стран, активизировалось Скандинавское движение. Итогом стало проведение нескольких студенческих съездов, последний из них прошел в Упсале в 1856 году.;X;X;X;X;X;X
EVTOPTA36622;Народы Скандинавии должны быть вместе!;X;X;X;X;X;X
EVTNAME36938;Публикация романа «Дургеснондини».;X;X;X;X;X;X
EVTDESC36938;Банким Чандра Чаттерьи публикует «Дургеснондини» - первый индийский роман.;X;X;X;X;X;X
EVTOPTA36938;Индийский народ тоже может выражать свое мнение!;X;X;X;X;X;X
EVTNAME36939;Реформы Далюзи;X;X;X;X;X;X
EVTDESC36939;Индийский генерал-губернатор лорд Далюзи провел ряд реформ. Несмотря на непопулярность, они оказались очень эффективными.;X;X;X;X;X;X
EVTOPTA36939;Наша миссия в Индии требует проведения реформ!;X;X;X;X;X;X
EVTOPTB36939;Не тревожьте это осиное гнездо!;X;X;X;X;X;X
EVTNAME36940;Договор в Вайтанги;X;X;X;X;X;X
EVTDESC36940;Договор оформил появление государства Новая Зеландия, вожди маори обязались признать верховную власть английской королевы Виктории, а она гарантировала сохранение за ними их земельных владений, лесов и рыбных угодий.;X;X;X;X;X;X
EVTOPTA36940;Ура!;X;X;X;X;X;X
EVTNAME36941;Война флагштока;X;X;X;X;X;X
EVTDESC36941;Возмущенный отношением британцев вождь маори Хоне Хеке несколько раз в знак протеста срубал флагшток с Британским флагом в Корорареке.;X;X;X;X;X;X
EVTOPTA36941;Нужно поймать этого вождя!;X;X;X;X;X;X
EVTOPTB36941;Что же сделать для решения проблемы?;X;X;X;X;X;X
EVTNAME36942;Добро пожаловать в Новую Зеландию!;X;X;X;X;X;X
EVTDESC36942;Каждый вышедший на пенсию солдат, согласившийся переехать в Новую Зеландию, получал бесплатный билет, жилье и пенсию при условии посещения церкви и церковных парадов, а также участия в ежегодных 12-дневных учениях народного ополчения.;X;X;X;X;X;X
EVTOPTA36942;Я готов!;X;X;X;X;X;X
EVTNAME37200;Луи Наполеон в Швейцарии;X;X;X;X;X;X
EVTDESC37200;Открытый критик режима, теперешний глава бонапартистов получил убежище в Швейцарии. Оттуда он призывает наших подданных подвергнуть сомнению нашу легитимность. Нужно ли потребовать у Швейцарии его выдачи?;X;X;X;X;X;X
EVTOPTA37200;Потребовать у Швейцарии его выдачи!;X;X;X;X;X;X
EVTOPTB37200;В Альпах он нам не опасен;X;X;X;X;X;X
EVTNAME37201;Триумфальная арка;X;X;X;X;X;X
EVTDESC37201;Триумфальная арка, построить которую приказал еще Наполеон Бонапарт, торжественно открылась в 1836 году после тридцатилетнего строительства. Арка была построена по примеру арок, существовавших в Древнем Риме. На памятнике изображены сцены из Французской революции и Наполеоновских войн.;X;X;X;X;X;X
EVTOPTA37201;Чудесно!;X;X;X;X;X;X
EVTNAME37202;Открытие Июльской колонны;X;X;X;X;X;X
EVTDESC37202;В 1840 году в Париже состоялось торжественное открытие Июльской колонны, построенной в память о 615 погибших в ходе Июльской революции 1830 года.;X;X;X;X;X;X
EVTOPTA37202;Мы должны помнить погибших героев!;X;X;X;X;X;X
EVTNAME37203;Попытка переворота!;X;X;X;X;X;X
EVTDESC37203;Шарль Луи Наполеон совершил неудавшуюся попытку переворота в Булони.;X;X;X;X;X;X
EVTOPTA37203;Давайте пошлем войска!;X;X;X;X;X;X
EVTNAME37204;Возвращение Наполеона I;X;X;X;X;X;X
EVTDESC37204;В декабре 1840 года во Францию было доставлено тело Наполеона Бонапарта, умершего на острове Святой Елены в 1821 году. В течение нескольких дней после похорон Наполеона I сотни тысяч французов пришли на кладбище почтить память императора.;X;X;X;X;X;X
EVTOPTA37204;Великий человек!;X;X;X;X;X;X
EVTNAME37205;Перелет через Альпы;X;X;X;X;X;X
EVTDESC37205;Француз Франсуа Арбан стал первым, кто пересек Альпы на воздушном шаре. Он начал перелет в Марселе, а приземлился в Ступини.;X;X;X;X;X;X
EVTOPTA37205;Большое достижение!;X;X;X;X;X;X
EVTNAME37206;Игра на саксофоне;X;X;X;X;X;X
EVTDESC37206;Бельгийский изготовитель музыкальных инструментов Адольф Сакс запатентовал то, что позже стали называть саксофоном. Однако, его французские конкуренты инициировали судебный процесс, который не позволил Саксу получить большую прибыль от своего изобретения.;X;X;X;X;X;X
EVTOPTA37206;Какой звук!;X;X;X;X;X;X
EVTNAME37207;Луи Наполеон на свободе!;X;X;X;X;X;X
EVTDESC37207;После неудавшейся попытки совершить переворот 1840 году Луи Наполеон, племянник Наполеона Бонапарта, был приговорен к пожизненному заключению. Остаток жизни он должен был провести в крепости Хам. Тем не менее, в мае 1846 года Луи Наполеон смог сбежать из тюрьмы и перебраться в Великобританию.;X;X;X;X;X;X
EVTOPTA37207;Плохо!;X;X;X;X;X;X
EVTNAME37208;Шарль Луи Наполеон Бонапарт;X;X;X;X;X;X
EVTDESC37208;В результате Февральской революции 1848 года король Луи Филипп отрекся от престола. Президентом республики был избран племянник императора Наполеона I Шарль Луи.;X;X;X;X;X;X
EVTOPTA37208;Да здравствует Республика!;X;X;X;X;X;X
EVTNAME37209;Маятник Фуко;X;X;X;X;X;X
EVTDESC37209;В ходе исследований в парижской обсерватории физик Лион Фуко доказал, что Земля крутится вокруг своей оси. Затем он продемонстрировал свой эксперимент публике в Пантеоне в Париже.;X;X;X;X;X;X
EVTOPTA37209;Вот это да!;X;X;X;X;X;X
EVTNAME37210;Пьер Жозеф Прудон;X;X;X;X;X;X
EVTDESC37210;В июле 1851 года Прудон опубликовал книгу «Общая концепция революции в XIX веке», в которой сформулировал основы анархизма.;X;X;X;X;X;X
EVTOPTA37210;Анархизм? Звучит угрожающе!;X;X;X;X;X;X
EVTNAME37211;Передвижение по воздуху!;X;X;X;X;X;X
EVTDESC37211;К удивлению собравшихся зрителей Генри Гиффорд совершил 27-километровый перелет из Версаля в Трапп на воздушном шаре, приводимом в движение небольшим мотором.;X;X;X;X;X;X
EVTOPTA37211;Первый полет! Что же будет дальше?;X;X;X;X;X;X
EVTNAME37212;Всемирная выставка;X;X;X;X;X;X
EVTDESC37212;15 мая 1855 года в Париже открылась первая всемирная выставка. 20, 839 участников показывали свою продукцию, разыграли 11, 073 наград и привлекли 4 с половиной миллиона посетителей.;X;X;X;X;X;X
EVTOPTA37212;Продукция будущего!;X;X;X;X;X;X
EVTNAME37213;Демократия в Америке;X;X;X;X;X;X
EVTDESC37213;В 1835 году Алексис де Токвиль опубликовал свою книгу «Демократия в Америке», сразу же ставшей классикой как во Франции, так и в США. В ней он проанализировал жизнь американцев и особенности их характера, непонятные европейцам. Еще одним выдающимся произведением де Токвиля стала книга «Старый режим и Французская революция», опубликованная в 1856 году, за три года до смерти автора.;X;X;X;X;X;X
EVTOPTA37213;Да здравствует неравенство!;X;X;X;X;X;X
EVTNAME37215;Флобер в суде;X;X;X;X;X;X
EVTDESC37215;Писатель Гюстав Флобер предстал перед судом после опубликования его книги «Мадам Бовари». Автора обвиняли в грубейшем нарушении норм нравственности, этикета и религиозной морали. Тем не менее, Флобер был оправдан.;X;X;X;X;X;X
EVTOPTA37215;Времена меняются!;X;X;X;X;X;X
EVTNAME37216;Первое дело Дрейфуса;X;X;X;X;X;X
EVTDESC37216;В 1894 году французский шпион обнаружил в немецком посольстве рукописное досье, в котором содержалась информация о французских секретных военных документах. Подозрение в разглашении государственной тайны пало на капитана Альфреда Дрейфуса, еврея по национальности, и в результате военный суд приговорил его к пожизненному заключению с отбыванием наказания на острове Дьявола. Попытки Дрейфуса доказать свою невиновность оказались безрезультатными.;X;X;X;X;X;X
EVTOPTA37216;Пусть он сгниет на этом острове!;X;X;X;X;X;X
EVTOPTB37216;Нет! Он невиновен!;X;X;X;X;X;X
EVTNAME37217;Второе дело Дрейфуса;X;X;X;X;X;X
EVTDESC37217;В 1896 году полковник Пикар обнаружил улики, указывавшие на то, что автором досье, обнаруженного в немецком посольстве, был не Дрейфус, а майор Эстерази. Несмотря на это, военный суд оправдал Эстерази. Тогда Эмиль Золя написал президенту Франции открытое письмо, в котором выступил с обвинениями в адрес судей, которые посчитали, что майор Эстерази на самом деле передал досье в немецкое посольство по приказу из военного министерства Франции, досье не содержало реальных фактов и было передано с целью дезинформировать немцев. Позже, в 1898 году, выяснилось, что улики против Дрейфуса были сфальсифицированы.;X;X;X;X;X;X
EVTOPTA37217;Я обвиняю…;X;X;X;X;X;X
EVTNAME37218;Дрейфус невиновен!;X;X;X;X;X;X
EVTDESC37218;В 1899 году, когда выяснилось, что улики по делу Дрейфуса были сфальсифицированы, дело передали в апелляционный суд. Апелляционный суд повторно признал его виновным, отказавшись признать обвинение судебной ошибкой. Это вызвало бурю негодования в обществе, и, хотя Дрейфус был помилован президентом Франции и реабилитирован в 1906 году, это дело объединило левые силы в стране и усилило антиклерикализм и антимилитаризм в обществе.;X;X;X;X;X;X
EVTOPTA37218;Дело закрыто;X;X;X;X;X;X
EVTNAME37219;Извержение вулкана Монтань-Пеле на острове Мартиника;X;X;X;X;X;X
EVTDESC37219;7 мая 1902 года на острове Мартиника произошло извержение считавшегося потухшим вулкана Монтань-Пеле. В результате погибло более 30, 000 человек.;X;X;X;X;X;X
EVTOPTA37219;Это ужасно!;X;X;X;X;X;X
EVTNAME37220;Чудо?;X;X;X;X;X;X
EVTDESC37220;14-летняя Бернардет Субируа впервые увидела лик Святой Марии в пещере возле Лурда, городка в северных Пиренеях. В 1864 году католическая церковь официально признала этот факт, и Лурд стал крупным центром паломничества.;X;X;X;X;X;X
EVTOPTA37220;Чудо?;X;X;X;X;X;X
EVTNAME37221;Мировое турне Сары Бернар;X;X;X;X;X;X
EVTDESC37221;Обладательница красивейшего голоса Сара Бернар отправится в мировое турне и сыграет роли Камиллы, Тоски, Адрианы Лакувре и др. Ходят слухи, что это ее последнее турне.;X;X;X;X;X;X
EVTOPTA37221;Гений искусства...;X;X;X;X;X;X
EVTNAME37222;Перелет через Ла-Манш;X;X;X;X;X;X
EVTDESC37222;Луи Блерио стал первым, кому удалось перелететь Ла-Манш на моноплане. За это газета «Лондон Дейли Мейл» вручила Блерио специальный приз.;X;X;X;X;X;X
EVTOPTA37222;Изумительно!;X;X;X;X;X;X
EVTNAME37223;Великое достижение;X;X;X;X;X;X
EVTDESC37223;Камиль Женатци установил новый рекорд скорости в районе Сен-Жермена. Его автомобиль «Вечно недовольная» развил скорость 79, 9 километров в час.;X;X;X;X;X;X
EVTNAME37224;«Русские сезоны»;X;X;X;X;X;X
EVTDESC37224;Сергей Дягилев после переезда в Париж решил организовать в столице Франции фестиваль русского искусства. В разные годы в «русских сезонах» участвовали Стравинский, Чайковский, Римский-Корсаков, танцоры Нежинский и Баланчин.;X;X;X;X;X;X
EVTNAME37225;Эдуард Мане;X;X;X;X;X;X
EVTDESC37225;Творчество этого художника ознаменовало переход от реализма к импрессионизму. Картина «Завтрак на траве», на которой изображена обнаженная женщина, вызвала скандал на выставке 1863 года в Париже.;X;X;X;X;X;X
EVTOPTA37225;Можно мне взглянуть еще раз?..;X;X;X;X;X;X
EVTNAME37700;Секуляризация;X;X;X;X;X;X
EVTDESC37700;Для укрепления бюджета правительство в Мадриде приказало продать часть церковной собственности. Кроме того, были отменены налоговые льготы для церкви, но расходы по содержанию собственности церкви брала на себя светская власть.;X;X;X;X;X;X
EVTOPTA37700;Не трогать Святую Церковь!;X;X;X;X;X;X
EVTOPTB37700;Нам нужны деньги!;X;X;X;X;X;X
EVTNAME37701;Генерал Нарцисо Лопез;X;X;X;X;X;X
EVTDESC37701;Выходец из Венесуэлы генерал Нарцисо Лопез был приговорен к смерти испанской колониальной администрацией на Кубе. Он высадился на побережье вместе с небольшой группой бойцов и попытался организовать восстание, после которого Куба стала бы частью США. План провалился из-за отсутствия реальной поддержки со стороны местного населения.;X;X;X;X;X;X
EVTOPTA37701;Куба остается под властью Испании!;X;X;X;X;X;X
EVTNAME37702;Выбор будущего;X;X;X;X;X;X
EVTDESC37702;Мнения в нашем правительстве разделились.Одна часть считает, что нам лучше заняться восстановлением старой колониальной империи.Другая предлагает укрепить наши текущие владения , для защиты от завистливых глаз иноземцев.;X;X;X;X;X;X
EVTOPTA37702;Мы должны восстановить империю!;X;X;X;X;X;X
EVTOPTB37702;Мы должны навести порядок у себя дома.!;X;X;X;X;X;X
EVTOPTC37702;Повременить с Выбором;X;X;X;X;X;X
EVTNAME37703;Предложение о покупке Кубы;X;X;X;X;X;X
EVTDESC37703;Нам стало известно, что значительное число плантаторов на Кубе хотели бы, чтобы остров стал нашим. Возможно, Испания согласится продать его.;X;X;X;X;X;X
EVTOPTA37703;Давайте предложим им продать Кубу;X;X;X;X;X;X
EVTOPTB37703;Куба нам не нужна!;X;X;X;X;X;X
EVTNAME37704;Продажа Кубы;X;X;X;X;X;X
EVTDESC37704;Североамериканские партии выступили с предложением купить у нас Кубу.;X;X;X;X;X;X
EVTOPTA37704;Нет, Куба навеки останется нашей Жемчужиной Антильских островов!;X;X;X;X;X;X
EVTOPTB37704;Да, мы можем продать остров за разумную цену;X;X;X;X;X;X
EVTNAME37705;Комиссия по обсуждению реформ на Кубе;X;X;X;X;X;X
EVTDESC37705;Согласится ли король созвать комиссию для обсуждения реформ, которые необходимо провести на Кубе?;X;X;X;X;X;X
EVTOPTA37705;Нет, комиссия не нужна!;X;X;X;X;X;X
EVTOPTB37705;Да, стоит обсудить проекты реформ;X;X;X;X;X;X
EVTNAME37706;«Авиньонские девушки»;X;X;X;X;X;X
EVTDESC37706;Пабло Пикассо отказывается от традиционных взглядов на живопись и создает свой стиль, сочетающий скульптуру и африканские культурные традиции.;X;X;X;X;X;X
EVTOPTA37706;Хм… это интересно!;X;X;X;X;X;X
EVTNAME37707;Отчуждение общественных земель по инициативе Мадоса;X;X;X;X;X;X
EVTDESC37707;В 1855 году министр общественного благосостояния Паскуаль Мадос попытался найти дополнительные средства для наполнения бюджета и приказал передать в государственную собственность все общественные земли. Это оказало положительное влияние на централизацию страны, однако фермеры и крестьяне потеряли возможность использовать земли, находящиеся в общественной собственности.;X;X;X;X;X;X
EVTOPTA37707;Отобрать эти земли - нам нужны деньги!;X;X;X;X;X;X
EVTOPTB37707;Людям нужна эта земля!;X;X;X;X;X;X
EVTOPTC37707;Мы найдем другой способ наполнения бюджета;X;X;X;X;X;X
EVTNAME37708;Национальная гвардия;X;X;X;X;X;X
EVTDESC37708;После наполеоновских войн за порядком в городах следила национальная милиция, сформированная из местных милиций. В 1844 году Маркиз Ахумада предложил создать национальный гвардейский корпус, подчиненный военному министерству. Гвардия должна была заменить милицию.;X;X;X;X;X;X
EVTOPTA37708;Создать гвардию!;X;X;X;X;X;X
EVTOPTB37708;Нет, милиция справляется со своими задачами;X;X;X;X;X;X
EVTNAME38500;Путешествие «Султаны»;X;X;X;X;X;X
EVTDESC38500;«Султана», первое оманское судно, совершившее путешествие в Новый Свет, прибыла в Нью-Йорк в 1840 году. На борту находился уполномоченный представитель оманского султана Сайид Саид ибн Султан. Он должен был встретиться с членами правительства США и обсудить перспективы установления торговых связей между двумя странами.;X;X;X;X;X;X
EVTOPTA38500;Приветствую вас!;X;X;X;X;X;X
EVTNAME38501;Смерть султана Саида;X;X;X;X;X;X
EVTDESC38501;При султане Саиде Занзибар стал богатейшей провинцией султаната. После смерти Саида в 1856 году султанат был разделен между правителем Занзибара Маджидом и правителем Маската Туваини.;X;X;X;X;X;X
EVTOPTA38501;Согласиться на раздел;X;X;X;X;X;X
EVTNAME38502;Должен ли Занзибар стать независимым?;X;X;X;X;X;X
EVTDESC38502;За последние четыре года многие жители Занзибара пришли к убеждению, что сохранение зависимости их страны от Омана абсурдно, поскольку Занзибар намного богаче. Следует ли нам провозгласить полную независимость от Омана?;X;X;X;X;X;X
EVTOPTB38502;Уничтожить их!;X;X;X;X;X;X
EVTNAME38503;Проблема Занзибара;X;X;X;X;X;X
EVTDESC38503;Через четыре года после смерти султана Саида Маджид отказался платить дань своему брату Туваини. При посредничестве Наместника короля в Индии лорда Каннинга была достигнута договоренность, предусматривавшая объявление независимости Занзибара после уплаты дани.;X;X;X;X;X;X
EVTOPTA38503;Предоставить им независимость;X;X;X;X;X;X
EVTOPTB38503;Занзибар принадлежит нам!;X;X;X;X;X;X
EVTNAME44100;«Приключения Гекльберри Финна»;X;X;X;X;X;X
EVTDESC44100;Публикация в 1885 году романа Марка Твена «Приключения Гекльберри Финна» стало важнейшим этапом развития американской художественной литературы. До этого американские авторы писали на том же литературном английском языке, что и их европейские коллеги. Марк Твен стал основоположником литературного американского английского языка, включив в свое произведение фрагменты речи обычных американцев. Кроме того, автор сделал попытку указать на проблемы, существующие в американском обществе, на то, что каждый человек вне зависимости от социального статуса и цвета кожи способен на поступки, достойные уважения. Поначалу книга была раскритикована, а на проблемы, поднимаемые автором, не обратили внимания.;X;X;X;X;X;X
EVTOPTA44100;Неплохая книжка!;X;X;X;X;X;X
EVTNAME44101;Новый рекорд скорости;X;X;X;X;X;X
EVTDESC44101;Поезд, на котором был установлен двигатель «#999», установил рекорд скорости, разогнавшись до 112 миль в час на участке Нью-Йоркской железной дороги.;X;X;X;X;X;X
EVTOPTA44101;Изумительно!;X;X;X;X;X;X
EVTNAME44102;Золотой крест;X;X;X;X;X;X
EVTDESC44102;Кандидат на пост президента Уильям Дженнингс Брайен призывал чеканить как можно больше свободной серебряной монеты. За это его называли популистом и серебряным республиканцем. Его призыв был воспринят как желание нарушить все договоры и попытка не платить кредиторам.;X;X;X;X;X;X
EVTOPTA44102;Не стоит распинать человечество на золотом кресте;X;X;X;X;X;X
EVTNAME44103;Возвращен «Резолют».;X;X;X;X;X;X
EVTDESC44103;Корабль «Резолют» был обнаружен в северной части Атлантического океана. Команда покинула судно и отправилась на поиски исследователя Арктики сэра Джона Франклина. США купили корабль у тех, кто его обнаружил, отремонтировали его и возвратили Великобритании.;X;X;X;X;X;X
EVTOPTA44103;Вернуть его - правильно и справедливо;X;X;X;X;X;X
EVTNAME44104;Гораций Манн;X;X;X;X;X;X
EVTDESC44104;Политик и юрист Гораций Манн начал осуществление реформы образования в Массачусетсе. Придуманная им система образования впоследствии стала действовать на всей территории США.;X;X;X;X;X;X
EVTOPTA44104;Нельзя быть слишком образованным;X;X;X;X;X;X
EVTNAME44105;Смитсонианский институт;X;X;X;X;X;X
EVTDESC44105;Конгресс США принял решение о создании Смитсонианского института, подчиненного непосредственно президенту. Целями института были поддержка научных исследований и экспедиций, популяризация науки.;X;X;X;X;X;X
EVTOPTA44105;Существует много неизвестного и на Земле, и на небесах…;X;X;X;X;X;X
EVTNAME44106;Эссе;X;X;X;X;X;X
EVTDESC44106;В 1841 году увидел свет первый сборник эссе Эмерсона, представителя новой, мистической философии, сформировавшейся в Новом Свете. Хотя большинство европейцев не считает Эмерсона философом как таковым, его влияние на европейскую философию оказалось весьма значительным. Так, философия Ницше основана на трудах Эмерсона.;X;X;X;X;X;X
EVTOPTA44106;Речь - это вид деятельности;X;X;X;X;X;X
EVTNAME44107;«Общее право»;X;X;X;X;X;X
EVTDESC44107;В 1861 году Оливер Вендел Холмс опубликовал работу «Общее право», где изложил историю формирования общего права. В книге автор утверждал, что общее право не подчиняется законам логики, а основано на решении судьи, который руководствуется принципом: «Жизнь права - это не логика, а опыт». Эта работа моментально стала классикой, сам Холмс сначала стал профессором Гарварда, а через год его назначили председателем Верховного Суда США. Публикация «Общего права» стала знаком растущего прагматизма в среде американских интеллектуалов и предвещала окончательную потерю веры в моральные принципы.;X;X;X;X;X;X
EVTOPTA44107;Закон - это воля, которой должен подчиняться шериф;X;X;X;X;X;X
EVTNAME44108;Автобиография Улисса Гранта;X;X;X;X;X;X
EVTDESC44108;В 1885 году Улисс Грант опубликовал свою автобиографию, в которой рассказывал о наиболее интересных событиях своей жизни. Он начал писать эту книгу, когда узнал, что болен раком горла, чтобы обеспечить свою семью после смерти. Мемуары Гранта стали подлинным шедевром, читатели восхищались откровенностью автора, простотой изложения и оригинальным стилем книги. Марк Твен сравнивал это произведение с «Записками...» Цезаря. Книга имела огромный успех и до сих пор остается одним из самых печатаемых произведений. Возможно, это лучшая книга, написанная американским президентом.;X;X;X;X;X;X
EVTOPTA44108;Хочу эту книгу!;X;X;X;X;X;X
EVTNAME44109;Альфред Тайер Мэхен;X;X;X;X;X;X
EVTDESC44109;Альфред Тайер Мэхен написал «Роль Морской мощи в истории», где проанализировал значимость морской мощи государств на протяжении всей истории человечества. Эта книга стала еще одним доводом в пользу тех, кто предлагал увеличить мощь американского флота и говорил о том, что США имеют свои собственные интересы во всех уголках земного шара.;X;X;X;X;X;X
EVTOPTA44109;Морская мощь - залог победы;X;X;X;X;X;X
EVTNAME44110;Законы о шпионаже и подстрекательстве;X;X;X;X;X;X
EVTDESC44110;В целях борьбы с антивоенными настроениями среди призывников и представителей низших слоев общества Конгресс в 1799 году принял с некоторыми поправками законы о шпионаже и подстрекательстве, которые запрещали критиковать президента и политику государства во время войны и серьезно усложняли жизнь иностранцев и людей, которые просили политического убежища. Принятие этих законов было поддержано несколькими важными решениями Верховного Суда, и законы действовали почти 150 лет.;X;X;X;X;X;X
EVTOPTA44110;Нападать на страну, граждане которой сражаются с оружием в руках, - это предательство;X;X;X;X;X;X
EVTOPTB44110;Расхождение во взглядах - обычное дело в свободной стране;X;X;X;X;X;X
EVTNAME44111;Детективное агентство Пинкертона;X;X;X;X;X;X
EVTDESC44111;Детективы агентства Пинкертона, доказавшие, что могут с легкостью расследовать кражи в поездах и ловить шулеров, занялись недопущением забастовок и проникновением в ряды таких известных тайных организаций как «Молли Магуайер».;X;X;X;X;X;X
EVTOPTA44111;Мы всегда начеку!;X;X;X;X;X;X
EVTNAME44112;Национальная бейсбольная лига;X;X;X;X;X;X
EVTDESC44112;8 команд вошли новую хорошо организованную лигу: Бостон Ред Капс, Чикаго Уайт Стокингс, Цинциннати Редс, Хартфорд Дарк Блюз, Луисвилл Грэйс, Нью-Йорк Мутуалс, Филадельфия Атлетикс и Сент-Луис Браунс.;X;X;X;X;X;X
EVTOPTA44112;Ура! Бейсбол!;X;X;X;X;X;X
EVTNAME44113;Пожар в Чикаго;X;X;X;X;X;X
EVTDESC44113;Огонь вспыхнул в конюшне резиденции Патрика О'Лири на улице Дековен и быстро распространился по всему деловому центру города, уничтожив 17, 450 зданий. Кроме того, погибло 300 человек, а более 98, 000 остались без крыши над головой.;X;X;X;X;X;X
EVTOPTA44113;Все хорошо, прекрасная маркиза!;X;X;X;X;X;X
EVTNAME44114;Перестрелка в Томбстоуне;X;X;X;X;X;X
EVTDESC44114;В ходе короткой перестрелки в Томбстоуне, штат Аризона, Уайтт, Морган и Вирджил Эрп вместе с доктором Холлидеем убили Билли Клентона, а также братьев Тома и Боба Маклаури - своих политических противников, членов группировки «Ковбоев».;X;X;X;X;X;X
EVTOPTA44114;Миротворец!;X;X;X;X;X;X
EVTNAME44115;Время играть в бейсбол!;X;X;X;X;X;X
EVTDESC44115;В пригороде Нью-Йорка Куперстауне состоялся первый бейсбольный матч. Команда «New York Knickerbockers» уступила «New York Nine» со счетом 1 - 23.;X;X;X;X;X;X
EVTOPTA44115;Бейсбол может стать самым популярным видом спорта в США!;X;X;X;X;X;X
EVTNAME44800;Манифест Мадеро;X;X;X;X;X;X
EVTDESC44800;Франциско Мадеро выступил с заявлением, в котором утверждал, что результаты прошедших незадолго до этого выборов в Мексике были подтасованы и Порфирио Диас незаконно занимает пост президента страны. Мадеро призвал людей взять в руки оружие.;X;X;X;X;X;X
EVTOPTA44800;Диас заявляет, что он останется на своем посту;X;X;X;X;X;X
EVTOPTB44800;Диас уходит с поста президента;X;X;X;X;X;X
EVTNAME44801;Мощные союзники Мадеро;X;X;X;X;X;X
EVTDESC44801;Франциско Мадеро удается убедить Паскуаля Ороско и Франциско Виллу поддержать его в борьбе с Диасом.В первом случае нужно иметь на складе по 1000 всего вооружения;X;X;X;X;X;X
EVTOPTA44801;Да здравствует революция!;X;X;X;X;X;X
EVTNAME44802;Крестьянская армия Сапаты;X;X;X;X;X;X
EVTDESC44802;Эмилиано Сапата возглавил крестьянское восстание в провинции Оахака.;X;X;X;X;X;X
EVTOPTA44802;Да здравствует Сапата!;X;X;X;X;X;X
EVTNAME44803;Новая Свобода;X;X;X;X;X;X
EVTDESC44803;За сатирические карикатуры, обличающие власть Хосе Посада снова оказывается в тюрьме.Вот она новая свобода Мексики!;X;X;X;X;X;X
EVTOPTA44803;Да здравствует новая Свобода!;X;X;X;X;X;X
EVTNAME45100;Конкордат с Ватиканом;X;X;X;X;X;X
EVTDESC45100;Конкордат 1860 года позволил улучшить отношения с церковью и вернуть в страну французских священников и преподавателей приходских школ.;X;X;X;X;X;X
EVTOPTA45100;Согласие с церковью...;X;X;X;X;X;X
EVTNAME45101;Соулик - император;X;X;X;X;X;X
EVTDESC45101;Один из кандидатов на президентских выборах 1847 года Фаустин Соулик объявил себя вторым императором Гаити Фаустином I.;X;X;X;X;X;X
EVTOPTA45101;Да здравствует император Фаустин!;X;X;X;X;X;X
EVTNAME46400;Хосе Батль и Ордонес;X;X;X;X;X;X
EVTDESC46400;Известный журналист и лидер партии «Колорадо» Хосе Батль и Ордонес добился проведения политической реформы, в результате которой повысилась роль законодательных органов.;X;X;X;X;X;X
EVTOPTA46400;Пришло время провести реформу;X;X;X;X;X;X
EVTNAME46800;Развалины Мачу-Пикчу;X;X;X;X;X;X
EVTDESC46800;Американский исследователь Хайрам Бингхэм обнаружил развалины древнего города инков Мачу-Пикчу.;X;X;X;X;X;X
EVTOPTA46800;Восполнен еще один исторический пробел!;X;X;X;X;X;X
EVTNAME46801;Огромные доходы от экспорта гуано;X;X;X;X;X;X
EVTDESC46801;Сельскохозяйственные удобрения из гуано пользуются огромным спросом в Европе и Северной Америке. Огромное количество гуано на наших прибрежных островах может стать основным источником прибыли для страны.;X;X;X;X;X;X
EVTOPTA46801;Ах, этот аромат успеха!;X;X;X;X;X;X
EVTNAME31501;Запрет курения!;X;X;X;X;X;X
EVTDESC31501;Курение табака становилось все более и более модным делом. В 1837 году власти Вены запретили курение на улицах и в общественных местах.;X;X;X;X;X;X
EVTOPTA31501;Все равно это невкусно!;X;X;X;X;X;X
EVTNAME31502;Смерть Франца I;X;X;X;X;X;X
EVTDESC31502;В возрасте 67 лет умер австрийский император Франц I. Его наследником стал умственно и физически неполноценный сын Фердинанд I. Фактическая власть в стране сосредоточилась в руках членов тайного совета, куда входили Клеменс Венцель и князь Меттерних.;X;X;X;X;X;X
EVTOPTA31502;Да здравствует император!;X;X;X;X;X;X
EVTNAME31503;Говорите по-венгерски!;X;X;X;X;X;X
EVTDESC31503;Для того чтобы Венгрия стала более самостоятельной, венгерский язык был объявлен единственным языком, на котором можно говорить в венгерском парламенте.;X;X;X;X;X;X
EVTOPTA31503;Пусть говорят по-венгерски, раз им так нравится!;X;X;X;X;X;X
EVTNAME31504;«Начертание»;X;X;X;X;X;X
EVTDESC31504;Серб Илья Гарашанин в своей работе «Начертание» обращается ко всем представителям южнославянских народов с призывом к активной борьбе с австрийскими и турецкими угнетателями. Это произведение стало руководством к действию для национальных движений славянских народов.;X;X;X;X;X;X
EVTOPTA31504;Славяне хотят стать свободными? Смешно!;X;X;X;X;X;X
EVTNAME31505;Императрица Сиси;X;X;X;X;X;X
EVTDESC31505;В 1854 году баварская принцесса Сиси вышла замуж за императора Австрии Франца-Иосифа I. Ее необычные манеры, часто не соответствовавшие требованиям этикета, сделали ее популярной среди простых людей. В 1898 год императрица была убита в Женеве.;X;X;X;X;X;X
EVTOPTA31505;Виват!;X;X;X;X;X;X
EVTNAME31506;К новому театру!;X;X;X;X;X;X
EVTDESC31506;После того как известный венский архитектор Джозеф Урбан начал работать в Бостонской Театральной Компании, европейское влияние на архитектуру зданий американских театров стало очень заметным. В результате были созданы замечательные образцы.;X;X;X;X;X;X
EVTOPTA31506;Гений искусства;X;X;X;X;X;X
EVTNAME33004;Онемечивание Шлезвига;X;X;X;X;X;X
EVTDESC33004;Наш губернатор в Шлезвиге предложил бороться с антинемецкими проявлениями в этой провинции. Для этого нужно ввести образование на немецком языке и изгнать граждан Дании, которые до сих пор там проживают. Следует ли нам принять это предложение?;X;X;X;X;X;X
EVTOPTA33004;Мы должны сделать Шлезвиг немецким!;X;X;X;X;X;X
EVTOPTB33004;Датчане Шлезвига не представляют угрозы;X;X;X;X;X;X
EVTNAME33300;Пожар!;X;X;X;X;X;X
EVTDESC33300;В Карлсруэ дотла сгорел театр Великого Герцогства. Погибли 63 человека.;X;X;X;X;X;X
EVTOPTA33300;Трагедия!;X;X;X;X;X;X
EVTNAME33400;Вальхалла;X;X;X;X;X;X
EVTDESC33400;В 1842 году в Доноштауфе около Регенсбурга открыт монумент Вальхалла, построенный в греческом стиле и названный в честь знаменитой страны мертвых в скандинавской мифологии. В «зале славы» были выставлены бюсты знаменитых немцев.;X;X;X;X;X;X
EVTOPTA33400;Прекрасно!;X;X;X;X;X;X
EVTNAME33401;Лола Монтез;X;X;X;X;X;X
EVTDESC33401;Любовный роман с танцовщицей Лолой Монтез привел к концу правления короля Людвига I, который пожаловал своей любовнице графский титул. В консервативно настроенных католических кругах сопротивление этой связи монарха было столь велико, что королю пришлось отречься от престола. Сама Лола Мотез умерла в Нью-Йорке в нищете.;X;X;X;X;X;X
EVTOPTA33401;Какой скандал!;X;X;X;X;X;X
EVTNAME33402;Новая художественная галерея;X;X;X;X;X;X
EVTDESC33402;Строительство новой галереи продолжалось с 1836 по 1853 гг. Основой экспозиции стали работы старых мастеров.;X;X;X;X;X;X
EVTOPTA33402;Искусство в массы!;X;X;X;X;X;X
EVTNAME33403;Рихард Вагнер;X;X;X;X;X;X
EVTDESC33403;Композитор Рихард Вагнер закончил строительство «Фестшпильхауса» в Байройте. Было решено, что каждый год здесь будет проводиться фестиваль немецких театров.;X;X;X;X;X;X
EVTOPTA33403;Гений искусства...;X;X;X;X;X;X
EVTNAME35000;Британская монархия откалывается от дома Саксен-Кобург-Гота;X;X;X;X;X;X
EVTDESC35000;Сейчас, когда идет британо-германская война, наши кузены в Британии решили отказаться от родства с нами, чтобы не испортить собственную репутацию! Они называют себя «домом Виндзоров», а с нами больше не желают иметь никаких дел.;X;X;X;X;X;X
EVTOPTA35000;Кровь не гуще, чем вода;X;X;X;X;X;X
EVTNAME36200;Подписана конституция;X;X;X;X;X;X
EVTDESC36200;Во время войны между Пруссией и Шлезвиг-Гольштейном датский король Фредерик VII даровал конституцию, в которой содержалось положение о парламентских выборах и ограничении власти короля. Хотя король продолжал назначать министров и принимать законы, день принятия конституции стал днем рождения датской демократии.;X;X;X;X;X;X
EVTOPTA36200;Да здравствует король!;X;X;X;X;X;X
EVTNAME36201;Первое социалистическое движение;X;X;X;X;X;X
EVTDESC36201;В 1871 году Луи Пио формирует датскую секцию Интернационала и начинает агитацию за социальные реформы и единство рабочих.;X;X;X;X;X;X
EVTOPTA36201;Опасные идеи захлестывают нас!;X;X;X;X;X;X
EVTNAME36202;Столкновения в Копенгагене;X;X;X;X;X;X
EVTDESC36202;В 1872 году после нескольких месяцев забастовки Луи Пио призвал к митингу на площади Копенгагена. Полиция дала согласие на проведение митинга и организовала усиленные патрули для обеспечения порядка. Началась драка, полиция арестовала ряд митингующих, включая Пио, который получил пять лет тюрьмы.;X;X;X;X;X;X
EVTOPTA36202;Арестовать их;X;X;X;X;X;X
EVTOPTB36202;Пусть продолжают;X;X;X;X;X;X
EVTNAME36203;Вынужденная эмиграция Пио;X;X;X;X;X;X
EVTDESC36203;В 1875 году лидер социалистов Луи Пио был амнистирован по случаю дня рождения короля. Он снова возглавил растущее социалистическое движение. После ряда конфликтов с властями он неожиданно эмигрировал в Америку. Впоследствии стало известно, что полиция подкупила его.;X;X;X;X;X;X
EVTOPTA36203;Дайте ему взятку, и он эмигрирует;X;X;X;X;X;X
EVTOPTB36203;Пусть остается;X;X;X;X;X;X
EVTNAME36204;Восстание рабов в Вест-Индии;X;X;X;X;X;X
EVTDESC36204;В 1848 году вспыхнуло восстание рабов на Вирджинских островах, принадлежавших Дании. Губернатор Петер фон Шолтен решил дать им свободу, а не подавлять восстание. Он сослался на закон 1847 года, который гласил, что дети рабов не являются рабами. Это вызвало конфликт с плантаторами, губернатор был отдан под трибунал, но был оправдан Верховным судом.;X;X;X;X;X;X
EVTOPTA36204;Освободить рабов;X;X;X;X;X;X
EVTOPTB36204;Подавить восстание;X;X;X;X;X;X
EVTNAME36205;Укрепление Копенгагена;X;X;X;X;X;X
EVTDESC36205;С 1886 до 1892 года на острове Зеландия было построено около 25 фортификационных сооружений для отражения возможного нападения Германии.;X;X;X;X;X;X
EVTOPTA36205;Укрепите оборонительные сооружения Копенгагена;X;X;X;X;X;X
EVTOPTB36205;Это ненужные расходы;X;X;X;X;X;X
EVTNAME36206;Фон Келлер начинает кампанию за германизацию в северном Шлезвиге;X;X;X;X;X;X
EVTDESC36206;После потери Южной Ютландии Эрнст Маттиас фон Келлер начал жестокую кампанию онемечивания этой бывшей датской провинции. Граждане Дании были изгнаны, а принятый ранее закон 1888 г. о немецком языке как единственном языке преподавания в общественных школах начал строго проводиться в жизнь.;X;X;X;X;X;X
EVTOPTA36206;Это нехорошо!;X;X;X;X;X;X
EVTNAME36207;Всеобщая забастовка;X;X;X;X;X;X
EVTDESC36207;В 1899 году профсоюзы договорились о начале всеобщей забастовки.;X;X;X;X;X;X
EVTOPTA36207;Черт!;X;X;X;X;X;X
EVTNAME36208;Альберти покидает свой пост;X;X;X;X;X;X
EVTDESC36208;П.А. Альберти объявил об уходе с поста министра юстиции, после того как сознался в присвоении собственным банком 15 миллионов крон, что составляет пятую часть бюджета Дании. Он получил несколько кредитов, используя национальную казну, и его арест привел к отставке правительства. Он был осужден вместе с двумя министрами, помогавшими ему в сокрытии преступления.;X;X;X;X;X;X
EVTOPTA36208;Черт!;X;X;X;X;X;X
EVTNAME36209;Продажа Вирджинских островов Америке;X;X;X;X;X;X
EVTDESC36209;Рассматривая просьбу США о продаже Вирджинских островов, совещательная комиссия постановила продать острова, что и было сделано в 1917 году.;X;X;X;X;X;X
EVTOPTA36209;Оставим их себе;X;X;X;X;X;X
EVTNAME36210;«История» Йоргенсена;X;X;X;X;X;X
EVTDESC36210;В 1882 году была опубликована написанная А.Д. Йоргенсеном «История». Своей целью автор назвал желание помочь датскому меньшинству в Германии.;X;X;X;X;X;X
EVTOPTA36210;Отличное сочинение!;X;X;X;X;X;X
EVTNAME36211;Датская торфяная компания;X;X;X;X;X;X
EVTDESC36211;Компания была основана после войны 1864 года, когда страна потеряла треть своей территории. Целью компании было освоение целины в Ютландии и обеспечение продовольственной безопасности страны.;X;X;X;X;X;X
EVTOPTA36211;Давайте осваивать эти земли!;X;X;X;X;X;X
EVTNAME36212;Пожар в Кристиансборге 1884 года;X;X;X;X;X;X
EVTDESC36212;Замок Кристиансборг был восстановлен после пожара 1794 года, а в 1884 году сгорел снова. Цитадель сильно пострадала, но замок по политическим соображениям не восстанавливали до 1907 года.;X;X;X;X;X;X
EVTOPTA36212;О нет, снова пожар!;X;X;X;X;X;X
EVTNAME36213;Глиптотека «Карлсберг»;X;X;X;X;X;X
EVTDESC36213;В 1892 году хозяин «Карлсберга» Карл Якобсен основал глиптотеку «Карлсберг». Поначалу в состав экспозиции входили в основном скульптуры из личной коллекции Якобсена, увлекавшегося современным искусством, а позже были добавлены и произведения, выполненные в стиле классицизма.;X;X;X;X;X;X
EVTOPTA36213;Отлично! Искусство - в массы!;X;X;X;X;X;X
EVTNAME36214;Попытка покушения на Эструпа;X;X;X;X;X;X
EVTDESC36214;Занимавший долгое время пост премьер-министра Эструп не был популярной фигурой. В 1885 году молодой социалист-террорист попытался застрелить его, но пуля попала в пуговицу пальто.;X;X;X;X;X;X
EVTOPTA36214;Ты хочешь меня убить?;X;X;X;X;X;X
EVTNAME36215;«Объединенные пивоваренные заводы»;X;X;X;X;X;X
EVTDESC36215;Корпорация была основана представителями 11 пивоваренных заводов в Копенгагене в 1891 году. В 1894 году в ее состав вошел «Туборг», в 1903 году началось тесное сотрудничество с «Карлсбергом». «Объединенные пивоваренные заводы» стали крупнейшей пивоваренной компанией Дании. В 1969 году они окончательно объединились с «Карлсбергом».;X;X;X;X;X;X
EVTOPTA36215;О! Пиво!;X;X;X;X;X;X
EVTNAME36216;Якоб Кристиан Эллехаммер;X;X;X;X;X;X
EVTDESC36216;Якоб Кристиан Эллехаммер создал первый датский аэроплан. Полет состоялся 12 сентября 1906 года. Кроме того, Эллехаммер сконструировал охлаждаемый воздухом пусковой двигатель, транспортное средство на воздушной подушке и вертолет, который поднялся в воздух 1 сентября 1912 года.;X;X;X;X;X;X
EVTOPTA36216;Замечательно!;X;X;X;X;X;X
EVTNAME36217;Сорен Кьеркегор;X;X;X;X;X;X
EVTDESC36217;В 1843 году датский писатель и философ Сорен Кьеркегор опубликовал свою книгу «Или-или». После появления этой работы Кьеркегора стали считать основоположником экзистенциализма.;X;X;X;X;X;X
EVTOPTA36217;Очень неприятные мысли!;X;X;X;X;X;X
EVTNAME36218;Открытие Тиволи;X;X;X;X;X;X
EVTDESC36218;На развалинах старой крепости Копенгагена Георг Карстенсен построил первый настоящий парк развлечений, Тиволи.;X;X;X;X;X;X
EVTOPTA36218;Радость для всех;X;X;X;X;X;X
EVTNAME36219;Общеобразовательная школа;X;X;X;X;X;X
EVTDESC36219;Открыта первая школа для детей из бедных семей. Впоследствии такие школы стали появляться в крупных фермерских хозяйствах. В результате за несколько десятилетий уровень образования в стране значительно повысился. В школы принимали мальчиков и девочек, уже начавших работать.;X;X;X;X;X;X
EVTOPTA36219;Замечательно!;X;X;X;X;X;X
EVTNAME36220;Первая лекция Георга Брандеса;X;X;X;X;X;X
EVTDESC36220;В 1871 году Георгж Брандес прочитал первую из целой серии лекций, посвященных культуре. Впоследствии он и его брат Эдвард стали центральными фигурами в политических и культурных спорах в Дании. Братья начали издавать газету «Политтикен» и создали основу либерализма в стране.;X;X;X;X;X;X
EVTOPTA36220;Усиление интереса к политике и осведомленности стало прологом к созданию либеральной партии;X;X;X;X;X;X
EVTDESC36221;Заинтересованность Америки в Карибском бассейне росла, и некоторые советники предложили приобрести голландскую Вест-Индию, которая бы стала стратегической базой для защиты Карибского бассейна.;X;X;X;X;X;X
EVTOPTA36221;Предложить...;X;X;X;X;X;X
EVTOPTB36221;Забудьте об этом...;X;X;X;X;X;X
EVTNAME36222;Дания против!;X;X;X;X;X;X
EVTDESC36222;Исторически Дания приняла предложение США, однако она вполне могла и отказаться либо потому, что цена была слишком низкой, либо из-за царивших в то время шовинистических настроений.;X;X;X;X;X;X
EVTOPTA36222;Черт!;X;X;X;X;X;X
EVTNAME36700;Публикация «Фламандского льва».;X;X;X;X;X;X
EVTDESC36700;В 1838 году самый популярный фламандский писатель-романист XIX века Хенрик Консиенс закончил работу над одним из шедевров мировой литературы - романом «Фламандский лев». История борьбы притесняемого фламандского народа, разгромившего французскую армию в битве Золотых Шпор в 1302 году, стала символом Фландрии.;X;X;X;X;X;X
EVTOPTA36700;Больше прав фламандцам!;X;X;X;X;X;X
EVTNAME36701;Формирование фламандского движения;X;X;X;X;X;X
EVTDESC36701;В 1847 году фламандцы, живущие в Бельгии, приняли манифест, в котором содержался призыв к объединению фламандских спортивных клубов, театров, научных организаций и пр. в широкое фламандское движение. Поначалу движение было аполитичным, но постепенно его участники стали уделять политике все большее внимание. В конце концов, в рамках движения сформировались политические партии, которые лоббировали интересы фламандского населения.;X;X;X;X;X;X
EVTOPTA36701;Новые идеи назревают!;X;X;X;X;X;X
EVTNAME36702;Картофельная чума 1845 года;X;X;X;X;X;X
EVTDESC36702;Вторая половина 1840-х годов стали трудным временем для бельгийцев, особенно, для фламандского населения. В 1845 году из-за картофельной чумы погиб почти весь урожай картофеля. В результате в сельских районах Фландрии начался голод, люди жили в нищете. Этот сложный период продлился до 1850 года.;X;X;X;X;X;X
EVTOPTA36702;Мы должны помочь пострадавшим;X;X;X;X;X;X
EVTNAME36703;Образование Ассоциации Свободной торговли;X;X;X;X;X;X
EVTDESC36703;В 1846 году, когда бушевала картофельная чума, а народ жил в нищете, в Бельгии была организована Ассоциация Свободной торговли. Для обеспечения населения продовольствием были отменены пошлины на ввоз зерна.;X;X;X;X;X;X
EVTOPTA36703;Образовать Ассоциацию;X;X;X;X;X;X
EVTNAME36704;Адольф Сакс создает саксофон;X;X;X;X;X;X
EVTDESC36704;Адольф Сакс был талантливым музыкантом и производителем музыкальных инструментов из города Намюр в Бельгии. В 1846 году он создал новый музыкальный инструмент, который сейчас называют саксофоном. Этот инструмент стал очень популярным среди парижских музыкантов, а потом покорил и Новый свет - саксофон использовали все американские джаз-группы.;X;X;X;X;X;X
EVTOPTA36704;Какой звук!;X;X;X;X;X;X
EVTNAME36705;Сольвей изобретает аммиачный процесс;X;X;X;X;X;X
EVTDESC36705;Эрнест Сольвей (1838-1922) - один из самых талантливых химиков в истории. Сейчас его именем названа одна из крупнейших в мире и крупнейшая в Бельгии химическая компания. В 1862 году ученый изобрел аммиачный процесс, который уже в 1865 году позволил начать промышленное производство соды.;X;X;X;X;X;X
EVTOPTA36705;Блестящая работа;X;X;X;X;X;X
EVTNAME36706;Отец Дамиан отправляется на Гавайи;X;X;X;X;X;X
EVTDESC36706;В 1865 году отец Дамиан де Вестер, священник из Тинена в Брабанте, отправился на остров Молокаи на Гавайях, чтобы помогать колонии прокаженных, существовавшей на острове. Дамиан жил вместе с прокаженными 20 лет, и сам умер от проказы в 1889 году.;X;X;X;X;X;X
EVTOPTA36706;Настоящий гуманист!;X;X;X;X;X;X
EVTNAME36900;Клуб реформ;X;X;X;X;X;X
EVTDESC36900;В 1836 году либералы, следуя примеру консерваторов, основавших Карлтонский клуб в 1832 году, основали Клуб реформ, который станет центром либеральных идей в Британии в последующие десятилетия.;X;X;X;X;X;X
EVTOPTA36900;Реформы? Не уверен, что они нам нужны...;X;X;X;X;X;X
EVTNAME36901;Публикация «Оливера Твиста»;X;X;X;X;X;X
EVTDESC36901;В 1838 году в Лондоне Диккенс публикует свой роман «Оливер Твист». В произведении автор обратил внимание общественности на нищенское положение рабочих и отсутствие у них всяческих прав.;X;X;X;X;X;X
EVTOPTA36901;Трогательная история;X;X;X;X;X;X
EVTNAME36902;Организованные туристические поездки;X;X;X;X;X;X
EVTDESC36902;Английский типограф и мирской проповедник Томас Кук организовал первую групповую туристическую поездку на поезде из Лестера в Лофборо. Дешевые путевки, включающие оплату за проживание, питание и напитки, стали более доступными для населения;X;X;X;X;X;X
EVTOPTA36902;Я тоже хочу в отпуск!;X;X;X;X;X;X
EVTNAME36903;Королева Виктория выходит замуж;X;X;X;X;X;X
EVTDESC36903;10 февраля 1840 года королева Виктория вышла замуж за своего кузена, принца Альберта Саксен-Кобург-Готского. В отличие от многих других браков того времени, это был брак по любви, а не по династическим расчетам.;X;X;X;X;X;X
EVTOPTA36903;Великолепная пара!;X;X;X;X;X;X
EVTNAME36904;«Панч»;X;X;X;X;X;X
EVTDESC36904;В июле 1841 года вышел в свет первый номер журнала «Панч». Это первый в истории сатирический журнал, публикуемый непрерывно в течение долгого периода времени;X;X;X;X;X;X
EVTOPTA36904;Мы будем следить за ними!;X;X;X;X;X;X
EVTNAME36905;Христианский союз молодежи;X;X;X;X;X;X
EVTDESC36905;Джордж Вильямс основал Христианский союз молодежи в Лондоне в 1844 году. Движение распространилось по всему миру и занималось активной деятельностью в течение многих десятков лет.;X;X;X;X;X;X
EVTOPTA36905;Здорово участвовать в нем!;X;X;X;X;X;X
EVTNAME36906;Гибель урожая в Ирландии;X;X;X;X;X;X
EVTDESC36906;Грибок уничтожил большую часть урожая картофеля в Ирландии. Голод неизбежен!;X;X;X;X;X;X
EVTOPTA36906;Боюсь, мы ничем не сможем помочь!;X;X;X;X;X;X
EVTOPTB36906;Посмотрим, что мы сможем сделать!;X;X;X;X;X;X
EVTNAME36907;«Ярмарка тщеславия»;X;X;X;X;X;X
EVTDESC36907;Уильям Мейкпис Теккери в 1847 году публикует «Ярмарку тщеславия», книгу, критикующую бездуховность и фальшь так называемого «высшего общества».;X;X;X;X;X;X
EVTOPTA36907;Скандал!;X;X;X;X;X;X
EVTNAME36908;Континентальный телеграф;X;X;X;X;X;X
EVTDESC36908;В 1850 году была открыта первая телеграфная линия, связывающая Великобританию и континентальную Европу. Линия протяженностью 25 миль соединяла Дувр и Кале через пролив.;X;X;X;X;X;X
EVTOPTA36908;Это ускорит связь!;X;X;X;X;X;X
EVTNAME36909;Всемирная выставка;X;X;X;X;X;X
EVTDESC36909;В 1851 году в Лондоне состоялась Всемирная выставка, где побывало 6 039 195 посетителей и на которой выставлялось 13937 экспонатов из 15 стран мира. Хрустальный дворец (Crystal Palace), специально построенный для проведения ярмарки, стал одной из достопримечательностей Лондона.;X;X;X;X;X;X
EVTOPTA36909;Великолепно!;X;X;X;X;X;X
EVTNAME36910;Реализм в британском театре;X;X;X;X;X;X
EVTDESC36910;Джордж Бернард Шоу пишет «Квинтэссенцию реализма» и основывает Независимое театральное общество, внося новое, радикальное течение реализма в английский театр.;X;X;X;X;X;X
EVTOPTA36910;Блестящая работа;X;X;X;X;X;X
EVTNAME36911;«Роза»;X;X;X;X;X;X
EVTDESC36911;В 1893 году был опубликован второй сборник стихов Вильяма Батлера Йейтса «Роза». Его чувство ритма и слога было почти гениальным. Теперь Йейтс ищет вдохновение в ирландских темах и начинает свое долгое служение ирландскому республиканизму, смешанному с эстетическим мистицизмом.;X;X;X;X;X;X
EVTOPTA36911;Храбрость равна желанию;X;X;X;X;X;X
EVTNAME36912;Джерард Мэнли Хопкинс;X;X;X;X;X;X
EVTDESC36912;Произведения Хопкинса не публиковались при его жизни, но после смерти автора вышел сборник его стихов. Гопкинс изобрел новый ритм стихосложения и дал импульс развитию модернистского движения. Хотя считается, что поэзия Хопкинса модернистская, в то же время он считается религиозным поэтом. Он принял католическую веру в юности и был студентом, а затем и профессором средневековой христианской философии.;X;X;X;X;X;X
EVTOPTA36912;Разве принесет тебе зернышко буря после крушения?;X;X;X;X;X;X
EVTNAME36913;Кубок Америки;X;X;X;X;X;X
EVTDESC36913;Королева Виктория учреждает соревнование среди яхтсменов на кубок Америки. В 19 веке все призы выиграли команды из США.;X;X;X;X;X;X
EVTOPTA36913;Еще одно престижное спортивное соревнование;X;X;X;X;X;X
EVTNAME36914;«Великобритания»;X;X;X;X;X;X
EVTDESC36914;Пароход «Великобритания» И.К. Брунеля становится первым судном с гребным винтом, которое пересекло Атлантику.;X;X;X;X;X;X
EVTOPTA36914;Ура!;X;X;X;X;X;X
EVTNAME36915;Годовщина царствования королевы Виктории;X;X;X;X;X;X
EVTDESC36915;60-летие царствования королевы Виктории было отмечено с размахом. В этот день она впервые появилась на публике после смерти ее мужа Альберта.;X;X;X;X;X;X
EVTOPTA36915;Троекратное «Ура!» королеве!;X;X;X;X;X;X
EVTNAME36916;Отмена Хлебного закона;X;X;X;X;X;X
EVTDESC36916;Принятый в целях предотвращения наплыва импортного зерна после наполеоновских войн, закон позволял поддерживать высокие доходы фермеров искусственным образом. В 1846 году правительство консерваторов, руководимое сэром Робертом Пилом, отменило Хлебный закон. Это стало началом британской политики свободной торговли, которая будет продолжаться и в 20 веке.;X;X;X;X;X;X
EVTOPTA36916;Отменить Хлебный закон;X;X;X;X;X;X
EVTOPTB36916;Мы не можем открыть свой рынок для дешевого импортного зерна!;X;X;X;X;X;X
EVTNAME36917;Альпинисты объединяются!;X;X;X;X;X;X
EVTDESC36917;В 1857 году в Лондоне был основан первый клуб альпинистов.;X;X;X;X;X;X
EVTOPTA36917;К вершине!;X;X;X;X;X;X
EVTNAME36918;Спорт настоящих мужчин!;X;X;X;X;X;X
EVTDESC36918;В Шеффилде был основан первый футбольный клуб, так и названный - «ФК Шеффилд». Целью его создания было устранение путаницы, возникшей из-за возросшей популярности регби. Правила, принятые в Шеффилде, стали важной частью в развитии этого вида спорта.;X;X;X;X;X;X
EVTOPTA36918;Го-о-ол!!!;X;X;X;X;X;X
EVTNAME36919;Флоренс Найтингейл;X;X;X;X;X;X
EVTDESC36919;Флоренс Найтингейл считается основательницей современной системы ухода за больными. Во время Крымской войны 1853-56 годов она с 38 помощницами наладила полевое обслуживание раненых в английской армии, что резко сократило смертность в лазаретах. В 1860 Флоренс организовала первую в мире школу медсестер в госпитале Сент-Томас (Лондон). Она также работала в области здравоохранения, медицинской реформы и управления больницами.;X;X;X;X;X;X
EVTOPTA36919;Будем здоровы!;X;X;X;X;X;X
EVTNAME36920;Чартистское движение;X;X;X;X;X;X
EVTDESC36920;Представители среднего и низшего классов, которые до сих пор не имели избирательных прав, основали движение, целью которого была демократизация Британии. По их мнению, она могла способствовать экономическому росту и повышению уровня жизни рабочих;X;X;X;X;X;X
EVTOPTA36920;Отвергнуть петицию чартистов!;X;X;X;X;X;X
EVTOPTB36920;Дать им что-нибудь из того, что просят;X;X;X;X;X;X
EVTNAME36921;Тафф-Вейльское дело;X;X;X;X;X;X
EVTDESC36921;Рабочие железной дороги Тафф-Вейль в Уэльсе начали забастовку в 1901 году, требуя от Палаты лордов запретить компании подавать в суд на профсоюзы и требовать возмещения ущерба, причиненного стачками. Это решение нанесло серьезный удар по движению тред-юнионизма и дало поддержку зарождающемуся движению лейбористов.;X;X;X;X;X;X
EVTOPTA36921;Профсоюзы ищут поддержки у лейбористов;X;X;X;X;X;X
EVTNAME36922;Пепел;X;X;X;X;X;X
EVTDESC36922;В 1882 г. на лондонском стадионе «Овал» Англия и Австралия провели одно из самых памятных международных состязаний в истории крикета. В этом трехдневном соревновании чаши весов клонились то в одну, то в другую сторону. Англичанам не хватило каких-то семи перебежек, чтобы победить Австралию на последних подачах. Это был настолько захватывающий матч, что один из зрителей умер от инфаркта, а после его окончания газета «Спортинг Таймс» опубликовала следующий бессмертный некролог: «Памяти нежно любимого Английского Крикета, который умер на «Овале» 29-го августа 1882 года, горько оплакиваемый безутешными почитателями и знакомыми. Покойся в мире. Тело будет кремировано, а пепел отправлен в Австралию».;X;X;X;X;X;X
EVTOPTA36922;Ужасно!;X;X;X;X;X;X
EVTNAME36923;Чарльз Дарвин;X;X;X;X;X;X
EVTDESC36923;Ученый Чарльз Дарвин, основываясь на результатах исследования, полученных во время плавания на корабле «Бигл», написал работу «Происхождение видов», в которой утверждал, что все живые организмы эволюционировали в результате естественного отбора. Его идеи горячо оспаривались.;X;X;X;X;X;X
EVTOPTA36923;Человек произошел от обезьяны? Смешно!;X;X;X;X;X;X
EVTNAME36924;Уимблдонский турнир;X;X;X;X;X;X
EVTDESC36924;В 1877 году Спенсер Гор стал первым победителем теннисного турнира, который поводился во английском клубе крокета и тенниса в Уимблдоне, Лондон. Зрители платили по 1 шиллингу за вход. За финалом наблюдали около 200 зрителей.;X;X;X;X;X;X
EVTOPTA36924;Кто-нибудь за теннис?;X;X;X;X;X;X
EVTNAME36925;Джек-Потрошитель и нищета Лондона;X;X;X;X;X;X
EVTDESC36925;Убийство как минимум шести лондонских проституток, совершенное серийным убийцей Джеком-Потрошителем, шокировало викторианское общество. Волнение и ужас заодно привлекли внимание общественности к крайней нищете и разврату, царившим неподалеку, в Ист-Энде, особенно в районе Уайтчепел, где и были совершены убийства. Пока полиция безуспешно ищет убийцу, английское высшее общество будет озабочено социальными проблемами низших слоев населения.;X;X;X;X;X;X
EVTOPTA36925;Репрессировать развращенных преступников!;X;X;X;X;X;X
EVTOPTB36925;Давайте сконцентрируемся на проблемах бедняков!;X;X;X;X;X;X
EVTNAME36926;Шекспир в «Сэдлерс Уэллс»;X;X;X;X;X;X
EVTDESC36926;Постановка Сэмюэлом Фелпсом «Сна в летнюю ночь» возродила интерес к Шекспиру. Простота и гармоничность постановки показали, что любая хорошая драма может иметь успех. С этого момента все театры начали копировать его стиль.;X;X;X;X;X;X
EVTOPTA36926;Браво!;X;X;X;X;X;X
EVTNAME36927;«Алиса в стране чудес»;X;X;X;X;X;X
EVTDESC36927;Чарльз Латуидж Доджсон, писавший под псевдонимом Льюис Кэрролл, публикует первую из двух своих детских книг. Иллюстрации были выполнены сэром Джоном Тенниелом.;X;X;X;X;X;X
EVTOPTA36927;Нас ждет Зазеркалье...;X;X;X;X;X;X
EVTNAME36928;«Фермопилы»;X;X;X;X;X;X
EVTDESC36928;Клипер «Фермопилы» совершил переход из Грэйвсенда в Мельбурн за рекордный срок - 63 дня.;X;X;X;X;X;X
EVTOPTA36928;Изумительно!;X;X;X;X;X;X
EVTNAME36929;Разрушение моста через Тэй;X;X;X;X;X;X
EVTDESC36929;Через 19 месяцев после окончания строительства от сильного ветра разрушился мост через реку Ферт-оф-Тэй около города Данди. Разрушение моста привело к падению поезда из шести вагонов. Архитектор моста сэр Томас Берч был признан виновным и отстранен от строительства моста через реку Ферт-оф-Форт;X;X;X;X;X;X
EVTOPTA36929;Трагедия!;X;X;X;X;X;X
EVTNAME36930;Гонка чайных клиперов;X;X;X;X;X;X
EVTDESC36930;В конце мая состоялась гонка между четырьмя чайными клиперами - «Файери Кросс», «Ариэль», «Тайпин» и «Серика», которые одновременно вышли из Фучоу. «Тайпин» пришел раньше всех на полчаса, за что получил награду - дополнительные 10 шиллингов за тонну груза.;X;X;X;X;X;X
EVTOPTA36930;Ура, «Тайпин»!;X;X;X;X;X;X
EVTNAME36931;Уильям Моррис;X;X;X;X;X;X
EVTDESC36931;Художник, теоретик искусства, писатель и общественный деятель, Уильям Моррис порвал с «печальным состоянием декоративного искусства» в Британии и создал простой, но красивый стиль художественного конструирования мебели. Его стул с отклоненной спинкой и скамеечкой для ног стал классикой.;X;X;X;X;X;X
EVTOPTA36931;Как удобно!;X;X;X;X;X;X
EVTNAME36932;«Энигма-вариации»;X;X;X;X;X;X
EVTDESC36932;Эдуард Элгар, создав «Энигма-вариации», стал знаменитым композитором. Его симфония оживила классическую музыку в Британии.;X;X;X;X;X;X
EVTOPTA36932;Потрясающий композитор!;X;X;X;X;X;X
EVTNAME36933;Первые чемпионаты по легкой атлетике;X;X;X;X;X;X
EVTDESC36933;Легкая атлетика становилась все популярнее, и организация первого чемпионата была лишь вопросом времени. В отличие от фестивалей гимнастики в Германии, здесь успех одного спортсмена был более важен, чем успех команды.;X;X;X;X;X;X
EVTOPTA36933;Неужели спорт так полезен для здоровья?;X;X;X;X;X;X
EVTNAME36934;Запрет на покупку офицерских чинов;X;X;X;X;X;X
EVTDESC36934;Частично из-за колоссального непрофессионализма офицеров, обнаружившегося в ходе войны 1853-56 годов, а частично из-за антиаристократических настроений в 1871 году была упразднена практика покупки офицерских чинов. С этого момента, чтобы стать офицером, необходимо было пройти обучение. Профессионализм армии вырос, но увеличилась и тенденция предъявлять необоснованные обвинения в некомпетентности, что вызывало недовольство у офицеров старой закалки.;X;X;X;X;X;X
EVTOPTA36934;Лучше поздно, чем никогда;X;X;X;X;X;X
EVTOPTB36934;Нынешняя система вполне хороша;X;X;X;X;X;X
EVTNAME36937;Название королевского дома;X;X;X;X;X;X
EVTDESC36937;Сейчас, во время войны с немцами, немецкое происхождение нашего королевского дома вызывает вопросы у некоторых из наших подданных. Кое-кто даже ставит под сомнение верность королевской семьи интересам Британии. Поступило предложение изменить название королевской семьи, чтобы продемонстрировать абсолютную преданность короны интересам Британии.;X;X;X;X;X;X
EVTOPTA36937;Долгое царствование дому Виндзоров;X;X;X;X;X;X
EVTNAME43800;Четвертая экспедиция Чарльза Стерта;X;X;X;X;X;X
EVTDESC43800;Чарльз Стерт исследовал внутренние районы Австралии и определил, что там нет крупных озер или внутреннего моря.;X;X;X;X;X;X
EVTOPTA43800;Стерту - УРА!;X;X;X;X;X;X
EVTNAME43801;Берк и Уиллс;X;X;X;X;X;X
EVTDESC43801;Желая получить награду, обещанную тому, кто пересечет территорию Австралии с юга на север, Роберт Берк и Уильям Уиллс отправились в путешествие и смогли достичь залива Карпентария. На обратном пути они погибли в районе реки Купер-Крик. Вышедшая им навстречу группа покинула Купер-Крик за 8 часов до появления там путешественников, посчитав, что они пропали без вести.;X;X;X;X;X;X
EVTOPTA43801;Трагедия!;X;X;X;X;X;X
EVTNAME43802;Федеральный флаг;X;X;X;X;X;X
EVTDESC43802;Федеральное правительство объявило, что приз в 200 фунтов будет разделен между пятью гражданами, приславшими одинаковые проекты на конкурс на лучший проект государственного флага. Всего в конкурсе участвовали более 32, 000 человек.;X;X;X;X;X;X
EVTOPTA43802;Отличный проект!;X;X;X;X;X;X
EVTNAME43803;Эндрю Бартон «Банджо» Паттерсон;X;X;X;X;X;X
EVTDESC43803;Начиная с «Парня со Снежной реки», этот писатель стал рисовать обворожительные картины слабозаселенных районов Австралии, а его песня «Танцующая Матильда» стала почти гимном страны.;X;X;X;X;X;X
EVTOPTA43803;Отличная песня, Паттерсон!;X;X;X;X;X;X
EVTNAME44000;Отец Дамиан и прокаженные с Молокаи;X;X;X;X;X;X
EVTDESC44000;После того, как Гавайи были открыты для внешнего мира, на островах появились новые страшные болезни. Одним из таких проклятий стала проказа. Страх перед этой болезнью, которой было легко заразиться, побудил власти создать колонию прокаженных на острове Молокаи, чтобы изолировать там жертвы проказы. Бельгийский миссионер отец Дамиан предложил взять на себя управление колонией, чтобы облегчить жизнь жертв этой болезни.;X;X;X;X;X;X
EVTOPTA44000;Поставить его во главе колонии Молокаи;X;X;X;X;X;X
EVTNAME44116;Второе Великое пробуждение;X;X;X;X;X;X
EVTDESC44116;В середине 1830-х гг. США захлестнула волна религиозного рвения. Появились харизматичные проповедники, которые призывали верующих вернуться к подлинным библейским заповедям и вести высокоморальную жизнь. Возникновение нескольких новых протестантских сект привело к спорам о догмах и обрядах и расколам в традиционных церквях. Все это усилило влияние христианства среди низшего и среднего класса американцев, в то время как религиозный пыл в Европе угасал.;X;X;X;X;X;X
EVTOPTA44116;Религиозный дух захватывает воображение;X;X;X;X;X;X
EVTNAME44117;Унитаризм в Америке;X;X;X;X;X;X
EVTDESC44117;В начале 19-го века внутри протестантской ветви христианства в США появились многочисленные секты, и это создало среду для углубленного изучения теологии. Одним из самых влиятельных течений, возникших вследствие этого, стал американский унитаризм. В нем делался упор на роль разума в понимании теологии (и, таким образом, на отрицание идеи Святой Троицы), на врожденные добродетели человечества и, как следствие, на его способность самосовершенствования. Унитаризм получил большое распространение среди среднего и высшего класса на северо-востоке США и породил некоторые движения за социальный прогресс - от народного образования до аболиционизма.;X;X;X;X;X;X
EVTOPTA44117;Веру и разум можно примирить, чтобы усовершенствовать человечество;X;X;X;X;X;X
EVTNAME44118;Благотворительная империя;X;X;X;X;X;X
EVTDESC44118;Прямым следствием религиозного возрождения начала 19-го столетия в США стал быстрый рост числа добровольных объединений, созданных для улучшения общества. Эти организации бились над решением социальных или моральных проблем общества, помогали обездоленным и пропагандировали образование как путь из нищеты. Историки окрестили их «Благотворительной империей». Эти объединения участвовали в создании социальной инфраструктуры быстро растущего общества, которое очень быстро изменялось под влиянием новых экономических сил.;X;X;X;X;X;X
EVTOPTA44118;За улучшение общества;X;X;X;X;X;X
EVTNAME44119;Джон Джозеф Хьюз;X;X;X;X;X;X
EVTDESC44119;Епископ, позднее архиепископ Нью-Йорка, Хьюз неустанно работал над интеграцией католиков, особенно - новоприбывших иммигрантов, в структуру американского общества. В то же время он жестко отстаивал контроль католической иерархии над институтами и имуществом церкви.;X;X;X;X;X;X
EVTOPTA44119;Замечательный человек;X;X;X;X;X;X
EVTNAME44120;Активность нравственных крестоносцев;X;X;X;X;X;X
EVTDESC44120;Одним из последствий религиозного возрождения в США начала 19-го века стали непрерывные кампании против пороков. Их вели те, кто верил, что исполняет волю Бога, пытаясь искоренить греховное поведение окружающих. Излюбленной целью таких крестоносцев были салуны. Иногда эти фанатики физически нападали на салоны и их хозяев.;X;X;X;X;X;X
EVTOPTA44120;Порок необходимо искоренить;X;X;X;X;X;X
EVTNAME44121;Американская методистская епископальная церковь;X;X;X;X;X;X
EVTDESC44121;Эта церковь, основанная в 1816 г. афроамериканскими прихожанами методистской общины Филадельфии, в период религиозного возрождения быстро увеличила количество своих последователей среди свободных американцев и рабов. Она стала духовной отдушиной для афроамериканской общины, поскольку полностью контролировалась ею, и новой трибуной для борьбы против рабовладения.;X;X;X;X;X;X
EVTOPTA44121;Господь наш Отец, Христос наш Искупитель, человек наш Брат;X;X;X;X;X;X
EVTNAME44300;Дело «Канадиан Пасифик»;X;X;X;X;X;X
EVTDESC44300;После того как на выборах 1872 года консерваторы получили большинство мест в парламенте, против лидера партии Джона А. Макдональда были выдвинуты серьезные обвинения. Макдональд являлся ярым сторонником идеи строительства трансконтинентальной железной дороги, и лидеры либералов утверждали, что средства на предвыборную кампанию консерваторов выделил глава «Канадиан Пасифик» сэр Хью Аллан. Макдональд якобы пообещал ему взамен подряд на строительство. Несмотря на то, что Макдональд отвергал все обвинения, ему пришлось уйти в отставку с поста премьер-министра. А критика Макдональда со стороны другого лидера консерваторов, Д.А.Смита, только усилила недоверие людей к партии власти.;X;X;X;X;X;X
EVTOPTA44300;Макдональда в отставку!;X;X;X;X;X;X
EVTOPTB44300;Нет, Макдональд должен остаться на своем посту!;X;X;X;X;X;X
EVTNAME44301;Луи Риэль и Первое восстание метисов;X;X;X;X;X;X
EVTDESC44301;Метисы, потомки от браков французов и индейцев, жили в нескольких небольших общинах в районе Манитоба и надеялись получить право на самоуправление. К сожалению, этим надеждам не суждено было оправдаться. Та часть побережья Гудзонова залива, где жили метисы, была передана Канаде без их согласия. В знак протеста метисы, ведомые Луи Риэлем, восстали. Луи Риэль был глубоко верующим человеком и в юности учился в семинарии. Он стал лидером сопротивления и настоящим героев для метисов. В ходе переговоров с представителями канадского правительства Луи требовал гарантии прав местных жителей в обмен на согласие метисов войти в Конфедерацию. В результате правительство Канады приняло требования Риэля, а Манитоба стала канадской провинцией.;X;X;X;X;X;X
EVTOPTA44301;Принять требования метисов;X;X;X;X;X;X
EVTOPTB44301;Отклонить требования метисов;X;X;X;X;X;X
EVTNAME44302;Восстание на северо-западе;X;X;X;X;X;X
EVTDESC44302;Хотя канадское правительство пообещало уважать права метисов, это обещание было нарушено. Петиции метисов, хотевших сохранить за собой свои земельные наделы и после вхождения Манитобы в состав Канады, оставались без внимания. Кроме того, метисам очень не нравилось активное заселение их земель поселенцами, пришедшими с запада. В начале 1885 года ситуация в Манитобе вышла из-под контроля и метисы взялись за оружие. Они приняли свой собственный «Революционный билль о правах», объявили об учреждении правительства Манитобы и выходе из состава Канады. Канадская армия подавила восстания, Луи Риэль был схвачен и после жестоких пыток казнен. А метисов стали считать полноценными гражданами лишь сто лет спустя.;X;X;X;X;X;X
EVTOPTA44302;Метисы взяли в руки оружие!;X;X;X;X;X;X
EVTNAME45000;Доминиканская республика входит в состав США?;X;X;X;X;X;X
EVTDESC45000;Президент Баес провел переговоры по вопросу включения Доминиканской республики в состав США.;X;X;X;X;X;X
EVTOPTA45000;Добиваться этого;X;X;X;X;X;X
EVTOPTB45000;Нет, наша страна останется независимой!;X;X;X;X;X;X
EVTNAME45001;Посредничество Британии;X;X;X;X;X;X
EVTDESC45001;Доминиканская республика добивается включения в США.;X;X;X;X;X;X
EVTOPTA45001;У нас есть экономические интересы в этой стране;X;X;X;X;X;X
EVTOPTB45001;Пусть войдут в состав США!;X;X;X;X;X;X
EVTNAME45002;Хотим ли мы присоединить Доминиканскую республику?;X;X;X;X;X;X
EVTDESC45002;Представители Доминиканской республики хотят, чтобы их страна стала одним из американских штатов!;X;X;X;X;X;X
EVTOPTA45002;Карибский бассейн - наша судьба;X;X;X;X;X;X
EVTOPTB45002;Нас не интересует этот регион;X;X;X;X;X;X
EVTNAME45003;Доминиканская республика входит в состав Франции?;X;X;X;X;X;X
EVTDESC45003;Президент Баес провел переговоры по вопросу включения Доминиканской республики в состав Франции.;X;X;X;X;X;X
EVTNAME45004;Вмешательство Великобритании;X;X;X;X;X;X
EVTDESC45004;Доминиканская республика добивается включения в состав Франции.;X;X;X;X;X;X
EVTNAME45005;Доминиканская республика в составе Франции?;X;X;X;X;X;X
EVTDESC45005;Представители Доминиканской республики хотят, чтобы их страна стала территорией Франции!;X;X;X;X;X;X
EVTOPTA45005;Это исконно французская территория!;X;X;X;X;X;X
EVTOPTB45005;Ну и зачем нам этот остров?;X;X;X;X;X;X
EVTNAME45006;Убит президент Уро;X;X;X;X;X;X
EVTDESC45006;После десяти лет политической стабильности убит президент Улисе Уро. Оказалось, что он переводил государственные деньги на свои личные счета в иностранных банках, из-за чего страна стала банкротом.;X;X;X;X;X;X
EVTOPTA45006;Трагедия!;X;X;X;X;X;X
EVTNAME46300;«Невольничий корабль»;X;X;X;X;X;X
EVTDESC46300;Антонио де Кастро Алвес публикует свою книгу «Невольничий корабль» и вскоре получает прозвище «поэт рабов». Его работы способствовали отмене рабства в Бразилии.;X;X;X;X;X;X
EVTOPTA46300;Опасные идеи захлестывают нас!;X;X;X;X;X;X
EVTNAME46301;Прекрасная игра;X;X;X;X;X;X
EVTDESC46301;В 1894 году Паулиста Чарльз Миллер вернулся из Англии, где он учился. С собой Миллер привез брошюру с правилами, комплект формы, два мяча и свой собственный опыт игры в придуманный англичанами футбол. Первый в истории Бразилии матч состоялся в Сан-Паулу в 1895 году. Играли команды работников газовой компании и вокзала Сан-Паулу. Встреча прошла в долине Кармо и закончилась победой команды работников вокзала со счетом 4-2. С этого момента популярность этого вида спорта в Бразилии выросла до невиданных высот.;X;X;X;X;X;X
EVTOPTA46301;Сила спорта;X;X;X;X;X;X
EVTNAME46302;Сабинада;X;X;X;X;X;X
EVTDESC46302;Армейский офицер Франциско Сабино организовал восстание в Бахии. Мятежники требовали отменить рабство и перераспределить земельную собственность.;X;X;X;X;X;X
EVTOPTA46302;Внимание! У вас есть шанс попрактиковаться в стрельбе!;X;X;X;X;X;X
EVTNAME46600;Хуан Баутиста Алберди;X;X;X;X;X;X
EVTDESC46600;Напечатанная в 1852 году книга Алберди «Основы политической организации Аргентинской республики» была взята за основу при написании новой аргентинской конституции. Кроме того, в новую конституцию вошли многие положения конституции США.;X;X;X;X;X;X
EVTOPTA46600;Его идеи достойны признания;X;X;X;X;X;X
EVTOPTB46600;Заткнуть рот сторонникам Альберди!;X;X;X;X;X;X
EVTNAME46601;«Факундо, или цивилизация и варварство»;X;X;X;X;X;X
EVTDESC46601;Эта книга была впервые опубликована в 1845 году. В книге на примере режима диктатора Факундо местное «варварство» противопоставляется европейской «цивилизованности». Автор выступает с жесткой критикой и самого диктатора, и людей, живущих под его властью, и рисует блестящее будущее страны после избавления от тирана и его режима.;X;X;X;X;X;X
EVTOPTA46601;Опасные идеи захлестывают нас!;X;X;X;X;X;X
EVTNAME48300;Герцог Леопольд IV - правитель всего Ангальта!;X;X;X;X;X;X
EVTDESC48300;В 1847 году наш герцог получил в наследство герцогство Ангальт-Котен, а теперь, после смерти бездетного Александра Карла, стал властителем Ангальт-Бернбурга и всего Ангальта!;X;X;X;X;X;X
EVTOPTA48300;Да здравствует герцог!;X;X;X;X;X;X
EVTNAME60000;Пролетарии всех стран, соединяйтесь!;X;X;X;X;X;X
EVTDESC60000;С помощью борьбы в парламенте, а также общего усиления классовой борьбы из-за все усиливающейся эксплуатации рабочего класса капиталистами, постепенной концентрации средств производства в руках меньшинства, политики «дубины и пистолета», проводимой капиталистами, наша так называемая «демократия» теперь превратилась в диктатуру пролетариата.;X;X;X;X;X;X
EVTOPTA60000;Отличная новость, товарищ!;X;X;X;X;X;X
EVTNAME60010;Да здравствует президент!;X;X;X;X;X;X
EVTDESC60010;Полномочия президента расширились до такой степени, что ширма демократии более не нужна. Наша страна - президентская диктатура, а президент - вы. Вива эль президенте!;X;X;X;X;X;X
EVTOPTA60010;Вива!;X;X;X;X;X;X
EVTNAME60020;Свобода или смерть;X;X;X;X;X;X
EVTDESC60020;Для защиты принципов свободы от демократических вмешательств, плебейской аристократии и власти толпы, комитет сознательных граждан захватил власть и превратил страну в минархистскую диктатуру. Диктатура - временная мера, утверждают они.;X;X;X;X;X;X
EVTOPTA60020;Я люблю демократию;X;X;X;X;X;X
EVTNAME60030;Чрезвычайные полномочия;X;X;X;X;X;X
EVTDESC60030;Избирательные права урезаются, партийная система все больше переходит под контроль правительства, и как раз вчера в парламенте был принят закон о расширении чрезвычайных полномочий. Тенденции вполне очевидны. Фашистская правящая партия превратила нашу страну из демократии в фашистскую диктатуру.;X;X;X;X;X;X
EVTOPTA60030;Аве!;X;X;X;X;X;X
EVTNAME60040;Реставрация монархии;X;X;X;X;X;X
EVTDESC60040;Ваше высочество, из-за нестабильности в парламенте мы не видим иного выхода, кроме как провозгласить возврат к принципам абсолютной монархии. $COUNTRY_ADJ$ конституция и законы признаны утратившими силу. Да здравствует король!;X;X;X;X;X;X
EVTOPTA60040;Да здравствует король!;X;X;X;X;X;X
EVTNAME60050;$COUNTRY_ADJ$ оттепель;X;X;X;X;X;X
EVTDESC60050;Диктатура уже не та, что прежде. Плюрализм мнений и долгие политические реформы постепенно превращают диктатуру в демократию. Хоть это и не означает отказа правящей партии от власти, теперь оппозиция может высказать свое мнение.;X;X;X;X;X;X
EVTOPTA60050;Свобода!;X;X;X;X;X;X
EVTNAME60060;Внедрение конституционализма;X;X;X;X;X;X
EVTDESC60060;Политические реформы последних лет привели к тому, что абсолютная монархия в нашей стране поставлена под вопрос. Король более не вправе диктовать стране свои условия и должен учитывать конституционные ограничения своей власти. По этой причине наша форма правления более не может называться абсолютной монархией.;X;X;X;X;X;X
EVTOPTA60060;Это верный путь;X;X;X;X;X;X
EVTNAME60070;Развитие конституционализма;X;X;X;X;X;X
EVTDESC60070;Масштабные реформы нашей партийной системы в последние годы превратили нашу страну из абсолютной монархии в конституционную. Монарх теперь лишь символический глава государства, он лишен власти над судьбами страны и вынужден учитывать плюрализм мнений и решения демократических институтов.;X;X;X;X;X;X
EVTOPTA60070;Да здравствует король!;X;X;X;X;X;X
EVTDESC70000;Очередная великая победа для государства $COUNTRY$ - как и ожидалось, $STATE$ входит в состав $COUNTRY_ADJ$ земель. Остался лишь один вопрос - рабство. Рабство можно указом распространить на любую территорию нашей страны - стоит ли распространять законы о рабстве на штат $STATE$ или нет?;X;X;X;X;X;X
EVTOPTA70000;Распространить рабство на штат;X;X;X;X;X;X
EVTOPTB70000;Не распространять рабство;X;X;X;X;X;X
EVTDESC70001;Очередная великая победа для государства $COUNTRY$ - как и ожидалось, $STATE$ входит в состав $COUNTRY_ADJ$ земель на правах штата.;X;X;X;X;X;X
EVTOPTA70001;Отлично!;X;X;X;X;X;X
EVTNAME3471001;Во благо народа!;X;X;X;X;X;X
EVTDESC3471001;$MONARCHTITLE$! До нас только что дошли известия, что Испания предлагает объединить наши страны во благо народа, для достижения общей цели. ;X;X;X;X;X;X
EVTOPTA3471001;Да здравствует новая страна!;X;X;X;X;X;X
EVTOPTB3471001;Кто этот человек, и что он хочет от меня?;X;X;X;X;X;X
EVTNAME777701;Объединение Пруссии;X;X;X;X;X;X
EVTDESC777701;Пора делать первые шаги для объединения в Германию;X;X;X;X;X;X
EVTOPTA777701;Утвердить;X;X;X;X;X;X
EVTOPTB777701;Отступить;X;X;X;X;X;X
EVTNAME777702;Объединение Северных немцев;X;X;X;X;X;X
EVTDESC777702;Пора бы уже;X;X;X;X;X;X
EVTOPTA777702;Утвердить;X;X;X;X;X;X
EVTOPTB777702;Отступить;X;X;X;X;X;X
EVTNAME777703;Объединение в Германию;X;X;X;X;X;X
EVTDESC777703;Неудачник;X;X;X;X;X;X
EVTOPTA777703;Утвердить;X;X;X;X;X;X
EVTOPTB777703;Отступить;X;X;X;X;X;X
EVTNAME777704;Просьба от Кракова о присоединении;X;X;X;X;X;X
EVTDESC777704;Время пришло;X;X;X;X;X;X
EVTOPTA777704;Утвердить;X;X;X;X;X;X
EVTOPTB777704;Отказать;X;X;X;X;X;X
EVTNAME777705;Просьба от Люксенбурга о присоединении;X;X;X;X;X;X
EVTDESC777705;Время пришло;X;X;X;X;X;X
EVTOPTA777705;Утвердить;X;X;X;X;X;X
EVTOPTB777705;Отказать;X;X;X;X;X;X
EVTNAME777706;Просьба от Черногории о присоединении;X;X;X;X;X;X
EVTDESC777706;Время пришло;X;X;X;X;X;X
EVTOPTA777706;Утвердить;X;X;X;X;X;X
EVTOPTB777706;Отказать;X;X;X;X;X;X
EVTNAME777707;Просьба от Греции о присоединении;X;X;X;X;X;X
EVTDESC777707;Время пришло;X;X;X;X;X;X
EVTOPTA777707;Утвердить;X;X;X;X;X;X
EVTOPTB777707;Отказать;X;X;X;X;X;X
EVTNAME3471003;Свобода;X;X;X;X;X;X
EVTDESC3471003;Страна больше не является нашим вассалом;X;X;X;X;X;X
EVTOPTA3471003;ДА!;X;X;X;X;X;X
EVTOPTB3471003;Мы отказываемся, свобода нас не интересует;X;X;X;X;X;X
EVTNAME3470333;Займ;X;X;X;X;X;X
EVTDESC3470333;Укажите получателя;X;X;X;X;X;X
EVTOPTA3470333;Западная Европа (Великобритания, Франция, Испания, Италия, Нидерланды);X;X;X;X;X;X
EVTOPTB3470333;Восточная Европа (Россия, Австро-Венгрия, Германия(Пру, сгс), Скандинавия(Шве));X;X;X;X;X;X
EVTOPTC3470333;Азиатские страны (Арабия(егип), Турция, Персия (ИВМ), Япония, ЮАР, БОИК(Инд));X;X;X;X;X;X
EVTOPTD3470333;Америка (США, Бразилия, Мексика, Канада);X;X;X;X;X;X
EVTOPTE3470333;Отмена;X;X;X;X;X;X
EVTNAME3470001;Перевод денег;X;X;X;X;X;X
EVTDESC3470001;Укажите страну;X;X;X;X;X;X
EVTOPTA3470001;Великобритания;X;X;X;X;X;X
EVTOPTB3470001;Франция;X;X;X;X;X;X
EVTOPTC3470001;Испания;X;X;X;X;X;X
EVTOPTD3470001;Италия;X;X;X;X;X;X
EVTOPTE3470001;Германия(Пруссия, СГС);X;X;X;X;X;X
EVTOPTF3470001;Австро-Венгрия(Австрия);X;X;X;X;X;X
EVTOPTG3470001;Россия;X;X;X;X;X;X
EVTOPTH3470001;Турция;X;X;X;X;X;X
EVTOPTI3470001;США;X;X;X;X;X;X
EVTOPTJ3470001;Бразилия;X;X;X;X;X;X
EVTOPTK3470001;Япония;X;X;X;X;X;X
EVTOPTL3470001;Мексика;X;X;X;X;X;X
EVTOPTM3470001;Канада;X;X;X;X;X;X
EVTOPTN3470001;Арабия(Египет);X;X;X;X;X;X
EVTOPTN34700011;ЮАР;X;X;X;X;X;X
EVTOPTP3470001;Нидерланды;X;X;X;X;X;X
EVTOPTQ3470001;БОИК(Индия);X;X;X;X;X;X
EVTOPTR3470001;Персия (ИВМ);X;X;X;X;X;X
EVTOPTT3470001;Скандинавия;X;X;X;X;X;X
EVTNAME347001;Медицинские реформы;X;X;X;X;X;X
EVTDESC347001;Удалось провести реформу! Поздравляем!;X;X;X;X;X;X
EVTOPTA347001;Минимальный уровень здравоохранения;X;X;X;X;X;X
EVTOPTA347002;Низкий уровень здравоохранения;X;X;X;X;X;X
EVTOPTA347003;Приемлимый уровень здравоохранения;X;X;X;X;X;X
EVTOPTB347003;Хороший уровень здравоохранения;X;X;X;X;X;X
EVTNAME347005;Политические реформы государственного устройства;X;X;X;X;X;X
EVTDESC347005;Народ требует изменений в политическом устройстве страны;X;X;X;X;X;X
EVTOPTA347005;Да здравствует Демократия!;X;X;X;X;X;X
EVTOPTB347005;Да здравствует Комунизм!;X;X;X;X;X;X
EVTOPTC347005;Да здравствует Фашизм!;X;X;X;X;X;X
EVTOPTE347005;Да здравствует Король!;X;X;X;X;X;X
EVTOPTDDDD347005;Да здравствует Буржуазная диктатура!;X;X;X;X;X;X
EVTOPTA34700555;Отказаться! У нас и так все хорошо!;X;X;X;X;X;X
EVTOPTD347005;Отказаться!;X;X;X;X;X;X
EVTNAME347006;Восстановление Китайской Империи;X;X;X;X;X;X
EVTDESC347006;Живи, сохраняя покой. Придет время и цветы распустятся сами!;X;X;X;X;X;X
EVTOPTA347006;То, что случается, случается вовремя!;X;X;X;X;X;X
EVTOPTB347006;Сильный преодолевает преграду, мудрый - весь путь!;X;X;X;X;X;X
EVTOPTC347006;Да здравствует Фашизм!;X;X;X;X;X;X
EVTDESC777711;У нас прекрасные новости, правитель. Бутан решил связать свое будущее с нашей страной!;X;X;X;X;X;X
EVTOPTA777711;Мы всем Рады!;X;X;X;X;X;X
EVTNAME777711;Не сегодня;X;X;X;X;X;X
EVTNAME666001;Смерть Викторио;X;X;X;X;X;X
EVTDESC666001;Викторио был жестоким воином и руководителем группы Уорм-Спрингс в дивизии Чихенде из центральных апачей. В течение десяти лет он и его группа покинули по меньшей мере три разных резервации, причем несколько раз, несмотря на просьбу его группы жить на традиционных землях. Бродя по границе США и Мексики, им удалось совершить набег и избежать захвата военными и даже выиграть значительную битву в каньоне Лас Анимас, прежде чем якобы возглавить резню в Альме. В $YEAR$, двигаясь вдоль Рио-Гранде в северной Мексике, Викторио и его группа были окружены и убиты солдатами мексиканской армии в горах Трес-Кастильос в Чихуахуа. По общему мнению, он был одним из величайших военных стратегов Апачи, который когда-либо жил.;X;X;X;X;X;X
EVT666001OPTA;Он получил то, что заслужил!;X;X;X;X;X;X
EVTNAME666002;Мексиканская революция;X;X;X;X;X;X
EVTDESC666002;Хосе Посада, местный художник карикатурист набирает популярность в Мехико;X;X;X;X;X;X
EVT666002OPTA;Это обычный художник;X;X;X;X;X;X
EVTNAME777001;Серебряный век;X;X;X;X;X;X
EVTDESC777001;Ранний реформатор, хороший дипломат и способный лидер, он твердо держал абсолютную власть монархии, не давая иностранному влиянию разлучить страну. Эпоха стабильности, мира и относительного процветания.;X;X;X;X;X;X
EVT777001OPTA;Слава королю!;X;X;X;X;X;X
EVTNAME777002;Убийство шаха!;X;X;X;X;X;X
EVTDESC777002;В проклятое утро $YEAR$, Насер аль-Дин был убит Мирзой Реза Кермани, последователем Джамала аль-Дина аль-Афгани, когда он молился в храме Шах-Абдол-Азим. Говорят, что револьвер, использовавшийся для его убийства, был старым и ржавым, и если бы он носил более толстое пальто или был застрелен с более дальнего расстояния, он бы пережил покушение на его жизнь. Сообщается, что незадолго до своей смерти он сказал: «Я буду управлять вами по-другому, если выживу!».;X;X;X;X;X;X
EVT777002OPTA;Это ужасно!;X;X;X;X;X;X
EVTNAME777003;Убийство Амир Кабира!;X;X;X;X;X;X
EVTDESC777003;Амир-Кабир начал проводить реформы практически во всех общественных сферах. Были урезаны государственные расходы, проведено разграничение между частными и общественными средствами. Амир пересмотрел структуру администрации и взял на себя ответственность за весь аппарат чиновников. Было сокращено зарубежное вмешательство во внутренние дела Ирана, но развивалась международная торговля.;X;X;X;X;X;X
EVT777003OPTA;Мы скорбим!;X;X;X;X;X;X
EVTNAME777004;Первая конституция Персии!;X;X;X;X;X;X
EVTDESC777004;Первая Иранская конституция и первый парламент, были созваны в Персии для предотвращения революции.;X;X;X;X;X;X
EVT777004OPTA;Слава нашему правителю;X;X;X;X;X;X
EVTNAME777005;Вторая конституция Персии!;X;X;X;X;X;X
EVTDESC777005;Правки в первую конституцию официально признавали три религиозных меньшинства нашей страны:христиан, евреев и зорастинцев;X;X;X;X;X;X
EVT777005OPTA;Слава нашему правителю;X;X;X;X;X;X
EVTNAME90089;Завершение восточного кризиса;X;X;X;X;X;X
EVTDESC90094;Египет пал, уладив конфликт с Портой посредством мирного договора. Влияние $COUNTRY_ADJ$ в Египте значительно снизилась. Мы можем позволить этому случиться, либо бороться за свою долю в Египте и за свою честь.;X;X;X;X;X;X
EVTOPTA90094;Нам больше нечего там делать;X;X;X;X;X;X
EVTOPTB90094;Слишком многое поставлено на карту, чтобы уйти сейчас;X;X;X;X;X;X
EVTNAME100000;Независимость колонии;X;X;X;X;X;X
EVTDESC100000;Мировое сообщество требует предоставить одной из наших колоний независимость. В случае согласия формально колония  станет независимой, но наше влияние на нее сохранится. Отказ же отрицательно повлияет на наш международный имидж.;X;X;X;X;X;X
EVTOPTA100000;Да будет так!;X;X;X;X;X;X
EVTOPTB100000;Никогда!;X;X;X;X;X;X
EVTNAME100500;Независимость;X;X;X;X;X;X
EVTDESC100500;Хоть мы и получили долгожданную независимость, влияние бывшей метрополии все еще значительно, а неразвитая система управления и слабая технологическая база делают нашу страну отсталой и нищей.;X;X;X;X;X;X
EVTOPTA100500;Печально;X;X;X;X;X;X
EVTNAME99400;Экспансия на юг;X;X;X;X;X;X
EVTDESC99400;Проведя реформы и фактически избавившись от турецкой власти, мы можем вести самостоятельную политику и начать завоевание приграничных отсталых государств.;X;X;X;X;X;X
EVTOPTA99400;Вперед!;X;X;X;X;X;X
EVTNAME99401;Экспансия на юг;X;X;X;X;X;X
EVTDESC99401;Проведя реформы и фактически избавившись от турецкой власти, мы можем вести самостоятельную политику и начать завоевание приграничных отсталых государств.;X;X;X;X;X;X
EVTOPTA99401;Вперед!;X;X;X;X;X;X
EVTNAME37800;Освободитель;X;X;X;X;X;X
EVTDESC37800;Под началом Симона Боливара, освободителя Латинской Америки, Колумбийская федерация добилась независимости от испанской короны. Бои в Эквадоре и Перу продолжаются, и вскоре Латинская Америка будет очищена от колониальных армий. С таким великим человеком, ведущим наш народ, кто может сомневаться, что Колумбия обретёт светлое будущее?;X;X;X;X;X;X
EVTOPTA37800;Боливар ведёт нас к свободе!;X;X;X;X;X;X
EVTNAME19050;Требование права на раскопки;X;X;X;X;X;X
EVTDESC19050;$FROMCOUNTRY$ требует прав на раскопку в Чанаккале. Хотя у нашей страны на данный момент нет ни денег, ни технологий для масштабных раскопок, и обратиться к иностранному подрядчику кажется неплохой идеей, возможно, лучше не тревожить древнюю историю нашего народа до тех пор, пока мы сами не сможем заняться раскопками. Однако отказ иностранной державе несомненно испортит отношения с ней.;X;X;X;X;X;X
EVTOPTA19050;Пусть копают!;X;X;X;X;X;X
EVTOPTB19050;Троя наша;X;X;X;X;X;X
EVTNAME19051;Турция разрешает раскопки;X;X;X;X;X;X
EVTDESC19051;Правительство Турции предоставило нам эксклюзивное право вести раскопки и исследования древних руин Трои. Открытия, которые будут там сделаны, несомненно поднимут престиж нашей науки в глазах всего мира.;X;X;X;X;X;X
EVTOPTA19051;Отлично!;X;X;X;X;X;X
EVTNAME19052;Турция отказала в праве на раскопки;X;X;X;X;X;X
EVTDESC19052;Правительство Турции отказало нам в праве проводить раскопки Трои. Мы потеряли престиж на международной арене, а отношения с Турцией ухудшились.;X;X;X;X;X;X
EVTOPTA19052;Эх!;X;X;X;X;X;X
EVTNAME19053;Подкуп чиновников;X;X;X;X;X;X
EVTDESC19053;Турецкие чиновники в Эдремите не позволяют нашей экспедиции разгрузить важное оборудование для раскопок в возможном местенахождения Древнего города. Турецкая таможня - наследие византийства, и ее не пройти без личных связей или денег. Мы могли бы обратиться в правительство Турции, но, возможно, лучше проложить себе дорогу с помощью обычных взяток.;X;X;X;X;X;X
EVTOPTA19053;Взятки - наш путь;X;X;X;X;X;X
EVTOPTB19053;Обратиться к правительству;X;X;X;X;X;X
EVTNAME19054;Обнаружена Дворец Приама!;X;X;X;X;X;X
EVTDESC19054;Уверенно заявляем: Мы открыли ту самую Трою, о которой писал Гомер. Сокровища, найденные нами — это клад, спрятанный царём Приамом или кем-то из его приближённых в момент взятия города. Весь научный мир Европы обсуждает наше фантастическое открытие. ;X;X;X;X;X;X
EVTOPTA19054;Фантастика!;X;X;X;X;X;X
EVTNAME19055;Та ли эта Троя?;X;X;X;X;X;X
EVTDESC19055;Научное сообщество всего мира крайне сомнительно отнеслось к данной находке. Та ли эта Троя, что описывал Гомер в своем произведении? Возможно мы слишком поспешили с сенсационным заявлением?;X;X;X;X;X;X
EVTOPTA19055;Тоже мне новости! Что там на очереди, явление кометы?;X;X;X;X;X;X
EVTNAME19056;Могила древнегреческого героя Агамемнона;X;X;X;X;X;X
EVTDESC19056;«...маска Агамемнона».\n\n$COUNTRY_ADJ$ археологи в Чанакале совершили открытие века - они первыми обнаружили неизвестную к тому времени микенскую цивилизацию 2 тысячелетия до нашей эры.;X;X;X;X;X;X
EVTOPTA19056;Великолепно!;X;X;X;X;X;X
EVTNAME777712;Повышение уровня жизни;X;X;X;X;X;X
EVTDESC777712;Цены растут. Ничего не поделать;X;X;X;X;X;X
EVTOPTA777712;Благо для народа;X;X;X;X;X;X
EVTNAME37709;250 лет со дня рождения Веласкеса;X;X;X;X;X;X
EVTDESC37709;Вот уже 250 лет мир говорит про великого художника из нашей страны Веласкеса. Давайте отпразднуем эту знаменательную дату со всем размахом;X;X;X;X;X;X
EVTOPTA37709;Слава и почет великому художнику;X;X;X;X;X;X
EVTNAME101101;Вассализация Греции; X;X;X;X;X;X
EVTDESC101101;Мы стали ближе к возвращению Греции в состав нашей империи. С помощью наших людей в правительстве мы установили в Греции марионеточный режим правления.;X;X;X;X;X;X
EVTOPTA101101;Мы вернём Грецию в состав империи;X;X;X;X;X;X 
EVTNAME18900;Санкции США; X;X;X;X;X;X
EVTDESC18900;США ввели против нас санкции.;X;X;X;X;X;X
EVTOPTA18900;Чёртовы Янки!;X;X;X;X;X;X
EVTNAME18901;Санкции США; X;X;X;X;X;X
EVTDESC18901;США отменили ранние санкции.;X;X;X;X;X;X
EVTOPTA18901;Они слабы!;X;X;X;X;X;X
EVTNAME18902;Дальнейшие пути нашего развития; X;X;X;X;X;X
EVTDESC18902;Перед Империей стоит судьбоносный выбор. Мы можем следовать умеренному пути реформ и дипломатического развития, укрепляя государство через внутреннее процветание, либо избрать путь решительной экспансии, утверждая своё превосходство силой оружия и расширяя владения за пределы родных островов.;X;X;X;X;X;X
EVTOPTA18902;Следовать путём мира и постепенного развития;X;X;X;X;X;X
EVTOPTB18902;Избрать путь военной экспансии;X;X;X;X;X;X
EVTNAME18904;Мы - счастливы; X;X;X;X;X;X
EVTDESC18904;Этот день вошёл в историю! Его будут праздновать каждый год, как почтение началу золотого века в Японской Империи. В переводе с японского "Кагене но ринго но хи" (так назвали этот день) означает день золотого яблока. В дальнейшем жителей Японии ожидают новые трудности, но благодаря грамотному управлению, в 19 и 20 веках они их с лёгкостью преодолеют и первыми покорят Марс! ;X;X;X;X;X;X
EVTOPTA18904;Банзай!;X;X;X;X;X;X
EVTNAME900001;Обострение кризиса в Центральной Индии.;X;X;X;X;X;X  
EVTDESC900001;Эти чёртовы псевдо-индусы решили влезть в нашу сферу влияния, просто так мы этого не оставим!;X;X;X;X;X;X
EVTNAME900002;Возвращение своих территорий.;X;X;X;X;X;X
EVTDESC900002;Эти дикари решили, что они могут с нами тягаться, и собрались биться с нами за территории в Центральной Индии. Пора преподать им урок и выкинуть их обратно в горы Пакистана, откуда они пришли.;X;X;X;X;X;X
EVTNAME900003;Возвращение своего народа.;X;X;X;X;X;X
EVTOPTA900003;Пришло время показать им на что мы способны!;X;X;X;X;X;X
EVTDESC900003;Несмотря на договорённости с Британией, английские колонизаторы решили, что могут не выполнять договоры, и они полезли в нашу сферу влияния! Пора показать им, что мы готовы биться за свой народ, угнетаемый заморскими псами.;X;X;X;X;X;X
EVTNAME900004;Вариант решения конфликта.;X;X;X;X;X;X
EVTDESC900004;Несмотря на кризис вокруг Центральной Индии у нас есть всё ещё выбор. Мы можем либо провести военную кампанию, либо договориться дипломатическим путём. Что же выбрать? ;X;X;X;X;X;X
EVTOPTA900004;Всё решит только война!;X;X;X;X;X;X
EVTDESC9000044;Мы сможем решить всё и дипломатией!;X;X;X;X;X;X
EVTNAME900005;Кризис миновал!;X;X;X;X;X;X
EVTDESC900005;Мы наконец-то прошли через кризис. Было трудно, но мы справились и теперь должны оправиться от него.;X;X;X;X;X;X
EVTOPTA900005;Ну слава богу!;X;X;X;X;X;X
EVTNAME900006;Военный налог;X;X;X;X;X;X
EVTDESC900006;Если мы будем воевать, то было бы неплохо ввести военный налог, но наши экономисты говорят, что это может плохо повлиять на нашу экономику в будущем.;X;X;X;X;X;X
EVTOPTA900006;Экономисты всегда могут ошибаться. А вот военные никогда!;X;X;X;X;X;X
EVTOPTA9000066;Будет намного выгодней послушать экономистов.;X;X;X;X;X;X
EVTNAME900007;Издержки военного налога.;X;X;X;X;X;X
EVTDESC900007;Военный налог хоть и помог нам в войне, но теперь у нас экономические трудности. Они не смертельны, но неприятны.;X;X;X;X;X;X
EVTOPTA900007;Всё таки нужно было слушать экономистов!;X;X;X;X;X;X
EVTNAME28469;Получение южных территорий;X;X;X;X;X;X
EVTDESC28469;Мексика решила передать нам спорные территории. Но к сожалению мексиканская часть населения решила уйти с этих земель;X;X;X;X;X;X
EVTOPTA28469;Скатертью дорога!;X;X;X;X;X;X
EVTNAME28470;Потеря национального единства;X;X;X;X;X;X
EVTDESC28470;Потеря национальных провинций привела к утрате былого единства;X;X;X;X;X;X
EVTOPTA28470;Горе нам;X;X;X;X;X;X
EVTNAME101102;Взгляд в будущее;X;X;X;X;X;X
EVTDESC101102;Мы стоим на пороге перехода в новую эпоху - из традиционного общества к индустриальному. И дабы развиваться в современном мире - нам нужно догнать по прогрессу развития страны первого мира. Для этого мы предлагаем отправить своих дипломатов к великим державам и упросить их отправить своих учёных к нам, пообещав империям благосклонность, а самим учёным некоторые дары. Но мы не определились что выбрать? У нас есть три варианта: Первый - упросить промышленников и учёных приехать в нашу страну и дать нам знания о том, как лучше производить товары и добывать сырьё, второй - пригласить великих философов, учителей и чиновников, чтобы они дали нам знания о том, как управлять и развивать наше государство, ну и наконец, третий - пригласить военных и производителей оружия в нашу страну, чтобы они научили нас вести войну не хуже европейских стран. Что выбрать? Выбор за вами, о светлейший!;X;X;X;X;X;X
EVTOPTA10112;Нам нужна промышленность!Я хочу использовать товары, произведённые в моей стране.;X;X;X;X;X;X
EVTOPTB10112;Выбрать академию Авангард интеллигенции ;X;X;X;X;X;X
EVTOPTC10112;Выбрать академию Военно-промышленный комплекс!;X;X;X;X;X;X
EVTNAME101103;Выбрать академию Школу бизнеса и промышленнный капитализм;X;X;X;X;X;X
EVTDESC101103;Пригласив европейских экспертов мы получили отличные знания о том, как строить заводы с лучшей эффективностью, получили более совершенные инструменты и методы сбора сырья.Это даст хороший рывок нашей экономике.;X;X;X;X;X;X
EVTNAME101104;Административное развитие;X;X;X;X;X;X
EVTDESC101104;Пригласив учёных, философов и чиновников в отставке мы получили драгоценный опыт управления страной, повысили грамотность населения, да ещё и к тому же узнали новые философские течения. Это всё позволит развиваться нашей стране и нашей культуре. Поистине удачный выбор для развития государства!;X;X;X;X;X;X
EVTNAME101105;Военное развитие;X;X;X;X;X;X
EVTDESC101105;Пригласив великих полководцев и крупных директоров военных заводов, мы узнали много нового о производстве вооружения и снабжении армии, а также о новых тактиках ведения боя. Теперь мы гроза всех наших мелких соседей! Власть строится всегда на крови!!! Наверное...;X;X;X;X;X;X
EVTOPTA101103;Наконец-то у меня будут товары, сделанные в моей стране!;X;X;X;X;X;X
EVTOPTA101104;Начало расцвета нашего государства!;X;X;X;X;X;X
EVTOPTA101105;Крови никогда не бывает мало!;X;X;X;X;X;X
EVTNAME19001;Смена товарного направления;X;X;X;X;X;X
EVTDESC19001;Либерия наша и теперь мы вправе решать, что им производить! В этой стране почти ничего сейчас не производится, однако мы вполне можем изменить это. Есть несколько вариантов действий. Первый - в Либерии очень много овец, а значит можно добывать шерсть. Второй - не сосредотачиваться на производстве только шерсти, но и начать производство красок, благо территория позволяет. Ну и наконец-то третий, от наших послов из Англии - можно производить чай! Хм, не понимаю как он мог суда попасть... Но если вы не против, то его можно реализовать...;X;X;X;X;X;X
EVTOPTA19001;Нам нужна шерсть!;X;X;X;X;X;X
EVTOPTB19001;Нам нужны краски и шерсть!;X;X;X;X;X;X
EVTOPTC19001;Британские привычки выдают меня...;X;X;X;X;X;X
EVTNAME402001;Желанный кусок;X;X;X;X;X;X
EVTDESC402001;Нидерланды находятся между 3 великими империями, и мы должны научиться получать выгоду с соседних держав. Мы намерены заключить взаимовыгодные связи между нашими странами, однако придётся выбрать только одного покровителя из числа наших соседей. Однако ,нужно понимать, что несмотря на плюсы, мы будем сильно зависеть от своих соседей.;X;X;X;X;X;X
EVTOPTA402001;Выгодное сотрудничество;X;X;X;X;X;X
EVTNAME402002;Неудачная сделка;X;X;X;X;X;X
EVTDESC402002;Несмотря ни на что, наше сотрудничество с прошлым государством развалилось. Мы стали более независимыми, однако, наверняка, найдётся кто-нибудь другой, кто захочет получить лакомый кусок с наших договоров.;X;X;X;X;X;X
EVTOPTA402002;Чёрт;X;X;X;X;X;X
EVTNAME401001;Желанный кусочек;X;X;X;X;X;X
EVTDESC401001;Изи мани;X;X;X;X;X;X
EVTOPTA401001;Легчайшие деньги в юарской жизни;X;X;X;X;X;X
EVTNAME401002;Нежеланное событие;X;X;X;X;X;X
EVTDESC401002;Ничего, мы унизим строителей Суэца;X;X;X;X;X;X
EVTOPTA401002;Ну как так;X;X;X;X;X;X
EVTNAME101109;Сингапурский пролив;X;X;X;X;X;X
EVTDESC101109;Мы контролируем Сингапурский пролив из Азии в Европу, этим мы сильнее укрепили своё доминирование на море, а также получаем доход с торговых перевозок! ;X;X;X;X;X;X
EVTOPTA101109;Правь Британия морями!;X;X;X;X;X;X
EVTNAME1011099;Захват Сингапурского пролива;X;X;X;X;X;X
EVTDESC1011099;Мы заполучили Сингапурский пролив из Азии в Европу, этим мы ещё сильнее укрепили своё доминирование на море, так ещё и доход с этого получаем! ;X;X;X;X;X;X
EVTOPTA1011099;Это очень полезно!;X;X;X;X;X;X
EVTNAME10110999;Потеря Сингапурского пролива;X;X;X;X;X;X
EVTDESC10110999;Мы потеряли Сингапурский пролив, теперь мы не получаем доходы с этого торгового пути. Нам нужно это срочно исправить! ;X;X;X;X;X;X
EVTOPTA10110999;Горе нам!;X;X;X;X;X;X
EVTNAME101106;Гибралтарский пролив;X;X;X;X;X;X
EVTDESC101106;Мы контролируем Гибралтарский пролив - важный экономический и торговый пункт, контролирующий весь трафик из Средиземного моря, этим мы сильнее укрепили своё доминирование на море, а также получаем доход с торговых перевозок! ;X;X;X;X;X;X
EVTOPTA101106;Правь Британия морями!;X;X;X;X;X;X
EVTNAME1011066;Захват Гибралтарского пролива;X;X;X;X;X;X
EVTDESC1011066;Мы заполучили Гибралтарский пролив - важный экономический и торговый пункт, контролирующий весь трафик из Средиземного моря, этим мы сильнее укрепили своё доминирование на море, а также получаем доход с торговых перевозок!  ;X;X;X;X;X;X
EVTOPTA1011066;Однако очень приятно!;X;X;X;X;X;X
EVTNAME10110666;Потеря Гибралтарского пролива;X;X;X;X;X;X
EVTDESC10110666;Мы потеряли Гибралтарский пролив. Теперь мы не получаем доходы с этого торгового пути, нам нужно это срочно исправить, мы многое от этого потеряли! ;X;X;X;X;X;X
EVTOPTA10110666;Горе нам!;X;X;X;X;X;X
EVTNAME101107;Аденский пролив;X;X;X;X;X;X
EVTDESC101107;Мы контролируем Аденский пролив - важный экономический и торговый пункт, контролирующий весь трафик из Красного моря, этим мы сильнее укрепили своё доминирование на море, а также получаем доход с торговых перевозок! ;X;X;X;X;X;X
EVTOPTA101107;Аллах всегда поможет своим подданым!;X;X;X;X;X;X
EVTNAME1011077;Захват Аденского пролива;X;X;X;X;X;X
EVTDESC1011077;Мы заполучили Аденский пролив - важный экономический и торговый пункт, контролирующий весь трафик из Красного моря, этим мы сильнее укрепили своё доминирование на море, а также получаем доход с торговых перевозок!  ;X;X;X;X;X;X
EVTOPTA1011077;Однако очень приятно!;X;X;X;X;X;X
EVTNAME10110777;Потеря Аденского пролива;X;X;X;X;X;X
EVTDESC10110777;Мы потеряли Аденский пролив. Теперь мы не получаем доходы с этого торгового пути. Нам нужно это срочно исправить, мы многое от этого потеряли! ;X;X;X;X;X;X
EVTOPTA10110777;Горе нам!;X;X;X;X;X;X
EVTNAME101108;Персидский пролив;X;X;X;X;X;X
EVTDESC101108;Мы контролируем Персидский пролив - важный экономический и торговый пункт, контролирующий весь трафик из Персидского залива, этим мы сильнее укрепили своё доминирование на море, а также получаем доход с торговых перевозок. Этот пролив очень важен для всех стран Персидского залива! ;X;X;X;X;X;X
EVTOPTA101108;Аллах всегда поможет своим подданым!;X;X;X;X;X;X
EVTNAME1011088;Захват Персидского пролива;X;X;X;X;X;X
EVTDESC1011088;Мы заполучили Персидский пролив - важный экономический и торговый пункт, контролирующий весь трафик из Красного моря. Этим мы сильнее укрепили своё доминирование на море, а также получаем доход с торговых перевозок. Этот пролив очень важен для всех стран Персидского залива! ;X;X;X;X;X;X
EVTOPTA1011088;Мы получим с него довольно много пользы!;X;X;X;X;X;X
EVTNAME10110888;Потеря Персидского пролива;X;X;X;X;X;X
EVTDESC10110888;Мы потеряли Персидский пролив, теперь мы не получаем доходы с этого торгового пути. Нам нужно это срочно исправить, мы многое от этого потеряли! ;X;X;X;X;X;X
EVTOPTA10110888;И что теперь делать ?;X;X;X;X;X;X
EVTNAME1011011;Захват Датского пролива;X;X;X;X;X;X
EVTDESC1011011;Мы заполучили Датский пролив - важный экономический и торговый пункт, контролирующий весь трафик из Красного моря. Этим мы сильнее укрепили своё доминирование на море, а также получаем доход с торговых перевозок! ;X;X;X;X;X;X
EVTOPTA1011011;Пролив даст нам силу викингов!;X;X;X;X;X;X
EVTNAME10110111;Потеря Датского пролива;X;X;X;X;X;X
EVTDESC10110111;Мы потеряли Датский пролив. Теперь мы не получаем доходы с этого торгового пути. Нам нужно это срочно исправить, мы многое от этого потеряли! ;X;X;X;X;X;X
EVTOPTA10110111;Викингам бы это не понравилось!;X;X;X;X;X;X
EVTNAME1011022;Захват Босфорского и Дарданелльского проливов;X;X;X;X;X;X
EVTDESC1011022;Мы заполучили Босфоры и Дарданеллы - важный экономический и торговый пункт, контролирующий весь трафик из Чёрного и Мраморного моря в Средиземное море, этим мы сильнее укрепили своё доминирование на море, а также получаем доход с торговых перевозок! ;X;X;X;X;X;X
EVTOPTA1011022;Больном человеку Европы, они ни к чему.;X;X;X;X;X;X
EVTNAME10110222;Потеря Босфорского и Дарданелльского проливов;X;X;X;X;X;X
EVTDESC10110222;Мы потеряли Босфоры и Дарданеллы. Теперь мы не получаем доходы с этого торгового пути. Нам нужно это срочно исправить, мы многое от этого потеряли! ;X;X;X;X;X;X
EVTOPTA10110222;Мехмед был бы недоволен!;X;X;X;X;X;X
EVTNAME1011033;Захват Кильского канала;X;X;X;X;X;X
EVTDESC1011033;Мы захватили Кильский канал - важный экономический и торговый пункт, заменивший Датский пролив и контролирующий весь трафик из Балтики в Северное Море. Этим мы сильнее укрепили своё доминирование на море, а также получаем доход с торговых перевозок! ;X;X;X;X;X;X
EVTOPTA1011033;Немцы никогда не были истинными владельцами Киля.;X;X;X;X;X;X
EVTNAME10110333;Потеря Кильского канала;X;X;X;X;X;X
EVTDESC10110333;Мы потеряли Кильский канал. Теперь мы не получаем доходы с этого торгового пути. Нам нужно это срочно исправить, мы многое от этого потеряли! ;X;X;X;X;X;X
EVTOPTA10110333;Это печально.;X;X;X;X;X;X
EVTNAME1011044;Захват Суэцкого канала;X;X;X;X;X;X
EVTDESC1011044;Мы захватили Суэцкий канал - важный экономический и торговый пункт, заменивший привчный маршрут вокруг Африки и контролирующий весь трафик Индии в Европу. Этим мы очень сильно укрепили своё доминирование на море, а также получаем огромные доходы с торговых перевозок! ;X;X;X;X;X;X
EVTOPTA1011044;Хорошо быть наравне с египетскими фараонами.;X;X;X;X;X;X
EVTNAME10110444;Потеря Суэцкого канала;X;X;X;X;X;X
EVTDESC10110444;Мы потеряли Суэцкий канал. Теперь мы не получаем доходы с этого торгового пути. Нам нужно это срочно исправить, мы многое от этого потеряли! ;X;X;X;X;X;X
EVTOPTA10110444;Чёрт бы побрал.;X;X;X;X;X;X
EVTNAME1011055;Захват Панамского канала;X;X;X;X;X;X
EVTDESC1011055;Мы захватили Панамский канал - важный экономический и торговый пункт заменивший Магеланов пролив и контролирующий весь трафик из Европы в Азию и на противоположные берега континентов-Америк. Этим мы очень сильно укрепили своё доминирование на море, а так же получаем огромные доходы с торговых перевозок! ;X;X;X;X;X;X
EVTOPTA1011055;Контролировать четверть мирового трафика приятно.;X;X;X;X;X;X
EVTNAME10110555;Потеря Панамского канала;X;X;X;X;X;X
EVTDESC10110555;Мы потеряли Панамский канал. Теперь мы не получаем доходы с этого торгового пути. Нам нужно это срочно исправить, мы многое от этого потеряли! ;X;X;X;X;X;X
EVTOPTA10110555;Мы допустили фатальнную ошибку!;X;X;X;X;X;X
EVTNAME10110668;Адриатический пролив;X;X;X;X;X;X
EVTDESC10110668;Мы контролируем важный выход из Венецианского залива и Хорватии. Это приносит некоторые дивиденды;X;X;X;X;X;X
EVTNAME10110669;Потеря Адриатического пролива;X;X;X;X;X;X
EVTDESC10110669;Неприятно, но невелика потеря;X;X;X;X;X;X
EVTNAME18905;Инвестиции в страну;X;X;X;X;X;X
EVTDESC18905;Мы находимся не в самом лучшем положении, и дабы нам выжить - мы должны попросить наших Европейских колег о помощи. Если они согласятся, то мы получим хороший скачёк в развитии государства! Осталось выбрать кого?;X;X;X;X;X;X
EVTOPTA18905;Англичане помогут!;X;X;X;X;X;X
EVTOPTB18905;Русское правительство должно помочь;X;X;X;X;X;X
EVTOPTC18905;Американские бизнесмены!;X;X;X;X;X;X
EVTOPTD18905;Немецкие военные помогут нам;X;X;X;X;X;X
EVTOPTE18905;Французские ученые помогут нам!;X;X;X;X;X;X   
EVTNAME18906;Инвестиции в страну;X;X;X;X;X;X
EVTDESC18906;Страна Ближнего Востока хочет получить от нас инвестиции, чтобы развить свою отсталую страну. Согласны ли мы?;X;X;X;X;X;X
EVTOPTA18906;Конечно!;X;X;X;X;X;X
EVTOPTB18906;У нас нет денег!;X;X;X;X;X;X  
EVTNAME18907;Инвестиции в страну;X;X;X;X;X;X
EVTDESC18907;Страна Ближнего Востока хочет получить от нас инвестиции, чтобы развить свою отсталую страну. Согласны ли мы?;X;X;X;X;X;X
EVTOPTA18907;Конечно!;X;X;X;X;X;X
EVTOPTB18907;У нас нет денег!;X;X;X;X;X;X   
EVTNAME18908;Инвестиции в страну;X;X;X;X;X;X
EVTDESC18908;Страна Ближнего Востока хочет получить от нас инвестиции, чтобы развить свою отсталую страну. Согласны ли мы?;X;X;X;X;X;X
EVTOPTA18908;Конечно!;X;X;X;X;X;X
EVTOPTB18908;У нас нет денег!;X;X;X;X;X;X  
EVTNAME18909;Инвестиции в страну;X;X;X;X;X;X
EVTDESC18909;Страна Ближнего Востока хочет получить от нас инвестиции, чтобы развить свою отсталую страну. Согласны ли мы?;X;X;X;X;X;X
EVTOPTA18909;Конечно!;X;X;X;X;X;X
EVTOPTB18909;У нас нет денег!;X;X;X;X;X;X
EVTNAME18910;Инвестиции в страну;X;X;X;X;X;X
EVTDESC18910;Страна Ближнего Востока хочет получить от нас инвестиции, чтобы развить свою отсталую страну. Согласны ли мы?;X;X;X;X;X;X
EVTOPTA18910;Конечно!;X;X;X;X;X;X
EVTOPTB18910;У нас нет денег!;X;X;X;X;X;X
EVTNAME18911;Инвестициям быть!;X;X;X;X;X;X
EVTDESC18911;Они согласились! Теперь-то мы заживём! Поезд с обучеными людьми уже в пути. Скоро они будут тут и мы начнём процесс реформ в нашей стране!;X;X;X;X;X;X
EVTOPTA18911;Эти неверные не такие и плохие!;X;X;X;X;X;X
EVTNAME18912;Отказ от инвестиций;X;X;X;X;X;X
EVTDESC18912;Эти неверные отказались давать нам свои деньги и людей! Как они посмели? Наши дипломаты уже отправили им ноту протеста!;X;X;X;X;X;X
EVTOPTA18912;Аллах их покорает!;X;X;X;X;X;X
EVTNAME18913;Инвестициям быть!;X;X;X;X;X;X
EVTDESC18913;Они согласились! Теперь-то мы заживём! Поезд с обучеными людьми уже в пути. Скоро они будут тут и мы начнём процесс реформ в нашей стране!;X;X;X;X;X;X
EVTOPTA18913;Эти неверные не такие и плохие!;X;X;X;X;X;X
EVTNAME18914;Инвестициям быть!;X;X;X;X;X;X
EVTDESC18914;Они согласились! Теперь-то мы заживём! Поезд с обучеными людьми уже в пути. Скоро они будут тут и мы начнём процесс реформ в нашей стране!;X;X;X;X;X;X
EVTOPTA18914;Эти неверные не такие и плохие!;X;X;X;X;X;X
EVTNAME18915;Инвестициям быть!;X;X;X;X;X;X
EVTDESC18915;Они согласились! Теперь-то мы заживём! Поезд с обучеными людьми уже в пути. Скоро они будут тут и мы начнём процесс реформ в нашей стране!;X;X;X;X;X;X
EVTOPTA18915;Эти неверные не такие и плохие!;X;X;X;X;X;X
EVTNAME18916;Инвестициям быть!;X;X;X;X;X;X
EVTDESC18916;Они согласились! Теперь-то мы заживём! Поезд с обучеными людьми уже в пути. Скоро они будут тут и мы начнём процесс реформ в нашей стране!;X;X;X;X;X;X
EVTOPTA18916;Эти неверные не такие и плохие!;X;X;X;X;X;X
EVTNAME18918;Инвестиции в страну;X;X;X;X;X;X
EVTDESC18918;Мы находимся не в самом лучшем положении, и дабы нам выжить - мы должны попросить наших Европейских колег о помощи. Если они согласятся, то мы получим хороший скачёк в развитии государства! Осталось выбрать кого?;X;X;X;X;X;X
EVTDESC18919;Страна Ближнего Востока хочет получить от нас инвестиции, чтобы развить свою отсталую страну. Согласны ли мы?;X;X;X;X;X;X
EVTOPTA18919;Конечно!;X;X;X;X;X;X
EVTOPTB18919;У нас нет денег!;X;X;X;X;X;X
EVTDESC18920;Страна Ближнего Востока хочет получить от нас инвестиции, чтобы развить свою отсталую страну. Согласны ли мы?;X;X;X;X;X;X
EVTOPTA18920;Конечно!;X;X;X;X;X;X
EVTOPTB18920;У нас нет денег!;X;X;X;X;X;X
EVTDESC18921;Страна Ближнего Востока хочет получить от нас инвестиции, чтобы развить свою отсталую страну. Согласны ли мы?;X;X;X;X;X;X
EVTOPTA18921;Конечно!;X;X;X;X;X;X
EVTOPTB18921;У нас нет денег!;X;X;X;X;X;X
EVTDESC18922;Страна Ближнего Востока хочет получить от нас инвестиции, чтобы развить свою отсталую страну. Согласны ли мы?;X;X;X;X;X;X
EVTOPTA18922;Конечно!;X;X;X;X;X;X
EVTOPTB18922;У нас нет денег!;X;X;X;X;X;X
EVTDESC18923;Страна Ближнего Востока хочет получить от нас инвестиции, чтобы развить свою отсталую страну. Согласны ли мы?;X;X;X;X;X;X
EVTOPTA18923;Конечно!;X;X;X;X;X;X
EVTOPTB18923;У нас нет денег!;X;X;X;X;X;X
EVTNAME18924;Инвестициям быть!;X;X;X;X;X;X
EVTDESC18924;Они согласились! Теперь-то мы заживём! Поезд с обучеными людьми уже в пути. Скоро они будут тут и мы начнём процесс реформ в нашей стране!;X;X;X;X;X;X
EVTNAME18930;Инвестиции в страну;X;X;X;X;X;X
EVTDESC18930;Мы находимся не в самом лучшем положении, и дабы нам выжить - мы должны попросить наших Европейских колег о помощи. Если они согласятся, то мы получим хороший скачёк в развитии государства! Осталось выбрать кого?;X;X;X;X;X;X
EVTDESC18931;Страна Ближнего Востока хочет получить от нас инвестиции чтоб развить свою отсталую страну, согласны ли мы ?;X;X;X;X;X;X
EVTOPTA18931;Конечно!;X;X;X;X;X;X
EVTOPTB18931;У нас нет денег!;X;X;X;X;X;X
EVTDESC18932;Страна Ближнего Востока хочет получить от нас инвестиции чтоб развить свою отсталую страну, согласны ли мы ?;X;X;X;X;X;X
EVTOPTA18932;Конечно!;X;X;X;X;X;X
EVTOPTB18932;У нас нет денег!;X;X;X;X;X;X
EVTDESC18933;Страна Ближнего Востока хочет получить от нас инвестиции чтоб развить свою отсталую страну, согласны ли мы ?;X;X;X;X;X;X
EVTOPTA18933;Конечно!;X;X;X;X;X;X
EVTOPTB18933;У нас нет денег!;X;X;X;X;X;X
EVTDESC18934;Страна Ближнего Востока хочет получить от нас инвестиции чтоб развить свою отсталую страну, согласны ли мы ?;X;X;X;X;X;X
EVTOPTA18934;Конечно!;X;X;X;X;X;X
EVTOPTB18934;У нас нет денег!;X;X;X;X;X;X
EVTDESC18935;Страна Ближнего Востока хочет получить от нас инвестиции чтоб развить свою отсталую страну, согласны ли мы ?;X;X;X;X;X;X
EVTOPTA18935;Конечно!;X;X;X;X;X;X
EVTOPTB18935;У нас нет денег!;X;X;X;X;X;X
EVTNAME18936;Инвестициям быть!;X;X;X;X;X;X
EVTDESC18936;Они согласились! Теперь-то мы заживём! Поезд с обучеными людьми уже в пути. Скоро они будут тут и мы начнём процесс реформ в нашей стране!;X;X;X;X;X;X
EVTOPTA18936;Эти неверные не такие и плохие!;X;X;X;X;X;X
EVTNAME18938;Инвестициям быть!;X;X;X;X;X;X
EVTDESC18938;Они согласились! Теперь-то мы заживём! Поезд с обучеными людьми уже в пути. Скоро они будут тут и мы начнём процесс реформ в нашей стране!;X;X;X;X;X;X
EVTOPTA18938;Эти неверные не такие и плохие!;X;X;X;X;X;X
EVTNAME18939;Инвестициям быть!;X;X;X;X;X;X
EVTDESC18939;Они согласились! Теперь-то мы заживём! Поезд с обучеными людьми уже в пути. Скоро они будут тут и мы начнём процесс реформ в нашей стране!;X;X;X;X;X;X
EVTOPTA18939;Эти неверные не такие и плохие!;X;X;X;X;X;X
EVTNAME18940;Инвестициям быть!;X;X;X;X;X;X
EVTDESC18940;Они согласились! Теперь-то мы заживём! Поезд с обучеными людьми уже в пути. Скоро они будут тут и мы начнём процесс реформ в нашей стране!;X;X;X;X;X;X
EVTOPTA18940;Эти неверные не такие и плохие!;X;X;X;X;X;X
EVTNAME18941;Инвестициям быть!;X;X;X;X;X;X
EVTDESC18941;Они согласились! Теперь-то мы заживём! Поезд с обучеными людьми уже в пути. Скоро они будут тут и мы начнём процесс реформ в нашей стране!;X;X;X;X;X;X
EVTOPTA18941;Эти неверные не такие и плохие!;X;X;X;X;X;X
EVTNAME18917;Выбор военной доктрины!;X;X;X;X;X;X
EVTDESC18917;Наше государство слабо и не сможет сосредоточится сейчас на обоих сферах военных действий, нам нужно выбрать что мы будем развивать: Флот или армию? Флот даст нам возможность гегемонии на Сридеземном море, а армия поможет в борьбе с нашими соседями;X;X;X;X;X;X
EVTOPTA18917;Только Армия нам поможет!;X;X;X;X;X;X
EVTOPTB18917;Султану нужен военный флот!;X;X;X;X;X;X
EVTNAME18942;Великий голод;X;X;X;X;X;X
EVTDESC18942;Боги прокляли нас, со всего индийского региона приходят сообщения о засухе. Весь урожай погиб, а наших амбаров хватило всего лишь на месяц...;X;X;X;X;X;X
EVTOPTA18942;Боги оставили нас;X;X;X;X;X;X
EVTNAME18944;Великий голод;X;X;X;X;X;X
EVTDESC18944;Боги прокляли нас, со всего индийского региона приходят сообщения о засухе. Весь урожай погиб, а наших амбаров хватило всего лишь на месяц...;X;X;X;X;X;X
EVTOPTA18944;Боги оставили нас;X;X;X;X;X;X
EVTNAME18943;Последний шаг;X;X;X;X;X;X
EVTDESC18943;Голод почти подошёл к концу, любой желающий теперь может получить буханку хлеба, но нам нужно принять решение о нашем последнем шаге. Мы либо можем расщирить наши поля за счёт другого ресурса, получив взамен постоянный источник зерна, который повысит стабильность, либо просто избавиться от голода и сохранить ресурс;X;X;X;X;X;X
EVTOPTA18943;Расширим же поля!;X;X;X;X;X;X
EVTOPTB18943;Оставим всё как есть;X;X;X;X;X;X
EVTNAME18945;Последний шаг;X;X;X;X;X;X
EVTDESC18945;Голод почти подошёл к концу, любой желающий теперь может получить буханку хлеба, но нам нужно принять решение о нашем последнем шаге. Мы либо можем расщирить наши поля за счёт другого ресурса, получив взамен постоянный источник зерна, который повысит стабильность, либо просто избавиться от голода и сохранить ресурс;X;X;X;X;X;X
EVTOPTA18945;Расширим же поля!;X;X;X;X;X;X
EVTOPTB18945;Оставим всё как есть;X;X;X;X;X;X
EVTNAME18946;Проблемы образования в Индии.;X;X;X;X;X;X
EVTDESC18946;Из-за проблем с образованием наша страна сосредоточила экономическую силу на сельском хозяйстве и шахтерском ремесле.;X;X;X;X;X;X
EVTOPTB18946;Нужно это исправить!;X;X;X;X;X;X
EVTNAME101120;Бонус к строительству флота от Канады;X;X;X;X;X;X
EVTDESC101120;Мы потеряли бонус от власти над Канадой. Они вышли из нашей сферы;X;X;X;X;X;X
EVTOPTA101120;+5% к скорости строительства флота;X;X;X;X;X;X
EVTNAME101121;Бонус к строительству флота от Канады;X;X;X;X;X;X
EVTDESC101121;Мы потеряли бонус от власти над Канадой. Они вышли из нашей сферы;X;X;X;X;X;X
EVTOPTA101121;-5% к скорости строительства флота;X;X;X;X;X;X
EVTNAME101122;Бонус к строительству флота от Южной Африки;X;X;X;X;X;X
EVTDESC101122;Мы получили бонус от власти над Южной Африки.;X;X;X;X;X;X
EVTOPTA101122;+3% к скорости строительства флота;X;X;X;X;X;X
EVTNAME101123;Бонус к строительству флота от Южной АФрики;X;X;X;X;X;X
EVTDESC101123;Мы потеряли бонус от власти над Южной Африки. Они вышли из нашей сферы;X;X;X;X;X;X
EVTOPTA101123;-3% к скорости строительства флота;X;X;X;X;X;X
EVTNAME999999;Права Британского Генерал-губернатора в Канаде;X;X;X;X;X;X
EVTDESC999999;Воспользовавшись провами губернатора мы можем усилить добычу одного из ресурсов (железа, угля, древесины, нефти, пшеницы или фруктов) на 15% на 5 лет. После истечения этого срока можно будет изменить ресурс по этому же решению.;X;X;X;X;X;X
EVTOPTA9999991;+15% к пр-ву железа;X;X;X;X;X;X
EVTOPTA9999992;+15% к пр-ву угля;X;X;X;X;X;X
EVTOPTA9999993;+15% к пр-ву зерна;X;X;X;X;X;X
EVTOPTA9999994;+15% к пр-ву нефти;X;X;X;X;X;X
EVTOPTA9999995;+15% к пр-ву фруктов;X;X;X;X;X;X
EVTOPTA9999996;+15% к пр-ву древесины;X;X;X;X;X;X
EVTNAME1011251;Бонус к железу;X;X;X;X;X;X
EVTDESC1011251;Британский генерал-губернатор решил сконцентрировать наши производственные возможности на выработке железа. Мы будем производить этот товар на 15% больше в течение 5 лет, после чего Британия решит, что делать дальше.;X;X;X;X;X;X
EVTOPTA1011251;+15% к пр-ву железа в Канаде;X;X;X;X;X;X
EVTNAME1011252;Бонус к угля;X;X;X;X;X;X
EVTDESC1011252;Британский генерал-губернатор решил сконцентрировать наши производственные возможности на выработке угля. Мы будем производить этот товар на 15% больше в течение 5 лет, после чего Британия решит, что делать дальше.;X;X;X;X;X;X
EVTOPTA1011252;+15% к пр-ву угля в Канаде;X;X;X;X;X;X
EVTNAME1011253;Бонус к зерна;X;X;X;X;X;X
EVTDESC1011253;Британский генерал-губернатор решил сконцентрировать наши производственные возможности на выращивании зерна. Мы будем производить этот товар на 15% больше в течение 5 лет, после чего Британия решит, что делать дальше.;X;X;X;X;X;X
EVTOPTA1011253;+15% к пр-ву зерна в Канаде;X;X;X;X;X;X
EVTNAME1011254;Бонус к нефти;X;X;X;X;X;X
EVTDESC1011254;Британский генерал-губернатор решил сконцентрировать наши производственные возможности на выработке нефти. Мы будем производить этот товар на 15% больше в течение 5 лет, после чего Британия решит, что делать дальше.;X;X;X;X;X;X
EVTOPTA1011254;+15% к пр-ву нефти в Канаде;X;X;X;X;X;X
EVTNAME1011255;Бонус к фруктам;X;X;X;X;X;X
EVTDESC1011255;Британский генерал-губернатор решил сконцентрировать наши производственные возможности на выращивании фруктов. Мы будем производить этот товар на 15% больше в течение 5 лет, после чего Британия решит, что делать дальше.;X;X;X;X;X;X
EVTOPTA1011255;+15% к пр-ву фруктов в Канаде;X;X;X;X;X;X
EVTNAME1011256;Бонус к древесины;X;X;X;X;X;X
EVTDESC1011256;Британский генерал-губернатор решил сконцентрировать наши производственные возможности на выработке древесины. Мы будем производить этот товар на 15% больше в течение 5 лет, после чего Британия решит, что делать дальше.;X;X;X;X;X;X
EVTOPTA1011256;+15% к пр-ву древесины в Канаде;X;X;X;X;X;X
EVTNAME11111111;Права Британского Генерал-губернатора в Юаре;X;X;X;X;X;X
EVTDESC11111111;Воспользовавшись провами губернатора мы можем усилить добычу одного из ресурсов (железа, угля, древесины, нефти, пшеницы или фруктов) на 15% на 5 лет. После истечения этого срока можно будет изменить ресурс по этому же решению.;X;X;X;X;X;X
EVTNAME999985;Бонус к железу;X;X;X;X;X;X
EVTDESC999985;Британский генерал-губернатор решил сконцентрировать наши производственные возможности на выработке железа. Мы будем производить этот товар на 15% больше в течение 5 лет, после чего Британия решит, что делать дальше.;X;X;X;X;X;X
EVTOPTA999985;+15% к пр-ву железа;X;X;X;X;X;X
EVTNAME999986;Бонус к угля;X;X;X;X;X;X
EVTDESC999986;Британский генерал-губернатор решил сконцентрировать наши производственные возможности на выработке угля. Мы будем производить этот товар на 15% больше в течение 5 лет, после чего Британия решит, что делать дальше.;X;X;X;X;X;X
EVTOPTA999986;+15% к пр-ву угля;X;X;X;X;X;X
EVTNAME999990;Бонус к зерна;X;X;X;X;X;X
EVTDESC999990;Британский генерал-губернатор решил сконцентрировать наши производственные возможности на выращивании зерна. Мы будем производить этот товар на 15% больше в течение 5 лет, после чего Британия решит, что делать дальше.;X;X;X;X;X;X
EVTOPTA999990;+15% к пр-ву зерна;X;X;X;X;X;X
EVTNAME999989;Бонус к нефти;X;X;X;X;X;X
EVTDESC999989;Британский генерал-губернатор решил сконцентрировать наши производственные возможности на выработке нефти. Мы будем производить этот товар на 15% больше в течение 5 лет, после чего Британия решит, что делать дальше.;X;X;X;X;X;X
EVTOPTA999989;+15% к пр-ву нефти;X;X;X;X;X;X
EVTNAME999987;Бонус к фруктам;X;X;X;X;X;X
EVTDESC999987;Британский генерал-губернатор решил сконцентрировать наши производственные возможности на выращивании фруктов. Мы будем производить этот товар на 15% больше в течение 5 лет, после чего Британия решит, что делать дальше.;X;X;X;X;X;X
EVTOPTA999987;+15% к пр-ву фруктов;X;X;X;X;X;X
EVTNAME999988;Бонус к древесины;X;X;X;X;X;X
EVTDESC999988;Британский генерал-губернатор решил сконцентрировать наши производственные возможности на выработке древесины. Мы будем производить этот товар на 15% больше в течение 5 лет, после чего Британия решит, что делать дальше.;X;X;X;X;X;X
EVTOPTA999988;+15% к пр-ву древесины;X;X;X;X;X;X
EVTNAME101125;Британский опыт в колонизации;X;X;X;X;X;X
EVTDESC101125;Британия передаёт нам свой опыт в колонизации. Теперь мы можем им воспользоваться и установить контроль над ранее дикими территориями;X;X;X;X;X;X
EVTOPTA101125;Спасибо;X;X;X;X;X;X
EVTNAME101126;Издержки агрессивного расширения;X;X;X;X;X;X
EVTDESC101126;Из-за нашего агрессивного расширения местное население саботирует производство в местных провинциях. Это издержки необузданнных амбиций;X;X;X;X;X;X
EVTOPTA101126;Это пройдёт?;X;X;X;X;X;X
EVTNAME101127;Издержки агрессивного расширения;X;X;X;X;X;X
EVTDESC101127;Из-за нашего агрессивного расширения местное население саботирует производство в местных провинциях. Это издержки необузданнных амбиций;X;X;X;X;X;X
EVTOPTA101127;Это пройдёт;X;X;X;X;X;X
EVTNAME101128;Издержки агрессивного расширения;X;X;X;X;X;X
EVTDESC101128;Из-за нашего агрессивного расширения местное население саботирует производство в местных провинциях. Это издержки необузданнных амбиций;X;X;X;X;X;X
EVTOPTA101128;Это пройдёт;X;X;X;X;X;XЫ
EVTNAME101131;Выгода мирного расширения;X;X;X;X;X;X
EVTDESC101131;Мы выбрали мирный путь расширения, и теперь мирное население на захваченых землях лояльно нам, и эффективность производства увеличивается;X;X;X;X;X;X
EVTOPTA101131;Это пройдёт;X;X;X;X;X;X
EVTNAME101130;Выгода мирного расширения;X;X;X;X;X;X
EVTDESC101130;Мы выбрали мирный путь расширения, и теперь мирное население на захваченых землях лояльно нам, и эффективность производства увеличивается;X;X;X;X;X;X
EVTOPTA101130;Это пройдёт;X;X;X;X;X;X
EVTNAME101129;Выгода мирного расширения;X;X;X;X;X;X
EVTDESC101129;Мы выбрали мирный путь расширения, и теперь мирное население на захваченых землях лояльно нам, и эффективность производства увеличивается;X;X;X;X;X;X
EVTOPTA101129;Это пройдёт;X;X;X;X;X;X
EVTNAME101134;Морские традиции Великобритании;X;X;X;X;X;X
EVTDESC101134;Из Семилетней войны Великобритания вышла главной морской державой, и с этого времени наше могущество на море усиливалось. Сейчас мы имеем мощную промышленность, которая позволяет нам строить корабли со значительно большей скоростью, нежели у наших конкурентов;X;X;X;X;X;X
EVTOPTA101134;Это Замечательно;X;X;X;X;X;X
EVTNAME101135;Нация лавочников;X;X;X;X;X;X
EVTDESC101135;Благодаря тому, что Великобритания первой совершила индустриальную революцию, мы сейчас имеем огромный отрыв в производстве товаров с высокой добавленной стоимостью. В будущем они могут нас догнать, но сегодня мы первые!;X;X;X;X;X;X
EVTOPTA101135;Отлично;X;X;X;X;X;X
EVTNAME101136;Новый свет;X;X;X;X;X;X
EVTDESC101136;Канада находится в новом свете и получает свою долю мигрантов, желающих покинуть старый свет, и начать новую свободную жизнь.;X;X;X;X;X;X
EVTOPTA101136;Кто все эти люди?;X;X;X;X;X;X
EVTNAME101137;Кейптаун;X;X;X;X;X;X
EVTDESC101137;Кейптаун - крупный торговый центр, и благодаря этому, мы можем получать больше денег, а наше население живёт значительно лучше.;X;X;X;X;X;X
EVTOPTA101137;И это всё?;X;X;X;X;X;X
EVTNAME101138;Юг - плацдарм!;X;X;X;X;X;X
EVTDESC101138;Мы используем ЮАР в качестве плацдарма для колонизации Африки.;X;X;X;X;X;X
EVTOPTA101138;А можно ещё?;X;X;X;X;X;X
EVTNAME101139;Мы ограничены!;X;X;X;X;X;X
EVTDESC101139;Являясь частью Великобритании, так или иначе, мы ограничены во внешней политике. Для расширения нам понадобится гораздо больше усилий.;X;X;X;X;X;X
EVTDESC101187;Мы получили много бесчестья на глазах мира ради расширения на восток!;X;X;X;X;X;X
EVTOPTA101139;Так тому и быть;X;X;X;X;X;X
EVTNAME101140;Мы ограничены!;X;X;X;X;X;X
EVTDESC101140;Являясь частью Великобритании, так или иначе, мы ограничены во внешней политике. Для расширения нам понадобится гораздо больше усилий.;X;X;X;X;X;X
EVTOPTA101140;Так тому и быть;X;X;X;X;X;X
EVTNAME402003;Раннее британское влияние;X;X;X;X;X;X
EVTDESC402003;Сегодня в Индии используется множество достижений цивилизации, привезённых британцами. Новые методики обучения, селького хозяйства, горнодобычи, ранее недоступные, вознесут нашу страну к величию.;X;X;X;X;X;X
EVTOPTA402003;Слава колонизаторам!;X;X;X;X;X;X
EVTNAME402004;Позднее британское влияние;X;X;X;X;X;X
EVTDESC402004;Сегодня в Индии используется множество достижений цивилизации, привезённых британцами. Колониальная администрация крайне эффективна в выкачивании ресурсов, а способные индийские молодые люди имеют возможность поехать учиться в Лондон. Но благо ли это?;X;X;X;X;X;X
EVTOPTA402004;Слава колонизаторам?;X;X;X;X;X;X
EVTNAME402005;Конец британского влияния;X;X;X;X;X;X
EVTDESC402005;Сегодня в Индии народ празднует освобождение от колониального гнёта. Последний британец покидает страну! К добру ли это - покажет время.;X;X;X;X;X;X
EVTOPTA402005;Независимость!;X;X;X;X;X;X
EVTNAME402006;Новшества в кораблестроении;X;X;X;X;X;X
EVTDESC402006;Мы договорились с канадскими кораблестроителями об обмене опытом. Нашим корабелам есть чему поучиться.;X;X;X;X;X;X
EVTOPTA402006;Неплохо;X;X;X;X;X;X
EVTNAME402007;Замедление строительства кораблей;X;X;X;X;X;X
EVTDESC402007;Канадские кораблестроители покидают страну.;X;X;X;X;X;X
EVTOPTA402007;Жаль.;X;X;X;X;X;X
EVTNAME101141;Лишенцы;X;X;X;X;X;X
EVTDESC101141;Мы выходим из сферы Великобритании и теряем все преимущества. Теперь жизнь в нашей стране найдёт достойное описание в произведениях Конан Доила;X;X;X;X;X;X
EVTOPTA101141;Остаётся только пригласить Турецких советников;X;X;X;X;X;X
EVTNAME101142;Лишенцы;X;X;X;X;X;X
EVTDESC101142;Ми выходим из сферы Великобритании и теряем все преимущества. Теперь жизнь в нашей стране найдёт достойное описание в произведениях Конан Доила;X;X;X;X;X;X
EVTOPTA101142;Остаётся только пригласить Турецких советников;X;X;X;X;X;X
EVTNAME221512251;Инвестиции в регион;X;X;X;X;X;X
EVTDESC221512251;У нас есть лишние деньги, а страна процветает. Мы можем ослабить налоговой гнёт в регионе, чтобы развить его потенциал, либо же мы можем не просто ослабить налоги, а вообще отменить их, и к тому же ещё вложить туда много денег. Таким образом, регион станет более развит, но стоит ли это того? ;X;X;X;X;X;X
EVTOPTA221512251;Вложим деньги - это хорошо его повлияет на развития региона;X;X;X;X;X;X
EVTOPTB221512251;Налоговые льготы региону;X;X;X;X;X;X
EVTOPTC221512251;Нам это не надо;X;X;X;X;X;X
EVTNAME4020066;Монополия красок;X;X;X;X;X;X
EVTDESC4020066;Через Британскую Ост-Индскую компанию Британия получает из Индии огромное количество красок. Британия, можно сказать, контролирует всё производство красок в мире, что даёт им диктовать свои условия на рынке, а заводы просто "вываливают" на рынок дефицитные товары, для которых нужны краски!;X;X;X;X;X;X
EVTOPTA4020066;Мы богаты!;X;X;X;X;X;X
EVTNAME4020077;Хлопок всему голова;X;X;X;X;X;X
EVTDESC4020077;В отличие от своих конкурентов, Франции и США, у Англии не было хлопковых плантанций, ни на материке, ни в колониях. По крайне мере раньше! С этого дня всё поменялось! Мы приняли решения наконец-то использовать Ост-Индийскую компанию для добычи хлопка и перевозки его в Британию. Теперь мы можем конкурировать со своими соперниками, не только в политике, но и на рынке!;X;X;X;X;X;X
EVTOPTA4020077;А есть мы будем тоже хлопок?;X;X;X;X;X;X
EVTNAME4020088;Индийская резина;X;X;X;X;X;X
EVTDESC4020088;Сенсация! В Индии были обнаружены каучуковые деревья. Это оцень ценный в наше время ресурс! Нужно немедленно ехать и рубить этот лес. Нам нужна резина! Я отправляюсь туда прямо сейчас, чтобы самому срубить первое дерево.;X;X;X;X;X;X
EVTOPTA4020088;Но ведь для добычи резины, каучуковые деревья рубить не надо...;X;X;X;X;X;X
EVTNAME101146;Асимиляция Африканцев;X;X;X;X;X;X
EVTDESC101146;Дабы наша страна процветала, нам в первую очередь нужно, чтобы местное населения было благосклонно к нам, а населения Африки больше всего любит англичан. Если они сами Англичани! Это значит, что нам нужно провести ассимиляцию населения, вопрос только в том, в каком регионе начать?;X;X;X;X;X;X
EVTOPTA101146;Капская Колония;X;X;X;X;X;X
EVTOPTB101146;Северный Кап;X;X;X;X;X;X
EVTOPTC101146;Южный Кап;X;X;X;X;X;X
EVTOPTD101146;Свободное государство;X;X;X;X;X;X
EVTOPTE101146;Зулу;X;X;X;X;X;X
EVTOPTF101146;Трансваль;X;X;X;X;X;X
EVTNAME101145;Влияние на Канадское правительство;X;X;X;X;X;X
EVTDESC101145;Мы всё ещё имеем влияние над Канадой и можем влиять как на неё, так и на её выборы, почему бы не воспользоваться эти, чтобы привести к власти лояльную нам партию?;X;X;X;X;X;X
EVTOPTA101145;Консерваторы;X;X;X;X;X;X
EVTOPTB101145;Националисты;X;X;X;X;X;X
EVTOPTC101145;Либералы;X;X;X;X;X;X
EVTNAME101143;Мирное решение;X;X;X;X;X;X
EVTDESC101143;Мы долго трудились и вот наконец-то свершилось, наши дипломаты смогли уговорить Британцев надавить на Африканские племена и псевдо-страны Африки. Теперь они зависимы от нас, хоть и с большой автономией!;X;X;X;X;X;X
EVTOPTA101143;Военные будут недовольны!;X;X;X;X;X;X
EVTNAME101144;Мирное присоединение;X;X;X;X;X;X
EVTDESC101144;Вот и окончился процес присоединения и уменьшения автономии ранее взятых нами Африканских стран. Хоть мы и пытались всё сделать мирно, но без крови не вышло, некоторые люди были против присоединения, и пришлось отправлять армию, чтобы успокоить бунтуюших. Пришлось даже применить оружие, к сожелению погибли люди, но в случае войны погибло бы больше!;X;X;X;X;X;X
EVTOPTA101144;Зато мишени не нужны!;X;X;X;X;X;X
EVTNAME3333333;Выполнен первый шаг в величию;X;X;X;X;X;X
EVTDESC3333333;Первый успехи в возвращении наших исконных территорий, вопреки всему, достигнуты.;X;X;X;X;X;X
EVTOPTA3333333;Вперед к славе!;X;X;X;X;X;X
EVTNAME3333334;Под ударами судьбы;X;X;X;X;X;X
EVTDESC3333334;Под ударами судьбы мы были вынуждены оставить часть своих территорий, что нанесло серьезный удар по империи.;X;X;X;X;X;X
EVTOPTA3333334;Это ещё не конец!;X;X;X;X;X;X
EVTNAME3333335;Словно феникс из пепла!;X;X;X;X;X;X
EVTDESC3333335;Вопреки желанию жестокой судьбы, Испания выстояла и смогла восстановить старую империю.;X;X;X;X;X;X
EVTOPTA3333335;Восстановить имерию!;X;X;X;X;X;X
EVTNAME3333336;Под ударами судьбы;X;X;X;X;X;X
EVTDESC3333336;Под ударами судьбы мы были вынуждены оставить часть своих территорий, что нанесло сурьезный удар по империи.;X;X;X;X;X;X
EVTOPTA3333336;Это ещё не конец!;X;X;X;X;X;X
EVTNAME3333337;Обновление бонусов;X;X;X;X;X;X
EVTDESC3333337;По непонятным причинам бонусы испарились, но ничего вот вам подгон от Министра Крысари... Кырсариуса;X;X;X;X;X;X
EVTOPTA3333337;Cюда лут;X;X;X;X;X;X
EVTNAME1011015;Результат Раскопок!;X;X;X;X;X;X
EVTDESC1011015;Раскопки прошли без постороннего вмешательства!;X;X;X;X;X;X
EVTOPTA1011015;Завершить Раскопку!;X;X;X;X;X;X
EVTOPTB1011015;Отмена;X;X;X;X;X;X
EVTOPTC1011015;Вложить больше средств!;X;X;X;X;X;X
EVTNAME1011016;Раскопка железа!;X;X;X;X;X;X
EVTDESC1011016;Начать раскопку в заранее помеченных местах! Однако наши соседи будут оповещены и могут попробовать помешать!;X;X;X;X;X;X
EVTOPTA1011016;Начать Копать;X;X;X;X;X;X
EVTOPTB1011016;Как нибудь в другой раз ;X;X;X;X;X;X
EVTNAME1011017;Раскопки в $FROMCOUNTRY$ ;X;X;X;X;X;X
EVTDESC1011017;Наши шпионы сообщают что $FROMCOUNTRY$ занялась раскопками железа!У нас есть шанс подкупить людей на месте и помешать процессу.;X;X;X;X;X;X
EVTOPTA1011017;Помешать раскопкам державы $FROMCOUNTRY$;X;X;X;X;X;X
EVTOPTB1011017;Не влезать в это дело ;X;X;X;X;X;X
EVTNAME1011018;Результат Раскопок;X;X;X;X;X;X
EVTDESC1011018;Мы обнаружили вмешательство извне, которое может повлиять на успех раскопок!;X;X;X;X;X;X
EVTOPTA1011018;Так и быть!Свиноты!;X;X;X;X;X;X
EVTOPTB1011018;Отменить эту попытку;X;X;X;X;X;X
EVTOPTC1011018;Вложить больше средств!;X;X;X;X;X;X
EVTNAME1011201;Основать Нефтяную Компанию;X;X;X;X;X;X
EVTDESC1011201;А почему бы собственно и нет!;X;X;X;X;X;X
EVTOPTA1011201;Вперед за демократией!;X;X;X;X;X;X
EVTNAME1011202;Улучшение добычи нефти;X;X;X;X;X;X
EVTDESC1011202;Перегнав "ненужных" людей, мы добились поразительных успехов в добыче;X;X;X;X;X;X
EVTOPTA1011202;Так точно!;X;X;X;X;X;X
EVTNAME1011203;Рабочие места на месторождениях;X;X;X;X;X;X
EVTDESC1011203;После перегона людей освободилось много рабочих мест;X;X;X;X;X;X
EVTOPTA1011203;Черное тоже золото!;X;X;X;X;X;X
EVTNAME1011204;Ассимиляция месторождений;X;X;X;X;X;X
EVTDESC1011204;Теперь все рабочие правильные;X;X;X;X;X;X
EVTOPTA1011204;Так и должно быть;X;X;X;X;X;X
EVTNAME1011205;Новые методы обработки;X;X;X;X;X;X
EVTDESC1011205;После успешного и долгосрочного сотрудничества мы поняли, что все работает на топливе, а не нефти!;X;X;X;X;X;X
EVTOPTA1011205;Больше топлива!;X;X;X;X;X;X
EVTNAME1011206;Закрытие Нефтяной Компании;X;X;X;X;X;X
EVTDESC1011206;Не судьба сегодня. Нужно обратно в сферу!;X;X;X;X;X;X
EVTOPTA1011206;Закрыть все активвы;X;X;X;X;X;X
EVTNAME1011207;Ассимиляция завершена.;X;X;X;X;X;X
EVTDESC1011207;Процесс завершился с минимальными потерями;X;X;X;X;X;X
EVTOPTA1011207;Все свои!;X;X;X;X;X;X
EVTNAME1011208;Предложение Империи Моголов;X;X;X;X;X;X
EVTDESC1011208;Поступило предложение об ультиматуме Турции за Басру и Кувейт;X;X;X;X;X;X
EVTOPTA1011208;Принять предложение;X;X;X;X;X;X
EVTOPTB1011208;Отказаться;X;X;X;X;X;X
EVTNAME1011209;Ультиматум!;X;X;X;X;X;X
EVTDESC1011209;Сегодня в 4 часа утра без обьявления войны(пока что), нам предьявили ультиматум об "освобождении" Басры и Кувейта;X;X;X;X;X;X
EVTOPTA1011209;Принять;X;X;X;X;X;X
EVTOPTB1011209;Ну нафиг!;X;X;X;X;X;X
EVTNAME37225011;Бунт Алжирских Племен ;X;X;X;X;X;X
EVTDESC37225011;После нашей оккупации Алжира, местные племена решили что момент настал! Либо они добьются признания, либо умрут с честью! ;X;X;X;X;X;X
EVTOPTA37225011;Реорганизовать управление и срубить пару голов! ;X;X;X;X;X;X
EVTOPTB37225011;Признать их права и нанять на службу ;X;X;X;X;X;X
EVTNAME3722501;Выбор маршрута ЖД ;X;X;X;X;X;X
EVTDESC3722501;При рассмотрении вариантов маршрута выделились два очевидных: Через Тлемсенские равнины или через Константинские горы. Первый более выгодный, а второй оставляет место для ошибок! ;X;X;X;X;X;X
EVTOPTA3722501;Только выгода, только Тлемсен! ;X;X;X;X;X;X
EVTOPTB3722501;Может и ошибемся.Мы ж не экстрасенсы!?;X;X;X;X;X;X
EVTNAME3722502;Золото пустыни;X;X;X;X;X;X
EVTDESC3722502;Копая по маршруту нашей ЖД , мы наткнулись на золото в пустыне! У нас появилась возможность забросить проект дороги и развернуть старательные действия на весь регион!;X;X;X;X;X;X
EVTOPTA3722502;Золото!;X;X;X;X;X;X
EVTOPTB3722502;Продолжить строить дорогу!;X;X;X;X;X;X
EVTNAME3722503;Золото пустыни;X;X;X;X;X;X
EVTDESC3722503;Копая по маршруту нашей ЖД, мы наткнулись на золото в пустыне! У нас появилась возможность забросить проект дороги и развернуть старательные действия на весь регион! ;X;X;X;X;X;X
EVTOPTA3722503;Золото! ;X;X;X;X;X;X
EVTOPTB3722503;Продолжить строить дорогу! ;X;X;X;X;X;X
EVTNAME3722504;Утеря контроля над Алжир-Дакарской ЖД;X;X;X;X;X;X
EVTDESC3722504;Нет ЖД - нет плюх;X;X;X;X;X;X
EVTOPTA3722504;Мы еще вернемся!;X;X;X;X;X;X
EVTNAME3722505;Контроль над ЖД восстановлен!;X;X;X;X;X;X
EVTDESC3722505;Наша дорога. Наша пустыня. Наш ми...рный курс!;X;X;X;X;X;X
EVTOPTA3722505;Верните плюхи;X;X;X;X;X;X
EVTNAME101147;Прощай новое достояние;X;X;X;X;X;X
EVTDESC101147;Надеемся на другое выгодное сотрудничество!;X;X;X;X;X;X
EVTOPTA101147;Верните плюхи;X;X;X;X;X;X
EVTNAME315091;Вена жемчужина страны?;X;X;X;X;X;X
EVTDESC315091;Вена была символом австрийского превосходства столетиями, но сейчас у нас многонациональная империя, и Богемия нравится людям больше.;X;X;X;X;X;X
EVTOPTA315091;Австрия навсегда!;X;X;X;X;X;X
EVTOPTB315091;Вложиться в Богемию;X;X;X;X;X;X
EVTNAME10112061;"Сложный Выбор?";X;X;X;X;X;X
EVTDESC10112061;Доходы от нефтянной компании позволили нам отложить немножко денег. И пора бы их вложить в одну из двух отраслей промышленности.Но вот в какую?;X;X;X;X;X;X
EVTOPTA10112061;Тяжелую;X;X;X;X;X;X
EVTOPTB10112061;Легкую;X;X;X;X;X;X
EVTNAME315092;Пятилетний план;X;X;X;X;X;X
EVTDESC315092;В подготовке к плану у нас появились три опции;X;X;X;X;X;X
EVTOPTA315092;Попытаться уменьшить эммиграцию;X;X;X;X;X;X
EVTOPTB315092;Субсидировать австрийских ученых;X;X;X;X;X;X
EVTOPTC315092;Улучшить систему образования;X;X;X;X;X;X
EVTNAME1011210;Совместная оккупация Швейцарии;X;X;X;X;X;X
EVTDESC1011210;Раз уж мы занялись этим, можно попробовать убедить наших Швейцарцев в том, что в другой половине еще хуже.;X;X;X;X;X;X
EVTOPTA1011210;Лучше с нами чем с никем;X;X;X;X;X;X
EVTNAME1100991;Обнаружено железо в Китае;X;X;X;X;X;X
EVTDESC1100991;Мы оказались одними из самых удачливых "протекторов" Китая. Главное, чтобы не слишком удачливыми.;X;X;X;X;X;X
EVTOPTA1100991;Копайте тихо...;X;X;X;X;X;X
EVTNAME1011211;Швейцарцы теряют доверие;X;X;X;X;X;X
EVTDESC1011211;Видимо, они считают, что их с нами ничего хорошего не связывает.;X;X;X;X;X;X
EVTOPTA1011211;Я буду скучать по сыру!;X;X;X;X;X;X
EVTNAME1011212;Модернизация Венецианского Арсенала;X;X;X;X;X;X
EVTDESC1011212;Венецианский арсенал когда-то строил галеры. Пора его модернизировать!;X;X;X;X;X;X
EVTOPTA1011212;Посмотрим завалялись ли там Линкоры!;X;X;X;X;X;X
EVTNAME999121;Шахта Кровавое Золото;X;X;X;X;X;X
EVTDESC999121;Железу можно, а нам нет?;X;X;X;X;X;X
EVTOPTA999121;Загнать туда людей;X;X;X;X;X;X
EVTNAME10112121;Улучшение Систем Снабжения;X;X;X;X;X;X
EVTDESC10112121;Министерство транспорта решило проложить новые маршруты через безопасные для нас горы. Противник сунется туда с меньшей вероятностью , а также развитие жд послужит стимулом нашей промышленности.;X;X;X;X;X;X
EVTOPTA10112121;Много же взрывать придется;X;X;X;X;X;X
EVTOPTB10112121;Нам не нужны подачки;X;X;X;X;X;X
EVTNAME9991211;Мексиканский Вопрос;X;X;X;X;X;X
EVTDESC9991211;Мексика просит у нас поддержки против США. Можем помочь, а можем и нет;X;X;X;X;X;X
EVTOPTA9991211;Максимальная безкорыстнось;X;X;X;X;X;X
EVTOPTB9991211;Послать денег;X;X;X;X;X;X
EVTOPTC9991211;Это наша земля;X;X;X;X;X;X
EVTNAME315093;Взгляд в Будущее;X;X;X;X;X;X
EVTDESC315093;Перед нами возникли три варианта "развития" страны. Министры не могут прийти к согласию - какой же выбрать. Нужна твердая рука.;X;X;X;X;X;X
EVTOPTA315093;На восток;X;X;X;X;X;X
EVTOPTB315093;На юг;X;X;X;X;X;X
EVTOPTC315093;На запад;X;X;X;X;X;X
EVTOPTB44801;Поддержать республиканцев;X;X;X;X;X;X
EVTNAME99912112;Построить Босфор;X;X;X;X;X;X
EVTDESC99912112;А ведь когда-то вы могли строить его когда хотите, но из за жадных турков правительством принято решение лишить вас этой возможности;X;X;X;X;X;X
EVTOPTA99912112;Так и быть;X;X;X;X;X;X
EVTNAME99912113;Построить Отранто;X;X;X;X;X;X
EVTDESC99912113;Теперь это наша точка!;X;X;X;X;X;X
EVTOPTA99912113;Ну бывает;X;X;X;X;X;X
EVTNAME1011019;Плата за помощь;X;X;X;X;X;X
EVTNAME99912114;Присоединение Литвы;X;X;X;X;X;X
EVTDESC99912114;Литва когда-то была частью Ливонского Ордена и имеет немецкие корни покруче этих грязных поляков.;X;X;X;X;X;X
EVTOPTA99912114;Добро пожаловать братья Литовцы;X;X;X;X;X;X
EVTNAME99912113b;Эстонский вопрос;X;X;X;X;X;X
EVTDESC99912113b;Эстонцы всегда были ближе к скандинавам, чем к кому либо. Пора им вернуться домой.;X;X;X;X;X;X
EVTOPTA99912113b;Добро Пожаловать;X;X;X;X;X;X
EVTNAME402020;Желанный кусок;X;X;X;X;X;X
EVTDESC402020;Скандинавия находится на пересечении 3 великих империй, и мы должны научиться получать выгоду с соседних держав. Мы намерены заключить взаимовыгодные связи между нашими странами, однако придётся выбрать только одного покровителя из числа наших соседей. Однако нужно понимать, что несмотря на плюсы, мы будем сильно зависить от своих соседей.;X;X;X;X;X;X
EVTOPTA402020;Выгодное сотрудничество;X;X;X;X;X;X
EVTNAME402021;Неудачная сделка;X;X;X;X;X;X
EVTDESC402021;Несмотря ни на что, наше сотрудничество с прошлым государством развалилось. Мы стали более независимыми, однако, наверняка, найдётся кто-нибудь другой, кто захочет получить лакомый кусок с наших договоров.;X;X;X;X;X;X
EVTOPTA402021;Чёрт;X;X;X;X;X;X
Exchange_EvtDesc;Выберите 1 из вариантов ниже;X;X;X;X;X;X
Exchange_EvtOptEnable;Включить уведомления от бомжей;X;X;X;X;X;X
Exchange_EvtOptDisable;Вырубить нервотрепные уведомления;X;X;X;X;X;X
Exchange_EvtOptRequest;Запросить баблишки;X;X;X;X;X;X
EVTNAME1011068;Отранто!;X;X;X;X;X;X
EVTDESC1011068;Мы захватили пролив!;X;X;X;X;X;X
EVTOPTA1011068;УРРРАА!!!;X;X;X;X;X;X
EVTNAME10110669_otranto;Мы потеряли пролив Отранто;X;X;X;X;X;X
EVTDESC10110669_otranto;Мы потеряли пролив, но ничего, вскоре мы вернем его! Ведь так?;X;X;X;X;X;X
EVTOPTA10110669;Как жаль...;X;X;X;X;X;X
EVTNAME37711;Покупка островов Карибского бассейна;X;X;X;X;X;X
EVTDESC37711;Пришло время выбрать у кого же мы их купим?;X;X;X;X;X;X
EVTOPTA37721;Купить островки Великобритании(1лям);X;X;X;X;X;X
EVTOPTA37722;Купить островки Скандинавии(100к);X;X;X;X;X;X
EVTOPTA37723;Купить островок Испании(100к);X;X;X;X;X;X
EVTOPTA37724;Купить островки Нидерландов(200к);X;X;X;X;X;X
EVTOPTA37725;Купить островки Франции(200к);X;X;X;X;X;X
EVTOPTA37726;Отмена сделок;X;X;X;X;X;X
EVTNAME37712;Сделка с латиносами;X;X;X;X;X;X
EVTDESC37712;Латинские американцы хотят выкупить у нас островки в Карибском басейне. Нам лишь осталось сделать выбор;X;X;X;X;X;X
EVTOPTA37712;Да, с радостью продадим!;X;X;X;X;X;X
EVTOPTA37727;Нет, это же дополнительные порты! Ни в коем случае это слишком унизительно для нас;X;X;X;X;X;X
EVTOPTA37728;Нам отказали в продаже;X;X;X;X;X;X
EVTNAME37713;Отказ;X;X;X;X;X;X
EVTDESC37713;Отомстим этим европейцам за неуважение к нашим интересам;X;X;X;X;X;X
EVTNAME1011070;Юкатан!;X;X;X;X;X;X
EVTDESC1011070;Мы захватили пролив!;X;X;X;X;X;X
EVTOPTA1011070;УРРРАА!!!;X;X;X;X;X;X
EVTNAME1011071;Мы потеряли Юкатанский пролив;X;X;X;X;X;X
EVTDESC1011071;Мы потеряли пролив, но ничего вскоре мы вернем его! Ведь так?;X;X;X;X;X;X
EVTOPTA1011071;Как жаль...;X;X;X;X;X;X
EVTNAME1011072;Флорида!;X;X;X;X;X;X
EVTDESC1011072;Мы захватили пролив!;X;X;X;X;X;X
EVTOPTA1011072;УРРРАА!!!;X;X;X;X;X;X
EVTNAME1011073;Мы потеряли Флоридский пролив;X;X;X;X;X;X
EVTDESC1011073;Мы потеряли пролив, но ничего вскоре мы вернем его! Ведь так?;X;X;X;X;X;X
EVTOPTA1011073;Как жаль...;X;X;X;X;X;X
EVTNAME1011074;Постройка Флоридского пролива;X;X;X;X;X;X
EVTDESC1011074;Теперь мы сможем контролировать этих латиносов!;X;X;X;X;X;X
EVTOPTA1011074;Ещё 1 канал в копилку нашей империи;X;X;X;X;X;X
EVTOPTA1011075;Постройка Флоридского пролива;X;X;X;X;X;X
EVTNAME1011075;Постройка Юкатанского пролива;X;X;X;X;X;X
EVTOPTA101148;А минусы будут?;X;X;X;X;X;X
EVTNAME101148;Повышение привлекательности нашей сферы;X;X;X;X;X;X
EVTDESC101148;Благодаря престижу нашей страны в нашу канадскую сферу активнее пытаются мигрировать;X;X;X;X;X;X
EVTOPTA101149;Досадно, на самом деле;X;X;X;X;X;X
EVTNAME101149;Падение привлекательности нашей сферы;X;X;X;X;X;X
EVTDESC101149;Наш ранг упал. Соответственно люди меньше намерены мигрировать в нашу канадскую сферу;X;X;X;X;X;X
EVTOPTA101150;Ничего, мы выйдем в Великие державы и сами всё залутаем!;X;X;X;X;X;X
EVTNAME101150;Потеря привлекательности;X;X;X;X;X;X
EVTDESC101150;Мы вышли из сферы влияния Великих держав из-за чего привлекательность нашей страны для мигрантов уменьшилась;X;X;X;X;X;X
EVTNAME35701;Потеря влияния в Греции;X;X;X;X;X;X
EVTDESC35701;Мы потеряли земли Эллады, колыбели Античности;X;X;X;X;X;X
EVTOPTA35701;Вскоре мы вернем их в родную гавань! ;X;X;X;X;X;X
CapSupply_Depot_EvtName;Снабжение в столице;X;X;X;X;X;X
CapSupply_Depot_EvtDesc;Вы можете держать в столице $CAPITAL$ сколько угодно войск, и они не будут страдать от истощения.;X;X;X;X;X;X
CapSupply_Depot_EvtOptA;Отлично.;X;X;X;X;X;X
EVTNAME1011076;Потеря бонусов;X;X;X;X;X;X
EVTDESC1011076;Мы потеряли земли из-за чего народ в дизморальке и бонусы пропали;X;X;X;X;X;X
EVTOPTA1011076;Блииииин, как жаль;X;X;X;X;X;X
Stop_Force_Reform_EvtName;Конец реформ;X;X;X;X;X;X
Stop_Force_Reform_EvtOptA;Слава Британкой Империи!;X;X;X;X;X;X
Stop_Force_Reform_EvtDesc;Надеюсь за 3 месяца ты - бездарь смог хоть 1у взять;X;X;X;X;X;X
EVTNAME44303;Великое достояние;X;X;X;X;X;X
EVTDESC44303;За счет укрепления наших границ мигранты чаще намерены ехать в нашу страну. Ура! Ура! Ура!;X;X;X;X;X;X
EVTOPTA44303;Посмотрим что с этого выйдет;X;X;X;X;X;X
EVTNAME37720;Новая-Австралия;X;X;X;X;X;X
EVTDESC37720;Канада требует у нас передачи Австралии для её освоения. Как нам быть? ;X;X;X;X;X;X
EVTOPTA37720;Конечно же, мы согласимся, ведь управлять такой обширной империей слишком сложно. Пусть теперь канадский губернатор сам справляется с этими проблемными землями;X;X;X;X;X;X
EVTOPTA909059;Ивент Китая;X;X;X;X;X;X
EVTNAME422036;Бонус от торговой точки в Кракове;X;X;X;X;X;X
EVTNAME422037;Бонус от торговой точки в Приморье;X;X;X;X;X;X
EVTNAME422040;Бонус от торговой точки в Манчжурии;X;X;X;X;X;X
EVTNAME422033;Бонус от торговой точки в Прибалтике;X;X;X;X;X;X
EVTNAME422032;Бонус от торговой точки в Тунисе;X;X;X;X;X;X
EVTNAME411001;Бонус от торговой точки в Финляндии;X;X;X;X;X;X
EVTDESC411001;Что ж, проложим новый шелковый путь;X;X;X;X;X;X
EVTOPTA411001;Так тому и быть;X;X;X;X;X;X
EVTNAME10110700;Потеря торгового центра в Кракове;X;X;X;X;X;X
EVTNAME422034;Потеря торговой точки в Прибалтике;X;X;X;X;X;X
EVTNAME422034_primor;Потеря торговой точки в Приморье;X;X;X;X;X;X
EVTNAME422039;Бонус от торговой точки в Манчжурии;X;X;X;X;X;X
EVTNAME422035;Потеря торговой точки в Тунисе;X;X;X;X;X;X
EVTNAME411002;Потеря торговой точки в Финляндии;X;X;X;X;X;X
EVTDESC411002;Мы потеряли наш шелковый путь;X;X;X;X;X;X
EVTOPTA411002;Досадно и обидно же а...;X;X;X;X;X;X
Grant_Requested_EvtOptArms200;Отправить 200 винтовок;X;X;X;X;X;X
Grant_Requested_EvtOptArms500;Отправить 500 винтовок;X;X;X;X;X;X
Grant_Requested_EvtOptArms1000;Отправить 1000 винтовок;X;X;X;X;X;X
Grant_Requested_EvtOptArms2000;Отправить 2000 винтовок;X;X;X;X;X;X
Grant_Requested_EvtOptAmmo200;Отправить 200 амуниции;X;X;X;X;X;X
Grant_Requested_EvtOptAmmo500;Отправить 500 амуниции;X;X;X;X;X;X
Grant_Requested_EvtOptAmmo1000;Отправить 1000 амуниции;X;X;X;X;X;X
Grant_Requested_EvtOptAmmo2000;Отправить 2000 амуниции;X;X;X;X;X;X
Grant_Requested_EvtOptArt200;Отправить 200 артиллерии;X;X;X;X;X;X
Grant_Requested_EvtOptArt500;Отправить 500 артиллерии;X;X;X;X;X;X
Grant_Requested_EvtOptArt2000;Отправить 2000 артиллерии;X;X;X;X;X;X
Arty_came_EvtDesc;Страна $FROMCOUNTRY$ откликнулась и отослала нам артиллерию.;X;X;X;X;X;X
Arms_came_EvtDesc;Страна $FROMCOUNTRY$ откликнулась и отослала нам винтовки.;X;X;X;X;X;X
Ammo_came_EvtDesc;Страна $FROMCOUNTRY$ откликнулась и отослала нам амуницию.;X;X;X;X;X;X
50K_came_EvtDesc;Страна $FROMCOUNTRY$ откликнулась и прислала нам 50.000 фунтов.;X;X;X;X;X;X
100K_came_EvtDesc;Страна $FROMCOUNTRY$ откликнулась и прислала нам 100.000 фунтов.;X;X;X;X;X;X
250K_came_EvtDesc;Страна $FROMCOUNTRY$ откликнулась и прислала нам 250.000 фунтов.;X;X;X;X;X;X
500K_came_EvtDesc;Страна $FROMCOUNTRY$ откликнулась и прислала нам 500.000 фунтов.;X;X;X;X;X;X
1M_came_EvtDesc;Страна $FROMCOUNTRY$ откликнулась и прислала нам 1.000.000 фунтов.;X;X;X;X;X;X
2M_came_EvtDesc;Страна $FROMCOUNTRY$ откликнулась и прислала нам 2.000.000 фунтов.;X;X;X;X;X;X
Grant_Requested_EvtOpt50;Отправить им 50.000;X;X;X;X;X;X
Grant_Requested_EvtOpt100;Отправить им 100.000;X;X;X;X;X;X
Grant_Requested_EvtOpt250;Отправить им 250.000;X;X;X;X;X;X
Grant_Requested_EvtOpt500;Отправить им 500.000;X;X;X;X;X;X
Grant_Requested_EvtOpt1M;Отправить им 1.000.000;X;X;X;X;X;X
Grant_Requested_EvtOpt2M;Отправить им 2.000.000;X;X;X;X;X;X
aid_came_EvtName;Помощь $FROMCOUNTRY$;X;X;X;X;X;X
money_came_EvtOptA;Спасибо!;X;X;X;X;X;X
Insufficient_Stuff_EvtName;Помощь: Провал;X;X;X;X;X;X
Insufficient_Stuff_EvtDesc;Назначенная экономическая помощь не была отправлена по причине того, что у нас недостаточно денег/товаров на складе.;X;X;X;X;X;X
Insufficient_Stuff_EvtOptA;Может, оно и к лучшему?;X;X;X;X;X;X
Something_Requested_EvtOptDecline;Ничем не можем помочь.;X;X;X;X;X;X
Something_Requested_EvtName;Иностранный запрос;X;X;X;X;X;X
Grant_Requested_EvtDesc;Страна §Y$FROMCOUNTRY$§! запрашивает экономическую помощь. Отправим ли мы им деньги?;X;X;X;X;X;X
Arms_Requested_EvtDesc;Страна §Y$FROMCOUNTRY$§! запрашивает винтовки. Отправим ли мы им ленд-лиз?;X;X;X;X;X;X
Ammo_Requested_EvtDesc;Страна §Y$FROMCOUNTRY$§! запрашивает амуницию. Отправим ли мы им ленд-лиз?;X;X;X;X;X;X
Exchange_EvtOptEnable2;§G+++§! Включить уведомления;X;X;X;X;X;X
Exchange_EvtOptRequest2;Запрос денег;X;X;X;X;X;X
Exchange_EvtOptRequestArty;Запрос артиллерии;X;X;X;X;X;X
Exchange_EvtOptRequestArms;Запрос винтовок;X;X;X;X;X;X
Exchange_EvtOptRequestAmmo;Запрос амуниции;X;X;X;X;X;X
Exchange_EvtOptDisable2;§R---§! Выключить уведомления;X;X;X;X;X;X
Exchange_EvtName;Передача;X;X;X;X;X;X
Exchange_EvtDesc2;Настройте уведомления о запросах денег или ленд-лиза. Помните, что для того, чтобы предоставлять ленд-лиз, необходимо выкрутить закупки и закупить необходимые припасы.;X;X;X;X;X;X
EVTNAME46303;Выбор региона;X;X;X;X;X;X
EVTDESC46303;Необходимо выбрать наш самый привлекательный регион;X;X;X;X;X;X
EVTOPTA46303;Уругвайчик;X;X;X;X;X;X
EVTOPTA46304;Чилийчик;X;X;X;X;X;X
EVTOPTA46305;Тукуманчик;X;X;X;X;X;X
EVTOPTA46306;Амазончик;X;X;X;X;X;X
EVTOPTA46307;Ла-пласик;X;X;X;X;X;X
EVTOPTA46308;Мараньяочик;X;X;X;X;X;X
EVTOPTA46309;Лиманчик;X;X;X;X;X;X
EVTNAME3722506;Потеря Индокитая;X;X;X;X;X;X
EVTDESC3722506;Мы потеряли наше влияние в Индокитае теперь бонусы от него исчезнут;X;X;X;X;X;X
EVTOPTA3722506;Не беда мы отстроим новый флот и наймем новейшие бригады дабы отвоевать обратно наши исконные земли. VIVA LA FRANCE!!!;X;X;X;X;X;X
EVTNAME32514;Запоздание индустриализации;X;X;X;X;X;X
EVTDESC32514;Екатерина Великая несомненно сделала многое для России. Но она и заложила мину замедленного действия, ведь довела крепостничество почти до рабства. Следующие императоры так и не разобрались с этим вопросом, потому Россия одна из последних входит в промышленную эпоху;X;X;X;X;X;X
EVTOPTA32514;Съ нами Богъ!;X;X;X;X;X;X
EVTNAME32515;Жандарм Европы;X;X;X;X;X;X
EVTDESC32515;Россия - сильнейшая сухопутная держава Европы, поэтому наши враги нас боятся и уважают;X;X;X;X;X;X
EVTOPTA32515;Съ нами Богъ!;X;X;X;X;X;X
EVTNAME32516;Тотальная безграмотность;X;X;X;X;X;X
EVTDESC32516;К сожалению, Россия - страна холопов, а не академиков. Придется постараться, чтобы это исправить.;X;X;X;X;X;X
EVTOPTA32516;Съ нами Богъ!;X;X;X;X;X;X
EVTDESC32517;Наша финансовая система обрушилась после того, как крестьяне не смогли выплатить кредиты по выкупу из крепостных. Нужно срочно что-то предпринять для этого.;X;X;X;X;X;X
EVTOPTA32517;Съ нами Богъ!;X;X;X;X;X;X
EVTNAME32517;Финансовый кризис;X;X;X;X;X;X
EVTDESC1020000;Колонизируем новые земли!;X;X;X;X;X;X 
EVTNAME1020000;Колонизация;X;X;X;X;X;X 
EVTOPTA1020000;Урааа ещё больше провинций в копилку нашей великой страны;X;X;X;X;X;X 
EVTNAME666666;Выбор развития;X;X;X;X;X;X  
EVTDESC666666;Нам необходимо решить вектор нашего развития или в себя или в ширь;X;X;X;X;X;X  
EVTOPTA6666661;Вернем же наших соотечественников!;X;X;X;X;X;X  
EVTOPTA6666662;Вложимся в образование раньше остальных!;X;X;X;X;X;X 
EVTNAME12222333;Возвращение к истокам;X;X;X;X;X;X
EVTDESC12222333;Греческие элиты готовы устроить заговор против султана и перестроить страну, нам нужно выбрать сторону (В КОНЦЕ ЯНВАРЯ И В НАЧАЛЕ ФЕВРАЛЯ НЕ БУДЬ ВО ВКЛАДКЕ НАСЕЛЕНИЕ ЕСЛИ ВЫБИРАЕШЬ ЗАГОВОРЩИКОВ ИНАЧЕ КРАШНЕТ ИГРА!);X;X;X;X;X;X
EVTOPTA12222333;Казнить заговорщиков (Путь Турции);X;X;X;X;X;X
EVTOPTB12222333;Примкнуть к заговорщикам (Путь Византии);X;X;X;X;X;X
EVTNAME122223331;Дань суверенитета;X;X;X;X;X;X
EVTDESC122223331;Наша страна переживает сложный период, часть народов провозгласила о своей независимости.;X;X;X;X;X;X
EVTOPTA122223331;Надолго ли?;X;X;X;X;X;X
EVTNAME122223332;Светлое будущие;X;X;X;X;X;X
EVTDESC122223332;Реформа управление дает свои плоды, долой турецкую бюрократию!;X;X;X;X;X;X
EVTOPTA122223332;Эффективно!;X;X;X;X;X;X
EVTNAME888889;Визатнийский вопрос;X;X;X;X;X;X
EVTDESC888889;К нам явился византийский посол, он хочет зключить "выгодную сделку", мы можем согласится с его предложением, выйти на компромис, или обмануть.;X;X;X;X;X;X
EVTOPTA888889;Выгодно всегда!;X;X;X;X;X;X
EVTOPTB888889;Если подумать то...(Бонус Византии на комерцию и флот 5%);X;X;X;X;X;X
EVTOPTC888889;У нас есть отличные лодки из пихты. Вы сможете отлично их продать!(обмануть и забрать 1 лям, Византия получить обратно 500к);X;X;X;X;X;X
EVTNAME122223334;Болгарская независимость;X;X;X;X;X;X
EVTDESC122223334;Дело обрело скверный характер. Болгары собрали независимое правительство заграницей и при поддержки национальной гвардии взяли власть, их поддерживают ассоциация балканский стран, как они себя называют. Если мы решим подавть болгар, наши "друзья" пойдут против нас, и тогда нам придется вести долги и утомительные балкаснкие войны, из плюсов не только нам, любой кто придет так же познает свободу балканских народов. Либо же мы можем отказатся от военного пути решение и добится большего свободомыслия страны (85% плюрализма) и тогда мы сможем добится возвращение Болгарии мирным путем.;X;X;X;X;X;X
EVTOPTA122223334;Огнём и мечём;X;X;X;X;X;X
EVTOPTB122223334;Мы решим эту проблему не как завоеватели;X;X;X;X;X;X
EVTNAME122223336;Балканская война;X;X;X;X;X;X
EVTDESC122223336;Кажется началось, ассоциация собирает народное ополчение и выходит на тропу войны;X;X;X;X;X;X
EVTOPTA122223336;Таков путь;X;X;X;X;X;X
EVTNAME122223337;Балканская независимость;X;X;X;X;X;X
EVTDESC122223337;Кажется началось, ассоциация собирает народное ополчение и выходит на тропу войны, снова...;X;X;X;X;X;X
EVTOPTA122223337;Когда же они уймутся;X;X;X;X;X;X
EVTNAME122223338;Албанская независимость;X;X;X;X;X;X
EVTDESC122223338;Ассоциация подготовила восстание в Албании;X;X;X;X;X;X
EVTNAME122223339;Сербская независимость;X;X;X;X;X;X
EVTDESC122223339;Ассоциация подготовила восстание в Сербии;X;X;X;X;X;X
EVTNAME1222233310;Боснийская независимость;X;X;X;X;X;X
EVTDESC1222233310;Ассоциация подготовила восстание в Боснии-Герцеговине;X;X;X;X;X;X
EVTNAME1222233311;Кипрская независимость;X;X;X;X;X;X
EVTDESC1222233311;Ассоциация подготовила восстание на Кипре;X;X;X;X;X;X
EVTNAME1222233312;Греческая независимость;X;X;X;X;X;X
EVTDESC1222233312;Ассоциация подготовила восстание в Греции;X;X;X;X;X;X
EVTNAME1222233313;Валахская независимость;X;X;X;X;X;X
EVTDESC1222233313;Ассоциация подготовила восстание в Валахии;X;X;X;X;X;X
EVTNAME1222233314;Молдавская независимость;X;X;X;X;X;X
EVTDESC1222233314;Ассоциация подготовила восстание в Молдавии;X;X;X;X;X;X
EVTNAME1222233315;Болгарская независимость;X;X;X;X;X;X
EVTDESC1222233315;Ассоциация подготовила восстание в Болгарии;X;X;X;X;X;X
EVTNAME1222233316;Критская независимость;X;X;X;X;X;X
EVTDESC1222233316;Ассоциация подготовила восстание в Крите;X;X;X;X;X;X
EVTNAME1222233317;Воеводина и сербский вопрос;X;X;X;X;X;X
EVTDESC1222233317;Турция утратила свой суверинитет, а мы в этот момент смогли добится от сербского правительства и ассоциации отказа претензий на воеводину.;X;X;X;X;X;X
EVTOPTA1222233317;Они будут терпеть, пока мы не полезем на балканы. Их отношение нас не волнует.;X;X;X;X;X;X
EVTNAME1222233318;В родную гавань!;X;X;X;X;X;X
EVTDESC1222233318;Мы сумели доказать себе и миру о том, что мы не те что были раньше и теперь наш ждёт новое и светлое будущие.;X;X;X;X;X;X
EVTOPTA1222233318;Выбор всегда за человеком, все остальное отговорки.;X;X;X;X;X;X
EVTNAME1222233319;Нарушение условий;X;X;X;X;X;X
EVTDESC1222233319;Внезапно мы решили завоевать Болгарию, ассоциация ответит на это зеркально.;X;X;X;X;X;X
EVTNAME1222233320;Албанские марионетки;X;X;X;X;X;X
EVTDESC1222233320;Временное правительство под полным нашем контролем;X;X;X;X;X;X
EVTOPTA1222233320;Хорошая новость!;X;X;X;X;X;X
EVTNAME1222233321;Балканский вопрос;X;X;X;X;X;X
EVTDESC1222233321;После того как мы решили проблему с Болгарией, вопрос с остальным балканским регионом никуда не делся. У нас есть 3 варианта. Первый обеспечит поддержку нашего правительства ассоциаций и они начнут восстания в национальных государствах Балкан, но не у нас, активней всего нас поддержат румынский народ, угнетаймый австрийским правительством. Второй вариант позволит провести масштабную военную реформу и вывести нас на новый уровень, мы сможем улучить пополнение наши войск на 25%, к тому же получим сильный патриотический ответ от нации. Либо же мы можем сосредоточится на внутренем развитии третьим вариантом. К тому же, мирное урегулирование позволило нам получить значительное экономическое прцвитания, такое как "Византийское экономическое чудо".;X;X;X;X;X;X
EVTOPTA1222233321;Ассоциаиция и румынский народ наш путь!;X;X;X;X;X;X
EVTOPTB1222233321;Военные реформы как раз нужны.;X;X;X;X;X;X
EVTOPTC1222233321;Сохраним мирное развитие.;X;X;X;X;X;X
EVTNAME888890;Черногорский вопрос;X;X;X;X;X;X
EVTDESC888890;Ассоциация все это время была в Черногории и от них мы узнали несколько интересных вещей. Мы можем поддержать только часть диаспоры стран балкан, 1 вариант даст нам албанцев и ховратов, 2 вариант даст хорватов и сербов, 3 вариант это пересилить диаспоры в Константинополь, но на это потребуется часть бюджета, но возможно оно того стоит.;X;X;X;X;X;X
EVTOPTA888890;Албанцы и Хорваты;X;X;X;X;X;X
EVTOPTB888890;Сербы и Хорваты;X;X;X;X;X;X
EVTOPTC888890;Новый дом для наших друзей;X;X;X;X;X;X
EVTNAME888892;Византийское чудо!;X;X;X;X;X;X
EVTDESC888892;Мирное решение дает свои плоды!;X;X;X;X;X;X
EVTOPTA888892;Будем счастливыми.;X;X;X;X;X;X
EVTNAME888891;Ассоциация скрылась;X;X;X;X;X;X
EVTDESC888891;Им удалось бежать он нас, до того как наши войска заняли провинцию, теперь их не найти.;X;X;X;X;X;X
EVTOPTA888891;Казните тех кого удалось поймать, как урок остальным;X;X;X;X;X;X
EVTOPTB888891;Подкупите тех кого удалось поймать, может это умерит их пыл.;X;X;X;X;X;X
EVTNAME999121115;Снятие дебафов;X;X;X;X;X;X 
EVTDESC999121115;Теперь мы можем мобилизировать всех резервистов без штрафов;X;X;X;X;X;X 
EVTOPT99912115;Вот и славно;X;X;X;X;X;X  
EVTNAME99912137;Niech zyje Polska;X;X;X;X;X;X 
EVTDESC99912137;Независимая Польша щедро раскрывает нам свои ценные знания и уроки истории, помогая нашей стране находить новые силы, преодолевать военную усталость и увереннее смотреть в будущее.;X;X;X;X;X;X 
EVTOPTA99912137;Воспользуемся этим щедрым даром;X;X;X;X;X;X
EVTNAME99912138;Napisz, ze Polska umarla;X;X;X;X;X;X 
EVTDESC99912138;С потерей Польши потерялись и драгоценные знания...;X;X;X;X;X;X 
EVTOPTA99912138;И без них справимся!;X;X;X;X;X;X 
EVTNAME99999998;Служебное событие;X;X;X;X;X;X
EVTDESC99999998;Техническое событие для ссылок на модификаторы.;X;X;X;X;X;X
Arty_Requested_EvtDesc;Страна §Y$FROMCOUNTRY$§! запрашивает артиллерию. Отправим ли мы им ленд-лиз?;X;X;X;X;X;X
EVTNAME60939;Строительство Суэцкого канала;X;X;X;X;X;X
EVTDESC60939;Совместный проект по строительству Суэцкого канала готов к завершению.;X;X;X;X;X;X
EVTOPTA60939;Строить канал;X;X;X;X;X;X
EVTOPTA60940;Завершить строительство;X;X;X;X;X;X
EVTNAME60930;Совместное строительство Суэцкого канала;X;X;X;X;X;X
EVTDESC60930;Предложение о совместном строительстве Суэцкого канала и вложении ресурсов.;X;X;X;X;X;X
EVTNAME60936;Суэцкий канал завершён;X;X;X;X;X;X
EVTDESC60936;Строительство Суэцкого канала успешно завершено!;X;X;X;X;X;X
EVTOPTA60936;Отлично!;X;X;X;X;X;X
EVTNAME60912;Строительство Суэцкого канала;X;X;X;X;X;X
EVTDESC60912;Настало время построить канал, соединяющий Средиземное море с Красным.;X;X;X;X;X;X
EVTOPTA60912;Начать строительство;X;X;X;X;X;X
EVTNAME60938;Отказ от Суэцкого канала;X;X;X;X;X;X
EVTDESC60938;Мы решили не строить Суэцкий канал.;X;X;X;X;X;X
EVTOPTA60938;Понятно;X;X;X;X;X;X
EVTOPTE60905;Принять условия;X;X;X;X;X;X
EVTNAME71900;Голод в Индии;X;X;X;X;X;X
EVTDESC71900;В наших землях разразился тяжёлый голод. Население страдает от неурожаев и нехватки продовольствия.;X;X;X;X;X;X
EVTOPTA71900;Понятно;X;X;X;X;X;X
EVTOPTA99999998;OK;X;X;X;X;X;X
EVTNAME900100;Рассвет Японской Азии;X;X;X;X;X;X
EVTDESC900100;Под мудрым руководством Императора Филиппинские острова были приведены к порядку и процветанию. Настало время окончательно закрепить их место в составе новой азиатской державы, объединённой силой, честью и судьбой.;X;X;X;X;X;X
EVTOPTA900100;Во славу Империи!;X;X;X;X;X;X
EVTNAMEId67671;Судьба Бирмы;X;X;X;X;X;X
EVTDESCId67671;После установления контроля над Бирмой королевский двор Сиама оказался расколот. Одни министры предлагают создать унию с бирманскими землями, сохранив местные элиты и даровав бирманцам признанный статус в обмен на их верность Бангкоку. Другие же требуют полного подчинения региона и постепенной ассимиляции населения в рамках единого сиамского государства. Судьба Бирмы определит будущее всего Индокитая.;X;X;X;X;X;X
EVTOPTAId67671;Захватим всё! Никаких бирманцев!;X;X;X;X;X;X
EVTOPTBId67671;Вперёд, к единому Индокитайскому союзу народов!;X;X;X;X;X;X
EVTNAMEId676721;Запрос от Сиама;X;X;X;X;X;X
EVTDESCId676721;Сиам предлагает привлечь британский капитал, инженеров и торговые компании для ускоренного экономического развития региона. В обмен Лондон получит расширение экономического влияния в Малайе и укрепление торговых позиций в районе Малаккского пролива.;X;X;X;X;X;X
EVTOPTAId676721;Согласится;X;X;X;X;X;X
EVTOPTBId676721;Отказаться;X;X;X;X;X;X
EVTNAMEId67674;Британия отказала!;X;X;X;X;X;X
EVTDESCId67674;Британцы пидорасы отказали;X;X;X;X;X;X
EVTNAMEId67673;Успех!;X;X;X;X;X;X
EVTDESCId67673;Британия согласилась помочь с развитием региона, это успех нашей дипломатии!;X;X;X;X;X;X
EVTNAMEId67676;Сиам запросил помощь;X;X;X;X;X;X
EVTDESCId67676;Королевство Сиам направляет официальное предложение Франции о сотрудничестве в Индокитае. В обмен на поддержку и дипломатическое признание французские интересы в регионе будут гарантированы, а экономическое влияние Франции получит новые возможности для расширения.;X;X;X;X;X;X
EVTOPTAId67676;Принять;X;X;X;X;X;X
EVTOPTBId67676;Отказ!;X;X;X;X;X;X
EVTNAMEId676761;Франция;X;X;X;X;X;X
EVTDESCId676761;Франция отправила нам военную помощь! Гоооол!;X;X;X;X;X;X
EVTNAMEId676762;Пендосы;X;X;X;X;X;X
EVTDESCId676762;Французы отказали нам в помощи... Нужно найти время чтобы послать предложение другим странам;X;X;X;X;X;X
EVTOPTAId676762;пидорасы;X;X;X;X;X;X
EVTNAMEId67677;Сиам просит помощь;X;X;X;X;X;X
EVTDESCId67677;Сиам обращается к Японской империи с предложением о стратегическом союзе в Азии. В обмен на военную и технологическую поддержку Токио получит ключевого партнёра на материке, контроль над торговыми путями Индокитая и возможность совместного противостояния западным державам.;X;X;X;X;X;X
EVTNAMEId676771;Япония;X;X;X;X;X;X
EVTDESCId676771;Япония согласилась, и решила отправить нам помощь!;X;X;X;X;X;X
EVTOPTAId676771;Гооооооооол;X;X;X;X;X;X
EVTNAMEId676772;Япония;X;X;X;X;X;X
EVTDESCId676772;Япония отказала нам(;X;X;X;X;X;X
EVTOPTAId676772;Уебища;X;X;X;X;X;X
EVTNAMEId67678;Сиам просит помощь;X;X;X;X;X;X
EVTDESCId67678;Правительство Сиама обращается к Соединённым Штатам с предложением о стратегическом сотрудничестве в Юго-Восточной Азии. В обмен на политическую и экономическую поддержку Вашингтон получит надёжного союзника в регионе, доступ к торговым маршрутам Индокитая и усиление влияния в Тихоокеанском регионе.;X;X;X;X;X;X
EVTOPTAId67678;Поможем же им!;X;X;X;X;X;X
EVTOPTBId67678;Пошли они нахуй;X;X;X;X;X;X
EVTNAMEId676781;США;X;X;X;X;X;X
EVTDESCId676781;Американцы обработали нашу заявку и теперь решительно готовы помогать нам! Отправим им слона.;X;X;X;X;X;X
EVTOPTAId676781;Гооол;X;X;X;X;X;X
EVTDESCId676782;Пендосы сука отказали! Пошли они нахуй!;X;X;X;X;X;X
EVTOPTAId676782;Не отправим им слона.;X;X;X;X;X;X
EVTNAMEId67675;Нужно запросить помощь;X;X;X;X;X;X
EVTDESCId67675;Наше государство сейчас переживает период расцвета, и чтобы набрать еще больше мощи за этот период, запросим помощи у сильных стран этого мира. Кого же мы выберем в качестве донора?;X;X;X;X;X;X
EVTOPTAId67675;Нам поможет Франция, с ее помощью мы подчиним весь Индокитай;X;X;X;X;X;X
EVTOPTBId67675;Нам поможет Япония, с ее помощью мы сможем эффективнее распоряжаться нашими ресурсами;X;X;X;X;X;X
EVTOPTCId67675;Американцы - единственные друзья! Они помогут нам сделать сильную экономику.;X;X;X;X;X;X
EVTNAME100101;Расширение наших владений;X;X;X;X;X;X
EVTDESC100101;Наши властители стремительно занимаются экспансией в нашем регионе, сможем ли мы успеть за темпом развития?;X;X;X;X;X;X
EVTOPTA100101;Расширить наши земли!;X;X;X;X;X;X
EVTOPTB100101;Мы пока не готовы.;X;X;X;X;X;X
EVTNAME100300;Пришло время самоопределиться в этом мире;X;X;X;X;X;X
EVTDESC100300;Кто же станет инвестором в молодое персидское государство?;X;X;X;X;X;X
EVTOPTA100300;Великая Российская империя станет владеть Персией.;X;X;X;X;X;X
EVTOPTB100300;Немецкое качество и бурный экономический рост - наш выбор.;X;X;X;X;X;X
EVTOPTC100300;Займемся развитием ислама вместе с нашими турецкими братьями.;X;X;X;X;X;X
EVTOPTD100300;Мы независимы, славься Империя Великих Моголов!;X;X;X;X;X;X
EVTNAME140401;Блокада!;X;X;X;X;X;X
EVTDESC140401;Наши враги заблокировали наши порты, экономика начинает постепенно умирать;X;X;X;X;X;X
EVTOPTA140401;Это печально.;X;X;X;X;X;X
EVTNAME140406;Второй уровень блокады!;X;X;X;X;X;X
EVTDESC140406;Наши враги заблокировали наши порты, экономика начинает постепенно умирать;X;X;X;X;X;X
EVTOPTA140406;Это печально.;X;X;X;X;X;X
EVTNAME140407;Третий уровень блокады!;X;X;X;X;X;X
EVTDESC140407;Наши враги заблокировали наши порты, экономика начинает постепенно умирать;X;X;X;X;X;X
EVTOPTA140407;Это печально.;X;X;X;X;X;X
EVTNAME140402;Блокада снята!;X;X;X;X;X;X
EVTDESC140402;Мы больше не подвергнуты ужасам блокады;X;X;X;X;X;X
EVTOPTA140402;Пора вдохнуть полной грудью;X;X;X;X;X;X
EVTNAME900111;Имперская судьба Тайваня;X;X;X;X;X;X
EVTDESC900111;Победы наших войск сокрушили китайское сопротивление, а длительная оккупация окончательно доказала неспособность Пекина удерживать этот остров. Тайвань станет бастионом японской мощи и символом новой эпохи господства Империи на морях Востока.;X;X;X;X;X;X
EVTOPTA900111;Закрепить победу;X;X;X;X;X;X
EVTNAME900112;Японский Тихоокеанский Форпост;X;X;X;X;X;X
EVTDESC900112;Длительное присутствие Императорского флота на Гавайских островах позволило установить прочный порядок и обеспечить безопасность этого стратегического архипелага. Владение Гавайями открывает Японии путь к господству над центральной частью Тихого океана и укрепляет наше влияние далеко за пределами Восточной Азии.;X;X;X;X;X;X
EVTOPTA900112;Гавайи войдут в состав Империи;X;X;X;X;X;X
EVTNAME18903;Цена Имперских амбиций;X;X;X;X;X;X
EVTDESC18903;Годы непрерывной милитаризации истощили производственные мощности страны. Бесконечные военные заказы, расширение флота и гонка вооружений привели экономику к опасной черте. Если не принять меры, последствия для Империи могут оказаться крайне тяжёлыми.;X;X;X;X;X;X
EVTOPTA18903;Мы пожинаем плоды собственной экспансии;X;X;X;X;X;X
EVTOPTAId67673;Принять;X;X;X;X;X;X
EVTOPTAId67674;Принять;X;X;X;X;X;X
EVTOPTAId676761;Согласиться;X;X;X;X;X;X
EVTNAMEId676782;Ответ Сиама;X;X;X;X;X;X
EVTOPTA70002;OK;X;X;X;X;X;X
EVTNAME100301;Российская сфера влияния в Персии;X;X;X;X;X;X
EVTDESC100301;Персия просит нас взять страну под российское покровительство. Согласиться?;X;X;X;X;X;X
EVTOPTA100301;Согласиться — Персия станет Russian Persia.;X;X;X;X;X;X
EVTOPTB100301;Отказать и вернуть выбор пути Персии.;X;X;X;X;X;X
EVTNAME100302;Немецкая сфера влияния в Персии;X;X;X;X;X;X
EVTDESC100302;Персия предлагает нам германское покровительство. Принять?;X;X;X;X;X;X
EVTOPTA100302;Согласиться — Персия станет German Persia.;X;X;X;X;X;X
EVTOPTB100302;Отказать и вернуть выбор пути Персии.;X;X;X;X;X;X
EVTNAME100303;Турецкая сфера влияния в Персии;X;X;X;X;X;X
EVTDESC100303;Персия просит османское покровительство. Согласиться?;X;X;X;X;X;X
EVTOPTA100303;Согласиться — Персия станет Turkish Persia.;X;X;X;X;X;X
EVTOPTB100303;Отказать и вернуть выбор пути Персии.;X;X;X;X;X;X
EVTNAME99502;Нехватка флотских припасов;X;X;X;X;X;X
EVTDESC99502;На национальном складе более месяца не хватает боеприпасов, артиллерии или взрывчатки (менее 500 ед. каждого). Срочно пополните запасы, иначе флот потеряет боеспособность!;X;X;X;X;X;X
EVTOPTA99502;Понятно;X;X;X;X;X;X
EVTNAME99503;Недофинансированный флот;X;X;X;X;X;X
EVTDESC99503;Дефицит флотских припасов длится уже более четырёх месяцев. Флот получает серьёзные штрафы к организации, ремонту и боевой эффективности. Пополните склад, чтобы снять ограничения.;X;X;X;X;X;X
EVTOPTA99503;Это катастрофа;X;X;X;X;X;X
EVTNAME55555;Смена реформы;X;X;X;X;X;X
EVTDESC55555;Мы можем выбрать как реформировать наше государство;X;X;X;X;X;X
EVTOPTA55555;Реформы флота;X;X;X;X;X;X
EVTOPTB55555;Колониальные политики;X;X;X;X;X;X
EVTOPTC55555;Смена армии;X;X;X;X;X;X
EVTOPTD55555;Политика гражданства;X;X;X;X;X;X
EVTOPTE55555;Отмена;X;X;X;X;X;X
EVTNAME55556;Смена реформы флота;X;X;X;X;X;X
EVTDESC55556;Мы можем выбрать как реформировать наш флот;X;X;X;X;X;X
EVTOPTA55556;Консервация флота;X;X;X;X;X;X
EVTOPTB55556;Ускоренное строительство флота;X;X;X;X;X;X
EVTOPTC55556;Постоянный флот;X;X;X;X;X;X
EVTOPTD55556;Вернуться назад;X;X;X;X;X;X
EVTNAME55557;Смена колониальной политики;X;X;X;X;X;X
EVTDESC55557;Мы можем выбрать как реформировать нашу политику в отношении колоний;X;X;X;X;X;X
EVTOPTA55557;Отсутствие колоний;X;X;X;X;X;X
EVTOPTB55557;Освоение внутренних земель;X;X;X;X;X;X
EVTOPTC55557;Заморская колонизация;X;X;X;X;X;X
EVTOPTD55557;Вернуться назад;X;X;X;X;X;X
EVTDESC555562;Текущая доктрина: Постоянный боевой флот. Выберите новую:;X;X;X;X;X;X
EVTDESC555563;Текущая доктрина: Ускоренное строительство флота. Выберите новую:;X;X;X;X;X;X
EVTDESC555564;Текущая доктрина: Консервация флота. Выберите новую:;X;X;X;X;X;X
EVTDESC555572;Текущая политика: Заморская колонизация. Выберите новую:;X;X;X;X;X;X
EVTDESC555573;Текущая политика: Освоение внутренних земель. Выберите новую:;X;X;X;X;X;X
EVTDESC555574;Текущая политика: Отсутствие колоний. Выберите новую:;X;X;X;X;X;X
EVTNAME55558;Оснащение и подготовка;X;X;X;X;X;X
EVTDESC555587;Текущий подход: унификация. Выберите новый.;X;X;X;X;X;X
EVTDESC555588;Текущий подход: упор на качество. Выберите новый.;X;X;X;X;X;X
EVTDESC555589;Текущий подход: ускоренное обучение. Выберите новый.;X;X;X;X;X;X
EVTDESC555590;Текущий подход: упор на мобилизацию. Выберите новый.;X;X;X;X;X;X
EVTDESC555591;Текущая политика: Малая и качественная армия. Доступные варианты:;X;X;X;X;X;X
EVTDESC555592;Текущая политика особой доктрины. Доступные варианты:;X;X;X;X;X;X
EVTOPTA55558;Унификация;X;X;X;X;X;X
EVTOPTB55558;Упор на качество;X;X;X;X;X;X
EVTOPTC55558;Ускоренное обучение;X;X;X;X;X;X
EVTOPTD55558;Упор на мобилизацию;X;X;X;X;X;X
EVTOPTE55558;Малая и качественная армия;X;X;X;X;X;X
EVTOPTF55558;Назад;X;X;X;X;X;X
EVTNAME55559;Смена политики гражданства;X;X;X;X;X;X
EVTDESC555593;Текущая политика: Только принятые культуры. Доступные варианты:;X;X;X;X;X;X
EVTDESC555594;Текущая политика: Ускоренная ассимиляция. Доступные варианты:;X;X;X;X;X;X
EVTDESC555595;Текущая политика: Мультикультурализм. Доступные варианты:;X;X;X;X;X;X
EVTOPTA55559;Только принятые культуры;X;X;X;X;X;X
EVTOPTB55559;Ускоренная ассимиляция;X;X;X;X;X;X
EVTOPTC55559;Мультикультурализм;X;X;X;X;X;X
EVTOPTD55559;Назад к меню;X;X;X;X;X;X
EVTNAME910001;Административный учёт;X;X;X;X;X;X
EVTDESC910001;Обновлены данные по городам и урбанизации в штатах.;X;X;X;X;X;X
EVTOPTA910001;Хорошо;X;X;X;X;X;X
EVTOPTA23302;Nemo me impune lacessit!;X;X;X;X;X;X
EVTNAME104000;Выбор локации императорской резиденции;X;X;X;X;X;X
EVTDESC104000;После объединения Японии возникла необходимость в выборе нашей столицы и переноса в нее резиденцию нашего императора.;X;X;X;X;X;X
EVTOPTB104000;Киото - древнее обиталище династии Ямато;X;X;X;X;X;X
EVTOPTA104000;Эдо - идеальное место для основания главного азиатского мегалополиса;X;X;X;X;X;X
EVTNAME106000;Отсчёт по Рюкю начался;X;X;X;X;X;X
EVTDESC106000;Китай и Япония вступили в борьбу за Рюкю. Отсчёт начался с середины. Если полоса прогресса достигнет максимума - Рюкю будет аннексировано Японией, если опустеет - перейдёт под контроль Китая.;X;X;X;X;X;X
EVTOPTA106000;Отлично;X;X;X;X;X;X
EVTNAME555599;Военная политика;X;X;X;X;X;X
EVTDESC555599;Что меняем: комплектование армии или подход к оснащению и подготовке.;X;X;X;X;X;X
EVTOPTA555599;Оснащение и подготовка;X;X;X;X;X;X
EVTOPTB555599;Политика набора;X;X;X;X;X;X
EVTOPTC555599;Назад;X;X;X;X;X;X
EVTNAME55560;Политика набора;X;X;X;X;X;X
EVTDESC555600;Сейчас: только добровольцы. Выберите новую политику набора.;X;X;X;X;X;X
EVTDESC555601;Сейчас: контрактная армия. Выберите новую политику набора.;X;X;X;X;X;X
EVTDESC555602;Сейчас: обязательная служба. Выберите новую политику набора.;X;X;X;X;X;X
EVTDESC555603;Сейчас: массовый призыв. Выберите новую политику набора.;X;X;X;X;X;X
EVTDESC555604;Сейчас: все под ружье. Выберите новую политику набора.;X;X;X;X;X;X
EVTOPTA55560;Только добровольцы;X;X;X;X;X;X
EVTOPTB55560;Контрактная армия;X;X;X;X;X;X
EVTOPTC55560;Обязательная служба;X;X;X;X;X;X
EVTOPTD55560;Массовый призыв;X;X;X;X;X;X
EVTOPTE55560;Все под ружье;X;X;X;X;X;X
EVTOPTF55560;Назад;X;X;X;X;X;X
EVTNAME200201;Миссия Ивакуры: американский опыт.;X;X;X;X;X;X
EVTDESC200201;Японская делегация прибыла в Соединённые Штаты, стремясь постичь секреты стремительного возвышения Запада. Среди множества вопросов, которыми озадачены японские советники, особое место занимает устройство государства. Они просят нас поделиться американским опытом и помочь определить направление будущих политических реформ Японии.;X;X;X;X;X;X
EVTOPTA200201;Пусть Япония станет свободнее.;X;X;X;X;X;X
EVTOPTB200201;Пусть реформы идут постепенно.;X;X;X;X;X;X
EVTNAME200202;Миссия Ивакуры: британский опыт.;X;X;X;X;X;X
EVTDESC200202;Японцы обратились к Великобритании за помощью в создании современной транспортной сети. Наши инженеры и промышленники могут поделиться опытом строительства железных дорог, связавших города и порты Британской империи. Вопрос лишь в том, насколько решительно следует Японии взяться за строительство.;X;X;X;X;X;X
EVTOPTA200202;Показать им силу железных дорог.;X;X;X;X;X;X
EVTOPTB200202;Посоветовать начать осторожно.;X;X;X;X;X;X
EVTNAME200203;Миссия Ивакуры: немецкая школа.;X;X;X;X;X;X
EVTDESC200203;Германия внимательно наблюдает за преобразованиями на Дальнем Востоке. Японские посланники проявили особый интерес к нашим научным учреждениям и государственному аппарату. У нас есть чему их научить — вопрос лишь в том, какие знания они сочтут наиболее ценными для будущего своей страны.;X;X;X;X;X;X
EVTOPTA200203;Открыть им двери науки.;X;X;X;X;X;X
EVTOPTB200203;Пусть не сильно спешат.;X;X;X;X;X;X
EVTNAME106200;Переговоры о Сахалине и Курилах;X;X;X;X;X;X
EVTDESC106200;Вопрос о принадлежности Сахалина и Курильских островов давно стоит остро. Япония и Россия могут договориться о разделе этих земель. Какой вариант предложить?;X;X;X;X;X;X
EVTOPTA106200;Забрать всё себе (Сахалин и Курилы — Японии);X;X;X;X;X;X
EVTOPTB106200;Сахалин (1086, 1087) — России, Курилы (1088, 1089) — Японии;X;X;X;X;X;X
EVTOPTC106200;Разделить пополам: Японии 1087 и 1089, России 1086 и 1088;X;X;X;X;X;X
EVTOPTD106200;Передать всё России;X;X;X;X;X;X
EVTNAME106201;Предложение Японии по Сахалину и Курилам;X;X;X;X;X;X
EVTDESC106201;Япония предложила раздел Сахалина и Курильских островов. Принять условия или отказать?;X;X;X;X;X;X
EVTOPTA106201;Принять предложение;X;X;X;X;X;X
EVTOPTB106201;Отказать и потребовать пересмотра;X;X;X;X;X;X
EVTNAME106202;Россия отвергла предложение по Сахалину;X;X;X;X;X;X
EVTDESC106202;Россия отказалась принять условия раздела Сахалина и Курилов. Как поступить?;X;X;X;X;X;X
EVTOPTA106202;Настаивать на своём — Сахалин и Курилы станут национальными для России;X;X;X;X;X;X
EVTOPTB106202;Продолжать переговоры (повторить через 30 дней);X;X;X;X;X;X
Selector_EvtName;Селектор провинции;X;X;X;X;X;X
Selector_EvtDesc;Склад снабжения стоит 500 000 и ставится только в этой провинции. Старый склад в других провинциях этой страны снимается. Без 500 000 в казне сложить склад нельзя: игра уйдёт в минус, если списать вслепую.;X;X;X;X;X;X
Selector_EvtOptCancel;Отмена;X;X;X;X;X;X
Selector_EvtOptSupplyDepot;Снабженческий склад (500 000);X;X;X;X;X;X
Selector_EvtOptRemAllSelectors;Убрать все селекторы;X;X;X;X;X;X
ZZZ_LOC_PAD_events;x;X;X;X;X;X
