#CODE;ENGLISH;FRENCH;GERMAN;POLISH;SPANISH;ITALIAN;SWEDISH;CZECH;HUNGARIAN;DUTCH;PORTUGESE;RUSSIAN;FINNISH;x
Захват;Нами было мобилизовано менее §Y$VAL$§W% потенциальных новобранцев.\n;X;X;X;X;X;X
the_bonnie_blue_flag;Заветный синий флаг;X;X;X;X;X;X
trinket_wage;Минимальная зарплата;X;X;X;X;X;X
motala_verkstad;Мутальский машиностроительный завод;X;X;X;X;X;X
desc_motala_verkstad;Основанный Бальцаром фон Платеном в 1822 году, во время строительства Гёта-канала, Мутальский завод и сейчас является одним из самых известных предприятий Швеции.;X;X;X;X;X;X
international_negotiations;Международное давление;X;X;X;X;X;X
desc_international_negotiations;Мы оказываем давление на иностранное государство по конкретному вопросу.;X;X;X;X;X;X
miskatonic_campus;Мискатоникский университет;X;X;X;X;X;X
desc_miskatonic_campus;Где наука встречается с мифами;X;X;X;X;X;X
the_walhalla;Вальхалла;X;X;X;X;X;X
desc_the_walhalla;Созданный по задумке Людвига I зал славы «Вальхалла» является памятником выдающимся личностям германской истории, от Арминия до Коперника.;X;X;X;X;X;X
unification_humiliate_cb_setup;Потребовать от другой великой державы признать ваше лидерство в данной культурной группе.;X;X;X;X;X;X
the_congo_reform_association;Общество по проведению реформ в Конго;X;X;X;X;X;X
prussian_general_staff;Прусский генеральный штаб;X;X;X;X;X;X
desc_prussian_general_staff;Прусский генштаб - один из передовых и эффективных в Европе, но рано или поздно другие страны догонят Пруссию.;X;X;X;X;X;X
ruhr_boom;Немецкий экономический бум;X;X;X;X;X;X
european_gendarme;Жандарм Европы;X;X;X;X;X;X
education_problem;Тотальная безграмотность;X;X;X;X;X;X
financial_crisis;Девальвация рубля;X;X;X;X;X;X
lacking_industialization;Отстающая промышленность;X;X;X;X;X;X
desc_ruhr_boom;Города и сёла по всей Германии превращаются из сонных средневековых посёлков в современные промышленные центры, и всё это благодаря положительному примеру Рурской области.;X;X;X;X;X;X
the_eiffel_tower;Эйфелева Башня;X;X;X;X;X;X
desc_eiffel_tower;Весь мир изумлён при виде этого великого детища инженерной мысли!;X;X;X;X;X;X
witwatersrand_gold_rush;Витватерсрандская золотая лихорадка;X;X;X;X;X;X
desc_witwatersrand_gold_rush;Золотая лихорадка в Витватерсранде сделала нас международно известными.;X;X;X;X;X;X
disarming;Принуждение к разоружению!;X;X;X;X;X;X
po_gunboat;Возместить долги;X;X;X;X;X;X
gunboat;Возместить долги;X;X;X;X;X;X
gunboat_setup;Вынудить их соблюдать долговые обязательства;X;X;X;X;X;X
gunboat_short;Возместить долги;X;X;X;X;X;X
badboy;Бесчестье;X;X;X;X;X;X
fascist_uh;Фашисты поддерживают проведение социальных реформ, при этом стараясь провести откат в политических. Однако они будут противиться любым изменениям, если правящая партия не будет придерживаться фашистской идеологии.;X;X;X;X;X;X
reactionary_uh;Реакционеры всегда стараются провести откат как политических, так и социальных реформ.;X;X;X;X;X;X
conservative_uh;Консерваторы предпочитают сохранять статус-кво, но при высокой агрессивности населения они могут и поддержать реформы.;X;X;X;X;X;X
socialist_uh;Социалисты требуют дальнейших социальных реформ, но могут поддержать и политические при условии высокой агрессивности населения.;X;X;X;X;X;X
communist_uh;Коммунисты желают проводить социальные реформы, но при этом мечтают об откате в политических.;X;X;X;X;X;X
liberal_uh;Либералы стремятся дальше продвигать политические реформы, но могут поддержать и социальные при условии высокой агрессивности населения.;X;X;X;X;X;X
anarcho_liberal_uh;Либерало-анархисты требуют отката социальных реформ, и никогда не поддерживают дальнейшие реформы любого вида.;X;X;X;X;X;X
digin;Окапывание;X;X;X;X;X;X
terrain;Местность;X;X;X;X;X;X
crossing;Водное препятствие;X;X;X;X;X;X
total_occupation;Оккупированные родные провинции;X;X;X;X;X;X
total_blockaded;Блокированные родные порты;X;X;X;X;X;X
great_power;Великая держава;X;X;X;X;X;X
second_power;Колониальная держава;X;X;X;X;X;X
civ_nation;Цивилизованное гос-во;X;X;X;X;X;X
unciv_nation;Нецивилизованное гос-во;X;X;X;X;X;X
plurality;Плюрализм;X;X;X;X;X;X
tutorial_chapter_introduction;Конец вводного курса;X;X;X;X;X;X
tutorial_end_of_chapter;Конец главы курса;X;X;X;X;X;X
tutorial_chapter_budget_victoria;Конец среднего учебного сценария по бюджету;X;X;X;X;X;X
american_cultures;Американцы;X;X;X;X;X;X
fort;Крепость;X;X;X;X;X;X
fort_short;Крепость;X;X;X;X;X;X
make_slave;Создать рабовладельческую область;X;X;X;X;X;X
make_free;Создать свободную область;X;X;X;X;X;X
bad_debter;Безнадежный должник;X;X;X;X;X;X
hms_government;Королевское правление;X;X;X;X;X;X
global_liberal_agitation;Либеральная агитация;X;X;X;X;X;X
desc_global_liberal_agitation;Подстрекатели проповедуют идеи либерализма и революции.;X;X;X;X;X;X
chief_of_army;Главнокомандующий армией;X;X;X;X;X;X
chief_of_navy;Главнокомандующий флотом;X;X;X;X;X;X
chief_of_staff;Генеральный штаб;X;X;X;X;X;X
average_literacy;Грамотность;X;X;X;X;X;X
gas;Газовая атака;X;X;X;X;X;X
rude_boy;Сдерживание агрессора;X;X;X;X;X;X
rude_boy_setup;Остановить расширение державы $RECIPIENT$, сократив ее территорию, престиж или военную мощь.;X;X;X;X;X;X
rude_boy_short;Остановка державы $RECIPIENT$;X;X;X;X;X;X
egyptian_excavations;Раскопки в Египте;X;X;X;X;X;X
red_shirts_name;Краснорубашечники Гарибальди;X;X;X;X;X;X
red_shirts_army;Тысяча краснорубашечников;X;X;X;X;X;X
demand_concession_casus_belli;Требование уступок;X;X;X;X;X;X
demand_concession_casus_belli_setup;Потребовать у державы $RECIPIENT$ передачи территории для создания колониальной области.;X;X;X;X;X;X
demand_concession_casus_belli_short;Захват региона $STATE$;X;X;X;X;X;X
establish_protectorate_casus_belli;Установление протектората;X;X;X;X;X;X
establish_protectorate_casus_belli_setup;Захват державы $RECIPIENT$, создание на его территории протектората.;X;X;X;X;X;X
establish_protectorate_casus_belli_short;Захват державы $RECIPIENT$;X;X;X;X;X;X
unification_casus_belli;Объединение;X;X;X;X;X;X
unification_casus_belli_setup;Освободить национальную территорию нашей §Yкультурной унии§W.;X;X;X;X;X;X
unification_casus_belli_short;Освобождение региона $STATE$;X;X;X;X;X;X
motor_city_work_1;Большая Тройка!;X;X;X;X;X;X
motor_city_work_2;Арсенал Демократии!;X;X;X;X;X;X
release_puppet;Освобождение вассала;X;X;X;X;X;X
release_puppet_short;Освобождение державы $THIRD$;X;X;X;X;X;X
release_puppet_setup;Освободить державу $THIRD$ от власти державы $RECIPIENT$.;X;X;X;X;X;X
unification_annex_casus_belli;Объединение;X;X;X;X;X;X
unification_annex_casus_belli_setup;Освободить национальную территорию нашей §Yкультурной унии§W.;X;X;X;X;X;X
unification_annex_casus_belli_short;Захват державы;X;X;X;X;X;X
enlightenment_thought;Права человека;X;X;X;X;X;X
springtime_of_nations;Весна народов!;X;X;X;X;X;X
unification_humiliate_cb;Утверждение гегемонии;X;X;X;X;X;X
unification_humiliate_cb_short;Признание нашего лидерства;X;X;X;X;X;X
indian_sepoys_name;Индийские сипаи;X;X;X;X;X;X
indian_sepoys_army;Бригада сипаев;X;X;X;X;X;X
civil_war_setup;Завершить войну путем нового объединения страны под одним флагом.;X;X;X;X;X;X
hungarian_culture_group;Венгры;X;X;X;X;X;X
polish_culture_group;Поляки;X;X;X;X;X;X
czecho_slovak_culture_group;Чехословаки;X;X;X;X;X;X
annex_core_country;Восстановление порядка;X;X;X;X;X;X
annex_core_country_short;Захват державы $RECIPIENT$;X;X;X;X;X;X
annex_core_country_setup;Захват державы $RECIPIENT$.;X;X;X;X;X;X
liberal_rebels_name;Якобинцы;X;X;X;X;X;X
liberal_rebels_army;Республиканская гвардия;X;X;X;X;X;X
po_destroy_forts;Уничтожить все крепости в регионе $STATE$.;X;X;X;X;X;X
po_destroy_naval_bases;Уничтожить морскую базу в регионе $STATE$.;X;X;X;X;X;X
dismantle_forts;Демонтаж крепостей.;X;X;X;X;X;X
dismantle_forts_short;Демонтаж построек в регионе $STATE$;X;X;X;X;X;X
dismantle_forts_setup;Демонтаж крепостей и морских баз в регионе $STATE$;X;X;X;X;X;X
liberate_country;Освободить страну;X;X;X;X;X;X
liberate_country_short;Держава $THIRD$ получит регион $STATE$;X;X;X;X;X;X
liberate_country_setup;Вернуть регион $STATE$ державе $THIRD$ от державы $RECIPIENT$;X;X;X;X;X;X
diplomatic_focus;Дипломатия;X;X;X;X;X;X
increase_tension;Рост напряженности ;X;X;X;X;X;X
vacuum_tube;Электронная лампа;X;X;X;X;X;X
tulls_seed_drill;Сеялка Талла;X;X;X;X;X;X
rotherham_plough;Ротерхэмский плуг;X;X;X;X;X;X
telephone_switchboard;Автоматическая телефонная станция;X;X;X;X;X;X
sioux_nation_name;Народ Сиу;X;X;X;X;X;X
sioux_nation_army;Банды Сиу;X;X;X;X;X;X
apache_name;Апачи;X;X;X;X;X;X
apache_army;Банды Апачи;X;X;X;X;X;X
crisis_free_peoples;Освобождение народа;X;X;X;X;X;X
crisis_free_peoples_short;$THIRD$ получит $STATE$;X;X;X;X;X;X
crisis_free_peoples_setup;Вернуть $STATE$ обратно к $THIRD$ от $RECIPIENT$;X;X;X;X;X;X
battleship;Линкор;X;X;X;X;X;X
flintlock_rifle_armament;Кремнёвое стрелковое вооружение;X;X;X;X;X;X
post_napoleonic_army_doctrine;Посленаполеоновская военная доктрина;X;X;X;X;X;X
muzzle_loaded_rifle_armament;Дульнозарядное стрелковое вооружение;X;X;X;X;X;X
breech_loaded_rifle_armament;Казеннозарядное стрелковое вооружение;X;X;X;X;X;X
bolt_action_rifle_armament;Скользящий затвор;X;X;X;X;X;X
machine_gun_armament;Пулеметное вооружение;X;X;X;X;X;X
cuirassier_activation;Кирасиры;X;X;X;X;X;X
dragoon_activation;Драгуны;X;X;X;X;X;X
hussar_activation;Гусары;X;X;X;X;X;X
military_aviation;Военная авиация;X;X;X;X;X;X
unification_release_puppet_cb_setup;Освободить державу $THIRD$ от $RECIPIENT$ и добавить их в нашу сферу влияния;X;X;X;X;X;X
unification_release_puppet_cb;Освободить братьев по культуре;X;X;X;X;X;X
unification_release_puppet_cb_short;$THIRD$ освобождена;X;X;X;X;X;X
dominion_conservative;Консервативная партия;X;X;X;X;X;X
dominion_reactionary;Старая гвардия;X;X;X;X;X;X
dominion_liberal;Либеральная партия;X;X;X;X;X;X
dominion_anarcho_liberal;Партия свободы;X;X;X;X;X;X
dominion_socialist;Социалистическая партия;X;X;X;X;X;X
dominion_communist;Коммунистическая партия;X;X;X;X;X;X
dominion_fascist;Имперская партия;X;X;X;X;X;X
colonial_negotiations;Колониальные отношения;X;X;X;X;X;X
colonial_competition;Выдвинуть права на колонию;X;X;X;X;X;X
colonial_competition_short;Получить колонию $REGION$;X;X;X;X;X;X
colonial_competition_setup;Получить колонию $REGION$;X;X;X;X;X;X
cut_down_to_size_boxer_setup;Заставить Китай заплатить за преступления боксеров.;X;X;X;X;X;X
cut_down_to_size_boxer_short;Заставить Китай заплатить за преступления боксеров.;X;X;X;X;X;X
bears;Медведи;X;X;X;X;X;X
polar_bears;Белые калекаденсики;X;X;X;X;X;X
col_liferate_techs;Исследовав эти технологии, вы сможете уменьшить минимальный уровень жизни:;X;X;X;X;X;X
liberian_research_boost;Бонус к исследованиям Либерии;X;X;X;X;X;X
desc_liberian_research_boost;Мы наслаждаемся всеми плюсами независимости, а наш научный прогресс ускорился на пути к Современности.;X;X;X;X;X;X
form_scandinavia_NEWS_LONG;Земли Севера объединились, чтобы создать новую нацию — Скандинавия. Толпа преимущественно светловолосых мужчин и женщин заполонила главную площадь Стокгольма в 5 часов ночи и кричала об утверждении нового государственного порядка. Аплодисменты и кивания в знак согласия были обыкновенны в этот день и с приближением вечера все учащались. Город опустел в 9 часов утра по приказу властей. Полиция сообщает, что человек, прокричавший «Слава Скандинавии!» вне дома, был отпущен без всякого наказания.;X;X;X;X;X;X
form_scandinavia_NEWS_MEDIUM;Земли Севера объединились, чтобы создать новую нацию — Скандинавия. Толпа преимущественно светловолосых мужчин и женщин заполонила главную площадь Стокгольма в 5 часов ночи и кричала об утверждении нового государственного порядка.;X;X;X;X;X;X
form_scandinavia_NEWS_SHORT;Земли Севера объединились, чтобы создать новую нацию — Скандинавия. Толпа преимущественно светловолосых мужчин и женщин заполонила главную площадь Стокгольма в 5 часов ночи и кричала об утверждении нового государственного порядка.;X;X;X;X;X;X
form_germany_NEWS_LONG;Земли и люди Германии наконец-то объединились. На церемонии в Берлине в понедельник новая нация была объявлена улюлюканьем толпы и криками «Ура!» Германские националистические настроения начали нарастать после Наполеоновских войн, и многие государственные деятели считали эту идею нереализуемой. Однако, дипломаты были в страхе, когда поняли, что новый Левиафан способен нарушить баланс сил в мире, а его демографическая и промышленная мощь могла стать причиной войны за контроль над Европой.;X;X;X;X;X;X
form_germany_NEWS_MEDIUM;Земли и люди Германии наконец-то объединились. На церемонии в Берлине в понедельник новая нация была объявлена улюлюканьем толпы и криками «Ура!» Германские националистические настроения начали нарастать после Наполеоновских войн, и многие государственные деятели считали эту идею нереализуемой. Однако, дипломаты были в страхе, когда поняли, что новый Левиафан способен нарушить баланс сил в мире, а его демографическая и промышленная мощь могла стать причиной войны.;X;X;X;X;X;X
form_germany_NEWS_SHORT;Земли и люди Германии наконец-то объединились. На церемонии в Берлине в понедельник новая нация была объявлена улюлюканьем толпы и криками «Ура!»;X;X;X;X;X;X
form_italy_NEWS_LONG;Италия была объединена. Новая страна была образована после того, как шумная толпа единогласна потребовала объединения страны. Политики прислушались к гласу народа и страна стала единой. Многие забеспокоились, что страна может потребовать возвращения территорий, считающихся истинно Итальянскими, хотя бывалые политики головорят, что у новой нации пока нет достаточных сил, чтобы угрожать соседям. «Мы вернем то. что наше по праву! Слава Италии!» — прокричал человек в сложенную в трубку газету.;X;X;X;X;X;X
form_italy_NEWS_MEDIUM;Италия была объединена. Новая страна была образована после того, как шумная толпа единогласна потребовала объединения страны. Политики прислушались к гласу народа и страна стала единой. Многие забеспокоились, что страна может потребовать возвращения территорий, считающихся истинно Итальянскими, хотя бывалые политики головорят, что у новой нации пока нет достаточных сил, чтобы угрожать соседям. «Мы вернем то. что наше по праву! Слава Италии!» — прокричал человек в сложенную в трубку газету.;X;X;X;X;X;X
form_italy_NEWS_SHORT;Наконец-то Италия едина. «Итальянский народ вернет то, что принадлежит ему по праву! Слаа Италии!» — прокричал усатый велосипедист в свернутую в трубку газету.;X;X;X;X;X;X
kiel_canal_NEWS_LONG;Комбинация коммерческих и морских идей привела кого-то к идее постройки ворот, которые позволят суднам путешествовать путешествовать между Балтийским и Северным морями без необходимости плыть через бурные моря вокруг Ютландии. Многие ожидают, что канал длиной в 61 милю быстро станет одним из самых популярных искусственным водным путем в мире. Проект предлагает новый импульс коммерции для всех морскхи держав, и подтверждает, что величие нации может быть заслужено производством, торговлей и инженерией, а не войной и завоеваниями.;X;X;X;X;X;X
kiel_canal_NEWS_MEDIUM;Многие ожидают, что канал длиной в 61 милю быстро станет одним из самых популярных искусственным водным путем в мире. Проект предлагает новый импульс коммерции для всех морскхи держав, и подтверждает, что величие нации может быть заслужено производством, торговлей и инженерией, а не войной и завоеваниями.;X;X;X;X;X;X
kiel_canal_NEWS_SHORT;Многие ожидают, что Кильский канал длиной в 61 милю быстро станет одним из самых популярных искусственным водным путем в мире. Проект предлагает новый импульс коммерции для всех морскхи держав, и подтверждает, что величие нации может быть заслужено производством, торговлей и инженерией, а не войной и завоеваниями.;X;X;X;X;X;X
suez_canal_NEWS_LONG;Это день триумфа для кого-то, поскольку первый корабль в истории успешно проплыл через Суэцкий перешеек с помощью нового канала. Настоящее чудо инженерии, длиной 102 мили и глубиной в 26 футов Суэцкий канал ожидается стать одним из наиболее активных судоходных путей, устраняющим необходимость в трате огромных денег и времени на путешествие вокруг Африки. «Плата за пересечение канала никогда не вернет денег, затраченных на постройку канала, а путь вокруг Африки останется доминирующим» — говорят скептики в попытке преуменьшить важность этого канала.;X;X;X;X;X;X
suez_canal_NEWS_MEDIUM;Это день триумфа для кого-то, поскольку первый корабль в истории успешно проплыл через Суэцкий перешеек с помощью нового канала. Настоящее чудо инженерии, длиной 102 мили и глубиной в 26 футов Суэцкий канал ожидается стать одним из наиболее активных судоходных путей, устраняющим необходимость в трате огромных денег и времени на путешествие вокруг Африки.;X;X;X;X;X;X
suez_canal_NEWS_SHORT;Это день триумфа для кого-то, поскольку первый корабль в истории успешно прошел через Суэцкий перешеек с помщью нового канала длиной в 102 мили и глубиной в 26 футов.;X;X;X;X;X;X
panama_canal_NEWS_LONG;День открытия канала через Панамский перешеек — день гордости кого-то. Длина канала 48 миль, и, на самом деле, это закрытый шлюз глубиной 85 футов ниже уровня моря со сложными люками на обоих концах. Он был построен в одной из самых «болезненных» территорий планеты, поэтому это не столько памятник инженерии, сколько памятник медицины. Канал должен быстро стать важным дополнением к международной морской торговле, а эксперты говорят, что обладатель канала будет иметь большое стратегическое преимущество.;X;X;X;X;X;X
panama_canal_NEWS_MEDIUM;День открытия канала через Панамский перешеек — день гордости кого-то. Длина канала 48 миль, и, на самом деле, это закрытый шлюз глубиной 85 футов ниже уровня моря со сложными люками на обоих концах. Он был построен в одной из самых «болезненных» территорий планеты, поэтому это не столько памятник инженерии, сколько памятник медицины.;X;X;X;X;X;X
panama_canal_NEWS_SHORT;День открытия канала через Панамский перешеек — день гордости кого-то. Длина канала 48 миль, и, на самом деле, это закрытый шлюз глубиной 85 футов ниже уровня моря со сложными люками на обоих концах.;X;X;X;X;X;X
empress_of_india_NEWS_LONG;В продолжение «Имперского Дурбара» в Дели, королевская прокламация, объявляющая о получении королевой Викторией титула «Императрица Индии», была прочитана на колонне на Трафальгарской площади. Индия не имела коронованного правителя с тех пор, как Империя Великих Моголов была вытеснена Британской Ост-Индской Компанией. После роспуска Компании, были высказаны мнения о том, что власть Королевы над многими индийскими князьями должна быть подтверждена императорским титулом. Премьер-министр Беджамин Дизраэли считается автором этой идеи.;X;X;X;X;X;X
empress_of_india_NEWS_MEDIUM;В продолжение «Имперского Дурбара» в Дели, королевская прокламация, объявляющая о получении королевой Викторией титула «Императрица Индии», была прочитана на колонне на Трафальгарской площади. Индия не имела коронованного правителя с тех пор, как Империя Великих Моголов была вытеснена Британской Ост-Индской Компанией. После роспуска Компании, были высказаны мнения о том, что власть Королевы над многими индийскими князьями должна быть подтверждена императорским титулом.;X;X;X;X;X;X
empress_of_india_NEWS_SHORT;В продолжение официального «Императорского Дурбара» (собрания) в Дели, королевская прокломация получения Королевой Викторией титула «Императрицы Индии» была прочитана на Трафальгарской площади.;X;X;X;X;X;X
aar_fake1;Недавно в нашей столице видели как в одиночку сражался с преступностью человек, прозванный «Кэтменом» за его стилизованный под кота костюм.;X;X;X;X;X;X
aar_fake2;"Вчера умер знаменитый немецкий математик Карл Фридрих Гаусс. Математики будут помнить его в течении многих столетий. Он называл математику ""Королевой наук"".";X;X;X;X;X;X
aar_fake3;В 1848 году первое Ответственное правительство Британской Северной Америки было создано в колонии Новая Шотландия, ее возглавили Джеймс Юник и Джозеф Хоу.;X;X;X;X;X;X
westernize_nation_desc_NEWS_LONG;Держава $COUNTRY$ находится под интеллектуальным давлением современности Западного Мира. Старые традиции больше не соблюдаются. Западное влияние распространяется словно лесной пожар. Если местные хотят остаться теми, кем были всегда и не стать чем-то совершенно другим, сейчас самое время взять в руки управление собственной судьбой. Для правящих членов интеллектуальной элиты стало очевидным, что единственным путем для преломления ситуации с Западным Левиафаном, является его поддержка. Как сказал Сунь Цзю: тросник, что гнется под порывами ветра, тоже являет собой форму сопротивления.;X;X;X;X;X;X
westernize_nation_desc_NEWS_MEDIUM;Держава $COUNTRY$ находится под интеллектуальным давлением современности Западного Мира. Старые традиции больше не соблюдаются. Западное влияние распространяется словно лесной пожар. Единственным путем для преломления ситуации с Западным Левиафаном, является его поддержка.;X;X;X;X;X;X
westernize_nation_desc_NEWS_SHORT;Держава $COUNTRY$ находится под интеллектуальным давлением современности Западного Мира. Единственным путем для преломления ситуации с Западным Левиафаном, является его поддержка.;X;X;X;X;X;X
po_install_communist_gov_type;Провозгласить коммунистическое правительство;X;X;X;X;X;X
install_communist_gov_cb;Вся власть Советам!;X;X;X;X;X;X
install_communist_gov_cb_setup;Провозгласить коммунистическое правительство. В случае успеха страна будет автоматически включена в вашу сферу влияния.;X;X;X;X;X;X
install_communist_gov_cb_short;Вся власть Советам!;X;X;X;X;X;X
po_uninstall_communist_gov_type;Свергнуть коммунистическое правительство;X;X;X;X;X;X
uninstall_communist_gov_cb;Красная Угроза!;X;X;X;X;X;X
uninstall_communist_gov_cb_setup;Свергнуть коммунистическое правительство.;X;X;X;X;X;X
uninstall_communist_gov_cb_short;Красная Угроза!;X;X;X;X;X;X
party_loyalty_focus;Лояльность к партиям;X;X;X;X;X;X
fascist_focus;Поддерживать §Yфашистов§!;X;X;X;X;X;X
reactionary_focus;Поддерживать §Yреакционеров§!;X;X;X;X;X;X
conservative_focus;Поддерживать §Yконсерваторов§!;X;X;X;X;X;X
socialist_focus;Поддерживать §Yсоциалистов§!;X;X;X;X;X;X
communist_focus;Поддерживать §Yкоммунистов§!;X;X;X;X;X;X
liberal_focus;Поддерживать §Yлибералов§!;X;X;X;X;X;X
anarcho_liberal_focus;Поддерживать §Yлиберал-анархистов§!;X;X;X;X;X;X
acquire_substate_region;Получить регион автономии;X;X;X;X;X;X
acquire_substate_region_short;Получить $STATE$;X;X;X;X;X;X
acquire_substate_region_setup;Получить $STATE$ от $RECIPIENT$;X;X;X;X;X;X
become_independent;Стать независимой державой;X;X;X;X;X;X
become_independent_short;$ACTOR$ освобождена от $RECIPIENT$;X;X;X;X;X;X
become_independent_setup;$ACTOR$ освобождена от $RECIPIENT$ и становится независимой.;X;X;X;X;X;X
make_puppet;Сделать сателлитом;X;X;X;X;X;X
make_puppet_short;$RECIPIENT$ становится сателлитом державы $ACTOR$;X;X;X;X;X;X
make_puppet_setup;$RECIPIENT$ становится сателлитом державы $ACTOR$;X;X;X;X;X;X
CB_gen_plus;Поддержка войны обществом;X;X;X;X;X;X
CB_gen_minus;Разоблачение милитаристских планов;X;X;X;X;X;X
SIDEMENU_menubar_msg_settings;Щелкните, чтобы настроить сообщения;X;X;X;X;X;X
school_reforms;Школ. система;X;X;X;X;X;X
no_schools;Нет школьной системы;X;X;X;X;X;X
low_schools;Начальная школьная система;X;X;X;X;X;X
acceptable_schools;Приемлемая школьная система;X;X;X;X;X;X
good_schools;Хорошая школьная система;X;X;X;X;X;X
no_schools_l;Нет школьной системы;X;X;X;X;X;X
low_schools_l;Начальная школьная система;X;X;X;X;X;X
acceptable_schools_l;Приемлемая школьная система;X;X;X;X;X;X
good_schools_l;Хорошая школьная система;X;X;X;X;X;X
movement_no_slavery;Движение аболиционистов;X;X;X;X;X;X
movement_yes_slavery;Лига рабства;X;X;X;X;X;X
movement_landed_voting;Движение за избирательные права;X;X;X;X;X;X
movement_wealth_weighted_voting;Движение за избирательные права;X;X;X;X;X;X
movement_wealth_voting;Движение за избирательные права;X;X;X;X;X;X
movement_universal_weighted_voting;Движение за избирательные права;X;X;X;X;X;X
movement_universal_voting;Движение за избирательные права;X;X;X;X;X;X
movement_party_appointed;Движение за политическое представительство;X;X;X;X;X;X
movement_appointed;Движение за политическое представительство;X;X;X;X;X;X
movement_state_equal_weight;Движение за политическое представительство;X;X;X;X;X;X
movement_population_equal_weight;Движение за политическое представительство;X;X;X;X;X;X
movement_first_past_the_post;Движение за политическое представительство;X;X;X;X;X;X
movement_jefferson_method;Движение за политическое представительство;X;X;X;X;X;X
movement_proportional_representation;Движение за политическое представительство;X;X;X;X;X;X
movement_no_meeting;Движение за отмену общественных собраний;X;X;X;X;X;X
movement_yes_meeting;Движение за общественные собрания;X;X;X;X;X;X
movement_censored_press;Движение за цензуру прессы;X;X;X;X;X;X
movement_free_press;Движение за свободную прессу;X;X;X;X;X;X
movement_state_controlled;Движение за контролируемые государством профсоюзы;X;X;X;X;X;X
movement_non_socialist;Движение за не-социалистические профсоюзы;X;X;X;X;X;X
movement_all_trade_unions;Движение за свободные профсоюзы;X;X;X;X;X;X
movement_harassment;Движение за права избирателей;X;X;X;X;X;X
movement_gerrymandering;Движение за права избирателей;X;X;X;X;X;X
movement_non_secret_ballots;Движение за права избирателей;X;X;X;X;X;X
movement_secret_ballots;Движение за права избирателей;X;X;X;X;X;X
movement_trinket_wage;Движение за минимальную зарплату;X;X;X;X;X;X
movement_low_minimum_wage;Движение за минимальную зарплату;X;X;X;X;X;X
movement_acceptable_minimum_wage;Движение за минимальную зарплату;X;X;X;X;X;X
movement_good_minimum_wage;Движение за минимальную зарплату;X;X;X;X;X;X
movement_fourteen_hours;Движение за уменьшение максимального рабочего дня;X;X;X;X;X;X
movement_twelve_hours;Движение за уменьшение максимального рабочего дня;X;X;X;X;X;X
movement_ten_hours;Движение за уменьшение максимального рабочего дня;X;X;X;X;X;X
movement_eight_hours;Движение за уменьшение максимального рабочего дня;X;X;X;X;X;X
movement_trinket_safety;Движение за охрану труда;X;X;X;X;X;X
movement_low_safety;Движение за охрану труда;X;X;X;X;X;X
movement_acceptable_safety;Движение за охрану труда;X;X;X;X;X;X
movement_good_safety;Движение за охрану труда;X;X;X;X;X;X
movement_trinket_subsidies;Движение за пособиями безработным;X;X;X;X;X;X
movement_low_subsidies;Движение за пособиями безработным;X;X;X;X;X;X
movement_acceptable_subsidies;Движение за пособиями безработным;X;X;X;X;X;X
movement_good_subsidies;Движение за пособиями безработным;X;X;X;X;X;X
movement_trinket_pensions;Единое движение за достоиные пенсии;X;X;X;X;X;X
movement_low_pensions;Единое движение за достоиные пенсии;X;X;X;X;X;X
movement_acceptable_pensions;Единое движение за достоиные пенсии;X;X;X;X;X;X
movement_good_pensions;Единое движение за достоиные пенсии;X;X;X;X;X;X
movement_trinket_health_care;Единое движение за достоиное здравохранение;X;X;X;X;X;X
movement_low_health_care;Единое движение за достоиное здравохранение;X;X;X;X;X;X
movement_acceptable_health_care;Единое движение за достоиное здравохранение;X;X;X;X;X;X
movement_good_health_care;Единое движение за достоиное здравохранение;X;X;X;X;X;X
movement_low_schools;Общее школьное движение;X;X;X;X;X;X
movement_acceptable_schools;Общее школьное движение;X;X;X;X;X;X
movement_good_schools;Общее школьное движение;X;X;X;X;X;X
land_reform;Земельная реформа;X;X;X;X;X;X
land_reform_l;Земельная реформа I;X;X;X;X;X;X
no_land_reform;Нет земельной реформы;X;X;X;X;X;X
yes_land_reform;Есть земельная реформа;X;X;X;X;X;X
admin_reform;Административная реформа;X;X;X;X;X;X
admin_reform_l;Административаная реформа I;X;X;X;X;X;X
no_admin_reform;Нет административных реформ;X;X;X;X;X;X
yes_admin_reform;Есть административная реформа;X;X;X;X;X;X
finance_reform;Финансовая реформа;X;X;X;X;X;X
finance_reform_l;Финансовая реформа;X;X;X;X;X;X
no_finance_reform;Нет финансовых реформ;X;X;X;X;X;X
yes_finance_reform;Провести финансовую реформу;X;X;X;X;X;X
finance_reform_two;Международный долг;X;X;X;X;X;X
education_reform;Образовательная реформа;X;X;X;X;X;X
education_reform_l;Образовательная реформа;X;X;X;X;X;X
no_education_reform;Нет образовательных реформ;X;X;X;X;X;X
yes_education_reform;Реформировать систему;X;X;X;X;X;X
transport_improv;Транспортная система;X;X;X;X;X;X
transport_improv_l;Транспортная система;X;X;X;X;X;X
no_transport_improv;Не улучшено;X;X;X;X;X;X
yes_transport_improv;Улучшено;X;X;X;X;X;X
pre_indust;Индустриализация начальная;X;X;X;X;X;X
pre_indust_l;Ранняя индустриализация;X;X;X;X;X;X
no_pre_indust;Придерживаемся старых способов;X;X;X;X;X;X
yes_pre_indust;Индустриальный прогресс;X;X;X;X;X;X
industrial_construction;Индустриализация;X;X;X;X;X;X
industrial_construction_l;Индустриализация;X;X;X;X;X;X
no_industrial_construction;Нет индустриализации;X;X;X;X;X;X
yes_industrial_construction;Индустриализация;X;X;X;X;X;X
foreign_training;Способы тренировок;X;X;X;X;X;X
foreign_training_l;Способы тренировок;X;X;X;X;X;X
no_foreign_training;Местные способы тренировок;X;X;X;X;X;X
yes_foreign_training;Иностранные способы тренировок;X;X;X;X;X;X
foreign_weapons;Иностранное вооружение;X;X;X;X;X;X
foreign_weapons_l;Иностранное вооружение;X;X;X;X;X;X
no_foreign_weapons;Местное вооружение;X;X;X;X;X;X
yes_foreign_weapons;Импортируемое вооружение;X;X;X;X;X;X
military_constructions;Военные постройки;X;X;X;X;X;X
military_constructions_l;Военные постройки;X;X;X;X;X;X
no_military_constructions;Простые постройки;X;X;X;X;X;X
yes_military_constructions;Улучшенные постройки;X;X;X;X;X;X
foreign_officers;Обучение офицеров;X;X;X;X;X;X
foreign_officers_l;Обучение офицеров;X;X;X;X;X;X
no_foreign_officers;Местные офицеры;X;X;X;X;X;X
yes_foreign_officers;Иностранные офицеры;X;X;X;X;X;X
army_schools;Армейские учения;X;X;X;X;X;X
army_schools_l;Армейские учения;X;X;X;X;X;X
no_army_schools;Призыв;X;X;X;X;X;X
yes_army_schools;Армейские школы;X;X;X;X;X;X
foreign_naval_officers;Морские офицеры;X;X;X;X;X;X
foreign_naval_officers_l;Морские офицеры;X;X;X;X;X;X
no_foreign_naval_officers;Местные морские офицеры;X;X;X;X;X;X
yes_foreign_naval_officers;Иностранные морские офицеры;X;X;X;X;X;X
naval_schools;Морские учения;X;X;X;X;X;X
naval_schools_l;Морские учения;X;X;X;X;X;X
no_naval_schools;Призыв матросов;X;X;X;X;X;X
yes_naval_schools;Военно-морские школы;X;X;X;X;X;X
foreign_navies;Иностранные корабли;X;X;X;X;X;X
foreign_navies_l;Иностранные корабли;X;X;X;X;X;X
no_foreign_navies;Местные корабли;X;X;X;X;X;X
yes_foreign_navies;Корабли, закупаемые за границей;X;X;X;X;X;X
cut_down_to_size_boxer;Подавить восстание Боксеров;X;X;X;X;X;X
free_press_promised;Обещана свобода прессы;X;X;X;X;X;X
yes_meeting_promised;Обещано право на митинги;X;X;X;X;X;X
trade_unions_promised;Обещаны профсоюзы;X;X;X;X;X;X
recent_safari;Недавние сафари;X;X;X;X;X;X
recent_safari2;Слишком много сафари;X;X;X;X;X;X
unciv_reactionary_rebels_name;$COUNTRY$ реакционеры;X;X;X;X;X;X
unciv_reactionary_rebels_army;$COUNTRY_ADJ$ армия;X;X;X;X;X;X
french_growth_nerf;Убыль населения Франции:;X;X;X;X;X;X
dar_al_funun;Дар-эль-Фунун;X;X;X;X;X;X
serfdom_not_abolished;Крепостное право не отменено:;X;X;X;X;X;X
Workforce;Рабочая сила;X;X;X;X;X;X
Ideology;Идеология;X;X;X;X;X;X
Start Research;Начало исследований;X;X;X;X;X;X
in_bankrupcy;Банкротство;X;X;X;X;X;X
great_war_penalty_cb;Безоговорочная капитуляция;X;X;X;X;X;X
great_war_penalty_cb_setup;Разоружение $RECIPIENT$ и выплата ими репараций.;X;X;X;X;X;X
great_war_penalty_cb_short;Капитуляция;X;X;X;X;X;X
fascist_focus_short;Поддержка §Yфашистов§!;X;X;X;X;X;X
reactionary_focus_short;Поддержка §Yреакционеров§!;X;X;X;X;X;X
conservative_focus_short;Поддержка §Yконсерваторов§!;X;X;X;X;X;X
socialist_focus_short;Поддержка §Yсоциалистов§!;X;X;X;X;X;X
communist_focus_short;Поддержка §Yкоммунистов§!;X;X;X;X;X;X
liberal_focus_short;Поддержка §Yлибералов§!;X;X;X;X;X;X
anarcho_liberal_focus_short;Поддержка §Yанархо-либералов§!;X;X;X;X;X;X
automation_focus_short;Поддержка §Yавтомобильной промышленности§!;X;X;X;X;X;X
electrical_focus_short;Поддержка §Yэлектротехнической промышленности§!;X;X;X;X;X;X
chemical_focus_short;Поддержка §Yхимической промышленности§!;X;X;X;X;X;X
shipping_focus_short;Поддержка §Yкораблестроения§!;X;X;X;X;X;X
textile_focus_short;Поддержка §Yтекстильной промышленности§!;X;X;X;X;X;X
wood_focus_short;Поддержка §Yдеревообрабатывающей промышленности§!;X;X;X;X;X;X
basic_industry_focus_short;Поддержка §Yтяжелой промышленности§!;X;X;X;X;X;X
armaments_focus_short;Поддержка §Yвоенной промышленности§!;X;X;X;X;X;X
consumer_focus_short;Поддержка §Yлегкой промышленности§!;X;X;X;X;X;X
arab;Арабский;X;X;X;X;X;X
battle_we_lose_large_censored_press;Сообщения с поля боя свидетельствуют о том, что $DATE_LONG_0$ наши доблестные войска вынуждены были сделать тактическое отступление после сражения с $TAG_0_3$ в $STRING_0_3$. Это была оправданная необходимость для того, чтобы максимизировать элемент неожиданности и непредсказуемости в наших действиях. $VALUE_INT_0_4$ врагов было сражено нашими защитниками отечества. К тому же $VALUE_INT_0_2$ наших солдат возвращаются в строй, стоит заметить, что дислокация наших сил не известна противнику и мы готовы нанести ему сокрушающий удар, проявив истинное мужество и стойкость!;X;X;X;X;X;X
battle_we_lose_medium_censored_press;$DATE_LONG_0$, было осуществлено тактическое отступление с поля битвы против $TAG_0_3$, с целью расстроить планы противника столь неожиданным ходомi! $VALUE_INT_0_2$ наших защитников скрыто в засаде, в то время как $VALUE_INT_0_4$ солдат противника убито!;X;X;X;X;X;X
battle_we_lose_small_censored_press;$DATE_LONG_0$, тактическое отступление было осуществлено с поле боя против $TAG_0_3$. Тем временем $VALUE_INT_0_2$ наших сил скрыто дислоцировано от противника с целью нанесения внезапного удара!;X;X;X;X;X;X
battle_we_lose_censored_title_large;Продвижение врага остановелено в $STRING_0_3$!;X;X;X;X;X;X
battle_we_lose_censored_large;«Несмотря на превосходство сорок к одному на некоторых участках фронта, наши войска удерживают линию обороны», - отметил главнокомандующий, оценив стойкость солдат сдерживавших противника в $STRING_0_3$ так долго, как это представлялось стратегически возможным, и нанесшим врагам безвозвратные потери в количестве $VALUE_INT_0_2$. «Мы не готовы озвучить число жертв с нашей стороны», - отметили в пресс-службе правительства, когда встал вопрос о потерях. «Народ должен сплотиться и поддержать правительство, когда речь заходит о вопросах обороны государства», - отметил пресс-секретарь, оспорив мнение скептиков.;X;X;X;X;X;X
battle_we_lose_censored_title_medium;Враг остановлен в $STRING_0_3$;X;X;X;X;X;X
battle_we_lose_censored_medium;Нашим доблестным солдатам удалось замедлить продвижение противника на нашей территории в сражении с численно превосходящим врагом от $TAG_0_2$. «Если мы будем проигрывать каждое сражение в такой манере, мы выиграем войну», - отметил один из высокопоставленных офицерских чинов.;X;X;X;X;X;X
battle_we_lose_censored_title_small;Волевая победа в $STRING_0_3$;X;X;X;X;X;X
battle_we_lose_censored_small;$DATE_LONG_0$ мы успешно эвакуировали нашу армию после сражения в $STRING_0_3$, уничтожив $VALUE_INT_0_2$ солдат противника, но оставив поле боя под контролем $TAG_0_2$.;X;X;X;X;X;X
FAKE_Cthulhu;Пх’нглуи мглв’нафх Ктулху Р’льех вгах’нагл фхтагн;X;X;X;X;X;X
some_fake_1836_title_12;Сакура;X;X;X;X;X;X
some_fake_1836_12;Японское правительство решило, что новым национальным цветом станет цвет сакуры, поскольку она лучше всего отражает характер этой славной страны. Называть его «розовым» запрещено.;X;X;X;X;X;X 
some_fake_1836_title_13;Хорошая река;X;X;X;X;X;X
some_fake_1836_13;"Группа американских экспертов в картографии создала наиболее точную карту течения ""хорошей"" реки Огайо, которая будет позже включена в состав локальных и интернациональных карт. На очереди другие реки.";X;X;X;X;X;X
some_fake_1836_title_14;Ян Майен;X;X;X;X;X;X
some_fake_1836_14;Все больше мигрантов прибывает на бесплодный остров Ян Майен в Северном Ледовитом океане. «Мы устали от шума», — сказал один из первопроходцев.;X;X;X;X;X;X 
some_fake_1880_title_8;Закон о лунатиках;X;X;X;X;X;X
some_fake_1880_8;Недавно был принят закон, по которому владельцы кораблей должны платить штраф за перевоз людей, признанных лунатиками, идиотами или виновными в преступлении.;X;X;X;X;X;X 
some_fake_1890_title_8;55 счастливчиков;X;X;X;X;X;X
some_fake_1890_8;54 победителя государственной лотерии разделили между собой небольшое количество призовых денег. «Я не могу найти свой билет!» — жалуется несчастный 55 победитель.;X;X;X;X;X;X 
some_fake_1910_title_11;Мистификация на Дредноуте;X;X;X;X;X;X
some_fake_1910_11;Группа молодых аристократов, замаскированная с помощью тюрбанов и черного грима под Абиссинскую королевскую семью, проложила себе путь к кораблю Королевского военно-морского флота и попала на приватную экскурсию по судну.;X;X;X;X;X;X 
some_fake_1910_title_12;Радио убивает культуру?;X;X;X;X;X;X
some_fake_1910_12;Радио появилось совсем недавно, но уже появляются слухи о том, что оно положит конец культуре и всему обществу в целом. Защитники радио говорят, что по нему будут транслироваться только интеллектуальные программы, дающие пищу для размышления.;X;X;X;X;X;X 
some_fake_1910_title_13;Восстание чибата;X;X;X;X;X;X
some_fake_1910_13;Чернокожие матросы бразильского флота взбунтовались против белых офицеров. Они угрожали сжечь Рио-де-Жанейро, если расовая дискриминация и физические наказания не будут отменены.;X;X;X;X;X;X 
some_fake_1920_title_13;Партия за реформирование мужского костюма;X;X;X;X;X;X
some_fake_1920_13;Новое движение призывает мужчин одеваться более красиво и гигиенично. Большая часть членов партии хочет носить шорты, некоторые выступают за килт, почти все против штанов. ПРМК также выступает против ношения шляп.;X;X;X;X;X;X
news1;Правительство державы $TAG_2_0$ предложило перемирие на следующих условиях: $STRING_0_1$;X;X;X;X;X;X
battle_we_win_title_large;БЛЕСТЯЩАЯ ПОБЕДА В $STRING_0_3$!;X;X;X;X;X;X
battle_we_win_large;$DATE_LONG_0$ наша непобедимая армия снова одержала победу в $STRING_0_3$! $VALUE_INT_0_1$ наших людей храбро сражались с $VALUE_INT_0_3$;X;X;X;X;X;X
battle_we_win_title_medium;Победа в $STRING_0_3$!;X;X;X;X;X;X
battle_we_win_medium;$DATE_LONG_0$ мы победили $VALUE_INT_0_3$ солдат державы $TAG_0_3_ADJ$ в $STRING_0_3$, ценой $VALUE_INT_0_2$ человеческих жизней.;X;X;X;X;X;X
battle_we_win_title_small;Победа!;X;X;X;X;X;X
battle_we_win_small;$DATE_LONG_0$ мы победили $VALUE_INT_0_3$ солдат державы $TAG_0_3_ADJ$ в $STRING_0_3$.;X;X;X;X;X;X
battle_we_lose_title_large;ВОЕННАЯ ОШИБКА ПРИВОДИТ К КАТАСТРОФЕ В $STRING_0_3$!;X;X;X;X;X;X
battle_we_lose_large;$DATE_LONG_0$ некомпетентное командование опрометчиво отправило $VALUE_INT_0_4$ наших храбрых солдат на смерть в $STRING_0_3$.;X;X;X;X;X;X
battle_we_lose_title_medium;Поражение в $STRING_0_3$;X;X;X;X;X;X
battle_we_lose_medium;$DATE_LONG_0$ мы проиграли битву в $STRING_0_3$, потеряли $VALUE_INT_0_4$ жизней и $TAG_0_2$ теперь контролирует эту территорию.;X;X;X;X;X;X
battle_we_lose_title_small;Катастрофа в $STRING_0_3$;X;X;X;X;X;X
battle_we_lose_small;$DATE_LONG_0$ мы проиграли битву в $STRING_0_3$, потеряли $VALUE_INT_0_4$ жизней и $TAG_0_2$ теперь контролирует эту территорию.;X;X;X;X;X;X
some_fake_1836_title_1;Опиумная лихорадка!;X;X;X;X;X;X
some_fake_1836_1;Китай охватило опиумное безумие, торговцы говорят, что дорога долгая, но оно того стоит.;X;X;X;X;X;X
some_fake_1836_title_2;Увлечение Эфиром;X;X;X;X;X;X
some_fake_1836_2;Популярность эфира достигла высшей точки, эксперты же говорят: «Это газ!»;X;X;X;X;X;X
some_fake_1836_title_3;Сладкие сны;X;X;X;X;X;X
some_fake_1836_3;Первое использование общей анестезии в операции, хирург в США усыпляет пациента на время удаления опухоли.;X;X;X;X;X;X
some_fake_1836_title_4;Кодовые слова;X;X;X;X;X;X
some_fake_1836_4;Первое телеграфное сообщение было отправлено в США Сэмюэлем Морзе.;X;X;X;X;X;X
some_fake_1836_title_5;Филателисты, радуйтесь!;X;X;X;X;X;X
some_fake_1836_5;В Великобритании появилась почтовая марка, называющаяся «Черный Пенни». На ней изображена молодая королева Виктория.;X;X;X;X;X;X
some_fake_1836_title_6;Уже в продаже!;X;X;X;X;X;X
some_fake_1836_6;«Мертвые души», выпущеннные в России, критики утверждаюст, что книга слишком сложна для понимания.;X;X;X;X;X;X
some_fake_1836_title_7;Духовой или латунный?;X;X;X;X;X;X
some_fake_1836_title_8;Золотая лихорадка!;X;X;X;X;X;X
some_fake_1836_8;В Калифорнии было обнаружено золото. В связи с этим туда начался массовый наплыв золотоискателей!;X;X;X;X;X;X
some_fake_1836_title_9;«Ворон» опубликован;X;X;X;X;X;X
some_fake_1836_9;Последняя мрачная новелла Алана Эдгара По заставит ваши волосы подняться на затылке.;X;X;X;X;X;X
some_fake_1836_title_10;Пышные женские формы;X;X;X;X;X;X
some_fake_1836_10;(Читателю рекомендуется быть осмотрительным) Были обозначены минимальные и максимальные значения обхвата женских талии и бедер. Продолжение на странице 5;X;X;X;X;X;X
some_fake_1836_title_11;Колонка Шеф-редактора:;X;X;X;X;X;X
some_fake_1836_11;Либерализм уничтожит западную цивилизацию. Без сильной власти люди вернутся назад к варварству, чтобы выжить и прокормить своих детей. (смотри стр. 10);X;X;X;X;X;X
some_fake_1850_title_1;Наши предки?;X;X;X;X;X;X
some_fake_1850_1;Ученые шокированы останками Неандертальца, найденными в Германии.;X;X;X;X;X;X
some_fake_1850_title_2;Колонка Шеф-редактора:;X;X;X;X;X;X
some_fake_1850_2;Проверенное мнение, что животный жир-лучшее средство для смазки оружия. Узнай, как мы это установили (см. стр. 10);X;X;X;X;X;X
some_fake_1850_title_3;Каналы в упадке;X;X;X;X;X;X
some_fake_1850_3;Система каналов, когда-то бывшая гордостью нашего народа, близка к разрушению. Что можно сделать? Продолжение на странице 4.;X;X;X;X;X;X
some_fake_1860_title_1;Линкольн убит;X;X;X;X;X;X
some_fake_1860_1;Авраам Линкольн убит в театре Форда Джоном Уилкисом Бутом. Застрелен с близкого расстояния.;X;X;X;X;X;X
some_fake_1860_title_2;Линкольн в порядке;X;X;X;X;X;X
some_fake_1860_2;Неудавшаяся попытка убийства Авраама Линкольна. Президент сбрасывает нападавшего с балкона в театре Форда.;X;X;X;X;X;X
some_fake_1860_title_3;Неспортивный;X;X;X;X;X;X
some_fake_1860_3;Военные субмарины были признанны нечестным вооружением и их использование бессрочно запрещено.;X;X;X;X;X;X
some_fake_1860_title_4;Здравоохраниение;X;X;X;X;X;X
some_fake_1860_4;Флоренс Найтингейл основывает школу для медсестер в больнице Святого Томаса в Лондоне.;X;X;X;X;X;X
some_fake_1860_title_5;Элементы упорядоченны;X;X;X;X;X;X
some_fake_1860_5;Дмитрий Менделеев изобрел периодическую систему, где упорядочены все 56 известных элементов.;X;X;X;X;X;X
some_fake_1860_title_6;Увлечение ездой;X;X;X;X;X;X
some_fake_1860_6;Увелечение велосипедной ездой охватывает запад, велосипед - обязательное имущество!;X;X;X;X;X;X
some_fake_1860_title_7;Ширина на все времена;X;X;X;X;X;X
some_fake_1860_7;Сообщено, что средняя ширина сомбреро бандита в Мексике выросла до невероятных 57 дюймов.;X;X;X;X;X;X
some_fake_1860_title_8;Созданны пожарные части;X;X;X;X;X;X
some_fake_1860_8;Это ново, но это хорошо;X;X;X;X;X;X
some_fake_1860_title_9;Футбол набирает популярность;X;X;X;X;X;X
some_fake_1860_9;Посещаемость футбольных матчей очень выросла в последнее время, доказана их популярность у рабочих и низшего класса.;X;X;X;X;X;X
some_fake_1860_title_10;Колонка Шеф-редактора:;X;X;X;X;X;X
some_fake_1860_10;Опасайтесь женщин бисексуалок. Женщины в открытых машинах, юбки небрежно развеваются на ветру, лодыжки у всех на виду, так легко поддаться безумию. (стр. 10);X;X;X;X;X;X
some_fake_1860_title_11;Помпеи и Геркуланум снова при жизни;X;X;X;X;X;X
some_fake_1860_11;Новые методы раскопок позволят вернуться в мир городов, разрушенных извержением Везувия в 79 году н.э.;X;X;X;X;X;X
some_fake_1870_title_1;Колонка Шеф-редактора:;X;X;X;X;X;X
some_fake_1870_1;Африканские народы жаждут нашего управления. Подобно тому, как ирландцы приветствовали британское господство, черная раса не откажется от направляющей руки белых. (стр. 10);X;X;X;X;X;X
some_fake_1870_title_2;Литература:;X;X;X;X;X;X
some_fake_1870_2;Вокруг Света за 80 дней, отзывы для наших читателей.;X;X;X;X;X;X
some_fake_1870_title_3;Обмороки из-за корсета;X;X;X;X;X;X
some_fake_1870_3;Небывало высокий уровень! В очередной раз больницы нашей страны заполнены жертвами чрезмерного затягивания корсета.;X;X;X;X;X;X
some_fake_1880_title_1;Воздушно-десантные успехи!;X;X;X;X;X;X
some_fake_1880_1;La France, французский военный дирижабль, становится первым электрифицированным дирижаблем, способным на кругосветный перелет.;X;X;X;X;X;X
some_fake_1880_title_2;Высотные здания;X;X;X;X;X;X
some_fake_1880_2;Небоскребы в Америке, массивные стальные гиганты.;X;X;X;X;X;X
some_fake_1880_title_3;Монетный двор джулепы спасен!;X;X;X;X;X;X
some_fake_1880_3;С. Марвин Стоун (США) изобретает соломинку.;X;X;X;X;X;X
some_fake_1880_title_4;Ничто не может пойти не так;X;X;X;X;X;X
some_fake_1880_4;Лекарство от морфиевой зависимости обнаружено в США!;X;X;X;X;X;X
some_fake_1880_title_5;Бисмарк подает в отставку;X;X;X;X;X;X
some_fake_1880_5;Бисмарк покидает пост канцлера Германии, немецкая машина осталась без пилота.;X;X;X;X;X;X
some_fake_1880_title_6;Колонка Шеф-редактора:;X;X;X;X;X;X
some_fake_1880_6;Социализм уничтожит западную цивилизацию. Она хочет расширить возможности рабочего класса, позволяет им поверить, что они так же хороши и достойны, как богатые. Нелепица! (стр. 10);X;X;X;X;X;X
some_fake_1880_title_7;Должно ли американское правительство действовать?;X;X;X;X;X;X
some_fake_1880_7;Линчевание представителей негритянской расы стало обычным явлением в самом сердце Америки. Редакция этого издания спрашивает: Должно ли государство вмешаться, чтобы прекратить это?;X;X;X;X;X;X
some_fake_1890_title_1;Вверх!;X;X;X;X;X;X
some_fake_1890_1;Ader Eole, воздушный корабль с паровым двигателем, делает короткие перелеты недалеко от Парижа.;X;X;X;X;X;X
some_fake_1890_title_2;Успешный полет!;X;X;X;X;X;X
some_fake_1890_2;Derwitzer Glider становится первым успешно пилотируемым самолетом в мире, полет которого возможен на расстояние около 80 фунтов.;X;X;X;X;X;X
some_fake_1890_title_3;Двигающиеся картинки!;X;X;X;X;X;X
some_fake_1890_3;Кинетоскоп поражает зрителей, показывая движущиеся изображения в Бруклинском институте искусств и наук.;X;X;X;X;X;X
some_fake_1890_title_4;Ура! Поколение 90-ых;X;X;X;X;X;X
some_fake_1890_4;«Времени веселее, чем сейчас, конечно, никогда не было и никогда больше не будет», - редакция почтительно предлагает фразу парней 90-х годов внести в наш повседневный лексикон.;X;X;X;X;X;X
some_fake_1890_title_5;Сможет ли человек когда-нибудь летать?;X;X;X;X;X;X
some_fake_1890_5;Среди людей ходят слухи, они мечтают, что однажды человек сможет воспарить в небо с помощью механических приспособлений.;X;X;X;X;X;X
some_fake_1890_title_6;Колонка Шеф-редактора:;X;X;X;X;X;X
some_fake_1890_6;«Если бы Он пожелал, чтобы человек летал, он дал бы нам крылья», - комментарий, данный владельцем корабля и основным акционером этой газеты Чарльзом O'Лигархом. (см. стр. 10);X;X;X;X;X;X
some_fake_1890_title_7;Прежде всего, не с того конца;X;X;X;X;X;X
some_fake_1890_7;Известных палеонтолог Г.Ч. Марш показал сегодня, что знаменитый Elasmosaurus собран профессором Коупом, по сути, имеет голову, надетую на хвост. Профессор отказался давать какие-либо комментарии.;X;X;X;X;X;X
some_fake_1900_title_1;Легче воздуха;X;X;X;X;X;X
some_fake_1900_1;Первый полет дирижабля произошел на Боденском озеро вблизи Фридрихсхафена, Германия.;X;X;X;X;X;X
some_fake_1900_title_2;Катастрофа!;X;X;X;X;X;X
some_fake_1900_2;Мощный ураган прокатился по Галвестону, штат Техас, США и убил около 8000 человек;X;X;X;X;X;X
some_fake_1900_title_3;Катастрофа!;X;X;X;X;X;X
some_fake_1900_3;На Мартинике началось извержение вулкана Мон-Пеле, разрушен город Сен-Пьер и погибло более 30 000 человек.;X;X;X;X;X;X
some_fake_1900_title_4;Катастрофа!;X;X;X;X;X;X
some_fake_1900_4;Извержение Везувия опустошило Неаполь!;X;X;X;X;X;X
some_fake_1900_title_6;Катастрофа!;X;X;X;X;X;X
some_fake_1900_6;Землетрясение и цунами обрушились на Мессины и Калабрии на Сицилии, убив более 70 000 человек.;X;X;X;X;X;X
some_fake_1900_title_7;Капитан;X;X;X;X;X;X
some_fake_1900_7;Самозванцу под видом немецкого офицера удалось обмануть солдат в Берлине и украсть более 4000 марок из-за недочетов бухгалтерии. У него была квитанция.;X;X;X;X;X;X
some_fake_1910_title_1;Катастрофа!;X;X;X;X;X;X
some_fake_1910_1;Титаник, самый большой корабль, когда-либо построенный человеком, затонул после столкновения с айсбергом в Северной Атлантике во время своего первого рейса, более 1500 человек погибли в результате этого столкновения.;X;X;X;X;X;X
some_fake_1910_title_2;Катастрофа!;X;X;X;X;X;X
some_fake_1910_2;В Нидерландах, из-за шторма в Северном Море, затоплены низменности. 10 000 человек считаются погибшими.;X;X;X;X;X;X
some_fake_1910_title_3;Открытие!;X;X;X;X;X;X
some_fake_1910_3;Хирам Бингхэм открыл Мачу-Пикчу, ранее неизвестный город инков.;X;X;X;X;X;X
some_fake_1910_title_4;Курильщики, радуйтесь!;X;X;X;X;X;X
some_fake_1910_4;Гидеон Сундбэк запатентовал молнию!;X;X;X;X;X;X
some_fake_1910_title_5;Завтрак остается.;X;X;X;X;X;X
some_fake_1910_5;Чарльз Страйт изобретает приспособление для жарки хлеба - тостер.;X;X;X;X;X;X
some_fake_1910_title_6;Континентальный дрейф предполагается;X;X;X;X;X;X
some_fake_1910_6;Альфред Вегенер, видный немецкий ученый, выдвинул теорию, что континенты, на которых мы живем, могут свободно смещаться по поверхности Земли.;X;X;X;X;X;X
some_fake_1910_title_7;Общая теория относительности;X;X;X;X;X;X
some_fake_1910_7;Альберт Эйнштейн опубликовал свою теорию относительности, запутаннй и сложный набор формул, который стремится объяснить отношения между пространством, временем, гравитацией и множество других сил.;X;X;X;X;X;X
some_fake_1910_title_8;Колонка Шеф-редактора:;X;X;X;X;X;X
some_fake_1910_8;Феминизм уничтожит западную цивилизацию. Равенство полов порочно, ни один цивилизованный человек не допустит такой мысли. К чему может привести феминизм? (стр. 10);X;X;X;X;X;X
some_fake_1910_title_9;Бесплатно внутри:;X;X;X;X;X;X
some_fake_1910_9;Кроссворд-головоломка, причудливое времяпрепровождение, которое позволит читателю продемонстрировать смекалку и прозорливость.;X;X;X;X;X;X
some_fake_1910_title_10;Споры: конец Шерлока Холмса;X;X;X;X;X;X
some_fake_1910_10;После массивных выступлений фанатов против горькой смерти знаменитого сыщика, автор сэр Артур Конан Дойл решает вернуть его из мертвых, предоставление разъяснений и закрытие.;X;X;X;X;X;X
some_fake_1920_title_1;Запись полета;X;X;X;X;X;X
some_fake_1920_1;Чарльз Линдберг стал первым человеком, самостоятельно перелетевшим через Атлантический океан (20-21 мая 1927), это был беспосадочный перелет из Нью-Йорка в Париж.;X;X;X;X;X;X
some_fake_1920_title_2;К звездам!;X;X;X;X;X;X
some_fake_1920_2;Первый в мире полет на ракете Роберта Годдарда.;X;X;X;X;X;X
some_fake_1920_title_3;Конец бородам?;X;X;X;X;X;X
some_fake_1920_3;Первая электрическая бритва запатентована американским производителем, полковником Джейкобом Шиком.;X;X;X;X;X;X
some_fake_1920_title_4;Будущее музыки;X;X;X;X;X;X
some_fake_1920_4;Первый Музыкальные автомат с возможностью выбора введен Автоматизированной Компанией Музыкальных инструментов.;X;X;X;X;X;X
some_fake_1920_title_5;Мы не знаем почему;X;X;X;X;X;X
some_fake_1920_5;Волна сокращений проносится по Западному миру.;X;X;X;X;X;X
some_fake_1920_title_6;Колонка Шеф-редактора:;X;X;X;X;X;X
some_fake_1920_6;Телевидение действительно уничтожит западную цивилизацию. Сегодня бездушные куклы, завтра ужасающие пьяные и похотливые люди за двадцать? (см. стр. 10);X;X;X;X;X;X
some_fake_1920_title_7;Колонка Шеф-редактора:;X;X;X;X;X;X
some_fake_1920_7;Джаз уничтожит западную цивилизацию. Никогда еще в истории музыки не было такого развращающего ритма. Музыке джунглей нет места в нашем цивилизованном обществе (см. стр. 10);X;X;X;X;X;X
some_fake_1920_title_8;Невероятное увлечение джазом!;X;X;X;X;X;X
some_fake_1920_8;Новая мода пробудила страстное влечение людей к новой музыке. Неистовый танец, поощрение распущенности и смешение рас являются побочными продуктами этого далеко неправильного музыкального жанра.;X;X;X;X;X;X
some_fake_1920_title_9;Литературный дайджест: Улисс;X;X;X;X;X;X
some_fake_1920_9;Написанная ирландским человеком с неплохой репутацией Джеймсом Джойсом, «Улисс» описывает один день из жизни главного героя. Он живет в Дублине, в нормальном режиме, изо всех сил ... (Продолжение на стр. 19);X;X;X;X;X;X
some_fake_1920_title_10;В Египет!;X;X;X;X;X;X
some_fake_1920_10;Поразительное археологическое открытие произошло сегодня в районе Нила, международная непреодолимая тяга к восточной ... (Продолжение на стр. 2);X;X;X;X;X;X
some_fake_1920_title_11;Баухауз архитектура;X;X;X;X;X;X
some_fake_1920_11;Футуристический новый художественный стиль архитектуры, известный как Баухауз, можно увидеть в городах Веймар, Берлин и Дессау.;X;X;X;X;X;X
some_fake_1920_title_12;Дуэт чудаков вылвал хаос;X;X;X;X;X;X
some_fake_1920_12;Двое мужчин, один толстый, другой худой, попали в суд в роли обвиняемых из-за общего мелкого вредительства и шутовства. В связи с тяжестью преступления, которое повлекло за собой снос дома, обвинители, как ожидается, будут требовать смертной казни.;X;X;X;X;X;X
some_fake_ANY_title_1;Собака укусила ребенка.;X;X;X;X;X;X
some_fake_ANY_1;Жестокое нападение животного повергает сообщество в шок, родители обеспокоены безопасностью своих детей.;X;X;X;X;X;X
some_fake_ANY_title_2;Глобальное похолодание.;X;X;X;X;X;X
some_fake_ANY_2;Ученые предупреждают: новый ледниковый период можете начаться, так как температура падает из года в год.;X;X;X;X;X;X
some_fake_ANY_title_3;Потерявшийся ребенок найден;X;X;X;X;X;X
some_fake_ANY_3;Он прятался в сарае! Пропавший ребенок найден после усиленного поиска местными добровольцами, он скрывался в соседнем заброшенном здании.;X;X;X;X;X;X
some_fake_ANY_title_5;Девушка зверски убита!;X;X;X;X;X;X
some_fake_ANY_5;Ужасающе изуродованный труп девушки был обнаружена вчера, привязанным к поезду. Рекомендуется быть начеку, разыскивается человек с большими усами, в цилиндре и черном плаще.;X;X;X;X;X;X
some_fake_ANY_title_6;Появление кролика из шляпы;X;X;X;X;X;X
some_fake_ANY_6;Мужчина, утверждавший, что обладает мистической силой, был замечен запихивающим кролика в шляпу. В настоящее время ведется расследование по подозрению в нечестной практике.;X;X;X;X;X;X
some_fake_ANY_title_7;Взгляд в 2000-ный год;X;X;X;X;X;X
some_fake_ANY_7;Известный футуролог предоставил своё видение далекого 2000 года во время разговора с нашим корреспондентом, он сказал: «К 2000 году каждый землевладелец будет иметь не менее 5 воздушных шаров».;X;X;X;X;X;X
some_fake_ANY_title_8;Поддельные новости!;X;X;X;X;X;X
some_fake_ANY_8;Ирландец, поляк и пруссы были арестованы вчера в рамках проводимого расследования. Они придумывали новости и представляли их как достоверные.;X;X;X;X;X;X
some_fake_ANY_title_9;12 жертв!;X;X;X;X;X;X
some_fake_ANY_9;Вчера разъяренный бык забодал до смерти пятерых мужчин и семерых женщин, хотя ранее за ним агрессии не наблюдалось. Животное было обезглавлено случайно оказавшимся рядом трубочистом.;X;X;X;X;X;X
some_fake_ANY_title_10;Обрушение моста!;X;X;X;X;X;X
some_fake_ANY_10;Происшествие унесло жизнь мясника, жившего в пригороде столицы. При жизни он имел сомнительную репутацию и оставил после себя брата - пекаря, и сына, который производит и продает свечи.;X;X;X;X;X;X
some_fake_ANY_title_11;Тишина на Балканах.;X;X;X;X;X;X
some_fake_ANY_11;Сербы, хорваты, боснийцы, турки, болгары, румыны, албанцы и греки собрались в минувшее воскресенье, чтобы отметить долгий мир, которой держится в данный момент на Балканах.;X;X;X;X;X;X
some_fake_ANY_title_12;Письмо в редакцию;X;X;X;X;X;X
some_fake_ANY_12;Читатель обращает внимание на небрежное вождение паромщиков, которые, развивая высокую скорость и совершая безрассудные маневры, подвергают опасности жизни пассажиров;X;X;X;X;X;X
some_fake_ANY_title_13;Прогноз погоды:;X;X;X;X;X;X
some_fake_ANY_13;Прогноз на следующую неделю: облачно, дождливо, ветер северный и северо-восточный, похолодание.;X;X;X;X;X;X
some_fake_ANY_title_14;Городской пожар;X;X;X;X;X;X
some_fake_ANY_14;Пожарных обвинили в недостатке дисциплины и эффективности, так как они позволили огню серьезно распространится, в результате чего мы наблюдали самый серьезный пожар за всю историю города.;X;X;X;X;X;X
some_fake_ANY_title_15;Ограблены рыболовом!;X;X;X;X;X;X
some_fake_ANY_15;В полицию сообщили о грабителе, которому удалось украсть крупную сумму денег прямо из под носа кассира с помощью рыболовного крючка и удочки. Его сообщник в это время отвлекал жертву.;X;X;X;X;X;X
some_fake_ANY_title_16;Пусть они скачут!;X;X;X;X;X;X
some_fake_ANY_16;Заставлять детей вести неподвижный образ жизни нельзя, считают ученые. Активность тела является выражением эмоций в юном возрасте.;X;X;X;X;X;X
some_fake_ANY_title_17;Деревянные тротуары;X;X;X;X;X;X
some_fake_ANY_17;Открытые химические процессы позволяют повысить прочность древесины. А что если в городе появятся деревянные тротуары.;X;X;X;X;X;X
some_fake_ANY_title_18;Жизнь без еды?;X;X;X;X;X;X
some_fake_ANY_18;Человек утверждает, что может воздерживаться от пищи в течении как минимум 30 дней и сохранять физическое и психическое здоровье. Врачи предлложили ему протестировать способности.;X;X;X;X;X;X
some_fake_ANY_title_19;Смертельно опасная лихорадка;X;X;X;X;X;X
some_fake_ANY_19;Два матроса, вернувшись из тропиков, погибли от неизвестной формы лихорадки. Они до смерти были в бреду, мучались от озноба и жажды.;X;X;X;X;X;X
some_fake_ANY_title_20;Искусственные алмазы;X;X;X;X;X;X
some_fake_ANY_20;Европейскому химику удалось сделать искусственный алмаз, во всех отношениях напоминающий настоящий бриллиант. Пока процесс известен только ему самому.;X;X;X;X;X;X
some_fake_ANY_title_22;Письмо от Бога;X;X;X;X;X;X
some_fake_ANY_22;Малообеспеченный член общества получил письмо с благотворительностью, помеченное как «от Бога». Он ответил благодарностью за полученные деньги, но предупреждает сотрудников почты не взимать налог с писем, помеченных как «от Бога».;X;X;X;X;X;X
some_fake_ANY_title_23;Новости медицины;X;X;X;X;X;X
some_fake_ANY_23;Лучшие европейские врачи предположили, что заводской дым может быть виновником роста числа дыхательных заболеваний среди детей.;X;X;X;X;X;X
some_fake_ANY_title_24;Вампирская истерия;X;X;X;X;X;X
some_fake_ANY_24;Новая вспышка вампирской истерии произошла в румынских землях. Суеверные крестьяне вышли с чесноком на шее в попытке защититься от гнусных упырей.;X;X;X;X;X;X
some_fake_ANY_title_25;Волки загрызли четверых;X;X;X;X;X;X
some_fake_ANY_25;Стая волков напали на сибирскую деревню на прошлой неделе, и убили четырех человек. Вооруженные полицейские были направлены в этот район, чтобы найти логово зверей.;X;X;X;X;X;X
some_fake_ANY_title_26;Ужасающие куклы;X;X;X;X;X;X
some_fake_ANY_26;Куклы стали общепринятой частью повседневной жизни. Последние страшные мерзости - это улыбающийся деревянный мальчик с фиксированной улыбкой в стиле Бимбо.;X;X;X;X;X;X
some_fake_ANY_title_27;Конкурс пьяниц;X;X;X;X;X;X
some_fake_ANY_27;Ирландец Билл Уилан взял верх над соперниками из России и Шотландии в потреблении алкоголя в Нью-Йорке на прошлой неделе. Он объяснил свою победу «чистой любовью к выпивке» на больничной койке.;X;X;X;X;X;X
some_fake_ANY_title_28;Старейший человек;X;X;X;X;X;X
some_fake_ANY_28;Господин Джимми Уильямс был назван самым старым живым человеком. Уильямс, родившийся в глубоких южноамериканских землях, вежливо попросил журналистов этой статьи не называть заглавие его именем.;X;X;X;X;X;X
some_fake_ANY_title_29;ОГРАБЛЕНИЕ БАНКА!;X;X;X;X;X;X
some_fake_ANY_29;Местный банк в провинции «$ANYPROVINCE$» был ограблен бандой людей в масках. Полиция ищет преступников и обещает вознаграждение за любую информацию, связанную с бандитами.;X;X;X;X;X;X
some_fake_ANY_title_30;Гастроли кота пианиста;X;X;X;X;X;X
some_fake_ANY_30;Известный кот-пианист на этой неделе прибудет в $OURCAPITAL$. Кот сыграет множество классических произведений.;X;X;X;X;X;X
some_fake_ANY_title_31;Специальные лекции;X;X;X;X;X;X
some_fake_ANY_31;Совет науки провинции $OURCAPITAL$ обещает провести лекции о происхождении цивилизации. Специальный показ глиняной посуды из Тира отменяется.;X;X;X;X;X;X
some_fake_ANY_title_32;Обратите внимание!;X;X;X;X;X;X
some_fake_ANY_32;Приближается мощная буря. Инструкция от чиновников безопасности: не чистить дымоходы во время бури. Если это предупреждение будет проигнорировано, может возникнуть аварийная ситуация.;X;X;X;X;X;X
some_fake_ANY_title_34;Торговый саммит;X;X;X;X;X;X
some_fake_ANY_34;Текущие европейские и международные тарифы, а также практики протекционизма будут обсуждаться в следующий четверг в $OURCAPITAL$.;X;X;X;X;X;X
some_fake_ANY_title_35;Почтовая конвенция;X;X;X;X;X;X
some_fake_ANY_35;Сегодня власти $OURCOUNTRY_ADJ$ и нескольких других стран собираются, чтобы обсудить почтовые сборы для всех посылок, отправленных за границу.;X;X;X;X;X;X
some_fake_ANY_title_36;Современная торговля углем;X;X;X;X;X;X
some_fake_ANY_36;Сегодня в местной торговой палате западного мира обсуждается свободная торговля углем для железнодорожных локомотивов и морских судов.;X;X;X;X;X;X
some_fake_ANY_title_37;Вряд ли станет Кардиналом;X;X;X;X;X;X
some_fake_ANY_37;В окружениях Папы в Ватикане осуждают слухи о предстоящем преждевременном выборе архиепископа.;X;X;X;X;X;X
some_fake_ANY_title_38;Похороны генерала;X;X;X;X;X;X
some_fake_ANY_38;Ныне бывший генерал и банкир, скончавшийся на прошлой неделе у себя в доме, будет похоронен сегодня. Только его близкие друзья будут присутствовать на церемонии.;X;X;X;X;X;X
some_fake_ANY_title_39;Рожденный на вершине;X;X;X;X;X;X
some_fake_ANY_39;Женщина, забеременевшая во время восхождения на горную вершину, вместе с двумя спутниками устроила убежище на высоте 4000 метров над уровнем моря. Там у нее родился здоровый малыш.;X;X;X;X;X;X
some_fake_ANY_title_40;Вопрос морали?;X;X;X;X;X;X
some_fake_ANY_40;Можем ли мы допустить, чтобы история запомнила нас, как тех кто подавили мечты о свободе иностранных народов и подчинили их своему правительству. Можем ли мы управлять ими?;X;X;X;X;X;X
some_fake_ANY_title_41;Шантажист арестован;X;X;X;X;X;X
some_fake_ANY_41;Бывший актер, а также подозреваемый в дезертирстве был арестован за вымогательство денег у извесной актрисы.;X;X;X;X;X;X
some_fake_ANY_title_42;Юбочное зло;X;X;X;X;X;X
some_fake_ANY_42;Мода не может заставить тащить грязь с улицы в дом. Врачи не рекомендуют носить особо длинные юбки для сохранения здоровья.;X;X;X;X;X;X
some_fake_ANY_title_43;Народная медицина погубила дитя;X;X;X;X;X;X
some_fake_ANY_43;Двенадцатилетняя девочка умерла от дизентерии, потому что родители заменили семейного врача на народного целителя.;X;X;X;X;X;X
some_fake_ANY_title_44;Вооруженные иммигранты!;X;X;X;X;X;X
some_fake_ANY_44;Местный житель из провинции $ANYPROVINCE$ сообщил, что в местном пабе он был обстрелян группой вооруженных мужчин.;X;X;X;X;X;X
some_fake_ANY_title_45;Обзорная статья;X;X;X;X;X;X
some_fake_ANY_45;Все газетные статьи подвергаются тщательному рассмотрению на предмет достоверности. Никак не связанная с этим новость: журналист, писавший об деревянных тротуарах уволен.;X;X;X;X;X;X
some_fake_ANY_title_46;Обсуждение закона;X;X;X;X;X;X
some_fake_ANY_46;Законодатели страны собрались в городе $OURCAPITAL$, чтобы обсудить реформу судебной системы в области гражданского и уголовного кодексов.;X;X;X;X;X;X
some_fake_ANY_title_48;История державы $OURCOUNTRY$;X;X;X;X;X;X
some_fake_ANY_48;Наконец то многотомный труд по истории $OURCOUNTRY_ADJ$ цивилизации был закончен. Ведущие историки считают его эталонным и мы будем гордиться своими героями!;X;X;X;X;X;X
some_fake_ANY_title_49;Концерт Баха;X;X;X;X;X;X
some_fake_ANY_49;Дань ностальгии для всех любителей музыки. Все самые известные произведения Баха будут исполняться $OURCOUNTRY_ADJ$ национальным оркестром на следующей неделе в Большом концертном зале города $OURCAPITAL$.;X;X;X;X;X;X
some_fake_ANY_title_50;Камень доставлен;X;X;X;X;X;X
some_fake_ANY_50;Жители провинции $ANYPROVINCE$ занимаются ввозом огромных кусков мрамора из-за рубежа. Ходят слухи, что на главной площади столицы будет установлен грандиозный памятник.;X;X;X;X;X;X
some_fake_ANY_title_51;Технические новинки;X;X;X;X;X;X
some_fake_ANY_51;По словам ученого, возглавляющего технический отдел $OURCAPITAL$ университета, скоро различные устройства станут играть все большую роль в нашей жизни.;X;X;X;X;X;X
some_fake_ANY_title_52;Смерть кузнеца;X;X;X;X;X;X
some_fake_ANY_52;Кузнеца пнула лошадь, которую он хотел подковать в провинции $ANYPROVINCE$. От полученных травм он скончался.;X;X;X;X;X;X
some_fake_ANY_title_53;Солнечное затмение;X;X;X;X;X;X
some_fake_ANY_53;Напоминаем читателям, что в эту пятницу произойдет солнечное затмение. ЭТО НЕ КОНЕЦ СВЕТА! Поэтому причин для паники и прекращения работы нет.;X;X;X;X;X;X
some_fake_ANY_title_54;Ровный график продаж;X;X;X;X;X;X
some_fake_ANY_54;График продаж, который рос на протяжении десятилетий, стал выравниваться. Заказы остались на том же уровне с последнего квартала.;X;X;X;X;X;X
some_fake_ANY_title_55;Путешествия во времени;X;X;X;X;X;X
some_fake_ANY_55;Автор дешевых приключенческих романов выдвинул гипотезу о том, что человек может перемещаться вперед и назад во времени, появляясь в различные годы.;X;X;X;X;X;X
some_fake_ANY_title_56;Грамотность;X;X;X;X;X;X
some_fake_ANY_56;Данные показывают невероятный рост грамотности во всем мире. Если раньше грамотность считалась прерогативой духовенства и аристократии, то теперь распространяется среди рабочих и даже слабого пола.;X;X;X;X;X;X
some_fake_ANY_title_57;Научная лекция;X;X;X;X;X;X
some_fake_ANY_57;Натурфилософам сообщили, что лекция по геологии, или науке о строении горных пород, состоится в университете города $OURCAPITAL$ в следующий вторник. Аудитория №1.;X;X;X;X;X;X
some_fake_ANY_title_58;Прерванное собрание;X;X;X;X;X;X
some_fake_ANY_58;Вчера политический клуб был взят штурмом сторонницами равенства полов. Мужьям дебоширок был сделан выговор за поведение их жен.;X;X;X;X;X;X
some_fake_ANY_title_59;Об англичанах;X;X;X;X;X;X
some_fake_ANY_59;Англичанин всегда сохраняет твердость характера, честен и является сторонником свободы. Изобретательный, изящный и остроумный, он выделяется своей яркой фигурой среди других национальностей.;X;X;X;X;X;X
some_fake_ANY_title_60;Волна гриппа;X;X;X;X;X;X
some_fake_ANY_60;Грипп проносится по державе $OURCOUNTRY$. Очень многие зараженных по всей стране. Простые граждане боятся пандемии, но эксперты уверяют, что это просто сезонное явление.;X;X;X;X;X;X
some_fake_ANY_title_61;Найден клад;X;X;X;X;X;X
some_fake_ANY_61;В провинции $ANYPROVINCE$ на этой неделе были обнаружены остатки старого клада. Большую часть золотых монет нашел фермер, который вспахивал землю после сильного дождя.;X;X;X;X;X;X
some_fake_ANY_title_62;Метрика? Вздор!;X;X;X;X;X;X
some_fake_ANY_62;Британский государственный деятель считает, что имперская система мер является путем в будущее. «Мы никогда не примем эту французскую метрическую ерунду».;X;X;X;X;X;X
fascist_group;Фашистские партии;X;X;X;X;X;X
conservative_group;Консервативные и реакционные партии;X;X;X;X;X;X
socialist_group;Социалистические и коммунистические партии;X;X;X;X;X;X
liberal_group;Либеральные и либерало-анархистские партии;X;X;X;X;X;X
army_tech_research_bonus;Исследования в армии;X;X;X;X;X;X
commerce_tech_research_bonus;Исследования в коммерции;X;X;X;X;X;X
culture_tech_research_bonus;Исследования в культуре;X;X;X;X;X;X
industry_tech_research_bonus;Исследования в промышленности;X;X;X;X;X;X
navy_tech_research_bonus;Исследования во флоте;X;X;X;X;X;X
stock_market_crash;Крах фондового рынка;X;X;X;X;X;X
great_depression;Великая депрессия;X;X;X;X;X;X
central_bank_established;Центральный банк;X;X;X;X;X;X
local_stock_exchange;Фондовый рынок;X;X;X;X;X;X
economic_boom;Экономический бум;X;X;X;X;X;X
sami;Саамская;X;X;X;X;X;X
pan_romanian;Румынская;X;X;X;X;X;X
traditional_academic;Традиционная академия;X;X;X;X;X;X
army_tech_school;Военно-промышленный комплекс;X;X;X;X;X;X
arab_tech_school;Комитет развития Египта;X;X;X;X;X;X
naval_tech_school;Морская сила и торговый флот;X;X;X;X;X;X
industrial_tech_school;Корпоративный индустриализм;X;X;X;X;X;X
culture_tech_school;Авангард интеллигенции;X;X;X;X;X;X
commerce_tech_school;Школа бизнеса и промышленный капитализм;X;X;X;X;X;X
prussian_tech_school;Юнкеры, армия и Крупп;X;X;X;X;X;X
soviet_tech_school;Советская школа;X;X;X;X;X;X
po_disarmament2;§Y$YEARS$§W-летний запрет на рост армии с сокращением сил на §Y$PERCENTAGE$%§W;X;X;X;X;X;X
po_reparations2;§Y$YEARS$§W-летние выплаты §Y$PERCENTAGE$%§W дохода от налогов.;X;X;X;X;X;X
po_reduce_prestige2;Уменьшение §Yпрестижа§W на §R$VALUE$§W.;X;X;X;X;X;X
corn_laws_repealed;Хлебные законы отменены;X;X;X;X;X;X
female_suffrage;Избирательное право для женщин;X;X;X;X;X;X
carlist_rebels_name;Карлисты;X;X;X;X;X;X
carlist_rebels_army;Карлистская бригада;X;X;X;X;X;X
infrastructure;Инфраструктура;X;X;X;X;X;X
academic_confusion;Академическая неразбериха;X;X;X;X;X;X
muhammad_alis_reforms;Реформы Мухаммеда Али;X;X;X;X;X;X
desc_muhammad_alis_reforms;Мы начали реформы Мухаммеда Али, и это ускорило наши исследования.;X;X;X;X;X;X
civil_war;Гражданская война;X;X;X;X;X;X
civil_war_short;Объединение нации;X;X;X;X;X;X
la_guardia_civil;Национальная гвардия;X;X;X;X;X;X
the_french_foreign_legion;Иностранный легион;X;X;X;X;X;X
the_slavery_debate;Споры о рабовладении;X;X;X;X;X;X
desc_the_slavery_debate;В Соединенных Штатах продолжаются споры о рабовладении. Народный интерес к этому вопросу растет с каждым днем. Если в представительство либералов в сенате достигнет 30 процентов, Юг вполне может решиться на отделение.;X;X;X;X;X;X
boxer_rebels_name;Боксеры;X;X;X;X;X;X
boxer_rebels_army;Боксерская бригада;X;X;X;X;X;X
SIDEMENU_menubar_msg_combat;Щелкните левой кнопкой мыши для показа всех §Yбоевых§W сообщений. Щелкните правой кнопкой, чтобы скрыть все.;X;X;X;X;X;X
SIDEMENU_menubar_msg_diplo;Щелкните левой кнопкой мыши для показа всех §Yдипломатических§W сообщений. Щелкните правой кнопкой, чтобы скрыть все.;X;X;X;X;X;X
SIDEMENU_menubar_msg_unit;Щелкните левой кнопкой мыши для показа всех сообщений §Yо подразделениях§W. Щелкните правой кнопкой, чтобы скрыть все.;X;X;X;X;X;X
SIDEMENU_menubar_msg_province;Щелкните левой кнопкой мыши для показа всех сообщений §Yиз провинций§W. Щелкните правой кнопкой, чтобы скрыть все.;X;X;X;X;X;X
SIDEMENU_menubar_msg_other;Щелкните левой кнопкой мыши для показа всех §Yостальных§W сообщений. Щелкните правой кнопкой, чтобы скрыть все.;X;X;X;X;X;X
SIDEMENU_menubar_msg_event;Щелкните левой кнопкой мыши для показа всех сообщений §Yо событиях§W. Щелкните правой кнопкой, чтобы скрыть все.;X;X;X;X;X;X
the_yard;Скотланд-Ярд;X;X;X;X;X;X
signed_the_geneva_convention;Женевская конвенция;X;X;X;X;X;X
folkis_educates;Народные школы;X;X;X;X;X;X
tutorial_chapter_military_basic;Конец вводного учебного сценария по войнам;X;X;X;X;X;X
tutorial_chapter_military_victoria;Конец основного учебного сценария по войнам;X;X;X;X;X;X
tutorial_chapter_industry_basic;Конец вводного учебного сценария по производству;X;X;X;X;X;X
tutorial_chapter_industry_victoria;Конец основного учебного сценария по производству;X;X;X;X;X;X
tutorial_chapter_budget_basic;Конец вводного учебного сценария по бюджету;X;X;X;X;X;X
tutorial_chapter_technology_basic;Конец вводного учебного сценария по технологиям;X;X;X;X;X;X
tutorial_chapter_technology_victoria;Конец основного учебного сценария по технологиям;X;X;X;X;X;X
tutorial_chapter_politics_basic;Конец вводного учебного сценария по политике;X;X;X;X;X;X
tutorial_chapter_politics_victoria;Конец основного учебного сценария по политике;X;X;X;X;X;X
tutorial_chapter_population_basic;Конец вводного учебного сценария по населению;X;X;X;X;X;X
tutorial_chapter_population_victoria;Конец основного учебного сценария по населению;X;X;X;X;X;X
tutorial_chapter_trade_basic;Конец вводного учебного сценария по торговле;X;X;X;X;X;X
tutorial_chapter_trade_victoria;Конец основного учебного сценария по торговле;X;X;X;X;X;X
tutorial_chapter_diplomacy_basic;Конец вводного учебного сценария по дипломатии;X;X;X;X;X;X
tutorial_chapter_diplomacy_victoria;Конец основного учебного сценария по дипломатии;X;X;X;X;X;X
tutorial_chapter_end;Выберите продолжение.;X;X;X;X;X;X
tutorial_continue_basic;$TYPE$, уровень 1;X;X;X;X;X;X
tutorial_continue_intermediary;$TYPE$, уровень 2;X;X;X;X;X;X
tutorial_continue_advanced;$TYPE$, уровень 3;X;X;X;X;X;X
tutorial_continue_end;Вернуться в меню;X;X;X;X;X;X
chapter_name_0;Введение;X;X;X;X;X;X
chapter_name_1;Армия и флот;X;X;X;X;X;X
chapter_name_2;Производство;X;X;X;X;X;X
chapter_name_3;Бюджет;X;X;X;X;X;X
chapter_name_4;Технологии;X;X;X;X;X;X
chapter_name_5;Политика;X;X;X;X;X;X
chapter_name_6;Население;X;X;X;X;X;X
chapter_name_7;Торговля;X;X;X;X;X;X
chapter_name_8;Дипломатия;X;X;X;X;X;X
Select;Выбрать;X;X;X;X;X;X
Maneuver;Маневренность;X;X;X;X;X;X
noculture;нет_культуры;X;X;X;X;X;X
Culture;Культура;X;X;X;X;X;X
Shortcut:;Быстрый переход;X;X;X;X;X;X
Apache Raiders;Налетчики Апачи;X;X;X;X;X;X
Little Bighorn;Маленький снежный рог их;X;X;X;X;X;X
Blast them!;Взорвать их;X;X;X;X;X;X
on;Вкл.;X;X;X;X;X;X
off;Выкл.;X;X;X;X;X;X
very easy;Очень легко;X;X;X;X;X;X
easy;Легко;X;X;X;X;X;X
normal;Нормально;X;X;X;X;X;X
hard;Сложно;X;X;X;X;X;X
very hard;Очень сложно;X;X;X;X;X;X
very_easy_player;Очень легко;X;X;X;X;X;X
easy_player;Легко;X;X;X;X;X;X
hard_player;Сложно;X;X;X;X;X;X
very_hard_player;Очень сложно;X;X;X;X;X;X
very_easy_ai;Очень легко;X;X;X;X;X;X
easy_ai;Легко;X;X;X;X;X;X
hard_ai;Сложно;X;X;X;X;X;X
very_hard_ai;Очень сложно;X;X;X;X;X;X
army_base;Армии;X;X;X;X;X;X
navy_base;Флоты;X;X;X;X;X;X
infantry;Пехота;X;X;X;X;X;X
cavalry;Кавалерия;X;X;X;X;X;X
cuirassier;Кирасиры;X;X;X;X;X;X
dragoon;Драгуны;X;X;X;X;X;X
engineer;Инженеры;X;X;X;X;X;X
guard;Гвардейцы;X;X;X;X;X;X
hussar;Гусары;X;X;X;X;X;X
irregular;Иррегуляры;X;X;X;X;X;X
artillery;Артиллерия;X;X;X;X;X;X
tank;Танки;X;X;X;X;X;X
plane;Самолет;X;X;X;X;X;X
commerce_raider;Рейдер;X;X;X;X;X;X
cruiser;Крейсер;X;X;X;X;X;X
frigate;Фрегат;X;X;X;X;X;X
manowar;Парусный линкор;X;X;X;X;X;X
ironclad;Броненосец;X;X;X;X;X;X
dreadnought;Дредноут;X;X;X;X;X;X
clipper_transport;Клиперы;X;X;X;X;X;X
steam_transport;Транспортные пароходы;X;X;X;X;X;X
monitor;Монитор;X;X;X;X;X;X
army_base_short;(А);X;X;X;X;X;X
navy_base_short;(Ф);X;X;X;X;X;X
infantry_short;Пех.;X;X;X;X;X;X
cavalry_short;Кав.;X;X;X;X;X;X
cuirassier_short;Кир.;X;X;X;X;X;X
dragoon_short;Драг.;X;X;X;X;X;X
engineer_short;Инж.;X;X;X;X;X;X
guard_short;Гв.;X;X;X;X;X;X
irregular_short;Ирр.;X;X;X;X;X;X
hussar_short;Гус.;X;X;X;X;X;X
artillery_short;Арт.;X;X;X;X;X;X
tank_short;Танк.;X;X;X;X;X;X
plane_short;Сам.;X;X;X;X;X;X
commerce_raider_short;РД;X;X;X;X;X;X
cruiser_short;КР;X;X;X;X;X;X
frigate_short;ФР;X;X;X;X;X;X
manowar_short;ПЛК;X;X;X;X;X;X
ironclad_short;БН;X;X;X;X;X;X
dreadnought_short;ДН;X;X;X;X;X;X
clipper_transport_short;КЛ;X;X;X;X;X;X
steam_transport_short;ТР;X;X;X;X;X;X
monitor_short;МО;X;X;X;X;X;X
spd20rec05;+20 скор    +5 разв;X;X;X;X;X;X
spd20rec10;+20 скор    +10 разв;X;X;X;X;X;X
spd20rec15;+20 скор    +15 разв;X;X;X;X;X;X
org05mor10;+5 орг    +10 мор;X;X;X;X;X;X
org05mor10_2;+5 орг    +10 мор;X;X;X;X;X;X
org05mor10_3;+5 орг    +10 мор;X;X;X;X;X;X
org05mor10_4;+5 орг    +10 мор;X;X;X;X;X;X
org05mor20;+5 орг    +20 мор;X;X;X;X;X;X
org05mor30;+5 орг    +30 мор;X;X;X;X;X;X
org05mor40;+5 орг    +40 мор;X;X;X;X;X;X
org05rec05;+5 орг    +5 разв;X;X;X;X;X;X
org05rec05_2;+5 орг    +5 разв;X;X;X;X;X;X
org05rec05_3;+5 орг    +5 разв;X;X;X;X;X;X
org05rec05_4;+5 орг    +5 разв;X;X;X;X;X;X
org05rec10;+5 орг    +10 разв;X;X;X;X;X;X
org05rec15;+5 орг    +15 разв;X;X;X;X;X;X
org05att05;+5 орг    -0.5 ист;X;X;X;X;X;X
org05att05_2;+5 орг    -0.5 ист;X;X;X;X;X;X
org05att05_3;+5 орг    -0.5 ист;X;X;X;X;X;X
org05att05_4;+5 орг    -0.5 ист;X;X;X;X;X;X
org05att10;+5 орг    -1 ист;X;X;X;X;X;X
org05att15;+5 орг    -1.5 ист;X;X;X;X;X;X
org05exp05;+5 орг    +5 опыт;X;X;X;X;X;X
org05exp05_2;+5 орг    +5 опыт;X;X;X;X;X;X
org05exp05_3;+5 орг    +5 опыт;X;X;X;X;X;X
org05exp05_4;+5 орг    +5 опыт;X;X;X;X;X;X
org05exp10;+5 орг    +10 опыт;X;X;X;X;X;X
org05exp15;+5 орг    +15 опыт;X;X;X;X;X;X
org10mor10;+10 орг    +10 мор;X;X;X;X;X;X
org10mor20;+10 орг    +20 мор;X;X;X;X;X;X
org10mor30;+10 орг    +30 мор;X;X;X;X;X;X
org10mor40;+10 орг    +40 мор;X;X;X;X;X;X
org10rec05;+10 орг    +5 разв;X;X;X;X;X;X
org10rec10;+10 орг    +10 разв;X;X;X;X;X;X
org10rec15;+10 орг    +15 разв;X;X;X;X;X;X
org10att05;+10 орг    -0.5 ист;X;X;X;X;X;X
org10att10;+10 орг   -1 ист;X;X;X;X;X;X
org10att15;+10 орг    -1.5 ист;X;X;X;X;X;X
org10exp05;+10 орг    +5 опыт;X;X;X;X;X;X
org10exp10;+10 орг    +10 опыт;X;X;X;X;X;X
org10exp15;+10 орг    +15 опыт;X;X;X;X;X;X
org15mor10;+15 орг    +10 мор;X;X;X;X;X;X
org15mor20;+15 орг    +20 мор;X;X;X;X;X;X
org15mor30;+15 орг    +30 мор;X;X;X;X;X;X
org15mor40;+15 орг    +40 мор;X;X;X;X;X;X
org15rec05;+15 орг    +5 разв;X;X;X;X;X;X
org15rec10;+15 орг    +10 разв;X;X;X;X;X;X
org15rec15;+15 орг    +15 разв;X;X;X;X;X;X
org15att05;+15 орг    -0.5 ист;X;X;X;X;X;X
org15att10;+15 орг    -1 ист;X;X;X;X;X;X
org15att15;+15 орг    -1.5 ист;X;X;X;X;X;X
org15exp05;+15 орг    +5 опыт;X;X;X;X;X;X
org15exp10;+15 орг    +10 опыт;X;X;X;X;X;X
org15exp15;+15 орг    +15 опыт;X;X;X;X;X;X
mor10rec05;+10 мор    +5 разв;X;X;X;X;X;X
mor10rec05_2;+10 мор    +5 разв;X;X;X;X;X;X
mor10rec05_3;+10 мор    +5 разв;X;X;X;X;X;X
mor10rec05_4;+10 мор    +5 разв;X;X;X;X;X;X
mor10rec10;+10 мор    +10 разв;X;X;X;X;X;X
mor10rec15;+10 мор    +15 разв;X;X;X;X;X;X
mor10att05;+10 мор    -0.5 ист;X;X;X;X;X;X
mor10att05_2;+10 мор    -0.5 ист;X;X;X;X;X;X
mor10att05_3;+10 мор    -0.5 ист;X;X;X;X;X;X
mor10att05_4;+10 мор    -0.5 ист;X;X;X;X;X;X
mor10att10;+10 мор    -1 ист;X;X;X;X;X;X
mor10att15;+10 мор    -1.5 ист;X;X;X;X;X;X
mor10exp05;+10 мор    +5 опыт;X;X;X;X;X;X
mor10exp05_2;+10 мор    +5 опыт;X;X;X;X;X;X
mor10exp05_3;+10 мор    +5 опыт;X;X;X;X;X;X
mor10exp05_4;+10 мор    +5 опыт;X;X;X;X;X;X
mor10exp10;+10 мор    +10 опыт;X;X;X;X;X;X
mor10exp15;+10 мор    +15 опыт;X;X;X;X;X;X
mor20rec05;+20 мор    +5 разв;X;X;X;X;X;X
mor20rec05_2;+20 мор    +5 разв;X;X;X;X;X;X
mor20rec10;+20 мор    +10 разв;X;X;X;X;X;X
mor20rec15;+20 мор    +15 разв;X;X;X;X;X;X
mor20att05;+20 мор    -0.5 ист;X;X;X;X;X;X
mor20att05_2;+20 мор    -0.5 ист;X;X;X;X;X;X
mor20att10;+20 мор    -1 ист;X;X;X;X;X;X
mor20att15;+20 мор    -1.5 ист;X;X;X;X;X;X
mor20exp05;+20 мор    +5 опыт;X;X;X;X;X;X
mor20exp05_2;+20 мор    +5 опыт;X;X;X;X;X;X
mor20exp10;+20 мор    +10 опыт;X;X;X;X;X;X
mor20exp15;+20 мор    +15 опыт;X;X;X;X;X;X
mor30rec05;+30 мор    +5 разв;X;X;X;X;X;X
mor30rec10;+30 мор    +10 разв;X;X;X;X;X;X
mor30rec15;+30 мор    +15 разв;X;X;X;X;X;X
mor30att05;+30 мор    -0.5 ист;X;X;X;X;X;X
mor30att10;+30 мор    -1 ист;X;X;X;X;X;X
mor30att15;+30 мор    -1.5 ист;X;X;X;X;X;X
mor30exp05;+30 мор    +5 опыт;X;X;X;X;X;X
mor30exp10;+30 мор    +10 опыт;X;X;X;X;X;X
mor30exp15;+30 мор    +15 опыт;X;X;X;X;X;X
mor40rec05;+40 мор    +5 разв;X;X;X;X;X;X
mor40rec10;+40 мор    +10 разв;X;X;X;X;X;X
mor40rec15;+40 мор    +15 разв;X;X;X;X;X;X
mor40att05;+40 мор    -0.5 ист;X;X;X;X;X;X
mor40att10;+40 мор    -1 ист;X;X;X;X;X;X
mor40att15;+40 мор    -1.5 ист;X;X;X;X;X;X
mor40exp05;+40 мор    +5 опыт;X;X;X;X;X;X
mor40exp10;+40 мор    +10 опыт;X;X;X;X;X;X
mor40exp15;+40 мор    +15 опыт;X;X;X;X;X;X
rec05att05;+5 разв    -0.5 ист;X;X;X;X;X;X
rec05att05_2;+5 разв    -0.5 ист;X;X;X;X;X;X
rec05att05_3;+5 разв    -0.5 ист;X;X;X;X;X;X
rec05att05_4;+5 разв    -0.5 ист;X;X;X;X;X;X
rec05att10;+5 разв    -1 ист;X;X;X;X;X;X
rec05att15;+5 разв    -1.5 ист;X;X;X;X;X;X
rec05exp05;+5 разв    +5 опыт;X;X;X;X;X;X
rec05exp05_2;+5 разв    +5 опыт;X;X;X;X;X;X
rec05exp05_3;+5 разв    +5 опыт;X;X;X;X;X;X
rec05exp05_4;+5 разв    +5 опыт;X;X;X;X;X;X
rec05exp10;+5 разв    +10 опыт;X;X;X;X;X;X
rec05exp15;+5 разв    +15 опыт;X;X;X;X;X;X
rec10att05;+10 разв    -0.5 ист;X;X;X;X;X;X
rec10att10;+10 разв    -1 ист;X;X;X;X;X;X
rec10att15;+10 разв    -1.5 ист;X;X;X;X;X;X
rec10exp05;+10 разв    +5 опыт;X;X;X;X;X;X
rec10exp10;+10 разв    +10 опыт;X;X;X;X;X;X
rec10exp15;+10 разв    +15 опыт;X;X;X;X;X;X
rec15att05;+15 разв    -0.5 ист;X;X;X;X;X;X
rec15att10;+15 разв    -1 ист;X;X;X;X;X;X
rec15att15;+15 разв    -1.5 ист;X;X;X;X;X;X
rec15exp05;+15 разв    +5 опыт;X;X;X;X;X;X
rec15exp10;+15 разв    +10 опыт;X;X;X;X;X;X
rec15exp15;+15 разв    +15 опыт;X;X;X;X;X;X
att05exp05;-5 ист    +5 опыт;X;X;X;X;X;X
att05exp05_2;-5 ист    +5 опыт;X;X;X;X;X;X
att05exp05_3;-5 ист    +5 опыт;X;X;X;X;X;X
att05exp05_4;-5 ист    +5 опыт;X;X;X;X;X;X
att05exp10;-5 ист    +10 опыт;X;X;X;X;X;X
att05exp15;-5 ист    +15 опыт;X;X;X;X;X;X
att10exp05;-10 ист    +5 опыт;X;X;X;X;X;X
att10exp10;-10 ист    +10 опыт;X;X;X;X;X;X
att10exp15;-10 ист    +15 опыт;X;X;X;X;X;X
att15exp05;-15 ист    +5 опыт;X;X;X;X;X;X
att15exp10;-15 ист    +10 опыт;X;X;X;X;X;X
att15exp15;-15 ист    +15 опыт;X;X;X;X;X;X
no_personality;-3 атаки;X;X;X;X;X;X
aggressive;+4 атаки;X;X;X;X;X;X
relentless;+3 атаки;X;X;X;X;X;X
earnest;-1 защита;X;X;X;X;X;X
persistant;-1 атака;X;X;X;X;X;X
balanced_p;+2 защиты;X;X;X;X;X;X
cautious;+1 защиты;X;X;X;X;X;X
coolminded;+2 защиты;X;X;X;X;X;X
inspiring;-1 защита;X;X;X;X;X;X
gallant;-2 защита;X;X;X;X;X;X
arrogant;+2 защиты;X;X;X;X;X;X
vainglorious;+1 атаки;X;X;X;X;X;X
brutish;+3 атаки;X;X;X;X;X;X
bigoted;+2 защиты;X;X;X;X;X;X
impetuous;+2 защиты;X;X;X;X;X;X
polite;-2 защита;X;X;X;X;X;X
vicious;+3 атаки;X;X;X;X;X;X
deeply_religious;+2 атаки;X;X;X;X;X;X
imperious;+2 атаки;X;X;X;X;X;X
choleric;+2 атаки;X;X;X;X;X;X
fanatic;+2 атаки;X;X;X;X;X;X
irate;+2 атаки;X;X;X;X;X;X
wrathful;+2 атаки;X;X;X;X;X;X
calm;+2 атаки;X;X;X;X;X;X
reserved;+2 атаки;X;X;X;X;X;X
harsh;+2 атаки;X;X;X;X;X;X
merciless;+3 защиты;X;X;X;X;X;X
implacable;+3 защиты;X;X;X;X;X;X
careful;+2 атаки;X;X;X;X;X;X
meticulous;+2 атаки;X;X;X;X;X;X
openminded;+2 атаки;X;X;X;X;X;X
charismatic;-1 атаки;X;X;X;X;X;X
impulsive;+2 атаки;X;X;X;X;X;X
intuitive;+2 атаки;X;X;X;X;X;X
resourceful;+2 защиты;X;X;X;X;X;X
romantic;+2 атаки;X;X;X;X;X;X
brash;+2 атаки;X;X;X;X;X;X
daring;+2 атаки;X;X;X;X;X;X
soldierly;+2 атаки;X;X;X;X;X;X
disciplined;+2 атаки;X;X;X;X;X;X
unflinching;+2 атаки;X;X;X;X;X;X
bold;+2 атаки;X;X;X;X;X;X
audacious;+2 защиты;X;X;X;X;X;X
heroic;+2 атаки;X;X;X;X;X;X
stout;+1 защиты;X;X;X;X;X;X
stalwart;+2 защиты;X;X;X;X;X;X
stouthearted;-2 атаки;X;X;X;X;X;X
steadfast;+2 атаки;X;X;X;X;X;X
chivalrous;+2 атаки;X;X;X;X;X;X
ballsy;+1 атаки;X;X;X;X;X;X
aweless;+1 атаки;X;X;X;X;X;X
manful;+4 защиты;X;X;X;X;X;X
doughty;-1 защита;X;X;X;X;X;X
gutsy;+1 защиты;X;X;X;X;X;X
spirited;+2 защиты;X;X;X;X;X;X
resolute;+2 защиты;X;X;X;X;X;X
defiant;+0 защиты;X;X;X;X;X;X
able;Захватчик;X;X;X;X;X;X
intelligent;+1 атаки;X;X;X;X;X;X
sharp;+1 атаки;X;X;X;X;X;X
keen;+1 атаки;X;X;X;X;X;X
clever;+1 атаки;X;X;X;X;X;X
skilled;+1 атаки;X;X;X;X;X;X
efficient;+1 атаки;X;X;X;X;X;X
au_fait;+1 атаки;X;X;X;X;X;X
indifferent;+1 атаки;X;X;X;X;X;X
mediocre;+1 атаки;X;X;X;X;X;X
lackluster;+1 атаки;X;X;X;X;X;X
timid;+1 атаки;X;X;X;X;X;X
chickenhearted;+1 атаки;X;X;X;X;X;X
lilylivered;+1 атаки;X;X;X;X;X;X
soft;+1 атаки;X;X;X;X;X;X
spineless;+1 атаки;X;X;X;X;X;X
unmanly;+1 атаки;X;X;X;X;X;X
yellow;+1 атаки;X;X;X;X;X;X
pusillanimous;+1 атаки;X;X;X;X;X;X
coward;+1 атаки;X;X;X;X;X;X
craven;+1 атаки;X;X;X;X;X;X
bastard;+2 защиты;X;X;X;X;X;X
shirker;+2 защиты;X;X;X;X;X;X
scared;+2 защиты;X;X;X;X;X;X
maladroit;+1 атаки;X;X;X;X;X;X
undisciplined;+1 атаки;X;X;X;X;X;X
incapable;+1 атаки;X;X;X;X;X;X
inept;+1 атаки;X;X;X;X;X;X
inefficient;-1 атаки;X;X;X;X;X;X
perverse;-1 атаки;X;X;X;X;X;X
unruly;-1 атаки;X;X;X;X;X;X
disorderly;-2 атаки;X;X;X;X;X;X
careless;-2 атаки;X;X;X;X;X;X
wretched;0 атаки;X;X;X;X;X;X
pisspoor;-2 атаки;X;X;X;X;X;X
unsound;0 атаки;X;X;X;X;X;X
strange;Оккупант;X;X;X;X;X;X
shrinking_violet;Выживальщик;X;X;X;X;X;X
no_background;-3 защиты;X;X;X;X;X;X
war_college;+1 атаки;X;X;X;X;X;X
armchair_general;+2 защиты;X;X;X;X;X;X
bureaucrat_speed;+2 защиты;X;X;X;X;X;X
generals_aide;+2 защиты;X;X;X;X;X;X
amateur;+2 защиты;X;X;X;X;X;X
madman;+1 защиты;X;X;X;X;X;X
aristocrat;+1 защиты;X;X;X;X;X;X
drillmaster;+1 защиты;X;X;X;X;X;X
butcher;+1 защиты;X;X;X;X;X;X
exranker;+1 защиты;X;X;X;X;X;X
adventurer;0 атаки;X;X;X;X;X;X
debutante;+1 защиты;X;X;X;X;X;X
disgraced;+1 защиты;X;X;X;X;X;X
priest;+1 защиты;X;X;X;X;X;X
rising_star;+1 защиты;X;X;X;X;X;X
politician;+1 защиты;X;X;X;X;X;X
poet;-2 атаки;X;X;X;X;X;X
cartographer;+1 защиты;X;X;X;X;X;X
professor;+1 защиты;X;X;X;X;X;X
old_school;-1 защиты;X;X;X;X;X;X
eccentric_genius;-1 атаки;X;X;X;X;X;X
gifted_administrator;-1 защиты;X;X;X;X;X;X
innovative_tactician;-2 атаки;X;X;X;X;X;X
expert_raider;-2 атаки;X;X;X;X;X;X
megalomaniac;-2 атаки;X;X;X;X;X;X
hated;-2 защиты;X;X;X;X;X;X
cursed_luck;-2 защиты;X;X;X;X;X;X
clueless;-2 атаки;X;X;X;X;X;X
diplomat;-1 защиты;X;X;X;X;X;X
powerful_friends;-2 защиты;X;X;X;X;X;X
immoral;0 защиты;X;X;X;X;X;X
womanizer;+1 защита;X;X;X;X;X;X
warmonger;+1 защита;X;X;X;X;X;X
corrupt;+1 защита;X;X;X;X;X;X
bootlicker;+1 защита;X;X;X;X;X;X
sycophant;-1 защита;X;X;X;X;X;X
toady;+1 атаки;X;X;X;X;X;X
yesman;-2 атаки;X;X;X;X;X;X
brownnoser;+1 атаки;X;X;X;X;X;X
spoiled;+1 атаки;X;X;X;X;X;X
school_of_defense;0 защиты;X;X;X;X;X;X
school_of_the_bayonet;0 защиты;X;X;X;X;X;X
artillerist;0 защиты;X;X;X;X;X;X
uncommonly_young;Быстрый;X;X;X;X;X;X
sucker;-1 атака;X;X;X;X;X;X
sad_sack;-1 атака;X;X;X;X;X;X
unfit;-1 атака;X;X;X;X;X;X
unqualified;0 защиты;X;X;X;X;X;X
pawn;Очень быстрый;X;X;X;X;X;X
incompetent;Мастер выживания;X;X;X;X;X;X
naval_base;Морская база;X;X;X;X;X;X
railroad;Железная дорога;X;X;X;X;X;X
mild_climate;Мягкий климат;X;X;X;X;X;X
temperate_climate;Умеренный климат;X;X;X;X;X;X
harsh_climate;Суровый климат;X;X;X;X;X;X
inhospitable_climate;Непригодный для жизни климат;X;X;X;X;X;X
ocean;Океан;X;X;X;X;X;X
arctic;Арктика;X;X;X;X;X;X
farmlands;Сельхозугодья;X;X;X;X;X;X
forest;Лес;X;X;X;X;X;X
hills;Холмы;X;X;X;X;X;X
woods;Рощи;X;X;X;X;X;X
mountain;Горы;X;X;X;X;X;X
steppe;Степь;X;X;X;X;X;X
plains;Равнины;X;X;X;X;X;X
jungle;Джунгли;X;X;X;X;X;X
marsh;Болото;X;X;X;X;X;X
desert;Пустыня;X;X;X;X;X;X
coastal_desert;Прибрежная пустыня;X;X;X;X;X;X
xxxx;—;X;X;X;X;X;X
germanic;Немцы;X;X;X;X;X;X
dutch;Голландцы;X;X;X;X;X;X
flemish;Фламандцы;X;X;X;X;X;X
north_german;Северные немцы;X;X;X;X;X;X
south_german;Южные немцы;X;X;X;X;X;X
swiss;Швейцарцы;X;X;X;X;X;X
pan_swiss;Швейцарцы;X;X;X;X;X;X
beneluxian;Нидерландцы;X;X;X;X;X;X
ashkenazi;Ашкенази;X;X;X;X;X;X
scandinavian;Скандинавы;X;X;X;X;X;X
swedish;Шведы;X;X;X;X;X;X
danish;Датчане;X;X;X;X;X;X
norwegian;Норвежцы;X;X;X;X;X;X
icelandic;Исландцы;X;X;X;X;X;X
finnish;Финны;X;X;X;X;X;X
british;Англичане;X;X;X;X;X;X
irish;Ирландцы;X;X;X;X;X;X
italian;Итальянцы;X;X;X;X;X;X
north_italian;Северные итальянцы;X;X;X;X;X;X
south_italian;Южные итальянцы;X;X;X;X;X;X
maltese;Мальтийцы;X;X;X;X;X;X
iberian;Иберийцы;X;X;X;X;X;X
basque;Баски;X;X;X;X;X;X
spanish;Испанцы;X;X;X;X;X;X
catalan;Каталанцы;X;X;X;X;X;X
portuguese;Португальцы;X;X;X;X;X;X
french;Французы;X;X;X;X;X;X
wallonian;Валлоны;X;X;X;X;X;X
south_slavic;Южные славяне;X;X;X;X;X;X
croat;Хорваты;X;X;X;X;X;X
serb;Сербы;X;X;X;X;X;X
bulgarian;Болгары;X;X;X;X;X;X
romanian;Румыны;X;X;X;X;X;X
albanian;Албанцы;X;X;X;X;X;X
slovene;Словенцы;X;X;X;X;X;X
bosniak;Босняки;X;X;X;X;X;X
czech;Чехословаки;X;X;X;X;X;X
polish;Поляки;X;X;X;X;X;X
hungarian;Венгры;X;X;X;X;X;X
slovak;Словаки;X;X;X;X;X;X
east_slavic;Восточные славяне;X;X;X;X;X;X
russian;Русские;X;X;X;X;X;X
byelorussian;Беларусы;X;X;X;X;X;X
ukrainian;Украинцы;X;X;X;X;X;X
ugrian;Финно-угры;X;X;X;X;X;X
baltic;Прибалты;X;X;X;X;X;X
lithuanian;Литовцы;X;X;X;X;X;X
latvian;Латыши;X;X;X;X;X;X
estonian;Эстонцы;X;X;X;X;X;X
levantine;Левантийцы;X;X;X;X;X;X
greek;Греки;X;X;X;X;X;X
georgian;Грузины;X;X;X;X;X;X
armenian;Армяне;X;X;X;X;X;X
sephardic;Сефарды;X;X;X;X;X;X
turko_semitic;Левиты;X;X;X;X;X;X
maghrebi;Магрибцы;X;X;X;X;X;X
misri;Мисри;X;X;X;X;X;X
mashriqi;Машрики;X;X;X;X;X;X
bedouin;Бедуины;X;X;X;X;X;X
berber;Берберы;X;X;X;X;X;X
turkish;Турки;X;X;X;X;X;X
azerbaijani;Азербайджанцы;X;X;X;X;X;X
north_caucasian;Кавказцы;X;X;X;X;X;X
kurdish;Курды;X;X;X;X;X;X
iranian_turanian;Туранцы;X;X;X;X;X;X
persian;Персы;X;X;X;X;X;X
uzbek;Узбеки;X;X;X;X;X;X
kazak;Средние азиаты;X;X;X;X;X;X
kirgiz;Киргизы;X;X;X;X;X;X
tajik;Таджики;X;X;X;X;X;X
uighur;Уйгуры;X;X;X;X;X;X
pashtun;Пуштуны;X;X;X;X;X;X
baluchi;Белуджи;X;X;X;X;X;X
hazara;Газара;X;X;X;X;X;X
turkmen;Туркмены;X;X;X;X;X;X
tatar;Татары;X;X;X;X;X;X
central_asian;Среднеазиаты;X;X;X;X;X;X
mongol;Монголы;X;X;X;X;X;X
siberian;Сибирцы;X;X;X;X;X;X
yakut;Якуты;X;X;X;X;X;X
tibetan;Тибетцы;X;X;X;X;X;X
south_asian;Южные азиаты;X;X;X;X;X;X
assamese;Ассамцы;X;X;X;X;X;X
bengali;Бенгальцы;X;X;X;X;X;X
bihari;Бихарцы;X;X;X;X;X;X
manipuri;Манипури;X;X;X;X;X;X
nepali;Непальцы;X;X;X;X;X;X
oriya;Ория;X;X;X;X;X;X
sinhala;Сингалы;X;X;X;X;X;X
avadhi;Авадхи;X;X;X;X;X;X
kanauji;Канауджи;X;X;X;X;X;X
panjabi;Пенджабцы;X;X;X;X;X;X
kashmiri;Кашмирцы;X;X;X;X;X;X
gujarati;Гуджарати;X;X;X;X;X;X
marathi;Маратхи;X;X;X;X;X;X
sindi;Синды;X;X;X;X;X;X
rajput;Раджпуты;X;X;X;X;X;X
kannada;Каннара;X;X;X;X;X;X
malayalam;Малаялам;X;X;X;X;X;X
tamil;Тамилы;X;X;X;X;X;X
telegu;Телугу;X;X;X;X;X;X
southeast_asian;Юго-восточные азиаты;X;X;X;X;X;X
vietnamese;Вьетнамцы;X;X;X;X;X;X
khmer;Кхмеры;X;X;X;X;X;X
malay;Малайзийцы;X;X;X;X;X;X
filipino;Филиппинцы;X;X;X;X;X;X
javan;Яванцы;X;X;X;X;X;X
moluccan;Молуккцы;X;X;X;X;X;X
thai;Тайцы;X;X;X;X;X;X
lao;Лао;X;X;X;X;X;X
shan;Шань;X;X;X;X;X;X
burmese;Бирманцы;X;X;X;X;X;X
asian_minor;Азиатские меньшинства;X;X;X;X;X;X
kachin;Качины;X;X;X;X;X;X
karen;Карены;X;X;X;X;X;X
east_asian;Восточные азиаты;X;X;X;X;X;X
manchu;Манчжуры;X;X;X;X;X;X
beifaren;Китайцы;X;X;X;X;X;X
korean;Корейцы;X;X;X;X;X;X
ainu;Айны;X;X;X;X;X;X
hakka;Хакка;X;X;X;X;X;X
miao;Шанхайцы;X;X;X;X;X;X
min;Мин;X;X;X;X;X;X
zhuang;Чжуаны;X;X;X;X;X;X
yi;Юэ;X;X;X;X;X;X
yue;Кантонцы;X;X;X;X;X;X
oceanic;Тихоокеанцы;X;X;X;X;X;X
polynesian;Полинезийцы;X;X;X;X;X;X
hawaiian;Гавайцы;X;X;X;X;X;X
maori;Маори;X;X;X;X;X;X
aborigine;Аборигены;X;X;X;X;X;X
melanesian;Меланезийцы;X;X;X;X;X;X
micronesian;Микронезийцы;X;X;X;X;X;X
native_american;Индейцы;X;X;X;X;X;X
zapotec;Сапотеки;X;X;X;X;X;X
mayan;Майя;X;X;X;X;X;X
nahua;Науа;X;X;X;X;X;X
tarascan;Тараски;X;X;X;X;X;X
quechua;Кечуа;X;X;X;X;X;X
guarani;Гуарани;X;X;X;X;X;X
aimara;Аймара;X;X;X;X;X;X
amazonian;Амазонцы;X;X;X;X;X;X
patagonian;Патагонцы;X;X;X;X;X;X
guajiro;Гуахиро;X;X;X;X;X;X
tupinamba;Тупинамба;X;X;X;X;X;X
metis;Метисы;X;X;X;X;X;X
dakota;Дакота;X;X;X;X;X;X
cherokee;Чероки;X;X;X;X;X;X
pueblo;Пуэбло;X;X;X;X;X;X
inuit;Инуиты;X;X;X;X;X;X
cree;Кри;X;X;X;X;X;X
navajo;Навахо;X;X;X;X;X;X
native_american_minor;Индейск. меньшинства;X;X;X;X;X;X
neo_european_cultures;Ново-европейцы;X;X;X;X;X;X
yankee;Янки;X;X;X;X;X;X
anglo_canadian;Англо-канадцы;X;X;X;X;X;X
french_canadian;Франко-канадцы;X;X;X;X;X;X
dixie;Дикси;X;X;X;X;X;X
texan;Техасцы;X;X;X;X;X;X
boer;Буры;X;X;X;X;X;X
australian;Австралийцы;X;X;X;X;X;X
latin_american_cultures;Латиноамериканцы;X;X;X;X;X;X
mexican;Мексиканцы;X;X;X;X;X;X
central_american;Центр. американцы;X;X;X;X;X;X
caribeno;Карибцы;X;X;X;X;X;X
north_andean;Северные андцы;X;X;X;X;X;X
south_andean;Южные андцы;X;X;X;X;X;X
platinean;Аргентинцы;X;X;X;X;X;X
brazilian;Бразильцы;X;X;X;X;X;X
african_diaspora_cultures;Африкан. диаспора;X;X;X;X;X;X
afro_american;Афроамериканцы;X;X;X;X;X;X
afro_caribbean;Афрокарибы;X;X;X;X;X;X
afro_caribeno;Афрокарибеньо;X;X;X;X;X;X
afro_brazilian;Афробразильцы;X;X;X;X;X;X
afro_antillean;Афроантильцы;X;X;X;X;X;X
west_african;Западные африканцы;X;X;X;X;X;X
akan;Акан;X;X;X;X;X;X
bambara;Бамбара;X;X;X;X;X;X
dyula;Дьюла;X;X;X;X;X;X
edo;Эдо;X;X;X;X;X;X
ewe;Эве;X;X;X;X;X;X
fon;Фон;X;X;X;X;X;X
fulbe;Фульбе;X;X;X;X;X;X
hausa;Хауса;X;X;X;X;X;X
ibibio;Ибибио;X;X;X;X;X;X
ibo;Ибо;X;X;X;X;X;X
kru;Кру;X;X;X;X;X;X
mande;Манде;X;X;X;X;X;X
maures;Мавры;X;X;X;X;X;X
mossi;Моси;X;X;X;X;X;X
senufo;Сенуфо;X;X;X;X;X;X
songhai;Сонгай;X;X;X;X;X;X
tiv;Тив;X;X;X;X;X;X
tuareg;Туареги;X;X;X;X;X;X
wolof;Волоф;X;X;X;X;X;X
yoruba;Йоруба;X;X;X;X;X;X
central_african;Центральные африканцы;X;X;X;X;X;X
bakongo;Баконго;X;X;X;X;X;X
baguirmi;Багирми;X;X;X;X;X;X
fang;Фанг;X;X;X;X;X;X
kanuri;Канури;X;X;X;X;X;X
luba;Балуба;X;X;X;X;X;X
lunda;Балунда;X;X;X;X;X;X
mongo;Монго;X;X;X;X;X;X
sara;Сара;X;X;X;X;X;X
teda;Теда;X;X;X;X;X;X
african_minor;Африкан. меньшинства;X;X;X;X;X;X
east_african;Восточные африканцы;X;X;X;X;X;X
amhara;Амхара;X;X;X;X;X;X
afar;Афар;X;X;X;X;X;X
azande;Азанде;X;X;X;X;X;X
baganda;Баганда;X;X;X;X;X;X
beja;Беджа;X;X;X;X;X;X
dinka;Динка;X;X;X;X;X;X
fur;Фор;X;X;X;X;X;X
kikuyu;Кикуйю;X;X;X;X;X;X
luo;Луо;X;X;X;X;X;X
maasai;Масаи;X;X;X;X;X;X
nuer;Нуэр;X;X;X;X;X;X
nuba;Австрийские немцы;X;X;X;X;X;X
oromo;Оромо;X;X;X;X;X;X
ruanda;Руанди;X;X;X;X;X;X
rundi;Рунди;X;X;X;X;X;X
sidama;Сидамо;X;X;X;X;X;X
somali;Сомалийцы;X;X;X;X;X;X
sudanese;Суданцы;X;X;X;X;X;X
sukuma;Сукума;X;X;X;X;X;X
swahili;Суахили;X;X;X;X;X;X
tigray;Тиграй;X;X;X;X;X;X
unyamwezi;Ньямвези;X;X;X;X;X;X
southern_african;Южные африканцы;X;X;X;X;X;X
chewa;Чева;X;X;X;X;X;X
herero;Гереро;X;X;X;X;X;X
khoisan;Койсаны;X;X;X;X;X;X
lomwe;Ломве;X;X;X;X;X;X
makua;Макуа;X;X;X;X;X;X
malagasy;Малагасийцы;X;X;X;X;X;X
nguni;Нгуни;X;X;X;X;X;X
ovimbundu;Овимбунду;X;X;X;X;X;X
sena;Сену;X;X;X;X;X;X
shona;Шона;X;X;X;X;X;X
sotho;Сото;X;X;X;X;X;X
tonga;Тонганцы;X;X;X;X;X;X
tswana;Тсвана;X;X;X;X;X;X
xhosa;Коса;X;X;X;X;X;X
yao;Яо;X;X;X;X;X;X
zulu;Зулусы;X;X;X;X;X;X
fascist_rebels_name;$COUNTRY$ фашисты;X;X;X;X;X;X
fascist_rebels_army;$COUNTRY_ADJ$ бригада фрайкора;X;X;X;X;X;X
communist_rebels_name;$COUNTRY$ коммунисты;X;X;X;X;X;X
communist_rebels_army;$COUNTRY_ADJ$ красная гвардия;X;X;X;X;X;X
anarcho_liberal_rebels_name;$COUNTRY$ либертарианцы;X;X;X;X;X;X
anarcho_liberal_rebels_army;$COUNTRY_ADJ$ городская гвардия;X;X;X;X;X;X
reactionary_rebels_name;$COUNTRY$ реакционеры;X;X;X;X;X;X
reactionary_rebels_army;$COUNTRY_ADJ$ белая армия;X;X;X;X;X;X
pan_nationalist_rebels_name;$UNION_ADJ$ пан-националисты;X;X;X;X;X;X
pan_nationalist_rebels_army;$UNION$ молодая бригада;X;X;X;X;X;X
nationalist_rebels_name;$INDEP$ националисты;X;X;X;X;X;X
nationalist_rebels_army;$COUNTRY$ бригада националистов;X;X;X;X;X;X
patriot_rebels_name;Патриоты-$CULTURE$;X;X;X;X;X;X
patriot_rebels_army;$COUNTRY$ бригада патриотов;X;X;X;X;X;X
partisans_name;Партизаны;X;X;X;X;X;X
partisans_army;$COUNTRY$ партизаны;X;X;X;X;X;X
disgruntled_rabble_name;Недовольный сброд;X;X;X;X;X;X
disgruntled_rabble_army;$COUNTRY$ бунтовщики;X;X;X;X;X;X
army_tech;Армия;X;X;X;X;X;X
commerce_tech;Коммерция;X;X;X;X;X;X
culture_tech;Культура;X;X;X;X;X;X
industry_tech;Промышленность;X;X;X;X;X;X
navy_tech;Флот;X;X;X;X;X;X
cattle_RGO_SIZE;Размер животноводческих ферм;X;X;X;X;X;X
coal_RGO_SIZE;Размер угольных шахт;X;X;X;X;X;X
coffee_RGO_SIZE;Размер плантаций кофе;X;X;X;X;X;X
cotton_RGO_SIZE;Размер плантаций хлопка;X;X;X;X;X;X
dye_RGO_SIZE;Размер плантаций красильных веществ;X;X;X;X;X;X
fish_RGO_SIZE;Размер рыбных хозяйств;X;X;X;X;X;X
grain_RGO_SIZE;Размер зерновых ферм;X;X;X;X;X;X
iron_RGO_SIZE;Размер железодобывающих шахт;X;X;X;X;X;X
oil_RGO_SIZE;Размер нефтяных вышек;X;X;X;X;X;X
opium_RGO_SIZE;Размер плантаций опиума;X;X;X;X;X;X
fruit_RGO_SIZE;Размер фруктовых садов;X;X;X;X;X;X
precious_metal_RGO_SIZE;Размер шахт драгметаллов;X;X;X;X;X;X
rubber_RGO_SIZE;Размер хозяйств резины;X;X;X;X;X;X
wool_RGO_SIZE;Размер овцеводческих ферм;X;X;X;X;X;X
silk_RGO_SIZE;Размер ферм шелкопрядов;X;X;X;X;X;X
sulphur_RGO_SIZE;Размер серных рудников;X;X;X;X;X;X
tea_RGO_SIZE;Размер плантаций чая;X;X;X;X;X;X
timber_RGO_SIZE;Размер лесных хозяйств;X;X;X;X;X;X
tobacco_RGO_SIZE;Размер плантация табака;X;X;X;X;X;X
tropical_wood_RGO_SIZE;Размер хозяйств тропических деревьев;X;X;X;X;X;X
anaconda_plan;План 'Анаконда';X;X;X;X;X;X
desc_anaconda_plan;Северяне блокируют наши порты по плану «Анаконда» Винфилда Скотта. Пока длится блокада, наша усталость от войны будет очень быстро возрастать, пока однажды они не удушат нас. Мы должны получить свободный доступ в наши порты!;X;X;X;X;X;X
po_disarmament;Запрет на §Y$YEARS$§b лет на создание армий с потерей §Y$PERCENTAGE$%§b их сил;X;X;X;X;X;X
po_reparations;Выплата §Y$PERCENTAGE$%§b дохода от налогов в течение §Y$YEARS$§b лет.;X;X;X;X;X;X
po_reduce_prestige;Уменьшение престижа на §R$VALUE$§b.;X;X;X;X;X;X
nocasusbelli;Нет достойного оправдания;X;X;X;X;X;X
conquest;Завоевание;X;X;X;X;X;X
conquest2;Малое завоевание;X;X;X;X;X;X
conquest_setup;Захватить державу $RECIPIENT$.;X;X;X;X;X;X
conquest_short;Захват державы $RECIPIENT$;X;X;X;X;X;X
conquest2_short;Захват державы $RECIPIENT$;X;X;X;X;X;X
add_to_sphere;Расширение сферы;X;X;X;X;X;X
add_to_sphere_short;Расширение сферы влияния на державу $RECIPIENT$;X;X;X;X;X;X
add_to_sphere_setup;Расширить сферу влияния на державу $RECIPIENT$.;X;X;X;X;X;X
take_from_sphere;Сокращение сферы;X;X;X;X;X;X
take_from_sphere_short;Исключение державы $THIRD$ из сферы влияния;X;X;X;X;X;X
take_from_sphere_setup;Исключить державу $THIRD$ из сферы влияния державы $RECIPIENT$.;X;X;X;X;X;X
acquire_core_state;Овладение регионом;X;X;X;X;X;X
acquire_core_state_short;Захват региона $STATE$;X;X;X;X;X;X
acquire_core_state_setup;Отобрать у державы $RECIPIENT$ наш национальный регион $STATE$.;X;X;X;X;X;X
place_in_the_sun;Место под солнцем;X;X;X;X;X;X
place_in_the_sun_short;Захват региона $STATE$;X;X;X;X;X;X
place_in_the_sun_setup;Захватить колониальную область $STATE$ у державы $RECIPIENT$.;X;X;X;X;X;X
cut_down_to_size;Ограничение роста;X;X;X;X;X;X
cut_down_to_size_short;Ограничение развития державы $RECIPIENT$;X;X;X;X;X;X
cut_down_to_size_setup;Ограничить развитие державы $RECIPIENT$.;X;X;X;X;X;X
free_peoples;Освобождение народа;X;X;X;X;X;X
free_peoples_short;Передача региона $STATE$ державе $THIRD$;X;X;X;X;X;X
free_peoples_setup;Отнять у державы $RECIPIENT$ регион $STATE$ и передать его обратно державе $THIRD$.;X;X;X;X;X;X
protect_minor;Защита слабого;X;X;X;X;X;X
protect_minor_short;Передача региона $STATE$ державе $THIRD$;X;X;X;X;X;X
protect_minor_setup;Заставить державу $RECIPIENT$ передать регион $STATE$ обратно державе $THIRD$.;X;X;X;X;X;X
humiliate;Унижение;X;X;X;X;X;X
humiliate_short;Унижение державы $RECIPIENT$;X;X;X;X;X;X
humiliate2_short;Взять репарации с державы $RECIPIENT$;X;X;X;X;X;X
humiliate3_short;Причина войнушки с $RECIPIENT$.;X;X;X;X;X;X
humiliate_setup;Унизить державу $RECIPIENT$.;X;X;X;X;X;X
humiliate2_setup;Взять репарации с державы $RECIPIENT$.;X;X;X;X;X;X
humiliate3_setup;Причина войнушки с $RECIPIENT$.;X;X;X;X;X;X
local_tractors;Тракторы;X;X;X;X;X;X
desc_local_tractors;В провинцию пришла механизация сельского хозяйства - появились тракторы. Они повышают эффективность хозяйства и снижают его трудоемкость.;X;X;X;X;X;X
local_distribution_channels;Розничные торговцы;X;X;X;X;X;X
desc_local_distribution_channels;В провинции появились новые формы и методы продажи и перепродажи товаров. Теперь у крестьян больше свободного времени для работы на полях.;X;X;X;X;X;X
local_nitroglycerin;Нитроглицерин;X;X;X;X;X;X
local_piroksicilin;Пироксицилин;X;X;X;X;X;X
desc_local_nitroglycerin;В провинцию пришло умение пользоваться современными взрывчатыми веществами. От этого выиграют местные шахты.;X;X;X;X;X;X
local_electricity;Электрическое освещение;X;X;X;X;X;X
desc_local_electricity;В провинцию пришло электрическое освещение. Улицы и рабочие места теперь лучше освещены, и общая эффективность производства увеличится.;X;X;X;X;X;X
local_machine_tools;Механизация шахт;X;X;X;X;X;X
desc_local_machine_tools;В этой провинции добыча полезных ископаемых производится с помощью новых механических приспособлений, производительность шахт выросла.;X;X;X;X;X;X
underground_railroad;'Подпольная железная дорога';X;X;X;X;X;X
desc_underground_railroad;В провинции действует эта тайная организация, помогающая рабам обрести свободу.;X;X;X;X;X;X
free_staters;Фристейтеры;X;X;X;X;X;X
desc_free_staters;В провинции действуют фристейтеры. Их цель - вступить в Союз в качестве свободного от рабовладения штата.;X;X;X;X;X;X
blood_and_iron_mine;Шахта 'Кровавое железо';X;X;X;X;X;X
desc_blood_and_iron_mine;В провинции разрабатывается богатое, но трудное и опасное в добыче месторождение железной руды.;X;X;X;X;X;X
naval_school;Морское училище;X;X;X;X;X;X
desc_naval_school;В этой провинции торговый флот располагает морским училищем, где обучают офицеров и используют новейшие морские технологии.;X;X;X;X;X;X
beer_halls;Пивные залы;X;X;X;X;X;X
desc_beer_halls;В провинции есть пивной зал, салун или бар. Граждане проводят в таких заведениях много времени.;X;X;X;X;X;X
libertine_culture;Культура свободомыслия;X;X;X;X;X;X
desc_libertine_culture;В нашей стране свободный подход к употреблению алкоголя. Двенадцать бутылок пива за вечер, йо-хо-хо, и бутылка рома!;X;X;X;X;X;X
temperance_league;Лига трезвости;X;X;X;X;X;X
desc_temperance_league;В нашей стране действует сильная и активная Лига трезвости, которую поддерживают даже отдельные люди в правительственных кругах.;X;X;X;X;X;X
destitution_and_poverty;Нужда и лишения;X;X;X;X;X;X
desc_destitution_and_poverty;В этой провинции употребление алкоголя на глазах становится серьезной социальной проблемой.;X;X;X;X;X;X
organic_work;Гармоничный труд;X;X;X;X;X;X
desc_organic_work;В провинции действует движение, которое рассматривает труд как средство сопротивления.;X;X;X;X;X;X
liquor_prohibition;Сухой закон;X;X;X;X;X;X
desc_liquor_prohibition;В нашей стране запрещена продажа, хранение и употребление алкогольных напитков.;X;X;X;X;X;X
trek_boers;Переселение буров;X;X;X;X;X;X
desc_trek_boers;В провинцию переселяются буры из Капской колонии. Это тонкая струйка в потоке, который позже станут называть «Великим переселением».;X;X;X;X;X;X
boer_exodus;Исход буров;X;X;X;X;X;X
desc_boer_exodus;Буры массово покидают эту провинцию и переселяются вглубь материка и в бурские республики.;X;X;X;X;X;X
gold_rush;Золотая лихорадка;X;X;X;X;X;X
desc_gold_rush;В провинции бум - здесь найдено золото.;X;X;X;X;X;X
abolitionist_society;Общество аболиционистов;X;X;X;X;X;X
desc_abolitionist_society;Общество аболиционистов распространяет в провинции памфлеты, осуждающие рабство и призывающие к его отмене.;X;X;X;X;X;X
knights_of_the_golden_circle;Рыцари золотого кольца;X;X;X;X;X;X
desc_knights_of_the_golden_circle;В провинции действует тайное общество, чьей целью является распространение рабовладения.;X;X;X;X;X;X
american_anti_slavery_society;Американское общество борьбы с рабством;X;X;X;X;X;X
desc_american_anti_slavery_society;В провинции действует общество, чьей целью является отмена рабства.;X;X;X;X;X;X
copperhead_democrats;Медноголовые демократы;X;X;X;X;X;X
desc_copperhead_democrats;В провинции действуют демократы - сторонники сепаратистов.;X;X;X;X;X;X
labor_union;Трудовой союз;X;X;X;X;X;X
desc_labor_union;Рабочие объединились и создали в провинции трудовой союз.;X;X;X;X;X;X
worker_union;Рабочий союз;X;X;X;X;X;X
strike_solution;Решение от забастовки;X;X;X;X;X;X
desc_strike_solution;Ваша щедрость остановила забастовку.;X;X;X;X;X;X
province_strike;Забастовка в провинции;X;X;X;X;X;X
desc_province_strike;В вашей провинции бастуют рабочие;X;X;X;X;X;X
national_workshops;Национальные мастерские;X;X;X;X;X;X
desc_national_workshops;Национальные мастерские помогают выжить безработным.;X;X;X;X;X;X
trade_union;Тред-юнион;X;X;X;X;X;X
desc_trade_union;Рабочие объединились и создали в провинции рабочий союз.;X;X;X;X;X;X
black_shirts;Чернорубашечники;X;X;X;X;X;X
desc_black_shirts;Чернорубашечники устраивают провокации в провинции;X;X;X;X;X;X
free_corps;Фрайкор;X;X;X;X;X;X
desc_free_corps;Действия чернорубашечников привели к организации в провинции фрайкора. Еще одна головная боль...;X;X;X;X;X;X
am_everywhere;Я повсюду;X;X;X;X;X;X
desc_am_everywhere;В провинции вышел первый номер фашистской газеты.;X;X;X;X;X;X
the_massacre;Резня;X;X;X;X;X;X
desc_the_massacre;Убиты несколько социалистов и либералов.;X;X;X;X;X;X
fascist_welfare;Фашистское благосостояние;X;X;X;X;X;X
desc_fascist_welfare;Государство расширяет социальные программы в духе корпоративизма.;X;X;X;X;X;X
beer_hall_putsch;Пивной путч;X;X;X;X;X;X
desc_beer_hall_putsch;Неудачная попытка государственного переворота.;X;X;X;X;X;X
protector_of_eastern_christendom;Защитник восточного христианства;X;X;X;X;X;X
desc_protector_of_eastern_christendom;Мы объявили себя защитником восточного христианства в Оттоманской империи. Наш престиж растет, но если мы проиграем войну, то можем утратить этот титул.;X;X;X;X;X;X
government_sanitarium;Санаторий;X;X;X;X;X;X
government_sanitarium2;Санаторий;X;X;X;X;X;X
desc_government_sanitarium;В этой провинции правительство содержит санаторий для туберкулезных больных.;X;X;X;X;X;X
liberal_agitation;Либеральная агитация;X;X;X;X;X;X
desc_liberal_agitation;Подстрекатели проповедуют идеи либерализма и революции.;X;X;X;X;X;X
potato_blight;Картофельная гниль;X;X;X;X;X;X
desc_potato_blight;Урожай на полях сгнил, народ голодает.;X;X;X;X;X;X
anti_jacobin_tract;Контрреволюционная брошюра;X;X;X;X;X;X
desc_anti_jacobin_tract;В нашей стране получила широкое распространение брошюра в защиту контрреволюции, порядка, религии и монархии.;X;X;X;X;X;X
cholera_epidemic_small;Появление холеры;X;X;X;X;X;X
desc_cholera_epidemic_small;В провинции появилась холера, есть угроза ее распространения.;X;X;X;X;X;X
cholera_epidemic_big;Эпидемия холеры;X;X;X;X;X;X
desc_cholera_epidemic_big;В провинции началась эпидемия холеры. Есть угроза ее распространения.;X;X;X;X;X;X
conservative_reaction;Консервативная оппозиция;X;X;X;X;X;X
desc_conservative_reaction;Консерваторы в парламенте недовольны;X;X;X;X;X;X
liberal_reaction;Либеральная оппозиция;X;X;X;X;X;X
desc_liberal_reaction;Либералы в парламенте недовольны;X;X;X;X;X;X
national_tragedy;Национальная трагедия;X;X;X;X;X;X
desc_national_tragedy;Вся страна оплакивает еще одну юную девушку, пропавшую в угольном карьере.;X;X;X;X;X;X
national_pride;Национальная гордость;X;X;X;X;X;X
desc_national_pride;Вся страна ликует;X;X;X;X;X;X
silk_famine;Шелковый голод;X;X;X;X;X;X
desc_silk_famine;Болезни шелкопряда снизили производство шелка местными шелководами.;X;X;X;X;X;X
western_influences;Влияние Запада;X;X;X;X;X;X
desc_western_influences;Наше правительство проводит политику всемерного поощрения влияния Запада.;X;X;X;X;X;X
uncivilized_isolationism;Изоляционизм;X;X;X;X;X;X
desc_uncivilized_isolationism;Наша страна закрыла границы и порты для иностранцев.;X;X;X;X;X;X
western_presence;Западное присутствие;X;X;X;X;X;X
desc_western_presence;Здесь образовалась колония иностранцев из различных европейских стран.;X;X;X;X;X;X
foreign_smugglers;Иностранные контрабандисты;X;X;X;X;X;X
desc_foreign_smugglers;В провинции действует сеть иностранных контрабандистов.;X;X;X;X;X;X
foreign_trading_post;Иностранная фактория;X;X;X;X;X;X
desc_foreign_trading_post;Группа наших граждан, которая держится особняком от остального населения, ведет дела иностранной фактории в этой провинции.;X;X;X;X;X;X
local_opium_habit;Проблемы с опиумом;X;X;X;X;X;X
desc_local_opium_habit;Наши граждане в этой провинции массово пристрастились к употреблению опиума.;X;X;X;X;X;X
trade_restrictions;Торговые ограничения;X;X;X;X;X;X
desc_trade_restrictions;Наша страна проводит политику регулирования импорта и экспорта и запрета внешней торговли некоторыми товарами.;X;X;X;X;X;X
sayings_of_the_dutch;Голландские науки;X;X;X;X;X;X
desc_sayings_of_the_dutch;Мы перевели множество западных книг и освоили их знания. Наша наука получила большой импульс.;X;X;X;X;X;X
european_military_mission;Военная миссия;X;X;X;X;X;X
desc_european_military_mission;Одна из великих держав основала военную миссию в этой провинции.;X;X;X;X;X;X
extraterritoriality_granted;Привилегия экстерриториальности;X;X;X;X;X;X
desc_extraterritoriality_granted;Наша страна предоставила привилегию экстратерриториальности гражданам великих держав.;X;X;X;X;X;X
military_reform;Военная реформа;X;X;X;X;X;X
desc_military_reform;Мы находимся в процессе реформирования нашей армии по европейским стандартам.;X;X;X;X;X;X
educational_reform;Увеличение затрат на образование;X;X;X;X;X;X
desc_educational_reform;Мы провели реформу нашей системы образования. Эта мера даст толчок нашей науке, но она крайне непопулярна у традиционалистов.;X;X;X;X;X;X
legation_quarter;Посольский квартал;X;X;X;X;X;X
desc_leagation_quarter;В провинции есть посольский квартал для иностранных посольств.;X;X;X;X;X;X
kettler_denkmal;Памятник иностранному дипломату;X;X;X;X;X;X
desc_kettler_denkmal;Этот памятник иностранному дипломату служит постоянным напоминанием о том, как наше правительство задешево продало нашу свободу.;X;X;X;X;X;X
colonial_dry_spell;Заклятие сухости;X;X;X;X;X;X
colonial_exploitation;Колониальная эксплуатация;X;X;X;X;X;X
local_economic_downturn;Локальный экономический спад;X;X;X;X;X;X
desc_local_economic_downturn;Экономическая активность в провинции временно упала, но должна восстановиться через несколько лет.;X;X;X;X;X;X
minority_building_restrictions;Ограничения на строительство для меньшинств;X;X;X;X;X;X
desc_minority_building_restrictions;Наша страна проводит политику запрета на капитальное строительство для представителей меньшинств даже на их собственной земле.;X;X;X;X;X;X
dryzymalas_wagon;Повозка Држималы;X;X;X;X;X;X
desc_dryzymalas_wagon;Старик Држимала обходит запрет на строительство, живя в повозке.;X;X;X;X;X;X
flying_university;Летающий университет;X;X;X;X;X;X
desc_flying_university;Подпольная организация, предоставляющая высшее образование на языке меньшинств.;X;X;X;X;X;X
border_ruffians;Приграничные бандиты;X;X;X;X;X;X
desc_border_ruffians;Приграничные бандиты портят жизнь жителям этой провинции.;X;X;X;X;X;X
the_homestead_act;Закон о гомстедах;X;X;X;X;X;X
desc_the_homestead_act;Этот закон предоставляет во владение отвечающим определенным требованиям гражданам участки размером в 160 акров. Слухи о даровой земле распространяются по Европе, и массы бедных людей, желающих вздохнуть свободно, стремятся к нашим берегам.;X;X;X;X;X;X
discriminatory_school_system;Дискриминационная школьная система;X;X;X;X;X;X
desc_discriminatory_school_system;Наша школьная система дискриминирует граждан, которые не принадлежат к национальной культуре.;X;X;X;X;X;X
pandemic_influenza;Пандемия гриппа;X;X;X;X;X;X
desc_pandemic_influenza;В нашей стране вспыхнула пандемия гриппа, люди умирают тысячами. Нам остается надеяться, что наши враги также не избегнут ее.;X;X;X;X;X;X
trustee_system;Система привилегированных заключенных;X;X;X;X;X;X
penal_colonies;Исправительные колонии;X;X;X;X;X;X
the_statue_of_liberty;Статуя свободы;X;X;X;X;X;X
germania_werft;Верфь 'Германия';X;X;X;X;X;X
colonial_museum_of_natural_history;Музей естественной истории;X;X;X;X;X;X
colonial_mismanagement;Плохое управление колонией;X;X;X;X;X;X
colonial_recruitment;Земля! Свобода! Работа!;X;X;X;X;X;X
baby_boom;Демографический взрыв;X;X;X;X;X;X
loyal_askaris;Туземные войска;X;X;X;X;X;X
anarchic_bomb_throwers;Анархисты-террористы;X;X;X;X;X;X
citizen_guard;Уличная преступность;X;X;X;X;X;X
immoral_business;Нечестный бизнес;X;X;X;X;X;X
machine_politics;'Партийная машина';X;X;X;X;X;X
mafia;Мафия;X;X;X;X;X;X
rotten_boroughs;'Гнилое местечко';X;X;X;X;X;X
spoil_system;Расхитительство;X;X;X;X;X;X
terrorist_cells;Террористические ячейки;X;X;X;X;X;X
trusts;Тресты;X;X;X;X;X;X
desc_anarchic_bomb_throwers;Сокращение расходов на борьбу с преступностью повышает риск появления анархистских организаций.;X;X;X;X;X;X
desc_citizen_guard;Сокращение расходов на борьбу с преступностью повышает риск появления уличных банд.;X;X;X;X;X;X
desc_immoral_business;Повышающийся уровень преступности и снижающийся государственный контроль способствует концентрации усилий бизнеса на увеличении собственных прибылей. Это может закончиться крахом всей системы, так как все преследуют только личные интересы.;X;X;X;X;X;X
desc_machine_politics;Политиканство «партийной машины» означает подкуп недовольных политиками путем назначения на правительственные посты.;X;X;X;X;X;X
desc_mafia;Если организации, призванные бороться с преступностью не выполняют свои функции, криминал может объединиться в мафиозные структуры. Это негативно сказывается на производительности в провинции.;X;X;X;X;X;X
desc_rotten_boroughs;Система «гнилых местечек» подразумевала создание небольших избирательных округов, с помощью которых достигалась победа на выборах.;X;X;X;X;X;X
desc_spoil_system;Из-за отсутствия надлежащего контроля политики часто используют служебные полномочия для личного обогащения. Это вызывает рост недовольства всех слоев населения.;X;X;X;X;X;X
desc_terrorist_cells;Сокращение численности полицейского аппарата в провинции облегчает условия жизни анархистов, которые могут нанести удар в любой момент.;X;X;X;X;X;X
desc_trusts;Государство сокращает расходы на борьбу с криминалом, что вызывает еще более несправедливое распределение доходов: богатые становятся еще богаче, а бедные еще беднее.;X;X;X;X;X;X
rail_focus;Железные дороги;X;X;X;X;X;X
encourage_rail;Строительство железных дорог;X;X;X;X;X;X
immigration_focus;Иммиграция;X;X;X;X;X;X
immigration;Привлечение иммигрантов ;X;X;X;X;X;X
globalimmigration;Привлечение иммигрантов извне;X;X;X;X;X;X
colonial_focus;Колонизация;X;X;X;X;X;X
colonize;Начало колонизации;X;X;X;X;X;X
promotion_focus;Повышение статуса;X;X;X;X;X;X
promote_aristocrats;Поддержка аристократов;X;X;X;X;X;X
promote_artisans;Поддержка кустарей;X;X;X;X;X;X
promote_bureaucrats;Поддержка чиновников;X;X;X;X;X;X
promote_capitalists;Поддержка капиталистов;X;X;X;X;X;X
promote_clergymen;Поддержка священников;X;X;X;X;X;X
promote_clerks;Поддержка служащих;X;X;X;X;X;X
promote_craftsmen;Поддержка ремесленников;X;X;X;X;X;X
promote_farmers;Поддержка крестьян;X;X;X;X;X;X
promote_labourers;Конверсия служащих;X;X;X;X;X;X
promote_officers;Поддержка офицеров;X;X;X;X;X;X
promote_soldiers;Поддержка солдат;X;X;X;X;X;X
promote_craftsmen2;Поддержка ремесленников для американцев;X;X;X;X;X;X
production_focus;Производство;X;X;X;X;X;X
automation_focus;Поддержка автомобильной промышленности;X;X;X;X;X;X
electrical_focus;Поддержка электротехнической промышленности;X;X;X;X;X;X
chemical_focus;Поддержка химической промышленности;X;X;X;X;X;X
shipping_focus;Поддержка кораблестроения;X;X;X;X;X;X
textile_focus;Поддержка текстильной промышленности;X;X;X;X;X;X
wood_focus;Поддержка деревообрабатывающей промышленности;X;X;X;X;X;X
basic_industry_focus;Поддержка тяжелой промышленности;X;X;X;X;X;X
rgo_focus;Развитие добычи ;X;X;X;X;X;X
rgo_focus2;Усиленное развитие добычи;X;X;X;X;X;X
armaments_focus;Поддержка военной промышленности;X;X;X;X;X;X
consumer_focus;Поддержка легкой промышленности;X;X;X;X;X;X
military_goods;Военные товары;X;X;X;X;X;X
ammunition;Боеприпасы;X;X;X;X;X;X
small_arms;Стрелковое оружие;X;X;X;X;X;X
canned_food;Консервы;X;X;X;X;X;X
barrels;Танки;X;X;X;X;X;X
raw_material_goods;Сырье;X;X;X;X;X;X
cotton;Хлопок;X;X;X;X;X;X
dye;Красильные вещества;X;X;X;X;X;X
wool;Шерсть;X;X;X;X;X;X
silk;Шелк;X;X;X;X;X;X
coal;Уголь;X;X;X;X;X;X
sulphur;Сера;X;X;X;X;X;X
iron;Железо;X;X;X;X;X;X
timber;Древесина;X;X;X;X;X;X
tropical_wood;Тропическое дерево;X;X;X;X;X;X
rubber;Резина;X;X;X;X;X;X
oil;Нефть;X;X;X;X;X;X
precious_metal;Драгметаллы;X;X;X;X;X;X
industrial_goods;Промышленные товары;X;X;X;X;X;X
steel;Сталь;X;X;X;X;X;X
cement;Цемент;X;X;X;X;X;X
machine_parts;Механизмы;X;X;X;X;X;X
glass;Стекло;X;X;X;X;X;X
fuel;Топливо;X;X;X;X;X;X
fertilizer;Удобрения;X;X;X;X;X;X
explosives;Взрывчатка;X;X;X;X;X;X
clipper_convoy;Конвой клиперов;X;X;X;X;X;X
steamer_convoy;Конвой пароходов;X;X;X;X;X;X
electric_gear;Электроприборы;X;X;X;X;X;X
fabric;Ткань;X;X;X;X;X;X
lumber;Пиломатериалы;X;X;X;X;X;X
consumer_goods;Потребительские товары;X;X;X;X;X;X
paper;Бумага;X;X;X;X;X;X
cattle;Крупный рогатый скот;X;X;X;X;X;X
fish;Морепродукты;X;X;X;X;X;X
fruit;Фрукты;X;X;X;X;X;X
grain;С/Х продукция;X;X;X;X;X;X
tobacco;Табак;X;X;X;X;X;X
tea;Чай;X;X;X;X;X;X
coffee;Кофе;X;X;X;X;X;X
opium;Опиум;X;X;X;X;X;X
automobiles;Автомобили;X;X;X;X;X;X
aeroplanes;Самолеты;X;X;X;X;X;X
telephones;Телефоны;X;X;X;X;X;X
wine;Вино;X;X;X;X;X;X
liquor;Алкогольная продукция;X;X;X;X;X;X
regular_clothes;Повседневная одежда;X;X;X;X;X;X
luxury_clothes;Роскошная одежда;X;X;X;X;X;X
furniture;Мебель;X;X;X;X;X;X
luxury_furniture;Роскошная мебель;X;X;X;X;X;X
radio;Радио;X;X;X;X;X;X
manpower;Людские ресурсы;X;X;X;X;X;X
war_exhaustion;Военная усталость;X;X;X;X;X;X
Default;Сброс;X;X;X;X;X;X
headline_statistics;СТАТИСТИКА;X;X;X;X;X;X
status_quo;Статус-кво;X;X;X;X;X;X
status_quo_short;Статус-кво;X;X;X;X;X;X
status_quo_setup;Мы требуем лишь оставить нас в покое;X;X;X;X;X;X
acquire_state;Захват региона;X;X;X;X;X;X
acquire_state_short;Захват  региона $STATE$;X;X;X;X;X;X
acquire_state_setup;Захватить регион $STATE$ у державы $RECIPIENT$.;X;X;X;X;X;X
acquire_small_state;Захват малого региона;X;X;X;X;X;X
acquire_small_state_short;Захват малого региона $STATE$;X;X;X;X;X;X
acquire_small_state_setup;Захватить регион менее 300к челвек $STATE$ у державы $RECIPIENT$.;X;X;X;X;X;X
April;Апреля;X;X;X;X;X;X
August;Августа;X;X;X;X;X;X
December;Декабря;X;X;X;X;X;X
February;Февраля;X;X;X;X;X;X
Friday;Пятница;X;X;X;X;X;X
January;Января;X;X;X;X;X;X
July;Июля;X;X;X;X;X;X
June;Июня;X;X;X;X;X;X
March;Марта;X;X;X;X;X;X
May;Мая;X;X;X;X;X;X
Monday;Понедельник;X;X;X;X;X;X
November;Ноября;X;X;X;X;X;X
October;Октября;X;X;X;X;X;X
Saturday;Суббота;X;X;X;X;X;X
September;Сентября;X;X;X;X;X;X
Sunday;Воскресенье;X;X;X;X;X;X
Thursday;Четверг;X;X;X;X;X;X
Tuesday;Вторник;X;X;X;X;X;X
Wednesday;Среда;X;X;X;X;X;X
Owned by $owner$, but currently occupied by $control$;Провинция державы $owner$, в данный момент оккупирована державой $control$.;X;X;X;X;X;X
Owned by $owner$.;Провинция державы $owner$.;X;X;X;X;X;X
overseas;Нет связей со столицей по суше;X;X;X;X;X;X
coastal;Прибрежная;X;X;X;X;X;X
non_coastal;Внутриконтинентальная;X;X;X;X;X;X
coastal_sea;Прибрежные воды;X;X;X;X;X;X
tropical;Тропики;X;X;X;X;X;X
sea_zone;Море;X;X;X;X;X;X
land_province;Материковая провинция;X;X;X;X;X;X
out_of_supply;Недостаток снабжения;X;X;X;X;X;X
blockaded;В блокаде;X;X;X;X;X;X
no_adjacent_controlled;Ни одна из смежных провинций не контролируется;X;X;X;X;X;X
provincial_tax_income;Доход от налогов в провинции;X;X;X;X;X;X
city_population;Население города;X;X;X;X;X;X
core;Национальная провинция;X;X;X;X;X;X
occupied;Оккупация;X;X;X;X;X;X
revolt_risk;Риск восстания;X;X;X;X;X;X
nationalism;Национализм;X;X;X;X;X;X
war;Война;X;X;X;X;X;X
peace;Мир;X;X;X;X;X;X
I Do.;Так и сделаем;X;X;X;X;X;X
Run away!;Я не совсем уверен, может быть позже;X;X;X;X;X;X
pti;Недоступные для исследования земли;X;X;X;X;X;X
nobuilding;нет_сооружения;X;X;X;X;X;X
nogovernment;нет_формы_правления;X;X;X;X;X;X
nogovernment_ruler;нет_правителя;X;X;X;X;X;X
notechgroup;нет_техгруппы;X;X;X;X;X;X
culture_ideas;культурные_идеи;X;X;X;X;X;X
neighbor_bonus;Влияние соседей;X;X;X;X;X;X
base_values;Базовое значение;X;X;X;X;X;X
city;Город;X;X;X;X;X;X
friendly_regiments;Дружественные войска;X;X;X;X;X;X
Options;Настройки;X;X;X;X;X;X
Rulers;Правители;X;X;X;X;X;X
War Exhaustion;Военная усталость;X;X;X;X;X;X
War Capacity;Военная готовность;X;X;X;X;X;X
Battles;Битвы;X;X;X;X;X;X
any_owned_province;Любая своя провинция;X;X;X;X;X;X
dice;Кубик;X;X;X;X;X;X
accept;Принять;X;X;X;X;X;X
cancel;Отменить;X;X;X;X;X;X
nv_order;Порядок;X;X;X;X;X;X
nv_liberty;Свобода;X;X;X;X;X;X
nv_equality;Равенство;X;X;X;X;X;X
proletarian_dictatorship;Пролетарская диктатура;X;X;X;X;X;X
presidential_dictatorship;Президентская диктатура;X;X;X;X;X;X
bourgeois_dictatorship;Буржуазная диктатура;X;X;X;X;X;X
fascist_dictatorship;Фашистская диктатура;X;X;X;X;X;X
absolute_monarchy;Абсолютная монархия;X;X;X;X;X;X
prussian_constitutionalism;Конституционная монархия;X;X;X;X;X;X
democracy;Республика;X;X;X;X;X;X
proletarian_dictatorship_ruler;Председатель;X;X;X;X;X;X
presidential_dictatorship_ruler;Президент;X;X;X;X;X;X
bourgeois_dictatorship_ruler;Консул;X;X;X;X;X;X
fascist_dictatorship_ruler;Фюрер;X;X;X;X;X;X
absolute_monarchy_ruler;Король;X;X;X;X;X;X
prussian_constitutionalism_ruler;Король;X;X;X;X;X;X
hms_government_ruler;Король;X;X;X;X;X;X
democracy_ruler;Президент;X;X;X;X;X;X
fascist;Фашисты;X;X;X;X;X;X
reactionary;Реакционеры;X;X;X;X;X;X
conservative;Консерваторы;X;X;X;X;X;X
socialist;Социалисты;X;X;X;X;X;X
communist;Коммунисты;X;X;X;X;X;X
liberal;Либералы;X;X;X;X;X;X
anarcho_liberal;Либертарианцы;X;X;X;X;X;X
party_issues;Партийные вопросы;X;X;X;X;X;X
trade_policy;Торговая политика;X;X;X;X;X;X
protectionism;Протекционизм;X;X;X;X;X;X
free_trade;Свободная торговля;X;X;X;X;X;X
economic_policy;Экономич. политика;X;X;X;X;X;X
laissez_faire;Рыночная экономика;X;X;X;X;X;X
interventionism;Гос. вмешательство;X;X;X;X;X;X
fascist_capitalism;Фаш. капитализм;X;X;X;X;X;X
state_capitalism;Гос. капитализм;X;X;X;X;X;X
planned_economy;Плановая экономика;X;X;X;X;X;X
religious_policy;Религиозн. политика;X;X;X;X;X;X
pro_atheism;Атеизм;X;X;X;X;X;X
secularized;Секуляризация;X;X;X;X;X;X
pluralism;Плюрализм;X;X;X;X;X;X
moralism;Морализм;X;X;X;X;X;X
citizenship_policy;Закон о гражданстве;X;X;X;X;X;X
residency;Вид на жительство;X;X;X;X;X;X
limited_citizenship;Огранич. гражданство;X;X;X;X;X;X
full_citizenship;Полное гражданство;X;X;X;X;X;X
war_policy;Военная политика;X;X;X;X;X;X
jingoism;Шовинизм;X;X;X;X;X;X
pro_military;Милитаризм;X;X;X;X;X;X
anti_military;Антимилитаризм;X;X;X;X;X;X
pacifism;Пацифизм;X;X;X;X;X;X
political_reforms;Политические реформы;X;X;X;X;X;X
slavery;Рабство;X;X;X;X;X;X
yes_slavery;Разрешено;X;X;X;X;X;X
no_slavery;Запрещено;X;X;X;X;X;X
upper_house_composition;Верхняя палата;X;X;X;X;X;X
appointed;Назначаемая;X;X;X;X;X;X
party_appointed;Только правящая партия;X;X;X;X;X;X
state_equal_weight;По два от области;X;X;X;X;X;X
population_equal_weight;На базе населения;X;X;X;X;X;X
vote_franschise;Избират. права;X;X;X;X;X;X
none_voting;Нет прав;X;X;X;X;X;X
landed_voting;Только землевладельцы;X;X;X;X;X;X
wealth_weighted_voting;Взвешенные богатых;X;X;X;X;X;X
wealth_voting;Обеспеченные классы;X;X;X;X;X;X
universal_weighted_voting;Взвешенные всех;X;X;X;X;X;X
universal_voting;Всеобщие права;X;X;X;X;X;X
voting_system;Избират. система;X;X;X;X;X;X
first_past_the_post;Мажоритарная;X;X;X;X;X;X
jefferson_method;Метод Джефферсона;X;X;X;X;X;X
proportional_representation;Пропорциональная;X;X;X;X;X;X
public_meetings;Общ. собрания;X;X;X;X;X;X
yes_meeting;Разрешены;X;X;X;X;X;X
no_meeting;Запрещены;X;X;X;X;X;X
press_rights;Права прессы;X;X;X;X;X;X
state_press;Гос. пресса;X;X;X;X;X;X
censored_press;Цензура прессы;X;X;X;X;X;X
free_press;Свободная пресса;X;X;X;X;X;X
trade_unions;Профсоюзы;X;X;X;X;X;X
no_trade_unions;Незаконны;X;X;X;X;X;X
state_controlled;Контролируемые;X;X;X;X;X;X
non_socialist;Не-социалисты;X;X;X;X;X;X
all_trade_unions;Все разрешены;X;X;X;X;X;X
political_parties;Полит. партии;X;X;X;X;X;X
underground_parties;Только подпольные;X;X;X;X;X;X
harassment;Притеснения;X;X;X;X;X;X
gerrymandering;Джерримэндеринг;X;X;X;X;X;X
non_secret_ballots;Открытое голосование;X;X;X;X;X;X
secret_ballots;Тайное голосование;X;X;X;X;X;X
social_reforms;Социальные реформы;X;X;X;X;X;X
wage_reform;Мин. зарплата;X;X;X;X;X;X
no_minimum_wage;Нет минимума;X;X;X;X;X;X
low_minimum_wage;Низкая зарплата;X;X;X;X;X;X
acceptable_minimum_wage;Приемлемая зарплата;X;X;X;X;X;X
good_minimum_wage;Хорошая зарплата;X;X;X;X;X;X
work_hours;Рабочий день;X;X;X;X;X;X
no_work_hour_limit;Максимум не установлен;X;X;X;X;X;X
fourteen_hours;14-часовой рабочий день;X;X;X;X;X;X
twelve_hours;12-часовой рабочий день;X;X;X;X;X;X
ten_hours;10-часовой рабочий день;X;X;X;X;X;X
eight_hours;8-часовой рабочий день;X;X;X;X;X;X
safety_regulations;Безопасность производства;X;X;X;X;X;X
no_safety;Нет;X;X;X;X;X;X
trinket_safety;Минимум обеспечения;X;X;X;X;X;X
low_safety;Низкое обеспечение;X;X;X;X;X;X
acceptable_safety;Приемлемое обеспечение;X;X;X;X;X;X
good_safety;Отличное обеспечение;X;X;X;X;X;X
unemployment_subsidies;Пособия;X;X;X;X;X;X
no_subsidies;Нет субсидий;X;X;X;X;X;X
trinket_subsidies;Минимум субсидий;X;X;X;X;X;X
low_subsidies;Низкие субсидии;X;X;X;X;X;X
acceptable_subsidies;Приемлемые субсидии;X;X;X;X;X;X
good_subsidies;Щедрые субсидии;X;X;X;X;X;X
pensions;Пенсии;X;X;X;X;X;X
no_pensions;Нет пенсий;X;X;X;X;X;X
trinket_pensions;Минимальный фонд;X;X;X;X;X;X
low_pensions;Низкий фонд;X;X;X;X;X;X
acceptable_pensions;Приемлемый фонд;X;X;X;X;X;X
good_pensions;Хороший фонд;X;X;X;X;X;X
health_care;Гр. права;X;X;X;X;X;X
no_health_care;Отсутствует;X;X;X;X;X;X
trinket_health_care;Минимальный уровень;X;X;X;X;X;X
low_health_care;Низкий уровень;X;X;X;X;X;X
acceptable_health_care;Приемлемый уровень;X;X;X;X;X;X
good_health_care;Хороший уровень;X;X;X;X;X;X
protectionism_l;Протекционизм;X;X;X;X;X;X
free_trade_l;Свободная торговля;X;X;X;X;X;X
laissez_faire_l;Рыночная экономика;X;X;X;X;X;X
interventionism_l;Гос. вмешательство;X;X;X;X;X;X
state_capitalism_l;Гос. капитализм;X;X;X;X;X;X
fascist_capitalism_l;Фаш. капитализм;X;X;X;X;X;X
planned_economy_l;Плановая экономика;X;X;X;X;X;X
pro_atheism_l;Атеизм;X;X;X;X;X;X
secularized_l;Секуляризация;X;X;X;X;X;X
pluralism_l;Плюрализм;X;X;X;X;X;X
moralism_l;Морализм;X;X;X;X;X;X
residency_l;Вид на жительство;X;X;X;X;X;X
limited_citizenship_l;Огр. гражданство;X;X;X;X;X;X
full_citizenship_l;Полное гражданство;X;X;X;X;X;X
jingoism_l;Шовинизм;X;X;X;X;X;X
pro_military_l;Милитаризм;X;X;X;X;X;X
anti_military_l;Антимилитаризм;X;X;X;X;X;X
pacifism_l;Пацифизм;X;X;X;X;X;X
yes_slavery_l;Рабство разрешено;X;X;X;X;X;X
no_slavery_l;Рабство запрещено;X;X;X;X;X;X
appointed_l;Назначаемая верхняя палата;X;X;X;X;X;X
party_appointed_l;ВП на основе правящей партии;X;X;X;X;X;X
state_equal_weight_l;ВП по два от области;X;X;X;X;X;X
population_equal_weight_l;ВП от населения;X;X;X;X;X;X
none_voting_l;Нет прав;X;X;X;X;X;X
landed_voting_l;Права землевладельцев;X;X;X;X;X;X
wealth_weighted_voting_l;Взвешенные права богатых;X;X;X;X;X;X
wealth_voting_l;Права обеспеченных;X;X;X;X;X;X
universal_weighted_voting_l;Взвешенные права всех;X;X;X;X;X;X
universal_voting_l;Всеобщие права;X;X;X;X;X;X
first_past_the_post_l;Мажоритарная;X;X;X;X;X;X
jefferson_method_l;Метод Джефферсона;X;X;X;X;X;X
proportional_representation_l;Пропорциональная;X;X;X;X;X;X
yes_meeting_l;Собрания разрешены;X;X;X;X;X;X
no_meeting_l;Собрания запрещены;X;X;X;X;X;X
state_press_l;Государственная пресса;X;X;X;X;X;X
censored_press_l;Цензура прессы;X;X;X;X;X;X
free_press_l;Свободная пресса;X;X;X;X;X;X
no_trade_unions_l;Нет профсоюзов;X;X;X;X;X;X
state_controlled_l;Контролируемые государством профсоюзы;X;X;X;X;X;X
non_socialist_l;Несоциалистические профсоюзы;X;X;X;X;X;X
all_trade_unions_l;Всевозможные профсоюзы;X;X;X;X;X;X
underground_parties_l;Партии вне закона;X;X;X;X;X;X
harassment_l;Партии притесняются;X;X;X;X;X;X
gerrymandering_l;Джерримэндеринг;X;X;X;X;X;X
non_secret_ballots_l;Открытое голосование;X;X;X;X;X;X
secret_ballots_l;Тайное голосование;X;X;X;X;X;X
no_minimum_wage_l;Нет мин. зарплаты;X;X;X;X;X;X
trinket_wage_l;Крайне низкая зарплата;X;X;X;X;X;X
low_minimum_wage_l;Низкая зарплата;X;X;X;X;X;X
acceptable_minimum_wage_l;Приемлемая зарплата;X;X;X;X;X;X
good_minimum_wage_l;Хорошая зарплата;X;X;X;X;X;X
no_work_hour_limit_l;Неограниченный рабочий день;X;X;X;X;X;X
fourteen_hours_l;14-часовой день;X;X;X;X;X;X
twelve_hours_l;12-часовой день;X;X;X;X;X;X
ten_hours_l;10-часовой день;X;X;X;X;X;X
eight_hours_l;8-часовой день;X;X;X;X;X;X
no_safety_l;Нет правил безопасности;X;X;X;X;X;X
trinket_safety_l;Минимальная охрана труда;X;X;X;X;X;X
low_safety_l;Ограниченная охрана труда;X;X;X;X;X;X
acceptable_safety_l;Приемлемая охрана труда;X;X;X;X;X;X
good_safety_l;Отличная охрана труда;X;X;X;X;X;X
no_subsidies_l;Нет субсидий;X;X;X;X;X;X
trinket_subsidies_l;Очень низкие субсидии;X;X;X;X;X;X
low_subsidies_l;Низкие субсидии;X;X;X;X;X;X
acceptable_subsidies_l;Приемлемые субсидии;X;X;X;X;X;X
good_subsidies_l;Хорошие субсидии;X;X;X;X;X;X
no_pensions_l;Нет пенсий;X;X;X;X;X;X
trinket_pensions_l;Очень низкие пенсии;X;X;X;X;X;X
low_pensions_l;Низкие пенсии;X;X;X;X;X;X
acceptable_pensions_l;Приемлемые пенсии;X;X;X;X;X;X
good_pensions_l;Высокие пенсии;X;X;X;X;X;X
no_health_care_l;Нет системы здравоохранения;X;X;X;X;X;X
trinket_health_care_l;Очень низкий уровень здравоохранения;X;X;X;X;X;X
low_health_care_l;Низкий уровень здравоохранения;X;X;X;X;X;X
acceptable_health_care_l;Приемлемый уровень здравоохранения;X;X;X;X;X;X
good_health_care_l;Хороший уровень здравоохранения;X;X;X;X;X;X
clerk;Служащие;X;X;X;X;X;X
PV_POP_change;Изм;X;X;X;X;X;X
aristocrats;Аристократы;X;X;X;X;X;X
artisans;Кустари;X;X;X;X;X;X
bureaucrats;Чиновники;X;X;X;X;X;X
capitalists;Капиталисты;X;X;X;X;X;X
clergymen;Священники;X;X;X;X;X;X
clerks;Служащие;X;X;X;X;X;X
craftsmen;Ремесленники;X;X;X;X;X;X
farmers;Крестьяне;X;X;X;X;X;X
labourers;Рабочие;X;X;X;X;X;X
officers;Офицеры;X;X;X;X;X;X
slaves;Рабы;X;X;X;X;X;X
soldiers;Солдаты;X;X;X;X;X;X
europe;Европа;X;X;X;X;X;X
asia;Азия;X;X;X;X;X;X
africa;Африка;X;X;X;X;X;X
arab_region;Арабский регион;X;X;X;X;X;X
north_america;Северная Америка;X;X;X;X;X;X
south_america;Южная Америка;X;X;X;X;X;X
oceania;Океания;X;X;X;X;X;X
catholic;Католики;X;X;X;X;X;X
protestant;Протестанты;X;X;X;X;X;X
orthodox;Верующие;X;X;X;X;X;X
coptic;Копты;X;X;X;X;X;X
sunni;Сунниты;X;X;X;X;X;X
shiite;Шииты;X;X;X;X;X;X
jewish;Иудаисты;X;X;X;X;X;X
mahayana;Махаяне;X;X;X;X;X;X
gelugpa;Гелугпа;X;X;X;X;X;X
theravada;Тхеравадисты;X;X;X;X;X;X
hindu;Индуисты;X;X;X;X;X;X
shinto;Синтоисты;X;X;X;X;X;X
sikh;Сикхи;X;X;X;X;X;X
animist;Анимисты;X;X;X;X;X;X
army_doctrine;Военная доктрина;X;X;X;X;X;X
post_napoleonic_thought;Посленаполеоновская военная мысль;X;X;X;X;X;X
strategic_mobility;Стратегическая мобильность;X;X;X;X;X;X
field_fortifications;Полевые укрепления;X;X;X;X;X;X
railroad_transport_groups;Железнодорожные эшелоны;X;X;X;X;X;X
signal_detachments;Отделения связи;X;X;X;X;X;X
point_defense_system;Система точечной защиты;X;X;X;X;X;X
flexible_firepower;Огневой маневр;X;X;X;X;X;X
synchronized_heavy_support;Скоординированная поддержка тяжелой артиллерией;X;X;X;X;X;X
staff_command_support;Полевые штабы;X;X;X;X;X;X
deep_defense_system;Система глубокой обороны;X;X;X;X;X;X
trench_systems;Системы окопов;X;X;X;X;X;X
gas_attack_capability;Применение газовых атак;X;X;X;X;X;X
gas_defense_capability;Использование химзащиты;X;X;X;X;X;X
elastic_defense_system;Эластичная оборона;X;X;X;X;X;X
flexible_counterattacks;Тактика контратак;X;X;X;X;X;X
infiltration;Проникновение в тыл противника;X;X;X;X;X;X
low_echelon_fire_support;Батальонная артиллерия;X;X;X;X;X;X
stormtrooper_training;Подготовка штурмовых отрядов;X;X;X;X;X;X
tank_experiments;Экспериментальные танки;X;X;X;X;X;X
tank_exploits;Боевое применение танков;X;X;X;X;X;X
modern_army_doctrine;Современная военная доктрина;X;X;X;X;X;X
firepower_vs_mobility;Огневая мощь или мобильность;X;X;X;X;X;X
grand_battle_plan_vs_superior_firepower;Стратегическое планирование или превосходство в огневой мощи;X;X;X;X;X;X
human_wave_vs_spearhead;Общевойсковой бой или упор на мобильные соединения;X;X;X;X;X;X
light_armament;Легкое вооружение;X;X;X;X;X;X
flintlock_rifles;Кремневые ружья;X;X;X;X;X;X
muzzle_loaded_rifles;Дульнозарядные ружья;X;X;X;X;X;X
breech_loaded_rifles;Казеннозарядные ружья;X;X;X;X;X;X
machine_guns;Пулеметы;X;X;X;X;X;X
bolt_action_rifles;Магазинные ружья;X;X;X;X;X;X
modern_divisional_structure;Современная дивизионная структура;X;X;X;X;X;X
interwar_infantry;Межвоенная пехота;X;X;X;X;X;X
interwar_cavalry;Межвоенная кавалерия;X;X;X;X;X;X
rear_area_dumps;Тыловые склады;X;X;X;X;X;X
heavy_armament;Тяжелое вооружение;X;X;X;X;X;X
bronze_muzzle_loaded_artillery;Бронзовые гладкоствольные орудия;X;X;X;X;X;X
iron_muzzle_loaded_artillery;Железные гладкоствольные орудия;X;X;X;X;X;X
iron_breech_loaded_artillery;Железные нарезные орудия;X;X;X;X;X;X
steel_breech_loaded_artillery;Стальные нарезные орудия;X;X;X;X;X;X
indirect_artillery_fire;Огонь с закрытых позиций;X;X;X;X;X;X
heavy_armament_dunno;Тяжелое вооружение;X;X;X;X;X;X
tankette;Танкетки;X;X;X;X;X;X
light_tank;Легкие танки;X;X;X;X;X;X
armoured_cars;Бронемашины;X;X;X;X;X;X
anti_aircraft_artillery;Зенитная артиллерия;X;X;X;X;X;X
improved_anti_aircraft_artillery;Усовершенствованная зенитная артиллерия;X;X;X;X;X;X
light_artillery;Легкая артиллерия;X;X;X;X;X;X
medium_artillery;Средняя артиллерия;X;X;X;X;X;X
heavy_artillery;Тяжелая артиллерия;X;X;X;X;X;X
military_science;Военная наука;X;X;X;X;X;X
military_staff_system;Система военных штабов;X;X;X;X;X;X
military_plans;Военные планы;X;X;X;X;X;X
telegraph_coordination;Телеграфная связь;X;X;X;X;X;X
mobilization_time_tables;Графики мобилизации;X;X;X;X;X;X
personnel_category_tables;Штатное расписание;X;X;X;X;X;X
military_statistics;Военная статистика;X;X;X;X;X;X
ammunition_area_effect_calculations;Расчет потребностей в боеприпасах;X;X;X;X;X;X
empirical_combat_efficiency_matrix;Расчет боевой эффективности;X;X;X;X;X;X
combat_loss_evaluation_schemata;Схема оценки возможных потерь;X;X;X;X;X;X
military_logistics;Система снабжения;X;X;X;X;X;X
pre_planned_depot_systems;Планирование системы складов;X;X;X;X;X;X
logistical_calculations;Расчет тылового обеспечения;X;X;X;X;X;X
replenishment_transport_organisation;Организация материально-технического обеспечения;X;X;X;X;X;X
military_directionism;Военный контроль;X;X;X;X;X;X
army_political_lobbying;Военное лобби;X;X;X;X;X;X
army_military_political_decision_making;Милитаризация правительства;X;X;X;X;X;X
army_local_military_government;Военная администрация;X;X;X;X;X;X
aeronautics;Воздухоплаванье;X;X;X;X;X;X
early_interwar_bombers;Ранние межвоенные бомбардировщики;X;X;X;X;X;X
late_interwar_bombers;Поздние межвоенные бомбардировщики;X;X;X;X;X;X
early_interwar_fighters;Ранние межвоенные истребители;X;X;X;X;X;X
late_interwar_fighters;Поздние межвоенные истребители;X;X;X;X;X;X
t_air_superiority;Превосходство в воздухе;X;X;X;X;X;X
flying_circus_doctrine;Тактика 'воздушной карусели';X;X;X;X;X;X
force_substitution_doctrine;Доктрина ротации сил;X;X;X;X;X;X
battlefield_destruction_doctrine;Тактические бомбардировки;X;X;X;X;X;X
operational_destruction_doctrine;Оперативные бомбардировки;X;X;X;X;X;X
strategic_destruction_doctrine;Стратегические бомбардировки;X;X;X;X;X;X
army_leadership;Руководство армией;X;X;X;X;X;X
army_command_principle;Субординация;X;X;X;X;X;X
army_professionalism;Профессионализм в армии;X;X;X;X;X;X
army_academic_training;Военные академии;X;X;X;X;X;X
field_training;Полевые учения;X;X;X;X;X;X
army_societal_status;Социальный статус;X;X;X;X;X;X
army_decision_making;Принятие решений в армии;X;X;X;X;X;X
army_independent_command;Личная инициатива офицеров;X;X;X;X;X;X
army_continuous_issuing_of_orders;Непрерывное управление войсками;X;X;X;X;X;X
army_delegated_power;Делегирование полномочий;X;X;X;X;X;X
army_risk_management;Управление рисками в армии;X;X;X;X;X;X
army_wargames;Командно-штабные учения;X;X;X;X;X;X
army_alternative_plans;Альтернативные планы;X;X;X;X;X;X
saddle_orders;Командование в боевых условиях;X;X;X;X;X;X
army_nco_training;Подготовка унтер-офицеров в армии;X;X;X;X;X;X
army_literate_ncos;Грамотность унтер-офицерского состава;X;X;X;X;X;X
nco_field_training;Полевая подготовка унтер-офицеров;X;X;X;X;X;X
army_nco_tactical_training;Тактическая подготовка унтер-офицеров;X;X;X;X;X;X
great_war_experience;Опыт Первой мировой;X;X;X;X;X;X
naval_doctrine;Морская доктрина;X;X;X;X;X;X
post_nelsonian_thought;Посленельсоновская военная мысль;X;X;X;X;X;X
naval_hero_thesis;Доктрина героизма в войне на море;X;X;X;X;X;X
superior_crew_thesis;Доктрина превосходства на море;X;X;X;X;X;X
naval_hero_thesis_vs_superior_crew_thesis;Героизм или выучка экипажа;X;X;X;X;X;X
battleship_column_doctrine;Доктрина строя линейных кораблей;X;X;X;X;X;X
long_range_fire_tactic;Тактика огня с дальней дистанции;X;X;X;X;X;X
speedy_maneuvering_tactic;Тактика скоростного маневрирования;X;X;X;X;X;X
raider_group_doctrine;Доктрина соединений рейдеров;X;X;X;X;X;X
sealane_hunters;Крейсерские операции;X;X;X;X;X;X
fast_ship_killer;Быстроходные корабли;X;X;X;X;X;X
big_ship_competitor;Компактные боевые корабли;X;X;X;X;X;X
standard_raider_group_doctrine;Применение рейдеров;X;X;X;X;X;X
blue_and_brown_water_schools;Океанские и прибрежные флоты;X;X;X;X;X;X
blue_water_school;Доктрина океанского флота;X;X;X;X;X;X
brown_water_school;Доктрина прибрежных операций;X;X;X;X;X;X
high_sea_battle_fleet;Флот Открытого Моря;X;X;X;X;X;X
offensive_attitude;Наступательная стратегия для флота;X;X;X;X;X;X
defensive_attitude;Оборонительная стратегия для флота;X;X;X;X;X;X
modern_naval_doctrine;Современная морская доктрина;X;X;X;X;X;X
decisive_firepower_doctrine;Доктрина генерального сражения;X;X;X;X;X;X
naval_firepower_doctrine;Морская огневая мощь;X;X;X;X;X;X
fleet_auxiliary_cv_doctrine;Вспомогательные авианосцы;X;X;X;X;X;X
fleet_auxiliary_ss_doctrine;Вспомогательные подлодки;X;X;X;X;X;X
convoy_sailing;Конвоирование торговых судов;X;X;X;X;X;X
integrated_naval_doctrine;Единая военно-морская доктрина;X;X;X;X;X;X
ship_construction;Конструкция кораблей;X;X;X;X;X;X
clipper_design;Конструкция клипера;X;X;X;X;X;X
building_station_shipyards;Строительство верфей нового типа;X;X;X;X;X;X
corvettes;Корветы;X;X;X;X;X;X
steamers;Пароходы;X;X;X;X;X;X
mechanized_fishing_vessels;Механизированные рыбацкие суда;X;X;X;X;X;X
steamer_automatic_construction_plants;Судостроительные заводы;X;X;X;X;X;X
steamer_transports;Транспортные параходы;X;X;X;X;X;X
commerce_raiders;Рейдеры;X;X;X;X;X;X
iron_steamers;Железные пароходы;X;X;X;X;X;X
ironclads;Броненосцы;X;X;X;X;X;X
monitors;Мониторы;X;X;X;X;X;X
steel_steamers;Стальные пароходы;X;X;X;X;X;X
protected_cruisers;Бронепалубные крейсера;X;X;X;X;X;X
destroyers;Эсминцы;X;X;X;X;X;X
submarines;Подводные лодки;X;X;X;X;X;X
pre_dreadnought;Додредноуты;X;X;X;X;X;X
steam_turbine_ships;Корабли с паровой турбиной;X;X;X;X;X;X
dreadnoughts;Дредноуты;X;X;X;X;X;X
light_cruisers;Легкие крейсера;X;X;X;X;X;X
battlecruisers;Линейные крейсера;X;X;X;X;X;X
ocean_going_submarines;Океанские подлодки;X;X;X;X;X;X
oil_driven_ships;Дизельные корабли;X;X;X;X;X;X
advanced_destroyers;Улучшенные эсминцы;X;X;X;X;X;X
modern_destroyers;Современные эсминцы;X;X;X;X;X;X
advanced_cruisers;Улучшенные крейсера;X;X;X;X;X;X
modern_cruisers;Современные крейсера;X;X;X;X;X;X
advanced_battlecruisers;Усовершенствованные линейные крейсера;X;X;X;X;X;X
advanced_battleships;Усовершенствованные линкоры;X;X;X;X;X;X
modern_battleships;Современные линкоры;X;X;X;X;X;X
experimental_carriers;Экспериментальные авианосцы;X;X;X;X;X;X
converted_hulk_carriers;Перестроенные авианосцы;X;X;X;X;X;X
purpose_built_carriers;Авианосцы специальной постройки;X;X;X;X;X;X
advanced_submarines;Усовершенствованные подлодки;X;X;X;X;X;X
modern_battlecruisers;Современные линейные крейсера;X;X;X;X;X;X
naval_engineering;Морское инженерное дело;X;X;X;X;X;X
naval_design_bureaus;Конструкторские бюро флота;X;X;X;X;X;X
fire_control_systems;Системы наведения огня;X;X;X;X;X;X
optical_rangefinders;Оптический дальномер;X;X;X;X;X;X
gyrostabilized_fire_control;Гиростабилизатор орудий;X;X;X;X;X;X
weapon_platforms;Орудийные платформы;X;X;X;X;X;X
sea_mine_equipment;Морские мины;X;X;X;X;X;X
self_propelled_torpedoes;Самоходные торпеды;X;X;X;X;X;X
armour_piercing_projectiles;Бронебойные снаряды;X;X;X;X;X;X
armour_piercing_exploding_projectiles;Разрывные бронебойные снаряды;X;X;X;X;X;X
armoured_turrets;Орудийные башни;X;X;X;X;X;X
main_armament;Орудия главного колибра;X;X;X;X;X;X
bomb_guns;Мортиры;X;X;X;X;X;X
rifled_guns;Нарезные орудия;X;X;X;X;X;X
quick_firing_guns;Скорострельные орудия;X;X;X;X;X;X
armoured_citadels;Бронированные орудийные башни;X;X;X;X;X;X
heavy_caliber_guns;Крупнокалиберные орудия;X;X;X;X;X;X
advanced_naval_design;Передовые проекты кораблей;X;X;X;X;X;X
on_board_recon_aircraft;Самолеты-корректировщики;X;X;X;X;X;X
gun_hydraulics;Орудийная гидравлика;X;X;X;X;X;X
heavy_armour_plates;Тяжелые броневые пластины;X;X;X;X;X;X
large_hull_form;Укрупнение кораблей;X;X;X;X;X;X
modern_naval_design;Современный уровень кораблестроения;X;X;X;X;X;X
wireless;Радиосвязь;X;X;X;X;X;X
advanced_fire_control;Передовое управление огнем;X;X;X;X;X;X
naval_science;Военно-морская наука;X;X;X;X;X;X
alphabetic_flag_signaling;Сигнальные флажки;X;X;X;X;X;X
naval_plans;Военно-морское планирование;X;X;X;X;X;X
night_training;Ночные учения;X;X;X;X;X;X
enemy_plotting_cards;Чертежи противника;X;X;X;X;X;X
target_hit_profile_analysis;Анализ способа поражения цели;X;X;X;X;X;X
naval_statistics;Военно-морская статистика;X;X;X;X;X;X
hit_evaluation_reports;Доклад о степени повреждений;X;X;X;X;X;X
empirical_interdiction_reports;Прогнозирование действий противника;X;X;X;X;X;X
naval_strike_success_criterium;Критерий успешности морского боя;X;X;X;X;X;X
naval_logistics;Система снабжения флота;X;X;X;X;X;X
underway_refueling;Заправка кораблей на ходу;X;X;X;X;X;X
ammunition_conservation_system;Система снижения расхода боеприпасов;X;X;X;X;X;X
radio_telegraphy;Радиотелеграфия;X;X;X;X;X;X
naval_directionism;Военно-морской контроль;X;X;X;X;X;X
political_lobbying;Военное лобби;X;X;X;X;X;X
military_political_decision_making;Милитаризация правительства;X;X;X;X;X;X
local_military_government;Военная администрация;X;X;X;X;X;X
naval_integration;Взаимодействие на море;X;X;X;X;X;X
war_gamming;Военные игры;X;X;X;X;X;X
combined_arms_planning;Взаимодействие родов войск;X;X;X;X;X;X
naval_leadership;Руководство флотом;X;X;X;X;X;X
the_command_principle;Субординация;X;X;X;X;X;X
naval_professionalism;Профессионализм на флоте;X;X;X;X;X;X
academic_training;Военные академии;X;X;X;X;X;X
combat_station_training;Военно-морские учения;X;X;X;X;X;X
societal_status;Социальный статус;X;X;X;X;X;X
naval_decision_making;Принятие решений на флоте;X;X;X;X;X;X
independent_command;Личная инициатива офицеров;X;X;X;X;X;X
continuous_issuing_of_orders;Непрерывное управление войсками;X;X;X;X;X;X
delegated_power;Делегирование полномочий;X;X;X;X;X;X
naval_risk_management;Управление рисками на флоте;X;X;X;X;X;X
wargames;Командно-штабные учения;X;X;X;X;X;X
alternative_plans;Альтернативные планы;X;X;X;X;X;X
n_saddle_orders;Командование в боевых условиях;X;X;X;X;X;X
naval_nco_training;Подготовка унтер-офицеров на флоте;X;X;X;X;X;X
literate_ncos;Грамотность унтер-офицерского состава;X;X;X;X;X;X
nco_combat_station_training;Полевая подготовка унтер-офицеров;X;X;X;X;X;X
nco_tactical_training;Тактическая подготовка унтер-офицеров;X;X;X;X;X;X
modern_naval_training;Современное обучение моряков;X;X;X;X;X;X
amphibious_warfare_training;Подготовка морских десантов;X;X;X;X;X;X
naval_exercises;Военно-морские учения;X;X;X;X;X;X
financial_institutions;Финансовые институты;X;X;X;X;X;X
private_banks;Частные банки;X;X;X;X;X;X
stock_exchange;Фондовый рынок;X;X;X;X;X;X
multitude_of_financial_instruments;Множество финансовых инструментов;X;X;X;X;X;X
insurance_companies;Страховые компании;X;X;X;X;X;X
regulated_buying_and_selling_of_stocks;Регулирование покупки и продажи акций;X;X;X;X;X;X
business_banks;Коммерческие банки;X;X;X;X;X;X
liquidation_of_assets;Ликвидация активов;X;X;X;X;X;X
capital_for_investors;Капитал для инвесторов;X;X;X;X;X;X
distribution_channels;Каналы распределения;X;X;X;X;X;X
investment_banks;Инвестиционные банки;X;X;X;X;X;X
industrial_rnd_investments;Инвестиции в промышленные НИОКР;X;X;X;X;X;X
industrial_production_investments;Инвестиции в промышленное производство;X;X;X;X;X;X
industrial_distribution_investments;Инвестиции в промышленное распределение;X;X;X;X;X;X
bank_inspection_board;Совет банковского надзора;X;X;X;X;X;X
private_bank_monitoring;Контроль над частными банками;X;X;X;X;X;X
market_behaviour_monitoring;Контроль над поведением рынка;X;X;X;X;X;X
mutual_funds;Взаимно предоставляемые фонды;X;X;X;X;X;X
buying_on_margin;Покупка с маржей;X;X;X;X;X;X
monetary_system;Денежная система;X;X;X;X;X;X
no_standard;Отсутствие стандартов;X;X;X;X;X;X
ad_hoc_money_bill_printing;Печать денег по необходимости;X;X;X;X;X;X
silver_standard;Серебряный стандарт;X;X;X;X;X;X
decimal_monetary_system;Десятичная денежная система;X;X;X;X;X;X
private_bank_money_bill_printing;Печать денег частными банками;X;X;X;X;X;X
double_standard;Двойной денежный стандарт;X;X;X;X;X;X
fixed_intramonetary_exchange_rates;Фиксированные курсы обмена валют;X;X;X;X;X;X
central_bank_money_bill_printing;Монополия Центрального банка;X;X;X;X;X;X
gold_standard;Золотой стандарт;X;X;X;X;X;X
international_monetary_exchange_rates;Международные курсы обмена валют;X;X;X;X;X;X
modern_central_bank_system;Современная система ЦБ;X;X;X;X;X;X
state_bond_monetary_mechanism;Механизм выпуска государственных облигаций;X;X;X;X;X;X
interest_inflation_weapon;Процентные ставки как средство борьбы с инфляцией;X;X;X;X;X;X
market_determined_exchange_rates;Рыночные обменные курсы;X;X;X;X;X;X
hyperinflation;Гиперинфляция;X;X;X;X;X;X
economic_thought_and_critique;Экономическая мысль и критика;X;X;X;X;X;X
early_classical_theory_and_critique;Ранняя классическая теория;X;X;X;X;X;X
late_classical_theory;Поздняя классическая теория;X;X;X;X;X;X
john_elliot_cairnes;Джон Эллиот Кэрнс;X;X;X;X;X;X
robert_torrens;Роберт Торренс;X;X;X;X;X;X
john_ramsay_mcculloch;Джон Рамсей Мак-Куллох;X;X;X;X;X;X
nassau_william_sr;Нассау Уильям Сениор;X;X;X;X;X;X
james_mill;Джеймс Милль;X;X;X;X;X;X
john_stuart_mill;Джон Стюарт Милль;X;X;X;X;X;X
collectivist_theory;Коллективистская теория;X;X;X;X;X;X
pierre_joseph_proudhon;Пьер Жозеф Прудон;X;X;X;X;X;X
karl_marx;Карл Маркс;X;X;X;X;X;X
friedrich_engels;Фридрих Энгельс;X;X;X;X;X;X
eduard_bernstein;Эдуард Бернштейн;X;X;X;X;X;X
sidney_webb;Сидней Вебб;X;X;X;X;X;X
karl_kautsky;Карл Каутский;X;X;X;X;X;X
jean_jaur;Жан Жорес;X;X;X;X;X;X
the_historical_theory;Историческая теория;X;X;X;X;X;X
friedrich_list;Фридрих Лист;X;X;X;X;X;X
wilhelm_roscher;Вильгельм Рошер;X;X;X;X;X;X
bruno_hildebrand;Бруно Гильдебранд;X;X;X;X;X;X
karl_knies;Карл Книс;X;X;X;X;X;X
gustav_von_schmoller;Густав фон Шмоллер;X;X;X;X;X;X
adolph_wagner;Адольф Вагнер;X;X;X;X;X;X
william_cunningham;Уильям Каннингем;X;X;X;X;X;X
neoclassical_theory;Неоклассическая теория;X;X;X;X;X;X
johann_heinrich_von_thunen;Иоганн Генрих фон Тюнен;X;X;X;X;X;X
Leon_Walras;Леон Вальрас;X;X;X;X;X;X
stanley_jevons;Стэнли Джевонс;X;X;X;X;X;X
carl_menger;Карл Менгер;X;X;X;X;X;X
thorstein_veblen;Торстейн Веблен;X;X;X;X;X;X
alfred_marshall;Альфред Маршалл;X;X;X;X;X;X
augustin_cournot;Огюстен Курно;X;X;X;X;X;X
jules_dupuit;Жюль Дюпюи;X;X;X;X;X;X
knut_wicksell;Кнут Викселль;X;X;X;X;X;X
irving_fischer;Ирвинг Фишер;X;X;X;X;X;X
joseph_schumpeter;Йозеф Шумпетер;X;X;X;X;X;X
eugen_von_bohm_bawerk;Евгений фон Бем-Баверк;X;X;X;X;X;X
keynesian_economics;Кейнсианская модель экономики;X;X;X;X;X;X
john_maynard_keynes;Джон Мэйнард Кейнс;X;X;X;X;X;X
richard_kahn;Ричард Кан;X;X;X;X;X;X
ludwig_von_mises;Людвиг фон Мизес;X;X;X;X;X;X
friedrich_hayek;Фридрих Хайек;X;X;X;X;X;X
market_functionality;Функционирование рынка;X;X;X;X;X;X
freedom_of_trade;Свобода торговли;X;X;X;X;X;X
market_structure;Рыночная структура;X;X;X;X;X;X
polypoly_structure;Полиполическая структура;X;X;X;X;X;X
oligopoly_structure;Олигополическая структура;X;X;X;X;X;X
monopoly_structure;Монополистическая структура;X;X;X;X;X;X
business_regulations;Регулирование деловой активности;X;X;X;X;X;X
limited_partnership_company;Частное партнерство с ограниченной ответственностью;X;X;X;X;X;X
joint_stock_company;Акционерное общество;X;X;X;X;X;X
patent;Патент;X;X;X;X;X;X
trademark;Торговая марка;X;X;X;X;X;X
market_regulations;Регулирование рынка;X;X;X;X;X;X
anti_trust_laws;Антимонопольное законодательство;X;X;X;X;X;X
financial_regulations;Финансовый контроль;X;X;X;X;X;X
banking_regulations;Банковский контроль;X;X;X;X;X;X
economic_responsibility;Экономическая ответственность;X;X;X;X;X;X
working_board_of_directors;Работающие советы директоров;X;X;X;X;X;X
bankruptcy_proceedings;Процедура банкротства;X;X;X;X;X;X
annual_report_proceedings;Процедура ежегодных отчетов;X;X;X;X;X;X
government_interventionism;Государственное вмешательство;X;X;X;X;X;X
priming_the_pump_;Бюджетное накачивание;X;X;X;X;X;X
mixed_economy;Смешанная экономика;X;X;X;X;X;X
centralized_economic_planning;Централизованное планирование;X;X;X;X;X;X
autarky;Автаркия;X;X;X;X;X;X
import_substitution_industrialization;Импортозамещающая индустриализация;X;X;X;X;X;X
rubber_sintec;Синтетическая резина;X;X;X;X;X;X
tech_organization;Организация;X;X;X;X;X;X
guild_based_production;Цеховое производство;X;X;X;X;X;X
organized_factories;Фабрики;X;X;X;X;X;X
work_classification;Систематизация производства;X;X;X;X;X;X
work_specialization;Трудовая специализация;X;X;X;X;X;X
work_control_and_hierarchy;Рабочий контроль и иерархия;X;X;X;X;X;X
scientific_management;Научный менеджмент;X;X;X;X;X;X
sequence_planning;Последовательное планирование;X;X;X;X;X;X
inventory_planning;Планирование учетной политики;X;X;X;X;X;X
quality_assurance_procedure;Процедура гарантии качества;X;X;X;X;X;X
time_saving_measures;Экономия времени;X;X;X;X;X;X
time_studies;Анализ временных затрат;X;X;X;X;X;X
time_clock;Рабочее время;X;X;X;X;X;X
lighting;Освещение;X;X;X;X;X;X
management_strategy;Стратегия управления;X;X;X;X;X;X
old_style_family_business;Старомодный семейный бизнес;X;X;X;X;X;X
anynomous_investor_business;Бизнес анонимных инвесторов;X;X;X;X;X;X
marketized_smallholder_business;Рыночно-ориентированный мелкий бизнес;X;X;X;X;X;X
organizational_development;Организация труда;X;X;X;X;X;X
i_scientific_management;Научный менеджмент;X;X;X;X;X;X
human_resource_development;Использование человеческих ресурсов;X;X;X;X;X;X
aesthetics;Эстетика;X;X;X;X;X;X
classicism_n_early_romanticism;Классицизм и ранний романтизм;X;X;X;X;X;X
romanticism;Романтизм;X;X;X;X;X;X
romanticist_literature;Романтизм в литературе;X;X;X;X;X;X
romanticist_art;Романтизм в живописи;X;X;X;X;X;X
romanticist_music;Романтизм в музыке;X;X;X;X;X;X
realism;Реализм;X;X;X;X;X;X
realist_literature;Реализм в литературе;X;X;X;X;X;X
realist_art;Реализм в живописи;X;X;X;X;X;X
realist_music;Реализм в музыке;X;X;X;X;X;X
impressionism;Импрессионизм;X;X;X;X;X;X
impressionist_literature;Импрессионизм в литературе;X;X;X;X;X;X
impressionist_art;Импрессионизм в живописи;X;X;X;X;X;X
impressionist_music;Импрессионизм в музыке;X;X;X;X;X;X
expressionism;Экспрессионизм;X;X;X;X;X;X
expressionist_literature;Экспрессионизм в литературе;X;X;X;X;X;X
expressionist_art;Экспрессионизм в живописи;X;X;X;X;X;X
expressionist_music;Экспрессионизм в музыке;X;X;X;X;X;X
mass_culture_n_the_avant_garde;Массовая культура и авангард;X;X;X;X;X;X
avantgarde_literature;Авангардизм в литературе;X;X;X;X;X;X
avantgarde_art;Авангардизм в живописи;X;X;X;X;X;X
avantgarde_music;Авангардизм в музыке;X;X;X;X;X;X
surrealism;Сюрреализм;X;X;X;X;X;X
modern_design;Современный дизайн;X;X;X;X;X;X
jazz;Джаз;X;X;X;X;X;X
socialist_realism;Социалистический реализм;X;X;X;X;X;X
philosophy;Философия;X;X;X;X;X;X
late_enlightenment_philosophy;Философия Просвещения;X;X;X;X;X;X
idealism;Идеализм;X;X;X;X;X;X
neokantian_idealism;Неокантианский идеализм;X;X;X;X;X;X
hegelian_idealism;Гегельянский идеализм;X;X;X;X;X;X
proto_existentialism;Протоэкзистенциализм;X;X;X;X;X;X
empiricism;Эмпиризм;X;X;X;X;X;X
pragmatism;Прагматизм;X;X;X;X;X;X
i_empiricism;Эмпиризм;X;X;X;X;X;X
analytic_philosophy;Аналитическая философия;X;X;X;X;X;X
i_analytic_philosophy;Аналитическая философия;X;X;X;X;X;X
modern_logics;Современная логика;X;X;X;X;X;X
logical_positivism;Логический позитивизм;X;X;X;X;X;X
philosophy_of_language;Философия языка;X;X;X;X;X;X
phenomenology_n_hermeneutic;Феноменология и герменевтика;X;X;X;X;X;X
phenomenology;Феноменология;X;X;X;X;X;X
hermeneutics;Герменевтика;X;X;X;X;X;X
anti__rationalism;Антирационализм;X;X;X;X;X;X
existentialism;Экзистенциализм;X;X;X;X;X;X
nihilism_and_the_will;Нигилизм и Воля;X;X;X;X;X;X
futurism;Футуризм;X;X;X;X;X;X
quantum_theory;Квантовая теория;X;X;X;X;X;X
social_thought;Общественная мысль;X;X;X;X;X;X
malthusian_thought;Мальтузианство;X;X;X;X;X;X
positivism;Позитивизм;X;X;X;X;X;X
functionalism;Функционализм;X;X;X;X;X;X
biologism;Биологизм;X;X;X;X;X;X
darwinism;Дарвинизм;X;X;X;X;X;X
social_darwinism;Социал-дарвинизм;X;X;X;X;X;X
social_science;Социология;X;X;X;X;X;X
sociology;Социология;X;X;X;X;X;X
social_psychology;Социальная психология;X;X;X;X;X;X
political_science;Политология;X;X;X;X;X;X
social_anthropology;Социальная антропология;X;X;X;X;X;X
social_alienation;Социальное отчуждение;X;X;X;X;X;X
the_revolt_of_the_masses;Восстание масс;X;X;X;X;X;X
the_decline_of_the_west_and_the_lost_generation;Упадок Запада и потерянное поколение;X;X;X;X;X;X
political_thought;Политическая мысль;X;X;X;X;X;X
ideological_thought;Идеологемы;X;X;X;X;X;X
authoritarianism;Авторитаризм;X;X;X;X;X;X
hierarchical_order;Иерархический порядок;X;X;X;X;X;X
traditionalism;Традиционализм;X;X;X;X;X;X
political_religion;Политическая религия;X;X;X;X;X;X
paternalism;Патернализм;X;X;X;X;X;X
constitutionalism;Конституционализм;X;X;X;X;X;X
individualism;Индивидуализм;X;X;X;X;X;X
rationalism;Рационализм;X;X;X;X;X;X
secularization;Секуляризация;X;X;X;X;X;X
social_conscience;Общественная сознательность;X;X;X;X;X;X
egalitarianism;Эгалитаризм;X;X;X;X;X;X
collectivism;Коллективизм;X;X;X;X;X;X
determinism;Детерминизм;X;X;X;X;X;X
atheism;Атеизм;X;X;X;X;X;X
social_justice;Социальная справедливость;X;X;X;X;X;X
state_n_government;Государство и правительство;X;X;X;X;X;X
populism_vs._establishment;Популизм или поддержка элиты;X;X;X;X;X;X
clericalism_vs._anticlericalism;Клерикализм или антиклерикализм;X;X;X;X;X;X
bureaucracy_vs._nepotism;Бюрократизм или кумовство;X;X;X;X;X;X
meritocracy_vs._aristocracy;Способности или происхождение;X;X;X;X;X;X
nationalism_n_imperialism;Национализм и империализм;X;X;X;X;X;X
national_fraternity;Национальное единство;X;X;X;X;X;X
biased_multiculturalism;Тенденциозная толерантность;X;X;X;X;X;X
manifest_destiny;Предопределенная судьба;X;X;X;X;X;X
expansionism;Экспансионизм;X;X;X;X;X;X
mission_to_civilize;Цивилизаторская миссия;X;X;X;X;X;X
separatism;Сепаратизм;X;X;X;X;X;X
national_trauma;Национальная травма;X;X;X;X;X;X
revanchism;Реваншизм;X;X;X;X;X;X
revolution_n_counterrevolution;Революция и контрреволюция;X;X;X;X;X;X
dogma_of_violence;Оправдание насилия;X;X;X;X;X;X
dogma_of_mass_action;Массовые выступления;X;X;X;X;X;X
terrorism;Терроризм;X;X;X;X;X;X
general_strikes;Всеобщие забастовки;X;X;X;X;X;X
secret_police;Тайная полиция;X;X;X;X;X;X
womens_suffrage_movement;Движения за предоставление избирательных прав женщинам;X;X;X;X;X;X
rhetoric_of_hate;Риторика ненависти;X;X;X;X;X;X
nostalgic_romanticism;Консервативный романтизм;X;X;X;X;X;X
anti_egalitarianism;Антиэгалитаризм;X;X;X;X;X;X
vangaurd_party;Партия-авангард;X;X;X;X;X;X
mass_politics;Участие масс в политике;X;X;X;X;X;X
the_doctrine_of_fascism;Фашизм;X;X;X;X;X;X
paramilitary_groups;Военизированные формирования;X;X;X;X;X;X
the_police_state;Полицейское государство;X;X;X;X;X;X
psychology;Психология;X;X;X;X;X;X
introspectionism;Интроспективная психология;X;X;X;X;X;X
associationism;Ассоциативная психология;X;X;X;X;X;X
phenomenalism;Феноменализм;X;X;X;X;X;X
experimental_psychology;Экспериментальная психология;X;X;X;X;X;X
psychoanalysis;Психоанализ;X;X;X;X;X;X
behaviorism;Бихевиоризм;X;X;X;X;X;X
mass_advertising;Массовая реклама;X;X;X;X;X;X
national_radio_networks;Общенациональные радиосети;X;X;X;X;X;X
the_talkies;Звуковое кино;X;X;X;X;X;X
tech_power;Энергия;X;X;X;X;X;X
water_wheel_power;Водяное колесо;X;X;X;X;X;X
practical_steam_engine;Практичный паровой двигатель;X;X;X;X;X;X
high_n_low_pressure_steam_engines;Двигатели высокого и низкого давления;X;X;X;X;X;X
steam_turbine;Паровая турбина;X;X;X;X;X;X
combustion_engine;Двигатель внутреннего сгорания;X;X;X;X;X;X
daimlers_automobile;Автомобиль Даймлера;X;X;X;X;X;X
wright_n_langleys_aeroplanes;Аэроплан Райта и Ленгли;X;X;X;X;X;X
electrical_power_generation;Выработка электроэнергии;X;X;X;X;X;X
direct_current;Постоянный ток;X;X;X;X;X;X
alternating_current;Переменный ток;X;X;X;X;X;X
polyphase_system;Многофазная система;X;X;X;X;X;X
mechanization;Механизация;X;X;X;X;X;X
publishing_industry;Издательское дело;X;X;X;X;X;X
mechanical_production;Машинное производство;X;X;X;X;X;X
sharp_n_roberts_power_loom;Ткацкий станок Шарпа и Робертса;X;X;X;X;X;X
jacquard_power_loom;Ткацкий станок Жакарда;X;X;X;X;X;X
northrop_power_loom;Ткацкий станок Нортропа;X;X;X;X;X;X
mechanical_saw;Механическая пила;X;X;X;X;X;X
mechanical_precision_saw;Циркулярная пила;X;X;X;X;X;X
hussey_n_mccormicks_reaping_machine;Механическая жатка Хасси и Маккормика;X;X;X;X;X;X
pitts_threshing_machine;Молотилка Питта;X;X;X;X;X;X
mechanized_slaughtering_block;Механизация скотобоен;X;X;X;X;X;X
interchangeable_parts;Взаимозаменяемые детали;X;X;X;X;X;X
precision_work;Высокоточная обработка деталей;X;X;X;X;X;X
machine_tools;Механические станки;X;X;X;X;X;X
whitney_n_colts_standardized_small_arms;Стрелковое оружие Уитни и Кольта;X;X;X;X;X;X
food_packing_system;Упаковка еды;X;X;X;X;X;X
integral_distillery_process;Полный процесс перегонки;X;X;X;X;X;X
jiggs;Усовершенствование машин и механизмов;X;X;X;X;X;X
semi_automatization;Частичная автоматизация;X;X;X;X;X;X
electric_machinery;Электрическое машинное оборудование;X;X;X;X;X;X
oil_pumping_machinery;Нефтяные насосы;X;X;X;X;X;X
drying_techniques;Технология высушивания;X;X;X;X;X;X
assembly_line;Сборочный конвейер;X;X;X;X;X;X
fordism;Система Форда;X;X;X;X;X;X
massproduced_rail;Массовое производство рельс;X;X;X;X;X;X
industrialized_armament_industry;Военные заводы;X;X;X;X;X;X
refrigerator_technology;Холодильная установка;X;X;X;X;X;X
shift_work;Посменная работа;X;X;X;X;X;X
metallurgy;Металлургия;X;X;X;X;X;X
mechanized_mining;Механизация шахт;X;X;X;X;X;X
ammunition_production;Производство боеприпасов;X;X;X;X;X;X
small_arms_production;Производство стрелкового вооружения;X;X;X;X;X;X
explosives_production;Производство взрывчатки;X;X;X;X;X;X
artillery_production;Производство артиллерии;X;X;X;X;X;X
clean_coal;Обогащение угля;X;X;X;X;X;X
pit_coal;Каменный уголь;X;X;X;X;X;X
coke;Кокс;X;X;X;X;X;X
cheap_iron;Дешевое железо;X;X;X;X;X;X
advanced_ore_roasting_processes;Передовой способ обжигания руды;X;X;X;X;X;X
advanced_ore_grinding_processes;Передовой способ перемалывания руды;X;X;X;X;X;X
advanced_ore_smelting_processes;Передовая технология выплавки металла;X;X;X;X;X;X
bessemer_steel;Бессемеровская сталь;X;X;X;X;X;X
cheap_steel;Дешевая сталь;X;X;X;X;X;X
martin_steel;Мартеновская сталь;X;X;X;X;X;X
thomas_steel;Томасовская сталь;X;X;X;X;X;X
advanced_metallurgy;Передовая металлургия;X;X;X;X;X;X
electric_rolling_techniques;Сталепрокат;X;X;X;X;X;X
steel_alloys;Легированная сталь;X;X;X;X;X;X
electric_furnace;Электропечи;X;X;X;X;X;X
stainless_steel;Нержавеющая сталь;X;X;X;X;X;X
tech_infrastructure;Инфраструктура;X;X;X;X;X;X
experimental_railroad;Экспериментальная железная дорога;X;X;X;X;X;X
early_railroad;Ранняя железная дорога;X;X;X;X;X;X
iron_railroad;Чугунная железная дорога;X;X;X;X;X;X
steel_railroad;Стальная железная дорога;X;X;X;X;X;X
integral_rail_system;Национальная железнодорожная система;X;X;X;X;X;X
limited_access_roads;Автобаны;X;X;X;X;X;X
chemistry_and_electricity;Химия и электричество;X;X;X;X;X;X
basic_chemistry;Основы химии;X;X;X;X;X;X
medicine;Медицина;X;X;X;X;X;X
combat_medicine;Военная медицина;X;X;X;X;X;X
aerial_bacteria_and_antiseptic_principle;Заболевания, передающиеся воздушно-капельным путем, и антисептики;X;X;X;X;X;X
vaccination;Вакцинация;X;X;X;X;X;X
chemotherapy;Химиотерапия;X;X;X;X;X;X
genetics:_heredity;Генетика: наследственность;X;X;X;X;X;X
clinical_thermometers_and_binaural_stethoscopes;Медицинские термометры и стереофонические стетоскопы;X;X;X;X;X;X
prophylaxis_against_malaria;Профилактика малярии;X;X;X;X;X;X
pressure_chambers_for_thorax_surgery;Барокамеры для проведения операций грудной клетки;X;X;X;X;X;X
inorganic_chemistry;Неорганическая химия;X;X;X;X;X;X
artificial_fertilizers;Искусственные удобрения;X;X;X;X;X;X
nitroglycerin;Нитроглицерин;X;X;X;X;X;X
piroksicilin;Пироксицилин;X;X;X;X;X;X
chemical_wood_pulp_process;Химический процесс получения древесной массы;X;X;X;X;X;X
rubber_vulcanization;Вулканизация резины;X;X;X;X;X;X
catalytic_fermentative_process;Каталитический процесс брожения;X;X;X;X;X;X
organic_chemistry;Органическая химия;X;X;X;X;X;X
synthetic_dye;Синтетический краситель;X;X;X;X;X;X
gaslights;Газовые лампы;X;X;X;X;X;X
carbon_soil_enrichment;Углеродные удобрения;X;X;X;X;X;X
cracking;Крекинг;X;X;X;X;X;X
electricity;Электричество;X;X;X;X;X;X
x_rays;Рентгеновское излучение;X;X;X;X;X;X
edison_light_bulb;Электрическая лампочка Эдисона;X;X;X;X;X;X
bell_n_greys_telephones;Телефон Белла и Грея;X;X;X;X;X;X
electrical_lighting;Электрическое освещение;X;X;X;X;X;X
tractors;Тракторы;X;X;X;X;X;X
synthetic_polymers;Синтетические полимеры;X;X;X;X;X;X
rayon;Вискоза;X;X;X;X;X;X
bakelite;Бакелит;X;X;X;X;X;X
employ_from_tech;От технологии: ;X;X;X;X;X;X
steel_factory;Сталелитейный завод (Г);X;X;X;X;X;X
steel_manufactory;Сталелитейная мануфактура;X;X;X;X;X;X
cement_factory;Цементный завод (Г);X;X;X;X;X;X
glass_factory;Стеклозавод;X;X;X;X;X;X
fuel_refinery;Топливный завод (Г);X;X;X;X;X;X
ammunition_factory;Завод боеприпасов (Г);X;X;X;X;X;X
small_arms_factory;Завод стрелкового оружия (Г);X;X;X;X;X;X
artillery_factory;Артиллерийский завод (Г);X;X;X;X;X;X
barrel_factory;Танковый завод (Г);X;X;X;X;X;X
fertilizer_factory;Завод удобрений (Г);X;X;X;X;X;X
explosives_factory;Завод взрывчатки (Г);X;X;X;X;X;X
dye_factory;Завод красильных веществ (Г);X;X;X;X;X;X
clipper_shipyard;Верфь клиперов (Г);X;X;X;X;X;X
steamer_shipyard;Верфь пароходов (Г);X;X;X;X;X;X
machine_parts_factory;Машиностроительный завод (Г);X;X;X;X;X;X
automobile_factory;Автозавод (Г);X;X;X;X;X;X
aeroplane_factory;Авиазавод (Г);X;X;X;X;X;X
electric_gear_factory;Завод электроприборов (Г);X;X;X;X;X;X
telephone_factory;Телефонный завод (Г);X;X;X;X;X;X
radio_factory;Радиозавод (Г);X;X;X;X;X;X
winery;Завод вин (Г);X;X;X;X;X;X
liquor_distillery;Спиртзавод (Г);X;X;X;X;X;X
canned_food_factory;Консервный завод (Г);X;X;X;X;X;X
canned_food_factory_b;Завод фруктовых консерв (Г);X;X;X;X;X;X
canned_food_factory_c;Завод вегетерианских консерв (Г);X;X;X;X;X;X
canned_food_factory_d;Завод рыбных консерв (Г);X;X;X;X;X;X
fabric_factory;Хлопчатобумажная фабрика;X;X;X;X;X;X
fabric_factory_b;Фабрика шерстяной ткани;X;X;X;X;X;X
regular_clothes_factory;Фабрика одежды (Г);X;X;X;X;X;X
luxury_clothes_factory;Фабрика дорогой одежды (Г);X;X;X;X;X;X
lumber_mill;Фабрика пиломатериалов;X;X;X;X;X;X
paper_mill;Бумажная фабрика;X;X;X;X;X;X
furniture_factory;Мебельная фабрика (Г);X;X;X;X;X;X
luxury_furniture_factory;Фабрика роскошной мебели (Г);X;X;X;X;X;X
synthetic_oil_factory;Завод синтетической нефти (Г);X;X;X;X;X;X
synthetic_rubber_factory;Завод синтетической резины (Г);X;X;X;X;X;X
synthetic_sulphur_factory;Завод искусственной серы (Г);X;X;X;X;X;X
war_military_access;Война за право прохода;X;X;X;X;X;X
war_military_access_short;Репарации из-за права прохода;X;X;X;X;X;X
war_military_access_setup;Репарации из-за права прохода выданное врагу;X;X;X;X;X;X
family_planning;Планирование семьи;X;X;X;X;X;X
republic_a;Издержки необходимые для снижения ББ;X;X;X;X;X;X
desc_republic_a;Мы тратим наши деньги на благое дело!.;X;X;X;X;X;X
republic_b;Издержки необходимые для повышения ББ;X;X;X;X;X;X
desc_republic_b;Мы тратим наши деньги на благое дело!.;X;X;X;X;X;X
comunist_a;Издержки необходимые для снижения ББ;X;X;X;X;X;X
desc_comunist_a;Мы тратим наши деньги на благое дело!.;X;X;X;X;X;X
comunist_b;Издержки необходимые для повышения ББ;X;X;X;X;X;X
desc_comunist_b;Мы тратим наши деньги на благое дело!.;X;X;X;X;X;X
fashist_a;Издержки необходимые для снижения ББ;X;X;X;X;X;X
desc_fashist_a;Мы тратим наши деньги на благое дело!.;X;X;X;X;X;X
fashist_b;Издержки необходимые для повышения ББ;X;X;X;X;X;X
desc_fashist_b;Мы тратим наши деньги на благое дело!.;X;X;X;X;X;X
bourgeois_a;Издержки необходимые для снижения ББ;X;X;X;X;X;X
desc_bourgeois_a;Мы тратим наши деньги на благое дело!.;X;X;X;X;X;X
bourgeois_b;Издержки необходимые для повышения ББ;X;X;X;X;X;X
desc_bourgeois_b;Мы тратим наши деньги на благое дело!.;X;X;X;X;X;X
KBB_clan_rule;Кебби;X;X;X;X;X;X
KBB_occupation_zone;Кебби;X;X;X;X;X;X
KBB_theocracy_government;Эмират Кебби;X;X;X;X;X;X
silver_age;Серебряный век;X;X;X;X;X;X
el_libertador;Освободительная война;X;X;X;X;X;X
med_ref_mf;Издержки проведения реформ;X;X;X;X;X;X
desc_med_ref_mf;Мы тратим наши деньги на благое дело!.;X;X;X;X;X;X
med_ref_mf1;Издержки проведения реформ;X;X;X;X;X;X
desc_med_ref_mf1;Мы тратим наши деньги на благое дело!.;X;X;X;X;X;X
med_ref_mf2;Издержки проведения реформ;X;X;X;X;X;X
desc_med_ref_mf2;Мы тратим наши деньги на благое дело!.;X;X;X;X;X;X
med_ref_mf3;Издержки проведения реформ;X;X;X;X;X;X
desc_med_ref_mf3;Мы тратим наши деньги на благое дело!.;X;X;X;X;X;X
med_ref_mf4;Издержки проведения реформ;X;X;X;X;X;X
desc_med_ref_mf4;Мы тратим наши деньги на благое дело!.;X;X;X;X;X;X
med_ref_mp;Медицинские реформы1;X;X;X;X;X;X
desc_med_ref_mp;Медицина увеличивает благосостояние нашего народа!.;X;X;X;X;X;X
med_ref_mp1;Медицинские реформы2;X;X;X;X;X;X
desc_med_ref_mp1;Медицина увеличивает благосостояние нашего народа!.;X;X;X;X;X;X
med_ref_mp2;Медицинские реформы3;X;X;X;X;X;X
desc_med_ref_mp2;Медицина увеличивает благосостояние нашего народа!.;X;X;X;X;X;X
med_ref_mp3;Медицинские реформы4;X;X;X;X;X;X
desc_med_ref_mp3;Медицина увеличивает благосостояние нашего народа!.;X;X;X;X;X;X
med_ref_mp4;Медицинские реформы5;X;X;X;X;X;X
desc_med_ref_mp4;Медицина увеличивает благосостояние нашего народа!.;X;X;X;X;X;X
med_ref_mp5;Медицинские реформы6;X;X;X;X;X;X
desc_med_ref_mp5;Медицина увеличивает благосостояние нашего народа!.;X;X;X;X;X;X
desc_needs1;Медицина увеличивает благосостояние нашего народа!.;X;X;X;X;X;X
needs1;Инфляция;X;X;X;X;X;X
desc_needs2;Медицина увеличивает благосостояние нашего народа!.;X;X;X;X;X;X
needs2;Инфляция;X;X;X;X;X;X
desc_needs3;Медицина увеличивает благосостояние нашего народа!.;X;X;X;X;X;X
needs3;Инфляция;X;X;X;X;X;X
desc_needs4;Медицина увеличивает благосостояние нашего народа!.;X;X;X;X;X;X
needs4;Инфляция;X;X;X;X;X;X
desc_needs5;Медицина увеличивает благосостояние нашего народа!.;X;X;X;X;X;X
needs5;Инфляция;X;X;X;X;X;X
desc_needs6;Медицина увеличивает благосостояние нашего народа!.;X;X;X;X;X;X
needs6;Инфляция;X;X;X;X;X;X
desc_needs7;Медицина увеличивает благосостояние нашего народа!.;X;X;X;X;X;X
needs7;Инфляция;X;X;X;X;X;X
desc_needs8;Медицина увеличивает благосостояние нашего народа!.;X;X;X;X;X;X
needs8;Инфляция;X;X;X;X;X;X
desc_needs9;Медицина увеличивает благосостояние нашего народа!.;X;X;X;X;X;X
needs9;Инфляция;X;X;X;X;X;X
desc_needs10;Медицина увеличивает благосостояние нашего народа!.;X;X;X;X;X;X
needs10;Инфляция;X;X;X;X;X;X
desc_needs11;Медицина увеличивает благосостояние нашего народа!.;X;X;X;X;X;X
needs11;Инфляция;X;X;X;X;X;X
desc_needs12;Медицина увеличивает благосостояние нашего народа!.;X;X;X;X;X;X
needs12;Инфляция;X;X;X;X;X;X
desc_needs13;Медицина увеличивает благосостояние нашего народа!.;X;X;X;X;X;X
needs13;Инфляция;X;X;X;X;X;X
desc_needs14;Медицина увеличивает благосостояние нашего народа!.;X;X;X;X;X;X
needs14;Инфляция;X;X;X;X;X;X
desc_needs15;Медицина увеличивает благосостояние нашего народа!.;X;X;X;X;X;X
needs15;Инфляция;X;X;X;X;X;X
desc_needs16;Медицина увеличивает благосостояние нашего народа!.;X;X;X;X;X;X
needs16;Инфляция;X;X;X;X;X;X
desc_needs17;Медицина увеличивает благосостояние нашего народа!.;X;X;X;X;X;X
needs17;Инфляция;X;X;X;X;X;X
desc_needs18;Медицина увеличивает благосостояние нашего народа!.;X;X;X;X;X;X
needs18;Инфляция;X;X;X;X;X;X
desc_needs19;Медицина увеличивает благосостояние нашего народа!.;X;X;X;X;X;X
needs19;Инфляция;X;X;X;X;X;X
apache_raiders;Апачи;X;X;X;X;X;X
desc_apache_raiders;Апачи;X;X;X;X;X;X
worker_revolt;Восстание пролетариата;X;X;X;X;X;X
desc_worker_revolt;Подъем пролетариата;X;X;X;X;X;X
militant_trade_union;Воинствующие профсоюзы;X;X;X;X;X;X
desc_militant_trade_union;Воинствующие профсоюзы;X;X;X;X;X;X
dissatisfied_workers;Недовольные рабочие;X;X;X;X;X;X
desc_dissatisfied_workers;Недовольство рабочих;X;X;X;X;X;X
has_siege;Осада;X;X;X;X;X;X
desc_has_siege;Готовьте осадные пушки;X;X;X;X;X;X
debt_default_to;Дефолт;X;X;X;X;X;X
desc_debt_default_to;Дефолт по долгу перед нашими союзниками;X;X;X;X;X;X
generalised_debt_default;Общий долг;X;X;X;X;X;X
desc_generalised_debt_default;Долги надо возвращать;X;X;X;X;X;X
international_negotiations1;Международное давление;X;X;X;X;X;X
desc_international_negotiations1;Мы оказываем давление на иностранное государство по конкретному вопросу.;X;X;X;X;X;X
troya1_excavations;Раскопки Трои;X;X;X;X;X;X
academic_confusion1;100 дней на подумать;X;X;X;X;X;X
indian_tech_school;Индийская академия знаний;X;X;X;X;X;X
british_tech_school;Британская военно-морская школа;X;X;X;X;X;X
nalogi_na_poluchi; Увеличение налогов ;X;X;X;X;X;X
all_voting_pops;Всеобщая конституция;X;X;X;X;X;X
culture_voting_only;Конституция для признанных культур;X;X;X;X;X;X
primary_culture_only;Основная конституция;X;X;X;X;X;X
no_culture;Нет конституции;X;X;X;X;X;X
all_voting_pops_l;Всеобщая конституция;X;X;X;X;X;X
culture_voting_only_l;Конституция для признанных культур;X;X;X;X;X;X
primary_culture_only_l;Основная конституция;X;X;X;X;X;X
no_culture_l;Нет конституции;X;X;X;X;X;X
we_are_one;Мы едины;X;X;X;X;X;X
escapism;Эскапизм;X;X;X;X;X;X
prohibition_cancelled;Сухой закон отменён;X;X;X;X;X;X
fast_manchu;Война на время в Маньчжурии;X;X;X;X;X;X
not_fast_manchu;Маньчжурия - наша!;X;X;X;X;X;X
korea_yes;Корея - Наша!;X;X;X;X;X;X
toyota_corp_work;Корпорация Тойота;X;X;X;X;X;X
mitsubishi_corp_work;Корпорация Митсубиши;X;X;X;X;X;X
sanction_on_jap;Санкции;X;X;X;X;X;X
sanction_off_jap;Отменить санкции;X;X;X;X;X;X
jap_banzai_end;Мы - величайшая империя Тихого океана!;X;X;X;X;X;X
Agressia;Провокация конфликта в Индии;X;X;X;X;X;X
Not_Agressia;Сдерживание Кризиса;X;X;X;X;X;X
Military_tax;Военный налог;X;X;X;X;X;X
Military_ex;Подготовка к войне;X;X;X;X;X;X
The_costs_of_military_tax;Издержки военного налога;X;X;X;X;X;X
obrazovanue_cost;Реформа образования;X;X;X;X;X;X
migracia;Миграция;X;X;X;X;X;X
migracia_can;Канадская миграция;X;X;X;X;X;X
tunis_yes;Итальянский Тунис;X;X;X;X;X;X
fiat_corp_work_1;Туринский производственый бум;X;X;X;X;X;X
fiat_corp_work_2;Фиатовский военный комплекс;X;X;X;X;X;X
tunis_ass;Наши земли;X;X;X;X;X;X
natsionalnoe_edinstvo;Победа над дядей Сэмом;X;X;X;X;X;X
colonial_b;Колониальный;X;X;X;X;X;X	
jopa_podsosa;Выгодная сделка;X;X;X;X;X;X	
podsos;Выгодная сделка;X;X;X;X;X;X	
podsos1;Бафф от того что мы в сфере;X;X;X;X;X;X	
podsos2;Франко-Голландское сотрудничество;X;X;X;X;X;X
podsos3;Британо-Голландское сотрудничество;X;X;X;X;X;X
suez;Доходы от контроля Суэцкого канала;X;X;X;X;X;X
panama;Доходы от контроля Панамского канала;X;X;X;X;X;X
kiel;Доходы от контроля Кильского канала;X;X;X;X;X;X
stambul;Доходы от контроля Босфора и Дарданелл;X;X;X;X;X;X
kopengagen;Доходы от контроля Датского пролива;X;X;X;X;X;X
aden;Доходы от контроля Аденского пролива;X;X;X;X;X;X
gibraltar;Доходы от контроля Гибралтарского пролива;X;X;X;X;X;X
pers;Доходы от контроля Персидского пролива;X;X;X;X;X;X
singopur;Доходы от контроля Сингапурского пролива;X;X;X;X;X;X
otranto;Пролив Отранто;X;X;X;X;X;X 
otranto_dasc;Наша торговля под защитой;X;X;X;X;X;X
rus_investiments;Русские инвестиции;X;X;X;X;X;X
usa_investiments;Американские инвестиции;X;X;X;X;X;X
ger_investiments;Немецкие инвестиции;X;X;X;X;X;X
fra_investiments;Французские инвестиции;X;X;X;X;X;X
eng_investments;Английские инвестиции;X;X;X;X;X;X
culture_tur_boost;Культурное развитие;X;X;X;X;X;X
tur_war_industry_all;Турецкая индустриализация;X;X;X;X;X;X
tur_war_industry;Инновации;X;X;X;X;X;X
tur_war_warfare_navy;Морская доктрина;X;X;X;X;X;X
tur_war_warfare_army;Сухопутная доктрина;X;X;X;X;X;X
investiments_yes;Недавний запрос инвестиций;X;X;X;X;X;X
Transib;Транссиб;X;X;X;X;X;X
Vladivostok;Транссибиирская магистраль;X;X;X;X;X;X
famine_la_india;Великий голод;X;X;X;X;X;X
famine_war;Борьба с голодом;X;X;X;X;X;X
famine_war_first_step;Борьба с голодом - первый этап;X;X;X;X;X;X
famine_war_second_step;Борьба с голодом - второй этап;X;X;X;X;X;X
famine_war_third_step;Борьба с голодом - третий этап;X;X;X;X;X;X
famine_war_end;Голод - не пройдёт!;X;X;X;X;X;X
cost_of_inv_1;Инвестиции;X;X;X;X;X;X
cost_of_inv_2;Инвестиции;X;X;X;X;X;X
cost_of_inv_3;Инвестиции;X;X;X;X;X;X
India;Проблемы образования в Индии.;X;X;X;X;X;X
ne_trogat;Торговое соглашение.;X;X;X;X;X;X
FAQstart1;В первую очередь вам необходимо получить минимальное количество священников в стране (2%), которое даёт максимальное количество очков исследования(ОИ) для этого ставьте нац.приоритеты на священников и изучайте идеологемы. После идеологем стоит изучить медицину, так как она даст вам большой прирост населения;X;X;X;X;X;X
FAQstart2;Далее обратите внимание на свой бюджет, лучше всего будет поставить содержание священников и чиновников на 100%, пошлины так же максимальны, налоги на население тоже, но со временем снижайте налоги для всех групп населения. Если у вас есть боевой флот, то, если он вам не понадобится в ближайшие 5 лет, его следует распустить (не распускайте транспортные корабли);X;X;X;X;X;X
FAQstart3;Постарайтесь захватить как можно больше колоний, но будьте осторожны и не переходите дорогу державам, что могут вам угрожать. После идеологем и медицины вам стоит усилить свои позиции 3 способами: 1 техи коммерции и промышленности (для не воюющих и более-менее грамотных стран), 2 культурные техи (для малограмотных стран), 3 военные техи (для стран, что рано начинают воевать);X;X;X;X;X;X
FAQbase1;Главная механика игры, а соответственно самая важная - население, старайтесь усилить его прирост всеми возможными способами: снижение эмиграции и усиление иммиграции, технологии на прирост населения, медицинские реформы, захват территорий;X;X;X;X;X;X
FAQbase2;Очки исследования(ОИ) помогут вам вырваться вперёд, а значит усилить свои позиции на мировой арене, увеличиваются за счёт: грамотности, плюрализма, священников, технологий культуры 2 столбца, клерков, позиции на мировой арене (великие державы получают больше), захват территорий (только для нецивилов), а также с помощью отдельных решений и ивентов;X;X;X;X;X;X
FAQbase3;Китай можно захватывать только после его объединения (примерно 60 год и после) и по одному региону (граничащему с вами или прибержный) Основная колонизация начинается в 70 году после получения изобретения "колониальные отношения" и проходит за счёт вашей колониальной мощи, которую можно увеличить с помощью: портов более высокого уровня, кораблей, отдельных морских технологий;X;X;X;X;X;X
FAQprom1;В начале игры забудьте про капиталистов - они пока бесполезны, вам стоит принять партию с гос.капитализмом и строить промышленность самому. Только после того как ваша промышленность окрепнет, а ресурсы продолжат увеличиваться можно переходить на рыночную экономику со свободным рынком, где большую выгоду вы будете получать с налогов, а не с пошлин. Есть 2 теории построения заводов: 1)Ресурсная: стройте заводы в регионах в которых есть ресурсы, которые эти заводы потребляют для получения бонуса к производству, 2)Товарная: стройте такие заводы, которые ваша страна сможет обеспечить ресурсами. В зависимости от стиля игры и страны вам придётся балансировать между этими 2 теориями;X;X;X;X;X;X
FAQprom2;Служащие начинают нормально появляться после получения 50% грамотности в стране. Не забывайте строить воен-пром так как при начале войны вашей промышленности может не хватить для обеспечения армии, при этом данный сектор крайне ресурсно-затратен, поэтому вам стоит увеличивать количество доступных вам железных рудников и угольных щахт. Налоги и пошлины - основа любой экономики, вам стоит увеличивать их размер за счёт увеличения населения, технологий промышленности и коммерции, регулирования ползунков, захвата колоний и регионов, а также улучшения промышленности и постепенного обогощения вашего населения;X;X;X;X;X;X
FAQprom3;Много армии и флота - много трат, поэтому будьте всегда готовы к тому, что в войне вам придётся содержать вашу армию и флот! Также не забывайте про социальные траты, благодаря ним вы снижаете агрессивность у населения, но всё равно тратите деньги. Колонии и их товары очень сильно помогут вам разбогатеть, поэтому не забываем про них; также производим более сложные товары, для улучшения нашего положения; Если вы не являетесь великой державой, то можно не изучать железные дороги и просить построить их у себя у великих держав;X;X;X;X
FAQtech1;Важные технологии: 1)Армия: пулемёты, военный контроль, 2)Флот: технологии дающие колониальную мощь, 3)Коммерция: коммерческие банки, печать денег по необходимости, 4)Культура: все технологии философии, биологизм, национализм и империализм 5) Промышленность: двигатель внутреннего сгорания, машинное производство, взаимозаменяемые детали, медицина, неорганическая химия, электричество, выработка электроэнергии;X;X;X;X;X;X
FAQtech2;Армия: 1 столбец - в основном оборона, а также танки, 2 столбец - гвардейцы, ширина фронта, инженеры, а также атака, 3 столбец - артиллерия, 4 столбец - мобилизация и газы, 5 столбец - тактика и боевой дух. 3 И 5 САМЫЕ ВАЖНЫЕ. Флот: 1 столбец - порты, 2 столбец - корабли, 3 столбец - сила флота, 4 столбец - потребление флота, 5 столбец - организация флота;X;X;X;X;X;X
FAQtech3;Коммерция: 1 столбец - налоги, 2 столбец - эффективность управления и налоги, 3 столбец - в основном престиж, ещё эфф-ть затрат, 4 столбец - выпуск с шахт и ферм и очки влияния, 5 столбец - эфф-ть выпуска; здесь важны 1 и 2 столбцы, а также 4. Культура: 1 столбец - престиж, 2 столбец - очки исследования, 3 столбец - эффективность образования, 4 столбец - национальные приоритеты, 5 столбец - постоянный опыт и пополнения. 1 и 5 не так важны как 2, 3 и 4. Промышленность: 1 столбец - выпуск с шахт и ферм, 2 столбец - тех.производительность фабрик и выпуск различных товаров, 3 столбец - железо, уголь и сера, 4 столбец - железные дороги, 5 столбец - лимит снабжения и население. Железные дороги увеличивают выпуск товаров и производительность фабрик, поэтому достаточно важны. Здесь все столбцы необходимы, так что опирайтесь больше на важные технологии;X;X;X;X;X
navy_bonus_by_can;Местный бонус к скорости строительства флота от Канады;X;X;X;X;X;X
navy_bonus_by_can1;Местный бонус к эффективности торговли от Канады;X;X;X;X;X;X
navy_bonus_by_saf;Местный бонус к скорости строительства флота от ЮАР;X;X;X;X;X;X
navy_bonus_by_saf1;Местный бонус к к эффективности торговли от ЮАР;X;X;X;X;X;X
rgo_by_governor_general_farm;Бонус генерал-губернатора к сельскому хозяйству;X;X;X;X;X;X
rgo_by_governor_general_mine;Бонус генерал-губернатора к горному делу;X;X;X;X;X;X
cd_canadian_governor_generals_rights;Бонус генерал-губернатора канады на кд;X;X;X;X;X;X
cd_sa_governor_generals_rights;Бонус генерал-губернатора ЮАР на кд;X;X;X;X;X;X
british_helping_in_colonisation;Ура помощь!;X;X;X;X;X;X
peacefull_conquest;Мирное расширение;X;X;X;X;X;X
super_conquest;Последствия агрессивного расширения;X;X;X;X;X;X
super_conquest1;Последствия агрессивного расширения;X;X;X;X;X;X
peacefull_conquest1;Выгоды мирного расширения;X;X;X;X;X;X
new_world;Новый свет;X;X;X;X;X;X
a_nation_of_shopkeepers;Нация лавочников;X;X;X;X;X;X
uk_navy_tradition;Британские морские традиции;X;X;X;X;X;X
uk_navy_tradition1;Британские морские традиции;X;X;X;X;X;X
saf_buff;Кейптаун;X;X;X;X;X;X
can_buff;Новый мир;X;X;X;X;X;X
can_and_saf_content_end;Конец контента Канады и Южной Африки.;X;X;X;X;X;X
Help_from_England;Помощь от Англии;X;X;X;X;X;X
Help_from_England2;Помощь от Англии;X;X;X;X;X;X
Protectorate_over_India;Протекторат над Индией;X;X;X;X;X;X
Protectorate_over_India2;Протекторат над Индией;X;X;X;X;X;X
Investicii_v_region1;Инвестиции в регион;X;X;X;X;X;X
poderzka_regiona1;Налоговые льготы в регионе;X;X;X;X;X;X
krestianka_otmena;Последствия Отмены Крепостного Права;X;X;X;X;X;X
assimilation_cd;Асимиляция;X;X;X;X;X;X
Protectorate_over_India_Paints;Индусские краски;X;X;X;X;X;X
Protectorate_over_India_Hlopock;Индусский хлопок;X;X;X;X;X;X
Protectorate_over_India_Rubber;Индусская резина;X;X;X;X;X;X
gudbay_eng1;Мы независимы!;X;X;X;X;X;X
gudbay_eng2;Мы независимы...;X;X;X;X;X;X
obrazovanue_for_India1;Первые шаги;X;X;X;X;X;X
obrazovanue_for_India2;Создания образования;X;X;X;X;X;X
obrazovanue_for_India3;Образование для всех!;X;X;X;X;X;X
obrazovanue_for_India4;Улучшение качества образования;X;X;X;X;X;X
Investicii_v_region;Издержки отмены налогов в регионе;X;X;X;X;X;X
poderzka_regiona;Издержки ослабления налогов в регионе;X;X;X;X;X;X
opit_v_boic_ot_eng;передача опыта колониального управления;X;X;X;X;X;X
inzeneri_eng_v_boic;Опыт британских инженеров;X;X;X;X;X;X
integratia_boic_v_eng;Интеграция в империю;X;X;X;X;X;X
spa_convention2; Отлично ;X;X;X;X;X;X
restore_emp; К славе!;X;X;X;X;X;X
restore_emp2; Данциг или война, кхм то есть, я хотел сказать Панама... ;X;X;X;X;X;X
Great_agan;Снова велики!;X;X;X;X;X;X
Great_agan2;Снова велики!;X;X;X;X;X;X
meshaem_kopat;Мешаем Копать;X;X;X;X;X;X
raskopka;Потенциальное месторождение железа;X;X;X;X;X;X
assim_core;Подготовка к ассимиляции;X;X;X;X;X;X
oil_drill;Улучшенная выработка нефти;X;X;X;X;X;X
oil_migracia;Вода возможностей;X;X;X;X;X;X
fuel_boost;Улучшенная выработка топлива;X;X;X;X;X;X
company_level;Уровень Компании;X;X;X;X;X;X
cost_of_inv_4;Недавняя Инвестиция;X;X;X;X;X;X
extreme_fuel_production;Развитое сотрудничество с НК;X;X;X;X;X;X
nafta_can;НАФТА;X;X;X;X;X;X
nafta_usa;НАФTА;X;X;X;X;X;X
war_test_def;Реквизиция у населения;X;X;X;X;X;X
gold_rush_fra;Развитая золотодобыча;X;X;X;X;X;X
war_test_attack;Программа ЭТ;X;X;X;X;X;X
alg_dakar_roaad;Великая АДЖД;X;X;X;X;X;X
increase_supply;Улучшить Снабжение;X;X;X;X;X;X
supply_partisans;Поддержать Партизан;X;X;X;X;X;X
bonus5_1;Уменьшение эммиграции;X;X;X;X;X;X
bonus5_2;Субсидии ученым;X;X;X;X;X;X
bonus5_3;Рост образованности;X;X;X;X;X;X
bohemia_buff;Улучшение региона;X;X;X;X;X;X
blood_gold;Шахта Кровавое Золото;X;X;X;X;X;X
Arsenal_ven;Венецианский Арсенал;X;X;X;X;X;X
nv_MEX_order;Мексиканская свобода;X;X;X;X;X;X
Investicii_v_Ceylon;Наши вклады в Цейлон;X;X;X;X;X;X
Tea_need;Улучшенные плантации;X;X;X;X;X;X
cost_of_inv_5;Кд Режима;X;X;X;X;X;X
mex_migracia;Открытый Режим;X;X;X;X;X;X
mex_no_migracia;Закрытый Режим;X;X;X;X;X;X
eng_exhaustion;Британский Гибралтар;X;X;X;X;X;X
fleet_eng_1;Английский Парусный Флот;X;X;X;X;X;X
fleet_eng_2;Английский Парусный Флот устарел;X;X;X;X;X;X
colonial_race;Колониальная Гонка;X;X;X;X;X;X
ikea_buff;IKEA;X;X;X;X;X;X
gov_changed;КД Смены Правления;X;X;X;X;X;X
statue_bra;Статуя Христа-Искупителя;X;X;X;X;X;X
statue_bra2;Добровольцы Прибыли;X;X;X;X;X;X
event_korsara_na_fermu;Увеличение размера дп на фермах;X;X;X;X;X;X
event_korsara_na_shaxtu;Увеличение размера дп на шахтах;X;X;X;X;X;X
CANAL_11_otranto;Пролив Отранто;X;X;X;X;X;X
CANAL_12_yucatan;Пролив Юкатан;X;X;X;X;X;X
CANAL_13_florida;Пролив Флорида;X;X;X;X;X;X
CANAL_14_florida2;Пролив Флорида2;X;X;X;X;X;X
elisabeth;Доходы от Южно-Африканского торгового пути;X;X;X;X;X;X
jopa_safa;Доходы от Южно-Африканского торгового пути;X;X;X;X;X;X
adriatic;Адриатическое море наше;X;X;X;X;X;X
china;Китай;X;X;X;X;X;X
indo_china;Индо-Китай;X;X;X;X;X;X
blijnui_vostok;Ближний Восток;X;X;X;X;X;X
movement_primary_culture_only;Движение за конституцию;X;X;X;X;X;X
tropical_blood;Интенсивные заготовки тропического дерева для мебели;X;X;X;X;X;X
communist_b;Социальная программа коммунистов;X;X;X;X;X;X
republic1_b;Социальная программа республики;X;X;X;X;X;X
spain_assim;Испано-Колумбийская;X;X;X;X;X;X
exp_end;Северо-Африканская ассимиляция;X;X;X;X;X;X
black;Юарская;X;X;X;X;X;X
jap_assim1;Японско-Манчжурская;X;X;X;X;X;X
jap_assim2;Японско-Индокитайская;X;X;X;X;X;X
vbtop1;Бафф от топ1;X;X;X;X;X;X
vbtop2;Бафф от топ2;X;X;X;X;X;X
vbtop3;Бафф от топ3;X;X;X;X;X;X
vbtop4;Бафф от топ4;X;X;X;X;X;X
humiliate2;Взять репарации;X;X;X;X;X;X
humiliate3;Причина войны;X;X;X;X;X;X
REPARATION_short;Взять репарации $RECIPIENT$;X;X;X;X;X;X
REPARATION_setup;Взять репарации с державы$RECIPIENT$.;X;X;X;X;X;X
tough_choice_made;Кд выбора пути развития;X;X;X;X;X;X
capital_supply_depot_pmodifier;Столичный склад снабжения;X;X;X;X;X;X
force_reform_modifier;КД эффекта форсирования реформ;X;X;X;X;X;X
force_reform_cooldown_modifier;КД решения на форсирование реформ;X;X;X;X;X;X
kavkaz;Продвигаем влияние на Кавказе;X;X;X;X;X;X
RUS_metro;Метрополия;X;X;X;X;X;X
GER_metro;Метрополия;X;X;X;X;X;X
FRA_metro;Метрополия;X;X;X;X;X;X
ENG_metro;Метрополия;X;X;X;X;X;X
USA_metro;Метрополия;X;X;X;X;X;X
KUK_metro;Метрополия;X;X;X;X;X;X
ITA_metro;Метрополия;X;X;X;X;X;X
SPA_metro;Метрополия;X;X;X;X;X;X
BRZ_metro;Метрополия;X;X;X;X;X;X
MEX_metro;Метрополия;X;X;X;X;X;X
TUR_metro;Метрополия;X;X;X;X;X;X
JAP_metro;Метрополия;X;X;X;X;X;X
HND_metro;Метрополия;X;X;X;X;X;X
IGM_metro;Метрополия;X;X;X;X;X;X
Grant_Requested_EvtArt1000;Отправить 1000 артиллерии;X;X;X;X;X;X
exchange_disallow_flag;Выключены уведомления о запросах;X;X;X;X;X;X
exchange_settings_dec_title2;§Y%%%§! Передача денег §R/ §GЛенд-лиз§!;X;X;X;X;X;X
exchange_settings_dec_desc2;Настройки биржи.;X;X;X;X;X;X
can_cd;Кд на запрос присоединения Австралии;X;X;X;X;X;X
exp;Опыт армии;X;X;X;X;X;X
mcl_happened_modifier;Если вы это увидете сообщите организатору и Шмелю где это и от чего;X;X;X;X;X;X
grant_request_cooldown_modifier;КД;X;X;X;X;X;X
big_mex;Большая Мексика;X;X;X;X;X;X
big_brz;Большая Бразилия;X;X;X;X;X;X
franafta_fra;Франко-Канадское сотрудничество;X;X;X;X;X;X
franafta_can;Франко-Канадское сотрудничество;X;X;X;X;X;X
iron_ger;Дебафф от того что Сканда в сфере;X;X;X;X;X;X
iron_sca;Бафф от сферы Гермы;X;X;X;X;X;X
podsos7;Бонусы от содружества Англо-Скандинавского!;X;X;X;X;X;X
podsos6;Бонусы от содружества Русско-Скандинавского!;X;X;X;X;X;X
podsos5;Бонусы от сферы!;X;X;X;X;X;X
podsos4;Бонусы от сферы!;X;X;X;X;X;X
jopa_podsosa2;Бафф от того что Сканда в сфере;X;X;X;X;X;X
krakovsk;Торговый центр в Кракове;X;X;X;X;X;X
tunisik;Торговый центр в Тунисе;X;X;X;X;X;X
pribaltika;Торговый центр в Прибалтике;X;X;X;X;X;X
finland;Торговый центр в Финке;X;X;X;X;X;X
primorsk;Торговый центр в Приморье;X;X;X;X;X;X
primorsk2;Торговый центр в Манчжурии;X;X;X;X;X;X
florida;Флорида;X;X;X;X;X;X
florida2;Флорида 2;X;X;X;X;X;X
yucatan;Юкатан;X;X;X;X;X;X
spa23;КД решения на выбор пути;X;X;X;X;X;X
central_american_cultures;Центральные американцы;X;X;X;X;X;X
railroads_cd;Кулдаун для постройки ждшек;X;X;X;X;X;X
migration_cd;Кулдаун на выбор рега для миграции;X;X;X;X;X;X
migration_brz;Американская миграция;X;X;X;X;X;X
bonuses;Провинциальный бонус от решения;X;X;X;X;X;X
french_indochina;Бонусы Французкого Индокитая;X;X;X;X;X;X
Russianplus;Русский доп.нац. приоритет;X;X;X;X;X;X
Americanplus;Американские доп.нац. приоритеты;X;X;X;X;X;X
assimilate;Ассимилировать;X;X;X;X;X;X
eurasia;Евразия;X;X;X;X;X;X
american_civil_war_has_happened;Американская гражданская война закончилась;X;X;X;X;X;X
usafabrics;Американский бум;X;X;X;X;X;X  
sca_ruhr_boom;Скандинавский Рурский бум;X;X;X;X;X;X 
american_business;Расцвет американской промышленности;X;X;X;X;X;X
BYZ_support;Византийское пополнение.;X;X;X;X;X;X
BYZ_ap;Британское соглашение.;X;X;X;X;X;X
BYZ_great;Военная реформа византии.;X;X;X;X;X;X
BYZ_life;Внутренние развитие.;X;X;X;X;X;X
BYZ_Constan;Константинопольская дисапора.;X;X;X;X;X;X
BYZ_tax;Издержки переселения.;X;X;X;X;X;X
BYZ_Happy;Византийское чудо.;X;X;X;X;X;X
BYZ_war_no;Мирное решение с Болгарией.;X;X;X;X;X;X
BYZ_war;Военное решение с Болгарией.;X;X;X;X;X;X
BYZ_war_accept;Соглашение с ассоциацией.;X;X;X;X;X;X
BYZ_ap2;Византийский вопрос.;X;X;X;X;X;X
TUR_ap;Турецкий путь.;X;X;X;X;X;X
BYZ_own;Греческая ассимиляция.;X;X;X;X;X;X
canadian_america;Новый свет;X;X;X;X;X;X
sardinian_ammunition_area_effect_calculations;Сардинский рассчет пополнения армии;X;X;X;X;X;X
sardinianflag;Выбрать Сардинию;X;X;X;X;X;X
sicilian_long_range_fire_tactic;Сицилийский рассчет пополнения флота;X;X;X;X;X;X
sicilianflag;Выбрать Сардинию;X;X;X;X;X;X
additional_chance_of_conversation;Флаг на дополнительный шанс конвертации;X;X;X;X;X;X
england;Британские о-ва;X;X;X;X;X;X
iberia;Иберийский полуостров;X;X;X;X;X;X 
scandinavia;Скандинавия;X;X;X;X;X;X
balkans;Балканы;X;X;X;X;X;X
more_money;Инфляция;X;X;X;X;X;X 
more_money1;Инфляция;X;X;X;X;X;X 
more_money2;Инфляция;X;X;X;X;X;X 
more_money3;Инфляция;X;X;X;X;X;X 
more_money4;Инфляция;X;X;X;X;X;X 
more_money5;Инфляция;X;X;X;X;X;X 
more_money6;Инфляция;X;X;X;X;X;X 
more_money7;Инфляция;X;X;X;X;X;X 
more_money8;Инфляция;X;X;X;X;X;X 
more_money9;Инфляция;X;X;X;X;X;X 
xai_jive_polska;Бонус от контроля Польши;X;X;X;X;X;X
sth_africa;Южная Африка;X;X;X;X;X;X
ai_buff;Бонус ИИ;X;X;X;X;X;X
unciv_buff;Бонус нецивилизованных;X;X;X;X;X;X
fabrics;Ткани;X;X;X;X;X;X
joint_suez;Совместный Суэц;X;X;X;X;X;X
joint_suezs;Совместный Суэц (S);X;X;X;X;X;X
joint_suezd;Совместный Суэц (D);X;X;X;X;X;X
can_buff2;Канадский бонус II;X;X;X;X;X;X
BYZ_MON_war;Война с монархистами;X;X;X;X;X;X
djibuti;Джибути;X;X;X;X;X;X
bonus_from_panama;Бонус от Панамского канала;X;X;X;X;X;X
bonus_from_suez;Бонус от Суэцкого канала;X;X;X;X;X;X
bonus_from_stambul;Бонус от Стамбула;X;X;X;X;X;X
bonus_from_pers;Бонус от Персидского залива;X;X;X;X;X;X
bonus_from_kopengagen;Бонус от Копенгагена;X;X;X;X;X;X
bonus_from_aden;Бонус от Адена;X;X;X;X;X;X
Bonus_from_kiel;Бонус от Киля;X;X;X;X;X;X
bonus_from_gibraltar;Бонус от Гибралтара;X;X;X;X;X;X
bonus_from_singapour;Бонус от Сингапура;X;X;X;X;X;X
jap_anex_fil;Да здраствует Император!!!;X;X;X;X;X;X
rise_of_siam_1;Сиамские реформы начаты;X;X;X;X;X;X
fate_of_burma_sealed;Судьба Бирмы решена;X;X;X;X;X;X
burma_annex;Аннекс бирмы;X;X;X;X;X;X
burma_union;Союз с бирмой;X;X;X;X;X;X
malakka_king;Правитель Малакки;X;X;X;X;X;X
malakka_boost;Развитие Малайи;X;X;X;X;X;X
help_malakka_SIA;Помощь от Британии;X;X;X;X;X;X
help_malakka_ENG;Помощь Сиаму;X;X;X;X;X;X
otkaz_birma;отказ от бирмы;X;X;X;X;X;X
help_france_sia;Помощь от Франции;;X;X;X;X;X
help_usa_sia;Помощь от США;;X;X;X;X;X
german_investitons_to_persia;Германские инвестиции в персию;X;X;X;X;X;X
tpc_buffs;Бум рождаемости;X;X;X;X;X;X
non_overseas_selector;Незаморская провинция;X;X;X;X;X;X
totally_blockaded;Тотальная блокада;X;X;X;X;X;X
totally_blockaded_lvl2;Тотальная блокада ур.2;X;X;X;X;X;X
totally_blockaded_lvl3;Тотальная блокада ур.3;X;X;X;X;X;X
non_blockadable_ports;Не требуемые для блокады порты;X;X;X;X;X;X
blockaded_marker;Страна в тотальной блокаде;X;X;X;X;X;X
blockaded_marker_lvl2;Страна в тотальной блокаде ур.2;X;X;X;X;X;X
blockaded_marker_lvl3;Страна в тотальной блокаде ур.3;X;X;X;X;X;X
province_selector;Выбор провинции;X;X;X;X;X;X
conquest_africa_stage_one;Первый этап колонизации;X;X;X;X;X;X
make_puppet_first_stage;Установить марионеточное правительство в Африке;X;X;X;X;X;X
malaria_modifier;Провинции второго этапа колонизации Африки;X;X;X;X;X;X
conquest_africa_stage_two;Второй этап колонизации;X;X;X;X;X;X
harsh_malaria_modifier;Провинции третьего этапа колонизации Африки;X;X;X;X;X;X
conquest_africa_stage_three;Третий этап колонизации;X;X;X;X;X;X
town_infrastructure;Городская инфраструктура;X;X;X;X;X;X
provincial_supply_depot_pmodifier;Провинциальный склад снабжения;X;X;X;X;X;X
urban;Город;X;X;X;X;X;X
fleet_doctrine;Доктрина флота;X;X;X;X;X;X
active_combat_fleet;Боевой флот;X;X;X;X;X;X
fleet_expansion;Расширение флота;X;X;X;X;X;X
fleet_mothballing;Консервация флота;X;X;X;X;X;X
harsh_malaria_metarg;Регион с тяжёлым малярийным климатом;X;X;X;X;X;X
malaria_metarg;Регион с малярийным климатом;X;X;X;X;X;X
USA_non_blockaded;Неблокируемые порты США;X;X;X;X;X;X
RUS_non_blockaded;Неблокируемые порты России;X;X;X;X;X;X
grant_kd1;Грант;X;X;X;X;X;X
cb_speed;Ускорение casus belli;X;X;X;X;X;X
ai_min_spending_triggered;Минимальные расходы ИИ;X;X;X;X;X;X
desc_a_nation_of_shopkeepers;Нация лавочников.;X;X;X;X;X;X
desc_british_helping_in_colonisation;Британская помощь в колонизации.;X;X;X;X;X;X
desc_florida;Флорида.;X;X;X;X;X;X
desc_florida2;Флорида (2).;X;X;X;X;X;X
desc_Investicii_v_Ceylon;Инвестиции на Цейлоне.;X;X;X;X;X;X
desc_joint_suez;Совместное управление Суэцким каналом.;X;X;X;X;X;X
desc_not_fast_manchu;Замедление маньчжурской механики.;X;X;X;X;X;X
desc_otranto;Отранто.;X;X;X;X;X;X
desc_pers;Персия.;X;X;X;X;X;X
desc_stambul;Стамбул.;X;X;X;X;X;X
desc_Tea_need;Потребность в чае.;X;X;X;X;X;X
desc_uk_navy_tradition1;Британские морские традиции.;X;X;X;X;X;X
desc_yucatan;Юкатан.;X;X;X;X;X;X
naval_supply_shortage_warning;Нехватка товаров;X;X;X;X;X;X
underfunded_fleet;Недофинансированный флот;X;X;X;X;X;X
external_colonisation_towns;Городская экономика, завязанная на колониях;X;X;X;X;X;X
external_colonisation_colonies;Поставки ресурсов из заморских провинций;X;X;X;X;X;X
africa_resources;Африканские ресурсы;X;X;X;X;X;X
desc_africa_resources;Производство ресурсов на континенте Африка: +200%.;X;X;X;X;X;X
africa_resources_colonial;Заморская колонизация в Африке;X;X;X;X;X;X
desc_africa_resources_colonial;Производство ресурсов +400%. Штраф к уровню жизни удвоен.;X;X;X;X;X;X
internal_colonisation;Развитие внутренних земель;X;X;X;X;X;X
non_colonial_towns;Ставка на города;X;X;X;X;X;X
non_colonial_penalty;Наша страна не рассчитывает на колонии!;X;X;X;X;X;X
non_colonial_urban;Город без инфраструктуры;X;X;X;X;X;X
poor_life_needs_satisfaction;Удовлетворение жизненных потребностей;X;X;X;X;X;X
poor_everyday_needs_satisfaction;Удовлетворение ежедневных потребностей;X;X;X;X;X;X
poor_luxury_needs_satisfaction;Удовлетворение потребностей в предметах роскоши;X;X;X;X;X;X
non_colonial;Отсутствие колоний;X;X;X;X;X;X
inner_colonisation;Освоение внутренних территорий;X;X;X;X;X;X
external_colonisation;Заморская колонизация;X;X;X;X;X;X
colonial_politics;Колон. политика;X;X;X;X;X;X
medical_reforms;Здравоохранение;X;X;X;X;X;X
no_medical_reforms;Отсутствие здравоохранения;X;X;X;X;X;X
bad_medical_reforms;Плохое здравоохранение;X;X;X;X;X;X
medium_medical_reforms;Среднее здравоохранение;X;X;X;X;X;X
good_medical_reforms;Хорошее здравоохранение;X;X;X;X;X;X
healthcare_fix;Фикс соц.расходов;X;X;X;X;X;X
hospital;Больницы;X;X;X;X;X;X
fleet_reform_change_cd;Кд выбора доктрины флота;X;X;X;X;X;X
colonial_reform_change_cd;Кд выбора колониальной политики;X;X;X;X;X;X
military_reform_change_cd;Недавно проводили военные реформы;X;X;X;X;X;X
citizenship_reform_change_cd;Недавно проводили реформы гражданства;X;X;X;X;X;X
por_brazil_recent_annex;Недавно присоединённые территории;X;X;X;X;X;X
por_brazil_admin_tax_burden;Административные реформы;X;X;X;X;X;X
spa_colonial_recent_annex;Недавно присоединённые колонии;X;X;X;X;X;X
spa_colonial_integration_tax;Колониальная интеграция;X;X;X;X;X;X
spa_por_iberian_south_america;Иберийский контроль над Южной Америкой;X;X;X;X;X;X
state_has_town;Город в штате;X;X;X;X;X;X
state_has_urban;Урбанизация штата;X;X;X;X;X;X
treaty_port_cb;Опиумная война;X;X;X;X;X;X
treaty_port_cb_setup;Потребовать у державы $RECIPIENT$ передачи региона $STATE$ в качестве договорного порта;X;X;X;X;X;X
treaty_port_cb_short;Получить договорный порт $STATE$;X;X;X;X;X;X
treaty_port;Китайский порт;X;X;X;X;X;X
honkong_captured;Договорный порт в Гонконге;X;X;X;X;X;X
macao_captured;Договорный порт в Макао;X;X;X;X;X;X
shankhai_captured;Договорный порт в Шанхае;X;X;X;X;X;X
zindao_captured;Договорный порт в Циндао;X;X;X;X;X;X
port_arthur_captured;Договорный порт в Порт-Артуре;X;X;X;X;X;X
honkong_lost;Потеря договорного порта в Гонконге;X;X;X;X;X;X
macao_lost;Потеря договорного порта в Макао;X;X;X;X;X;X
shankhai_lost;Потеря договорного порта в Шанхае;X;X;X;X;X;X
zindao_lost;Потеря договорного порта в Циндао;X;X;X;X;X;X
port_arthur_lost;Потеря договорного порта в Порт-Артуре;X;X;X;X;X;X
form_indochina;Сформировать Индокитай;X;X;X;X;X;X
take_treaty_port_cb;Отобрать договорный порт;X;X;X;X;X;X
take_treaty_port_cb_setup;Потребовать у державы $RECIPIENT$ передачи региона $STATE$ в качестве договорного порта.;X;X;X;X;X;X
take_treaty_port_cb_short;Отобрать договорный порт $STATE$;X;X;X;X;X;X
citizenship_politics;Культ. политика;X;X;X;X;X;X
accepted_culture_only;Доминация титульной нации;X;X;X;X;X;X
faster_assimilation;Ассимиляция второсортных граждан;X;X;X;X;X;X
multiculturalism;Мультикультурализм;X;X;X;X;X;X
military_politics;Оснащение и подготовка;X;X;X;X;X;X
regular_army;Унификация;X;X;X;X;X;X
mass_army;Массовый призыв;X;X;X;X;X;X
more_mobilisation;Мобилизационный резерв;X;X;X;X;X;X
faster_reinforsements;Ускоренное обучение солдат;X;X;X;X;X;X
small_and_quality_army;Маленькая и качественная армия;X;X;X;X;X;X
prussian_academy;Прусская академия;X;X;X;X;X;X
kwantung_army;Квантунская армия;X;X;X;X;X;X
red_army;Красная армия;X;X;X;X;X;X
blitzkrieg_doctrine;Доктрины блицкрига;X;X;X;X;X;X
mcl_progress_modifier_1;Прогресс признания;X;X;X;X;X;X
mcl_progress_modifier_2;Прогресс признания;X;X;X;X;X;X
mcl_progress_modifier_3;Прогресс признания;X;X;X;X;X;X
mcl_progress_modifier_4;Прогресс признания;X;X;X;X;X;X
mcl_progress_modifier_5;Прогресс признания;X;X;X;X;X;X
mcl_progress_modifier_6;Прогресс признания;X;X;X;X;X;X
mcl_progress_modifier_7;Прогресс признания;X;X;X;X;X;X
mcl_progress_modifier_8;Прогресс признания;X;X;X;X;X;X
mcl_progress_modifier_9;Прогресс признания;X;X;X;X;X;X
mcl_progress_modifier_10;Прогресс признания;X;X;X;X;X;X
mcl_progress_modifier_11;Прогресс признания;X;X;X;X;X;X
mcl_progress_modifier_12;Прогресс признания;X;X;X;X;X;X
mcl_progress_modifier_13;Прогресс признания;X;X;X;X;X;X
mcl_progress_modifier_14;Прогресс признания;X;X;X;X;X;X
mcl_progress_modifier_15;Прогресс признания;X;X;X;X;X;X
mcl_progress_modifier_16;Прогресс признания;X;X;X;X;X;X
mcl_progress_modifier_17;Прогресс признания;X;X;X;X;X;X
mcl_progress_modifier_18;Прогресс признания;X;X;X;X;X;X
mcl_progress_modifier_19;Прогресс признания;X;X;X;X;X;X
mcl_progress_modifier_20;Прогресс признания;X;X;X;X;X;X
army_changed;Фокус на Регулярной Армии;X;X;X;X;X;X;
changed_army2;Переходный Период;X;X;X;X;X;X;
changed_army;Реформа Армии;X;X;X;X;X;X;
nanfaren;Нанкинцы;X;X;X;X;X;X
army_changed2;Переход от Регуляров;X;X;X;X;X;X;
occupation_hospital_decay;Оккупация: убыль больницы;X;X;X;X;X;X
army_recruitment;Политика набора;X;X;X;X;X;X
volunteer_army;Только добровольцы;X;X;X;X;X;X
contract_army;Контрактная армия;X;X;X;X;X;X
mandatory_service;Обязательная служба;X;X;X;X;X;X
mass_conscription;Массовый призыв;X;X;X;X;X;X
all_under_arms;Все под ружье;X;X;X;X;X;X
quality_focus;Упор на качество;X;X;X;X;X;X
accelerated_training;Ускоренное обучение;X;X;X;X;X;X
mobilisation_focus;Упор на мобилизацию;X;X;X;X;X;X
select_prov_CHI;Китай: селектор провинции;X;X;X;X;X;X
select_prov;Селектор провинции;X;X;X;X;X;X
ZZZ_LOC_PAD_gameplay;x;X;X;X;X;X
