# Interface strings;x;X;X;X;X;X
RECRUITED_PERCENTAGE_MORE_THAN;Нами было мобилизовано более §Y$VAL$§W% потенциальных новобранцев.\n;X;X;X;X;X;X
SEPARATISM_TECH;Сепаратизм;X;X;X;X;X;X
INC_RES_TECH;Очки исследования;X;X;X;X;X;X
KOMMIE_END;че последнюю строчку не читает ебать ;X;X;X;X;X;X  
TOTAL_POPS_NOT_TR;Меньше чем §Y$VAL$§W населения в $WHERE$.\n;X;X;X;X;X;X
TOTAL_POPS_TR;По крайней мере §Y$VAL$§W населения в $WHERE$.\n;X;X;X;X;X;X
IS_CRIME_NOT_HIGHER_THAN_EDU_TR;Больше очков на §Yобразование§W чем на управление.\n;X;X;X;X;X;X
IS_CRIME_HIGHER_THAN_EDU_TR;Больше очков на §Yуправление§W чем на образование.\n;X;X;X;X;X;X
ANY_AT_WAR_STARTS;Эта страна воюет с;X;X;X;X;X;X
REBEL_POWER_LESS_THAN;Угроза восстания меньше, чем §Y$VAL$§W процентов.;X;X;X;X;X;X
REBEL_POWER_MORE_THAN;Угроза восстания больше, чем §Y$VAL$§W процентов.;X;X;X;X;X;X
POP_TYPE_PERC_NOT;$NAME$ меньше, чем §Y$VAL$%§W.\n;X;X;X;X;X;X
POP_TYPE_PERC;$NAME$ больше, чем §Y$VAL$%§W.\n;X;X;X;X;X;X
MAJORITY_IS;Большинство населения;X;X;X;X;X;X
MAJORITY_IS_NOT;Большинство населения не;X;X;X;X;X;X
ANY_CORE_LIMITED;Для любого ядра это есть\n;X;X;X;X;X;X
ANY_CORE_NORMAL;Все основные области будут get\n;X;X;X;X;X;X
POLITICS_NOT_BEFORE;Мы не можем сменить правящую партию снова перед §Y$DATE$ §W.;X;X;X;X;X;X
POLITICS_NOT_ACCEPTED;Наша форма правления не дозволяет §Y$WHICH$ §W партии.;X;X;X;X;X;X
RELEASE_PRESTIGE;Престиж: ;X;X;X;X;X;X
RELEASE_INFAMY;Бесчестье: ;X;X;X;X;X;X
SOMEONE_HAS_ADDED_STATUS_QUO;Мы не можем добавить военную цель, если кто-то добавил военную цель §YStatus Quo§W;X;X;X;X;X;X
NO_INTERVENTION_NOT_ENOUGH_OPINION;Чтобы вмешаться, у страны, предназначенной военной целью, должен быть, по крайней мере, §Y$REQLEVEL$ §W мнение нас;X;X;X;X;X;X
OL_SIEGES;Оккупация;X;X;X;X;X;X
IS_NOT_BIG_PROD_TRIG;Мелкий производитель §Y$VAL$§W.\n;X;X;X;X;X;X
IS_BIG_PROD_TRIG;Крупный производитель §Y$VAL$§W.\n;X;X;X;X;X;X
HAVE_LOWER_RANK_THAN;Ранг державы меньше ;X;X;X;X;X;X
HAVE_HIGHER_RANK_THAN;Ранг державы больше или равен ;X;X;X;X;X;X
MUST_NEGOTIATE_WITH_WAR_LEADER_STATUS_QUO;Мы должны провести переговоры с державой §YWar leader§W, т.к. мы являемся объектом военных претензий и нашим лидером выдвинут §YStatus Quo§W.;X;X;X;X;X;X
RELEASE_PLAY_AS;Играть за;X;X;X;X;X;X
PV_CLERGY_LIT_PROVIDES;Провинций со священниками: $VAL$;X;X;X;X;X;X
PV_CLERGY_LIT_NUM;$NUM$ населения священники (Оптимально $OPT$): $VAL$;X;X;X;X;X;X
PV_CLERGY_SETTING;Расходы на образование $SETTING$: $VAL$;X;X;X;X;X;X
PV_CLERGY_TECH;От технологий: $VAL$;X;X;X;X;X;X
DIFFICULTY_LABEL;Сложность;X;X;X;X;X;X
REVOLTALLIANCE_SETUP;Когда держава объявляет о разрыве союзов из-за революции.;X;X;X;X;X;X
REVOLTALLIANCE_HEADER;Министр иностранных дел докладывает:;X;X;X;X;X;X
REVOLTALLIANCE_1;Революция в иностранной державе!;X;X;X;X;X;X
REVOLTALLIANCE_2;$MONARCHTITLE$ державы;X;X;X;X;X;X
REVOLTALLIANCE_4;Охвачено революцией!;X;X;X;X;X;X
REVOLTALLIANCE_5;Все наши союзы и договора расторгнуты, очки влияния обнулены.;X;X;X;X;X;X
REVOLTALLIANCE_BTN3;Перейти к;X;X;X;X;X;X
IS_SECONDARY_NATION;Колониальная держава;X;X;X;X;X;X
IS_NOT_SECONDARY_NATION;Третьеразрядная держава;X;X;X;X;X;X
SET_PRIMARY_CULTURE;§Y$CULTURE$§W является основной культурой.\n;X;X;X;X;X;X
CB_ASSERT_HEGEMONY;Утвердить гегемонию\n;X;X;X;X;X;X
MODIFIER_BADBOY;Бесчестье;X;X;X;X;X;X
DIPLOMACY_NO_ALLIES_CIVIL_WAR;Союзники не могут вмешиваться в гражданские войны.;X;X;X;X;X;X
SM_COUNTERDISTANCE;Дальность прорисовки объектов;X;X;X;X;X;X
OL_GP_INFLUENCE;Влияние;X;X;X;X;X;X
OL_VIEW_GP_INFLUENCE;Переключить обзор §Yсферы влияния§W;X;X;X;X;X;X
CB_EXPIRE_DATE;Истекает в §Y$DATE$§W;X;X;X;X;X;X
BUDGET_CANT_LOAN_DESC;Банки будут выдавать вам ссуды только тогда, когда вы будете выплачивать проценты и не будете враждебным. Зарубежные банки на текущий момент не выдадут вам более $MAXLOAN$¤ своего капитала из соображений безопасности.;X;X;X;X;X;X
MUST_NEGOTIATE_WITH_WAR_LEADER_STATUS_QUO_OUR_SIDE;Мы не можем вести переговоры с §Yлидером войны§W так так сами являемся целью в войне, а наш лидер требует §Yстатус-кво§W;X;X;X;X;X;X
DIPLOMACY_CANNOT_SET_PRIO_TRUCE;Мы не можем оказывать влияние на эту нацию, находясь в перемирии;X;X;X;X;X;X
HAS_NOT_RECENTLY_LOST_WAR;Не терпели поражение в войне в течение предыдущих пяти лет;X;X;X;X;X;X
HAS_RECENTLY_LOST_WAR;Терпели поражение в войне в течение предыдущих пяти лет;X;X;X;X;X;X
IN_SAME_SPHERE;Эта страна в сфере той же великой державы, что и мы;X;X;X;X;X;X
DIPLOMACY_CHANCE_JOIN_WAR;Повод вступления в войну: §Y$VAL$§W;X;X;X;X;X;X
PO_ISBETTER;Если мы отклоним это предложение, то произойдёт:\n §R+$MIL$§W Militancy, §R+$WE$§W War exhaustion;X;X;X;X;X;X
NEW_PARTY_AVAIL_SETUP;Новая политическая партия;X;X;X;X;X;X
NEW_PARTY_AVAIL_HEADER;Сформирована новая политическая партия;X;X;X;X;X;X
NEW_PARTY_AVAIL_1;$PARTY$ сформирована;X;X;X;X;X;X
NEW_PARTY_AVAIL_BTN3;Теперь;X;X;X;X;X;X
NEW_PARTY_AVAIL_LOG;Сформирована новая политическая партия;X;X;X;X;X;X
PARTY_UNAVAIL_SETUP;Политическая партия расформирована;X;X;X;X;X;X
PARTY_UNAVAIL_HEADER;Политическая партия расформирована;X;X;X;X;X;X
PARTY_UNAVAIL_1;$PARTY$ расформирована;X;X;X;X;X;X
PARTY_UNAVAIL_BTN3;Теперь;X;X;X;X;X;X
PARTY_UNAVAIL_LOG;Политическая партия расформирована;X;X;X;X;X;X
PRODUCTION_FACTORY_DAYSRED_TOOLTIP;Дни банкротства: §R$DAYS$§W;X;X;X;X;X;X
EXPENSE_NO_AFFORD;Мы можем выплатить §R$VAL$§W¤ из наших расходов!;X;X;X;X;X;X
CB_ALLOWED_GUNBOAT;Долговая выплата;X;X;X;X;X;X
IS_IN_DEFAULT_TO;Находится в долговых обязательствах;X;X;X;X;X;X
IS_NOT_IN_DEFAULT_TO;Не имеет долговых обязательств;X;X;X;X;X;X
USE_LEADER;Использовать лидера;X;X;X;X;X;X
SHORTCUT;§WГорячая клавиша: §Y;X;X;X;X;X;X
SM_SHORTCUT;Показывать горячие клавиши;X;X;X;X;X;X
OL_REBEL_OCCUPATIONS;Повстанческие осады;X;X;X;X;X;X
OL_REBEL_OCCUPATIONS_TOOLTIP;Провинция §Y$PROVINCE$§W оккупируется повстанцами!;X;X;X;X;X;X
OL_VIEW_REBEL_OCCUPATIONS;Переключить обзор §Yповстанческих осад§W;X;X;X;X;X;X
POP_MIL_CHANGE_REBEL;Население, живущее в провинции §Y$PROV$§W находится под §RRebels§W контролем.\nМы не можем оценить агрессивность в этой провинции.;X;X;X;X;X;X
POP_CON_CHANGE_REBEL;Население, живущее в провинции §Y$PROV$§W находится под §RRebels§W контролем.\nМы не можем оценить сознательность в этой провинции.;X;X;X;X;X;X
PROJECT_STATE_NAME_DESC;Планируется построить в §Y$PROV$§W.;X;X;X;X;X;X
UNIT_BUILD_TIME_IW;$VAL$ дн.;X;X;X;X;X;X
SUPPLY_OWNER;Владелец:;X;X;X;X;X;X
SUPPLY_ALLIED;Союзник:;X;X;X;X;X;X
SUPPLY_ACCESS;Проход войск:;X;X;X;X;X;X
SUPPLY_CONTROLLER;Контроль:;X;X;X;X;X;X
SUPPLY_CONTROLLER_ALLIANCE;Контроль союзником:;X;X;X;X;X;X
SUPPLY_SIEGE;Осада:;X;X;X;X;X;X
SUPPLY_CORE;Нац. провинция:;X;X;X;X;X;X
RP_ACCUMULATED;В данный момент мы накопили §Y$VAL$§W неиспользованных очков исследования.;X;X;X;X;X;X
WEGAINCB_SETUP;Мы получаем повод для войны;X;X;X;X;X;X
WEGAINCB_HEADER;Министр иностранных дел сообщает;X;X;X;X;X;X
WEGAINCB_1;Повод для войны!;X;X;X;X;X;X
WEGAINCB_2;$MONARCHTITLE$, у нас появился повод для войны;X;X;X;X;X;X
WEGAINCB_4;с державой;X;X;X;X;X;X
WEGAINCB_LOG;Мы получили повод для войны '$CASUS$' с державой $ENEMY$.;X;X;X;X;X;X
WEGAINCB_BTN1;ОК;X;X;X;X;X;X
WEGAINCB_BTN2;ОК;X;X;X;X;X;X
WEGAINCB_BTN3;Перейти;X;X;X;X;X;X
NORMAL_WAR_FREE_NAME;$ORDER$$FIRST$ война за $COUNTRY_ADJ$ свободу;X;X;X;X;X;X
AGRESSION_WAR_FREE_NAME;$ORDER$$FIRST$ война за поддержку державы $COUNTRY$;X;X;X;X;X;X
NORMAL_WAR_COLONIAL_NAME;$ORDER$$FIRST$ война за захват колониальной области $STATE$;X;X;X;X;X;X
AGRESSION_WAR_COLONIAL_NAME;$ORDER$$FIRST$ колониальная война за регион $STATE$;X;X;X;X;X;X
NORMAL_WAR_TAKE_NAME;$ORDER$$FIRST$ война за захват региона $STATE$;X;X;X;X;X;X
AGRESSION_WAR_TAKE_NAME;$ORDER$$FIRST$ война за регион $STATE$;X;X;X;X;X;X
NORMAL_WAR_TAKE_SMALL_NAME;$ORDER$$FIRST$ война за захват малого региона $STATE$;X;X;X;X;X;X
AGRESSION_WAR_TAKE_SMALL_NAME;$ORDER$$FIRST$ война за малый регион $STATE$;X;X;X;X;X;X
NORMAL_WAR_TAKE_CORE_NAME;$ORDER$$FIRST$ война за освобождение региона $STATE$;X;X;X;X;X;X
AGRESSION_WAR_TAKE_CORE_NAME;$ORDER$$FIRST$ война за овладение регионом $STATE$;X;X;X;X;X;X
NORMAL_WAR_TAKE_SPHERE_NAME;$ORDER$$COUNTRY$ война;X;X;X;X;X;X
AGRESSION_WAR_TAKE_SPHERE_NAME;$ORDER$$FIRST$-$SECOND$ война за державу $COUNTRY$;X;X;X;X;X;X
NORMAL_WAR_ADD_SPHERE_NAME;$ORDER$Война за $SECOND$ подчинение;X;X;X;X;X;X
AGRESSION_WAR_ADD_SPHERE_NAME;$ORDER$Война за $SECOND$ порабощение;X;X;X;X;X;X
NORMAL_CIVIL_WAR_NAME;$ORDER$$FIRST$ гражданская война;X;X;X;X;X;X
AGRESSION_CIVIL_WAR_NAME;$ORDER$$FIRST$ гражданская война;X;X;X;X;X;X
NORMAL_WAR_CONQUEST_NAME;$ORDER$Война за $SECOND$ завоевание;X;X;X;X;X;X
AGRESSION_WAR_CONQUEST_NAME;$ORDER$$FIRST$ агрессивная война против державы $SECOND_COUNTRY$;X;X;X;X;X;X
ADJ_FORT_EXTRA_ATTR;И §R+$VAL$%§W от соседних крепостей врага.;X;X;X;X;X;X
IS_NOT_ACCEPTED_CULTURE_POP;Не обладают статусом признанной культуры\n;X;X;X;X;X;X
IS_ACCEPTED_CULTURE_POP;Обладают статусом признанной культуры\n;X;X;X;X;X;X
IS_NOT_PRIMARY_CULTURE_POP;Не принадлежат к основной культуре §Y$NAME$§W\n;X;X;X;X;X;X
IS_PRIMARY_CULTURE_POP;Принадлежат к основной культуре §Y$NAME$§W\n;X;X;X;X;X;X
NEW_CORE_EFFECT_TAG2;Провинция §Y$NEW$§W станет считаться национальной для державы $TAG$\n;X;X;X;X;X;X
PW_SLAVE_STATE;Рабовладельческая область;X;X;X;X;X;X
CURR_REL_TT;Текущий уровень наших отношений.;X;X;X;X;X;X
REB_TYPE_SIZE;§YПоддержка повстанцев§W;X;X;X;X;X;X
REB_TYPE_POWER;§YСила повстанцев§W;X;X;X;X;X;X
PRODUCTION_MUST_PORT_ONLY;Можно производить только в порту.\n;X;X;X;X;X;X
POPULATION_CHANGED_BY;Численность населения изменяется на;X;X;X;X;X;X
COMBAT_LEADER_MOD;Командующий;X;X;X;X;X;X
POLITICS_CANNOT_SET_RULING_PARTY_IN_ELECTION;Нельзя менять правящие партии прямо во время выборов.;X;X;X;X;X;X
IS_NOT_OVERSEAS;Не находится за морем;X;X;X;X;X;X
IS_OVERSEAS;находится за морем;X;X;X;X;X;X
FOLLOWING_HAVE_CLAIMS;Следующие страны имеют претензии на эту территорию:;X;X;X;X;X;X
COUNTRY_IS_NOT_CULTURE;Основная культура - не;X;X;X;X;X;X
COUNTRY_IS_CULTURE;Основная культура -;X;X;X;X;X;X
NO_ASSIM_NOW;Ассимиляция не происходит.;X;X;X;X;X;X
MODIFIER_LOCAL_REPAIR;Скорость ремонта кораблей;X;X;X;X;X;X
BADBOY_DRO_1;Изменение бесчестья в месяц:\n;X;X;X;X;X;X
REGIMENT_SIZE;Боеспособность: §Y$SIZE$§W\n;X;X;X;X;X;X
CURRENT_MORALE;Организация: §Y$SIZE$§W из $MAX$\n;X;X;X;X;X;X
SUPPLY_COST;Стоимость снабжения;X;X;X;X;X;X
ALL_CORE_PROVINCE_THAT;Для всех национальных провинций ;X;X;X;X;X;X
BREAKCOUNTRY_SETUP;Фракция повстанцев заставляет нас принять свои требования;X;X;X;X;X;X
BREAKCOUNTRY_HEADER;Министр внутренних дел сообщает;X;X;X;X;X;X
BREAKCOUNTRY_1;Победа повстанцев!;X;X;X;X;X;X
BREAKCOUNTRY_2;$MONARCHTITLE$, фракция повстанцев $FACTION$ заставила нас принять свои требования!;X;X;X;X;X;X
BREAKCOUNTRY_3;У нас не было другого выбора, кроме как подчиниться им.;X;X;X;X;X;X
BREAKCOUNTRY_LOG;Фракция повстанцев $FACTION$ заставила нас принять свои требования!;X;X;X;X;X;X
BREAKCOUNTRY_BTN1;Ужас!;X;X;X;X;X;X
BREAKCOUNTRY_BTN2;Ужас!;X;X;X;X;X;X
BREAKCOUNTRY_BTN3;Перейти;X;X;X;X;X;X
BREAKCOUNTRYOTHER_SETUP;Фракция повстанцев заставляет принять свои требования другую державу;X;X;X;X;X;X
BREAKCOUNTRYOTHER_HEADER;Посол державы;X;X;X;X;X;X
BREAKCOUNTRYOTHER_2;сообщает нам о том, что они были вынуждены;X;X;X;X;X;X
BREAKCOUNTRYOTHER_3;принять требования фракции повстанцев $FACTION$.;X;X;X;X;X;X
BREAKCOUNTRYOTHER_LOG;Держава $OTHER$ приняла требования фракции повстанцев $FACTION$!;X;X;X;X;X;X
BREAKCOUNTRYOTHER_BTN1;ОК;X;X;X;X;X;X
BREAKCOUNTRYOTHER_BTN2;ОК;X;X;X;X;X;X
BREAKCOUNTRYOTHER_BTN3;Перейти;X;X;X;X;X;X
INVENTION_SETUP;Мы делаем изобретение;X;X;X;X;X;X
INVENTION_HEADER;Министр внутренних дел сообщает;X;X;X;X;X;X
INVENTION_1;Крупное открытие!;X;X;X;X;X;X
INVENTION_2;Ученые нашей великой державы сделали изобретение;X;X;X;X;X;X
INVENTION_5;Эффект:;X;X;X;X;X;X
INVENTION_LOG;Мы сделали изобретение '$INVENTION$'.;X;X;X;X;X;X
INVENTION_BTN1;ОК;X;X;X;X;X;X
INVENTION_BTN2;ОК;X;X;X;X;X;X
INVENTION_BTN3;Подробнее;X;X;X;X;X;X
TOPBAR_LEADERSHIP_GAIN_TOOLTIP;Ежемесячный прирост благодаря офицерам наших очков лидерства равен §Y$CURR$§W.;X;X;X;X;X;X
UW_AASIGN;Автоназначение командиров;X;X;X;X;X;X
ATTR_SAFE_RANGE;Флотилия на дистанции снабжения и около побережья не несет потерь от его недостатка.;X;X;X;X;X;X
TECHNOLOGYVIEW_HAVE_NOT_YEAR;Нельзя начать это исследование раньше §Y$YEAR$§W года.;X;X;X;X;X;X
ENCOURAGEMENT_FOR;Стимулирование - ;X;X;X;X;X;X
IS_NOT_PRIMARY_CULTURE;§Y$NAME$§W не имеют статус основной культуры\n;X;X;X;X;X;X
IS_PRIMARY_CULTURE;§Y$NAME$§W имеют статус основной культуры\n;X;X;X;X;X;X
IS_NOT_ACCEPTED_CULTURE2;§Y$NAME$§W не имеют статус признанной культуры\n;X;X;X;X;X;X
IS_ACCEPTED_CULTURE2;§Y$NAME$§W имеют статус признанной культуры\n;X;X;X;X;X;X
ALL_COUNTRIES_EFF;У всех стран;X;X;X;X;X;X
ALL_COUNTRIES_THAT_EFF;У всех стран, таких что;X;X;X;X;X;X
ISSUE_MOVE_EFFECT;§Y$PERCENTAGE$%§W от групп населения перейдут от вопроса §YFROM§W к вопросу §YTO§W.;X;X;X;X;X;X
ADD_WARGOAL_EFFECT;Добавив эту цель, мы получим:;X;X;X;X;X;X
ADD_WARGOAL_SUCCESS;Достигнув этой цели, мы получим:;X;X;X;X;X;X
ADD_WARGOAL_FAILURE;Потерпев неудачу, мы получим:;X;X;X;X;X;X
WARDIALOG_TRUCE;Перемирие: ;X;X;X;X;X;X
WARDIALOG_NOCB;Нет повода для войны: ;X;X;X;X;X;X
DIPLOMACY_INFAMY2;Бесчестье: $VALUE$;X;X;X;X;X;X
DIPLOMACY_PRESTIGE2;Престиж: $VALUE$;X;X;X;X;X;X
DIPLOMACY_MILITANCY2;Агрессивность: $VALUE$;X;X;X;X;X;X
REMOVE_DIPLOMACY_WARDIALOG_ALLIES;убрано;X;X;X;X;X;X
REMOVE_DIPLOMACY_WARDIALOG_NUM_ALLIES;убрано;X;X;X;X;X;X
DIPLOMACY_WAR_HASTRUCE;§RУ нас действует перемерие с державой§Y$COUNTRY$§R до §Y$DATE$§R. Объявление ей войны сейчас приведет к серьезной потере нашего престижа.;X;X;X;X;X;X
REMOVE_DIPLOMACY_DAILYINFLULENCE_GAIN;убрано;X;X;X;X;X;X
NO_RELEASEABLE_NATIONS;У нас нет наций, которым мы могли бы предоставить суверенитет.;X;X;X;X;X;X
DIPLOMACY_CALL_ALLIES_NOT_LEADER;Мы не являемся лидером этой войны, и потому не можем призвать союзников.;X;X;X;X;X;X
LEDGER_NEXT;Следующая;X;X;X;X;X;X
LEDGER_PREV;Предыдущая;X;X;X;X;X;X
COUNTRYALERT_CanIncreaseOpinion;Мы можем §Yулучшить мнение§W о нашей державе или же включить другую страну в нашу §Yсферу интересов§W:;X;X;X;X;X;X
COUNTRYALERT_NO_CanIncreaseOpinion;В данный момент мы не можем §Yулучшить мнение§W о нашей державе или же включить другую страну в нашу §Yсферу интересов§W.;X;X;X;X;X;X
COLONY_SUCCESS_LOG;Мы успешно основали колонию в регионе $TARGET$.;X;X;X;X;X;X
COLONY_FAIL_LOG;Держава $OTHER$ раньше нас смогла основать колонию в регионе $TARGET$.;X;X;X;X;X;X
CANT_USE_LAST_WAR_GOALS;Выбор этой цели войны приведет к ее завершению, а потому это может быть сделано только во время мирных переговоров с лидером войны.;X;X;X;X;X;X
CANCELALLIANCE_THEY_ACCEPT_BTN2;ОК;X;X;X;X;X;X
CANCELALLIANCE_THEY_ACCEPT_BTN3;Перейти;X;X;X;X;X;X
TOPBAR_DEC_SPEED;Уменьшить скорость игры;X;X;X;X;X;X
IS_GREAT_NATION;Является великой державой;X;X;X;X;X;X
NO_DEMOTION;В этом месяце не будет понижений статуса.;X;X;X;X;X;X
NO_PROMOTION;В этом месяце не будет повышений статуса.;X;X;X;X;X;X
INCREASEOPINION_THEY_ACCEPT_MAP;Мнение улучшено!;X;X;X;X;X;X
INCREASEOPINION_WE_ACCEPT_MAP;Мнение улучшено!;X;X;X;X;X;X
DECREASEOPINION_THEY_ACCEPT_MAP;Мнение ухудшено!;X;X;X;X;X;X
DECREASEOPINION_WE_ACCEPT_MAP;Мнение ухудшено!;X;X;X;X;X;X
ADDTOSPHERE_THEY_ACCEPT_MAP;Включение в сферу!;X;X;X;X;X;X
ADDTOSPHERE_WE_ACCEPT_MAP;Включение в сферу!;X;X;X;X;X;X
REMOVEFROMSPHERE_THEY_ACCEPT_MAP;Исключение из сферы!;X;X;X;X;X;X
REMOVEFROMSPHERE_WE_ACCEPT_MAP;Исключение из сферы!;X;X;X;X;X;X
INCREASERELATION_THEY_ACCEPT_MAP;Отношения улучшены!;X;X;X;X;X;X
INCREASERELATION_WE_ACCEPT_MAP;Отношения улучшены!;X;X;X;X;X;X
DECREASERELATION_THEY_ACCEPT_MAP;Отношения ухудшены!;X;X;X;X;X;X
DECREASERELATION_WE_ACCEPT_MAP;Отношения ухудшены!;X;X;X;X;X;X
WETARGET_DISCREDIT_MAP;Дискредитация!;X;X;X;X;X;X
WETARGET_EXPELADVISORS_MAP;Высылка советников!;X;X;X;X;X;X
WETARGET_BANEMBASSY_MAP;Закрытие посольства!;X;X;X;X;X;X
WETARGET_DECREASEOPINION_MAP;Мнение ухудшено!;X;X;X;X;X;X
WETARGET_REMOVEFROMSPHERE_MAP;Исключение из сферы!;X;X;X;X;X;X
WAR_GOOD_RELATION;Хорошие отношения (§Y$REL$§W) и средняя сознательность (§Y$CON$§W): ;X;X;X;X;X;X
POP_OTHER_CULT;Другие;X;X;X;X;X;X
BLOCKADED_PEACE;В блокаде;X;X;X;X;X;X
PRODUCTION_DESTROY_FACTORY_BECAUSE_TOOLTIP;Мы можем разрушить эту фабрику вследствие:\n;X;X;X;X;X;X
RULE_DESTROY_FACTORY;Разрушение фабрик;X;X;X;X;X;X
INCREASE_RELATION_MAX;Мы не можем еще сильнее улучшить наши отношения с державой ;X;X;X;X;X;X
DECREASE_RELATION_MAX;Мы не можем еще сильнее ухудшить наши отношения с державой ;X;X;X;X;X;X
BANKRUPTCY_SETUP;Мы становимся банкротом;X;X;X;X;X;X
BANKRUPTCY_1;Банкротство!;X;X;X;X;X;X
BANKRUPTCY_2;Нас заставили объявить банкротство!;X;X;X;X;X;X
BANKRUPTCY_3;Мы освобождены от обязательств по взятым ранее займам.;X;X;X;X;X;X
BANKRUPTCY_4;Однако это ужасно не понравилось нашему населению, ;X;X;X;X;X;X
BANKRUPTCY_5;и наш престиж в глазах остального мира резко снизился.;X;X;X;X;X;X
BANKRUPTCY_6;В будущем банки будут гораздо неохотнее давать нам в долг деньги.;X;X;X;X;X;X
BANKRUPTCY_LOG;Мы объявлены банкротом.;X;X;X;X;X;X
BANKRUPTCY_BTN1;Это очень плохо;X;X;X;X;X;X
THEY_BANKRUPTCY_SETUP;Другая держава становится банкротом;X;X;X;X;X;X
THEY_BANKRUPTCY_1;Банкротство!;X;X;X;X;X;X
THEY_BANKRUPTCY_2;Держава $COUNTRY$;X;X;X;X;X;X
THEY_BANKRUPTCY_3;была вынуждена объявить о своем банкротстве!;X;X;X;X;X;X
THEY_BANKRUPTCY_LOG;Держава $COUNTRY$ объявлена банкротом.;X;X;X;X;X;X
THEY_BANKRUPTCY_BTN1;ОК;X;X;X;X;X;X
LIT_CHANGE;Ежемесячное изменение;X;X;X;X;X;X
DIPLOMACY_CANNOT_SET_PRIO_BANNED;Мы не можем влиять на эту страну, поскольку наши послы из нее были отозваны.;X;X;X;X;X;X
MILITARY_MOBILIZE;Мобилизация вооруженных сил.;X;X;X;X;X;X
MILITARY_MOBILIZE_DESC;Помимо регулярной армии наша страна может также в случае войны выставить дополнительные войска, заполнив их новобранцами из числа призывников. После объявления мобилизации наши комплектуемые по призыву армии начнут формироваться в крупных населенных центрах, постепенно повышая свою боеготовность. Хотя мобилизованные солдаты и могут иметь большое значение для отражения массированного вражеского нашествия, следует всегда проявлять осторожность с их призывом в армию, поскольку это оказывает огромный негативный эффект на национальную экономику.;X;X;X;X;X;X
MILITARY_DEMOBILIZE;Демобилизация вооруженных сил.;X;X;X;X;X;X
MILITARY_DEMOBILIZE_DESC;Получив приказ о демобилизацию, наши призывники покинут поле боя и вернуться к своим семьям. И хотя любая разоренная невзгодами войны страна стремиться вернуться к нормальной жизни, нам следует сначала гарантировать себе победу, перед тем как вложить меч обратно в ножны.;X;X;X;X;X;X
BE_TECH;Технологии:;X;X;X;X;X;X
BE_INVENT;Изобретения:;X;X;X;X;X;X
TOPBAR_DIPLOPOINTS_GAIN;Ежемесячно наш прирост дипломатических очков равен §Y$VALUE$§W.;X;X;X;X;X;X
TOPBAR_DIPLOPOINTS_BASEGAIN;Базовое число очков: §Y$VALUE$§W.;X;X;X;X;X;X
MOBILISE;Провести мобилизацию;X;X;X;X;X;X
DEMOBILISE;Провести демобилизацию;X;X;X;X;X;X
THE_WORLD_IN;Мир в $YEAR$ году;X;X;X;X;X;X
TECHNOLOGY_ACTIVATION_YEAR;Год активации:;X;X;X;X;X;X
TECHNOLOGY_RESEARCH_POINTS;Очки исследования:;X;X;X;X;X;X
TEMP_NEXT;Дальше;X;X;X;X;X;X
BUDGET_EXPORTS;Продажа государственных запасов: §Y$VAL$§W;X;X;X;X;X;X
BUDGET_IMPORTS;Наполнение государственных запасов: §Y$VAL$§W;X;X;X;X;X;X
MUST_NEGOTIATE_WITH_WAR_LEADER;Мы должны вести переговоры с §Wлидером войны§Y, если сами не осуществляем руководство в нашей войне.;X;X;X;X;X;X
WAR_LEADER;§YЛидер войны§W;X;X;X;X;X;X
MUST_NEGOTIATE_WITH_WAR_LEADER_NO_LEFTOVER_WARGOALS;Мы должны вести переговоры с §Yлидером войны§W, поскольку заключение мира с державой §Y$COUNTRY$§W приведет к завершению всей войны.;X;X;X;X;X;X
WARGOAL_DEMAND;Держава §Y$COUNTRY$§W требует этого от державы §Y$ENEMY$§W.;X;X;X;X;X;X
POP_DETAILS_PROMOTIONS;Повышения статуса:;X;X;X;X;X;X
POP_DETAILS_DEMOTIONS;Понижения статуса:;X;X;X;X;X;X
NO_WAR_SPHERE_LEADER;Мы не можем объявить войну лидеру сферы влияния, в которой находимся.;X;X;X;X;X;X
GO_TO_DIPLOMACY;Открыть окно дипломатии;X;X;X;X;X;X
PROVINCE_CONTROL_DAYS_LATER_THAN;Контроль над провинцией не изменялся за последние §Y$DAYS$§W дн.\n;X;X;X;X;X;X
PROVINCE_CONTROL_DAYS;Контроль над провинцией изменялся за последние §Y$DAYS$§W дн.\n;X;X;X;X;X;X
ENFORCE_DEMANDS_TRIGGER;Повстанцы одержат победу, если будут соблюдены следующие условия:;X;X;X;X;X;X
POLITICS_REFORMS;Реформы;X;X;X;X;X;X
POLITICS_RELEASE_NATIONS;Новые державы;X;X;X;X;X;X
MILITARY_LEADER_NAME_TOOLTIP;§Y$NAME$§W командует подразделением §Y$ARMY$§W, находящимся в провинции §Y$LOCATION$§W.;X;X;X;X;X;X
BE_SECOND_RANK;Колониальная держава;X;X;X;X;X;X
COUNTRYALERT_HasUnemployedWorkers;В следующих регионах есть безработные рабочие фабрик:;X;X;X;X;X;X
TOPBAR_POPULATION_VISUAL;Наше общее население равно $CURR$.;X;X;X;X;X;X
BUILD_COLONIAL;Неколониальная область;X;X;X;X;X;X
REL_SPHERE_OF_INFLUENCE;Сфера;X;X;X;X;X;X
TOTAL_AMOUNT_OF_SHIPS;Общее число кораблей больше или равно $COUNT$;X;X;X;X;X;X
LESS_AMOUNT_OF_SHIPS;Общее число кораблей меньше $COUNT$;X;X;X;X;X;X
REVANCHISM_EXPLANATION;Реваншизм (это слово происходит от французского 'реванш') - стремление к возвращению территорий, потерянных нацией. В любви, на войне или в мире наш народ готов будет пойти на великие жертвы, лишь бы вернуть наши святые земли.;X;X;X;X;X;X
BE_GREAT_POWER;Великая держава;X;X;X;X;X;X
DIPLOMACY_GREATNATION_STATUS;Великая держава;X;X;X;X;X;X
WE_NO_LONGER_GREAT_POWER_2;Наша держава резко опустилась вниз в глазах всего мира.;X;X;X;X;X;X
THEY_NO_LONGER_GREAT_POWER_3;потеряла свой статус великой державы, который перешел;X;X;X;X;X;X
WE_BECAME_GREAT_POWER_2;Наш статус в глазах всего остального мира вырос, и теперь;X;X;X;X;X;X
SERVER_LOST_DESC;Сервер потерян. Вы можете сохранить игру или же продолжить ее, закрыв это окно. Чтобы продолжить ее вместе с остальными игроками, вы должны выйти и сделать рехост.;X;X;X;X;X;X
MODIFIER_GLOBAL_POP_MILITANCY_MODIFIER;Агрессивность населения;X;X;X;X;X;X
MODIFIER_GLOBAL_POP_CONSCIOUSNESS_MODIFIER;Сознательность населения;X;X;X;X;X;X
EDU_DESC;Расходы на образование идут на выплаты священникам, равно как и на получение очков исследования.;X;X;X;X;X;X
ADM_DESC;Расходы на управление идут на обеспечение плавной работы нашего государственного аппарата и содержание чиновников, что увеличивает эффективность сбора налогов.;X;X;X;X;X;X
COMBATEND_INITIAL;Перед боем;X;X;X;X;X;X
COMBATEND_CASUALTIES;Потери;X;X;X;X;X;X
COMBATEND_SURVIVORS;После боя;X;X;X;X;X;X
RELEASE_VASSAL_EFFECT;Будет выделена держава §Y$TARGET$§W.\n;X;X;X;X;X;X
IS_IN_A_SPHERE;Находится в сфере влияния.;X;X;X;X;X;X
PROVINCEVIEW_SUPPLY_LIMIT;Лимит войск:;X;X;X;X;X;X
PRODUCTION_COST_REOPEN;Стоимость возобновления: §Y$VAL$§W;X;X;X;X;X;X
NAVALATTACKTHEM_HEADER;Главнокомандующий флотом сообщает;X;X;X;X;X;X
NAVALATTACKUS_HEADER;Главнокомандующий флотом сообщает;X;X;X;X;X;X
SIEGEUS_SETUP;Враг начинает оккупацию нашей провинции;X;X;X;X;X;X
SIEGEUS_1;Начало оккупации!;X;X;X;X;X;X
SIEGEUS_2;$MONARCHTITLE$, провинция;X;X;X;X;X;X
SIEGEUS_4;начинает оккупироваться врагом! Однако мы не испытываем страха! Войска державы;X;X;X;X;X;X
SIEGEUS_6;вскоре будут изгнаны прочь нашими могучими армиями.;X;X;X;X;X;X
SIEGEUS_LOG;Провинция $PROV$ начинает оккупироваться противником.;X;X;X;X;X;X
SIEGEUS_BTN1;ОК;X;X;X;X;X;X
SIEGEUS_BTN2;ОК;X;X;X;X;X;X
SIEGEUS_BTN3;Перейти;X;X;X;X;X;X
SIEGETHEM_SETUP;Мы начинаем оккупацию вражеской провинции;X;X;X;X;X;X
SIEGETHEM_1;Начало оккупации!;X;X;X;X;X;X
SIEGETHEM_2;$MONARCHTITLE$, мы начали оккупацию провинции;X;X;X;X;X;X
SIEGETHEM_4;Пройдет не так много времени, прежде чем наши войска вырвут контроль над провинцией из рук державы;X;X;X;X;X;X
SIEGETHEM_6;Местное население будет с нетерпением ждать установления нашего просвещенного правления.;X;X;X;X;X;X
SIEGETHEM_LOG;Мы начали оккупацию провинции $PROV$.;X;X;X;X;X;X
SIEGETHEM_BTN1;ОК;X;X;X;X;X;X
SIEGETHEM_BTN2;ОК;X;X;X;X;X;X
SIEGETHEM_BTN3;Перейти;X;X;X;X;X;X
SPHERE_LEADER;Глава сферы влияния;X;X;X;X;X;X
CONFIRM_INTERVENTION;Интервенция!;X;X;X;X;X;X
CONFIRM_INTERVENTION_DESC;Вы действительно хотите вмешаться в конфликт $WAR$?;X;X;X;X;X;X
CHAT_NONE_TIP;Убрать фильтр чата.;X;X;X;X;X;X
CHAT_ALLIES_TIP;Беседовать только с союзниками.;X;X;X;X;X;X
CHAT_ENEMIES_TIP;Беседовать только с врагами.;X;X;X;X;X;X
CHAT_ALL_TIP;Беседовать со всеми.;X;X;X;X;X;X
CHAT_FILTER;Нажмите, чтобы изменить получение или неполучение этим игроком ваших сообщений.;X;X;X;X;X;X
UV_NO_MORALE;Не может двигаться из-за низкого уровня организации. Текущий уровень организации равен §Y$ORG$§W, тогда как необходимо иметь минимум §Y$NEED$§W.;X;X;X;X;X;X
UV_NO_STRENGHT;Не может двигаться из-за низкого уровня боеспособности. Текущий уровень организации равен §Y$STR$§W, тогда как необходимо иметь минимум §Y$NEED$§W.;X;X;X;X;X;X
CONT_AI;Заменить ИИ;X;X;X;X;X;X
CONT_CONTINUE;Продолжить (без ИИ);X;X;X;X;X;X
ASKMILITARYACCESS_THEY_ACCEPT_6;В период всего времени действия этого договора мы сможем свободно перемещать свои войска через их территорию.;X;X;X;X;X;X
ASKMILITARYACCESS_THEY_DECLINE_6;То, что они они не увидели выгоды от нахождения наших бравых вояк на улицах их столицы, это одна из маленьких тайн нашей жизни.;X;X;X;X;X;X
DISBAND_UNIT_DRO;Роспуск подразделения полностью удалит его из игры, и в результате нам не придется больше тратить деньги на его содержание.;X;X;X;X;X;X
PO_PD_70;Мы одержали безоговорочную победу и при мирных переговорах сможем достичь некоторых наших целей войны.;X;X;X;X;X;X
PO_PD_40;Мы одержали внушительную победу и при мирных переговорах сможем достичь как минимум одной из наших целей войны.;X;X;X;X;X;X
PO_PD_10;Мы одержали победу. Противник, скорее всего, согласиться на белый мир или же на достижение нами одной из ограниченных целей войны.;X;X;X;X;X;X
PO_PD_NEG_25;Противник одержал победу. Нам следует предложить ему достижение им одной из ограниченных целей войны, если мы хотим заключить мир.;X;X;X;X;X;X
PO_PD_NEG_60;Противник одержал внушительную победу. Нам следует предложить ему достижение им как минимум одной из его основных целей войны.;X;X;X;X;X;X
PO_PD_NEG_99;Противник одержал безоговорочную победу. Нам следует предложить ему достижение им некоторых его целей войны.;X;X;X;X;X;X
TOPBAR_AT_WAR_WITH;Мы воюем с державой §Y$COUNTRY$§W.;X;X;X;X;X;X
WARSUBSIDIES_DI;Предложение военных субсидий;X;X;X;X;X;X
CANCEL_WARSUBSIDIES_DI;Прекращение военных субсидий;X;X;X;X;X;X
ASKMILITARYACCESS_DI;Просьба о проходе войск;X;X;X;X;X;X
CANCELASKMILITARYACCESS_DI;Отмена прохода войск;X;X;X;X;X;X
GIVEMILITARYACCESS_DI;Предоставление прохода войск;X;X;X;X;X;X
CANCELGIVEMILITARYACCESS_DI;Денонсация прохода войск;X;X;X;X;X;X
ALLIANCE_DI;Предложение военного союза;X;X;X;X;X;X
CANCELALLIANCE_DI;Расторжение военного союза;X;X;X;X;X;X
CALLALLY_DI;Призыв союзника;X;X;X;X;X;X
DISCREDIT_DI;Дискредитация;X;X;X;X;X;X
EXPELADVISORS_DI;Высылка советников;X;X;X;X;X;X
BANEMBASSY_DI;Закрытие посольства;X;X;X;X;X;X
INCREASEOPINION_DI;Улучшение мнения;X;X;X;X;X;X
DECREASEOPINION_DI;Ухудшение мнения;X;X;X;X;X;X
ADDTOSPHERE_DI;Включение в сферу влияния;X;X;X;X;X;X
REMOVEFROMSPHERE_DI;Исключение из сферы влияния;X;X;X;X;X;X
INCREASERELATION_DI;Улучшение отношений;X;X;X;X;X;X
DECREASERELATION_DI;Ухудшение отношения;X;X;X;X;X;X
GUNBOAT_DI;Дипломатия канонерок;X;X;X;X;X;X
WAR_DI;Объявление войны;X;X;X;X;X;X
WARGOAL_DI;Добавление цели войны;X;X;X;X;X;X
PEACE_DI;Предложение мира;X;X;X;X;X;X
TOPBAR_LEADERSHIP_MAX;Наше число очков лидерства достигло своего максимума, равного §Y$MAX$§W, и потому мы больше не будем накарливать очки лидерства сверх этого числа.\n;X;X;X;X;X;X
IS_MOBILIZED_IRO;(Мобилизованы все резервы);X;X;X;X;X;X
ADD_CRIME;Будут получены §Y$NAME$§W.\n;X;X;X;X;X;X
TOPBAR_WAR_PLUS;И их сателлиты и доминионы.\n;X;X;X;X;X;X
CANTBUILD_FORCEDISARM;Мы не можем формировать новые бригады или строить корабли, будучи принужденными к разоружению.;X;X;X;X;X;X
SOME_LIFE_NEEDS;Часть жизненных потребностей;X;X;X;X;X;X
TOPBAR_AVG_CHANGE;Ожидаемое изменение за месяц составит $VAL$§W.;X;X;X;X;X;X
TECH_DAILY_RESEARCHPOINTS_BASE_TOOLTIP;Базовые очки исследования в день: §G+$VALUE$§W;X;X;X;X;X;X
TECH_DAILY_RESEARCHPOINTS_TOTAL_TOOLTIP;Ежедневные очки исследования: §G+$VALUE$§W;X;X;X;X;X;X
TECH_DAILY_RESEARCHPOINTS_TOOLTIP;$POPTYPE$ обеспечивают нам §G$VALUE$§W очков исследования\n(они составляют §Y$FRACTION$%§W населения при оптимальных $OPTIMAL$%).;X;X;X;X;X;X
MODIFIER_RESEARCH_POINTS;Очки исследования;X;X;X;X;X;X
COMBAT_GAS;Газовые атаки против врага, не обладающего средства защиты от них, могут быть просто разгромными.;X;X;X;X;X;X
MAY_GAS_ATTACK;Можно устраивать газовые атаки\n;X;X;X;X;X;X
MAY_GAS_DEFEND;Можно защищаться от газовых атак\n;X;X;X;X;X;X
IMMIGRANTS_FROM;§G$VAL$§W чел. иммигрантов прибыло из державы $NAME$.;X;X;X;X;X;X
EMIGRANTS_TO;§R$VAL$§W чел. эмигрировало в державу $NAME$.;X;X;X;X;X;X
PW_ALL_FOCUSES_USED;Все возможные национальные приоритеты уже расставлены.;X;X;X;X;X;X
HAS_NO_FACTORIES;Нет фабрик\n;X;X;X;X;X;X
HAS_FACTORIES;Есть фабрики\n;X;X;X;X;X;X
RETREAT_DELAY_IRO;Чтобы появилась возможность добровольно отступить с поля боя, должно пройти еще §Y$VAL$§W дн.;X;X;X;X;X;X
PW_CANTCOLONIZE;Этот регион в данный момент невозможно колонизировать.;X;X;X;X;X;X
IS_COLONIAL_STATE_POPVIEW;Колониальная область;X;X;X;X;X;X
CULTURE_IS_NOT;Культура - не признана:;X;X;X;X;X;X
CULTURE_IS;Культура -;X;X;X;X;X;X
INVALID_WARTARGET_TROOPS_IN_THEM;На их территории находятся наши войска.;X;X;X;X;X;X
WEX_EFFECTS;Текущие эффекты;X;X;X;X;X;X
NOBODY_CAN_VOTE_HERE;Никому не позволено голосовать.;X;X;X;X;X;X
NOT_ABLE_TO_REINFORCE;Эта группа населения слишком мала для пополнения этой бригады.;X;X;X;X;X;X
POP_SIZE_UNITVIEW;В этой группе населения §Y$VAL$§W человек. Число бригад, которое она может содержать, равно §Y$ALLOWED$§W. В данный момент она содержит бригад: §Y$CURRENT$§W.;X;X;X;X;X;X
MAX_REINF_UNITVIEW;Пополнения идут со скоростью в §G100%§W.;X;X;X;X;X;X
POP_IMPACT_UNITVIEW;Вследствие потерь в резервах это подразделение получает пополнения только с §Y$VAL$%§W скоростью.;X;X;X;X;X;X
MOB_IS_REINFORCE;Мобилизованные подразделения получают пополнения с §Y50%§W скоростью.;X;X;X;X;X;X
ATPEACE;Находится в мире;X;X;X;X;X;X
NORMAL_WAR_RUDEBOI_NAME;$ORDER$$FIRST$ война за $SECOND$ сдерживание;X;X;X;X;X;X
AGRESSION_WAR_RUDEBOI_NAME;$ORDER$$FIRST$ война за $SECOND$ сдерживание;X;X;X;X;X;X
CONFIRM_CREATE_VASSAL;Выделение державы;X;X;X;X;X;X
CONFIRM_CREATE_VASSAL_DESC;Вы действительно хотите выделить державу §Y$COUNTRY$§W в статусе нашего §Y$TYPE$а§W? Они получат следующие провинции (числом §Y$NUM$§W): §Y$PROVINCES$§W.;X;X;X;X;X;X
POP_DETAILS_EXPENSES;Расходы:;X;X;X;X;X;X
CB_DESC_HEAD;Это повод для войны позволяет нам потребовать следующего: ;X;X;X;X;X;X
CB_ALLOWED_DISARMAMENT;Принудительное разоружение;X;X;X;X;X;X
CB_ALLOWED_REPARATIONS;Военные репарации;X;X;X;X;X;X
CB_ALLOWED_STATES;Отложение территории;X;X;X;X;X;X
TRADE_DISABLED_AUTOMATE;Торговля данным товаром автоматизирована. Прежде чем менять настройки, выключите автоматизацию.;X;X;X;X;X;X
AUTOMATE_TRADE_CHECK;Автоматизация торговли данным товаром.;X;X;X;X;X;X
TECHNOLOGYVIEW_RESEARCH_TOOLTIP;Ведется изучение технологии §Y$TECH$§W.\nПри текущей скорости исследования этот проект будет завершен §Y$DATE$§W.;X;X;X;X;X;X
INCREASERELATION_THEY_ACCEPT_4;Наши отношения изменились на §G$CHANGE$§W пунктов, достигнув уровня в §Y$RELATION$§W.;X;X;X;X;X;X
INCREASERELATION_WE_ACCEPT_4;В результате наши отношения изменились на §G$CHANGE$§W пунктов, достигнув уровня в §Y$RELATION$§W.;X;X;X;X;X;X
DECREASERELATION_WE_ACCEPT_5;Наши отношения изменились на §G$CHANGE$§W пунктов, упав до уровня в §Y$RELATION$§W.;X;X;X;X;X;X
DECREASERELATION_THEY_ACCEPT_6;Наши отношения изменились на §G$CHANGE$§W пунктов, упав до уровня в §Y$RELATION$§W.;X;X;X;X;X;X
NORMAL_WAR_CONCESSION_NAME;$ORDER$ Война за уступку региона $STATE$;X;X;X;X;X;X
AGRESSION_WAR_CONCESSION_NAME;$ORDER$ Война за уступку региона $STATE$;X;X;X;X;X;X
NORMAL_WAR_PROTECTORATE_NAME;$ORDER$ Война за создание $FIRST$ протектората $SECOND_COUNTRY$;X;X;X;X;X;X
AGRESSION_WAR_PROTECTORATE_NAME;$ORDER$ Война за создание $FIRST$ протектората $SECOND_COUNTRY$;X;X;X;X;X;X
NORMAL_WAR_UNIFICATION_NAME;$ORDER$ $FIRST$ война за освобождение региона $STATE$;X;X;X;X;X;X
AGRESSION_WAR_UNIFICATION_NAME;$ORDER$ $FIRST$ война за освобождение региона $STATE$;X;X;X;X;X;X
POP_PROMOTE_INFO_ON_SEL;$WHERE$: на днях в группу $WHO$ вошли $VAL$ чел.;X;X;X;X;X;X
POP_LEAVE_INFO_ON_SEL;$WHERE$: на днях группу $WHO$ покинули $VAL$ чел.;X;X;X;X;X;X
DOMINION;Доминион;X;X;X;X;X;X
SATELLITE;Сателлит;X;X;X;X;X;X
DOMINION_OF_NOCOLOR;Доминион державы;X;X;X;X;X;X
SATELLITE_OF_NOCOLOR;Сателлит державы;X;X;X;X;X;X
DIPLOMACY_CANNOT_SET_PRIO_MYVASSAL;Они являются нашим §Y$TYPE$ом§W, и потому всегда находятся в нашей §Yсфере влияния§W.;X;X;X;X;X;X
DIPLOMACY_TRUCE_WITH;Перемирие:;X;X;X;X;X;X
DIPLOMACY_CASUSBELLIS;Поводы:;X;X;X;X;X;X
BUDGET_VIEW_CRIME_FIGHT;Эффективность борьбы с преступностью:;X;X;X;X;X;X
POP_CURRENT_PROD;Текущее производство:;X;X;X;X;X;X
ALREADY_ASSIMILATED;Уже принадлежит к основной или признанной культуре.;X;X;X;X;X;X
TCP_SERVER_LOST;Сервер потерян во время передачи сохраненной игры!;X;X;X;X;X;X
DIPLO_CALL_ALLIES;Призвать союзников;X;X;X;X;X;X
RULE_OPEN_FACTORY;Открытие/закрытие фабрик;X;X;X;X;X;X
PRODUCTION_NOT_DESTROY_FACTORY_BECAUSE_TOOLTIP;Мы §RНЕ§W можем разрушить эту фабрику вследствие:\n;X;X;X;X;X;X
BE_ANNEXED;Захват;X;X;X;X;X;X
PW_COLONY_NO_STATE;Как минимум §Y$NUM$§W% населения должны быть чиновниками признанной нами культуры, чтобы мы могли преобразовать эту колонию в полноценную область державы. Текущий процент чиновников равен §Y$CURR$§W%.;X;X;X;X;X;X
REMOVE_PW_COLONY_NO_STATE;убрано;X;X;X;X;X;X
BAD_SAVE;Ошибка: плохой сейв.;X;X;X;X;X;X
MILITARY_DIG_IN_CAP;Максимум окапывания;X;X;X;X;X;X
MILITARY_MILITARY_TACTICS;Военные тактики;X;X;X;X;X;X
COUNTRYALERT_NO_CanDoDecisions;В данный момент у нас нет решений, требующих нашего внимания.;X;X;X;X;X;X
POP_OTHER_LABEL;Другие;X;X;X;X;X;X
WARSUBSIDIES_DESC;Предложение денежной помощи стране в виде выплаты §Y$MONEY$§W¤ каждый день.;X;X;X;X;X;X
IS_NOT_OUR_VASSAL; Не является нашей марионеткой;X;X;X;X;X;X
IS_OUR_VASSAL; Является нашей марионеткой;X;X;X;X;X;X
COUNTRYALERT_HaveOrganizingRebels;У нас начинают организовываться повстанцы!;X;X;X;X;X;X
TOTAL_REBEL_POP;Численность группы повстанцев;X;X;X;X;X;X
NUMBER_OF_EMIREES;§Y$NUM$§W чел. переехало в этом месяце из нашей державы в другие страны.;X;X;X;X;X;X
NUMBER_OF_IMMIGREES;§Y$NUM$§W чел. приехало в этом месяце в нашу державу из других стран.;X;X;X;X;X;X
IS_DISARMED;является разоруженной державой;X;X;X;X;X;X
IS_NOT_DISARMED;не является разоруженной державой;X;X;X;X;X;X
TRUCE_LASTS_UNTIL;Перемирие будет действовать до §Y$DATE$§W.;X;X;X;X;X;X
LOBBY_HOST_ONLY;Только хост может начинать игру.;X;X;X;X;X;X
LOBBY_WAITING;Чтобы начать игру, вы должны подождать подключения всех игроков, или же исключить из игры тех, кто не смог присоединиться.;X;X;X;X;X;X
NO_UNIT_TECH;Мы должны изучить технологию §Y$TECH$§W, чтобы формировать подразделение §Y$UNIT$§W.;X;X;X;X;X;X
NO_UNIT_REGIMENTS;Мы не можем нигде сформировать подразделение §Y$UNIT$§W. Требуется больше §Yсолдатов§W!;X;X;X;X;X;X
NO_UNIT_PORTS;Мы не можем нигде сформировать подразделение §Y$UNIT$§W. Требуется получить §Yвыход к морю§W!;X;X;X;X;X;X
DIPLOMACY_WARDIALOG_ALLIES;Державу §Y$COUNTRY$§W защищают следующие государства:;X;X;X;X;X;X
DIPLOMACY_WARDIALOG_NUM_ALLIES;Число защищающих державу §Y$COUNTRY$§W стран равно §Y$NUM$§W.;X;X;X;X;X;X
DIPLOMACY_WARDIALOG_ALLY;Союзник;X;X;X;X;X;X
WARGOAL_WE_ACCEPT_HEADER;Министр иностранных дел сообщает;X;X;X;X;X;X
WARGOAL_WE_ACCEPT_1;Расширение войны!;X;X;X;X;X;X
WARGOAL_WE_ACCEPT_2;$MONARCHTITLE$, держава §Y$ACTOR$§W решила расширить нашу нынешнюю войну, добавив к ней следующую цель:;X;X;X;X;X;X
WARGOAL_WE_ACCEPT_4;Эти глупцы полагают, что смогут как-то победить нас.;X;X;X;X;X;X
WARGOAL_WE_ACCEPT_6;Мы накажем их за высокомерие.;X;X;X;X;X;X
WARGOAL_WE_ACCEPT_BTN1;ОК;X;X;X;X;X;X
WARGOAL_WE_ACCEPT_BTN2;ОК;X;X;X;X;X;X
WARGOAL_WE_ACCEPT_BTN3;Перейти;X;X;X;X;X;X
WARGOAL_WE_ACCEPT_LOG;Держава $ACTOR$ расширила свою войну против нас, включив в нее цель $WARGOAL$.;X;X;X;X;X;X
WARGOAL_THEY_ACCEPT_HEADER;Министр иностранных дел сообщает;X;X;X;X;X;X
WARGOAL_THEY_ACCEPT_1;Расширение войны!;X;X;X;X;X;X
WARGOAL_THEY_ACCEPT_2;$MONARCHTITLE$, мы решили расширить нашу войну, потребовав;X;X;X;X;X;X
WARGOAL_THEY_ACCEPT_4;Мы пытаемся быть умеренными с державой §Y$RECIPIENT$§W.;X;X;X;X;X;X
WARGOAL_THEY_ACCEPT_6;Теперь они заплатят за свою недальновидность.;X;X;X;X;X;X
WARGOAL_THEY_ACCEPT_BTN1;ОК;X;X;X;X;X;X
WARGOAL_THEY_ACCEPT_BTN2;ОК;X;X;X;X;X;X
WARGOAL_THEY_ACCEPT_BTN3;Перейти;X;X;X;X;X;X
WARGOAL_THEY_ACCEPT_LOG;Мы расширили свою войну против державы $RECIPIENT$, включив в нее цель $WARGOAL$.;X;X;X;X;X;X
WARGOAL_OTHER_ACCEPT_HEADER;Министр иностранных дел сообщает;X;X;X;X;X;X
WARGOAL_OTHER_ACCEPT_1;Расширение войны!;X;X;X;X;X;X
WARGOAL_OTHER_ACCEPT_2;$MONARCHTITLE$, до нас дошли слухи, что держава;X;X;X;X;X;X
WARGOAL_OTHER_ACCEPT_3;§Y$ACTOR$§W решила расширить;X;X;X;X;X;X
WARGOAL_OTHER_ACCEPT_4;свою войну против державы §Y$RECIPIENT$§W, ;X;X;X;X;X;X
WARGOAL_OTHER_ACCEPT_5;дополнительно потребовав следующего: $WARGOAL$.;X;X;X;X;X;X
WARGOAL_OTHER_ACCEPT_6;Как интересно.;X;X;X;X;X;X
WARGOAL_OTHER_ACCEPT_BTN1;ОК;X;X;X;X;X;X
WARGOAL_OTHER_ACCEPT_BTN2;ОК;X;X;X;X;X;X
WARGOAL_OTHER_ACCEPT_BTN3;Перейти;X;X;X;X;X;X
WARGOAL_OTHER_ACCEPT_LOG;Держава $ACTOR$ расширила свою войну против державы $RECIPIENT$, включив в нее цель $WARGOAL$.;X;X;X;X;X;X
NO_GP_ACTION_ON_SELF;Глупо выбирать для этого самих себя.;X;X;X;X;X;X
OL_VIEW_SIEGES;Включает/выключает обзор §Yоккупаций§W.;X;X;X;X;X;X
BADBOY_EFFECT;Бесчестье $DIRECTION$ на $VALUE$.\n;X;X;X;X;X;X
NORMAL_WAR_UNIFICATION_ANNEX_NAME;$ORDER$ $FIRST$ война за освобождение державы $SECOND_COUNTRY$;X;X;X;X;X;X
AGRESSION_WAR_UNIFICATION_ANNEX_NAME;$ORDER$ $FIRST$ война за освобождение державы $SECOND_COUNTRY$;X;X;X;X;X;X
WEDID_ISDISCREDITED_DESC;Дискредитация продлится до §Y$UNTIL$§W. В этом наша заслуга.;X;X;X;X;X;X
WEDID_ISBANNEDEMBASSY_DESC;Высылка послов продлится до §Y$UNTIL$§W. В этом наша заслуга.;X;X;X;X;X;X
OTHER_MUST_NEGOTIATE_WITH_WAR_LEADER;Мы не можем вести переговоры с §Yлидером войны§W, поскольку это приведет к ее завершению. Мирный договор может быть подписан только между державами §Y$ENEMY$§W и §Y$COUNTRY$§W.;X;X;X;X;X;X
REMOVE_unification_humiliate_cb_desc;Принуждение другой великой державы к признанию нашего лидерства над общей культурной группой.;X;X;X;X;X;X
REMOVE_unification_humiliate_cb_setup;Заставить другую великую державу признавать наше лидерство над общей культурной группой.;X;X;X;X;X;X
NORMAL_UNIFICATION_HUMILIATE_NAME;$FIRST$-$SECOND$ братская война;X;X;X;X;X;X
AGRESSION_UNIFICATION_HUMILIATE_NAME;$FIRST$-$SECOND$ братская война;X;X;X;X;X;X
PRODUCTION_REQUIRED_DAILY_INPUTS;Ежедневные затраты на производство:;X;X;X;X;X;X
PRODUCTION_DAILY_OUTPUT;Выпуск в день:;X;X;X;X;X;X
COUNTRYALERT_NO_HasClosedFactories;В данный момент у нас нет обанкротившихся фабрик.;X;X;X;X;X;X
COUNTRYALERT_HasClosedFactories;У нас есть обанкротившиеся фабрики в следующих регионах:;X;X;X;X;X;X
ANY_STATE_STARTS;Любой регион;X;X;X;X;X;X
REMOVED_BUDGET_CANT_LOAN_DESC;Банки будут выдавать вам взаймы деньги, только если вы можете платить по процентам, и при этом не представляете враждебную державу. Кроме того, иностранные банки в целях безопасности никогда не будут платить вам больше $MAXLOAN$% от своих наличных фондов;X;X;X;X;X;X
WE_ARE_DISCREDITED;Мы были дискредитированы;X;X;X;X;X;X
INFLUENCE_NEIGHBOUR;Соседняя держава;X;X;X;X;X;X
INFLUENCE_OTHER_CONTINENT;Держава на другом континенте;X;X;X;X;X;X
INFLUENCE_RELATIVE;Соотношение нашего общего рейтинга к их рейтингу;X;X;X;X;X;X
INFLUENCE_AT_MAX;Мы не можем иметь в одной стране больше §Y$MAX$§W очков влияния.;X;X;X;X;X;X
DIPLOMACY_DAILYINFLULENCE_GAIN;Ежедневно мы увеличиваем свое влияние в державе §Y$COUNTRY$§W на §Y$NUM$§W пунктов. Наш базовый прирост влияния равен §Y$BASE$§W.;X;X;X;X;X;X
DECL_WAR_NO_VASSAL;Мы не можем объявлять войну §Yсателлитам§W или §Yдоминионам§W других держав.;X;X;X;X;X;X
OL_HOSTILE_SIEGES;Вражеские оккупации;X;X;X;X;X;X
OL_VIEW_HOSTILE_SIEGES;Включает/выключает обзор §Yвражеских оккупаций§W.;X;X;X;X;X;X
POOR_MILITANCY_MORE_THAN;Агрессивность бедных классов выше ;X;X;X;X;X;X
MIDDLE_MILITANCY_MORE_THAN;Агрессивность средних классов выше ;X;X;X;X;X;X
RICH_MILITANCY_MORE_THAN;Агрессивность богатых классов выше ;X;X;X;X;X;X
POOR_MILITANCY_LESS_THAN;Агрессивность бедных классов меньше ;X;X;X;X;X;X
MIDDLE_MILITANCY_LESS_THAN;Агрессивность средних классов меньше ;X;X;X;X;X;X
RICH_MILITANCY_LESS_THAN;Агрессивность богатых классов меньше ;X;X;X;X;X;X
PRODUCTION_SORT_BY_AVAILABLE_WORKFORCE_TOOLTIP;Сортировать по безработице среди группы §Y$TYPE$§W;X;X;X;X;X;X
PRODUCTION_SORT_BY_AVG_INVESTORS_TOOLTIP;Сортировать по средней численность группы §Y$TYPE$§W в регионе;X;X;X;X;X;X
PRODUCED_DETAIL;$VAL$ доступно нашей стране;X;X;X;X;X;X
TRADE_AVAILABLE;Доступно;X;X;X;X;X;X
NORMAL_WAR_RESTORE_ORDER_NAME;$ORDER$$FIRST$ война за восстановление контроля над $SECOND$ провинциями;X;X;X;X;X;X
AGRESSION_WAR_RESTORE_ORDER_NAME;$ORDER$$FIRST$ война за восстановление контроля над $SECOND$ провинциями;X;X;X;X;X;X
NOT_ENOUGH_FOR_BRIGADE;Этого в данный момент недостаточно для мобилизации бригады.;X;X;X;X;X;X
COLONIAL_RANGE;Колониальная дистанция: §G+$VAL$§W;X;X;X;X;X;X
MODIFIER_LOCAL_SHIP_BUILD;Время строительства кораблей в провинции;X;X;X;X;X;X
CB_ALLOWED_ANNEX;Полный захват;X;X;X;X;X;X
CB_ALLOWED_ADD_TO_SPHERE;Присоединение к сфере;X;X;X;X;X;X
CB_ALLOWED_RELEASE_PUPPET;Освобождение вассала;X;X;X;X;X;X
CB_ALLOWED_STATUS_QUO;Возвращение к статусу-кво;X;X;X;X;X;X
CB_ALLOWED_TRANSFER_PROVINCES;Передача провинций;X;X;X;X;X;X
CB_ALLOWED_PRESTIGE;Снижение престижа;X;X;X;X;X;X
CB_ALLOWED_CONCESSION;Признание поражения;X;X;X;X;X;X
MAINTENANCE_DESC;Требуется товаров для работы:;X;X;X;X;X;X
MISSING_MAINTENANCE;Поскольку фабрике не хватает материалов, выпуск ею товаров сокращается на §R$PERC$§W.;X;X;X;X;X;X
PROCEED;Принять;X;X;X;X;X;X
ENDGAME_HEADLINE;Конец игры;X;X;X;X;X;X
ENDGAME_DESC;Прошло сто судьбоносных лет, и теперь вы вступаете в современную эпоху. За это время мир изменился просто радикально. А что произошло с вашей страной?;X;X;X;X;X;X
NEEDS_BOUGHT;Ожидаемые нужды на сегодня:;X;X;X;X;X;X
TOTAL_NEEDS_BOUGHT;Ожидаемые затраты на нужды:;X;X;X;X;X;X
TOTAL_SOLD_FOR;Вчера мы произвели $NUM$ ед. товара §Y$GOOD$§W, которые были проданы за $CASH$¤.;X;X;X;X;X;X
COULDNT_AFFORD;Фабрика не смогла вчера приобрести все необходимые ей для производства материалы.;X;X;X;X;X;X
INPUT_LACKING;На рынке не хватает товара §Y$GOOD$§W, чтобы удовлетворить все потребности фабрики в материалах на производство.;X;X;X;X;X;X
OUTPUT_WASTED;$NUM$ из $PRODUCED$ ед. товара §Y$GOOD$§W не были проданы вчера.;X;X;X;X;X;X
TRADE_CONFIRM_DESC;Ручное управление торговли означает, что нам однажды может потребоваться взять заем, чтобы купить требуемый товар.;X;X;X;X;X;X
BUDGET_TAX_EFFICIENCY;Эффективность налогообложения: §Y$VALUE$%§W;X;X;X;X;X;X
BUDGET_TAX_EFFECT;Эффективная ставка налогообложения: §Y$VALUE$%§W;X;X;X;X;X;X
LEADERSHIP_EFFECT;Лидерство: §G$VALUE$§W.\n;X;X;X;X;X;X
MULTI_SEL_DESC;Нажмите §GSHIFT+ЛКМ§! Чтобы выбрать несколько отрядов из уже выбранных.;X;X;X;X;X;X
SM_DETAILS;Детали;X;X;X;X;X;X
DISBAND_ALL;Распустить выбранные войска;X;X;X;X;X;X
DISBAND_ALL_TITLE;Распустить все войска;X;X;X;X;X;X
DISBAND_ALL_DESC;Вы уверены, что хотите §Rраспустить§! все §Y$NUM$§! армий?;X;X;X;X;X;X
DATE_DIFF_A;$Y$ лет, $M$ месяцев и $D$ дней;X;X;X;X;X;X
DATE_DIFF_B;$M$ месяцев и $D$ дней;X;X;X;X;X;X
DATE_DIFF_C;$D$ дней;X;X;X;X;X;X
NAVAL_COMBAT_STACK_PENALTY_DESC;§Yштраф к координации §R$PEN$%§Y вызван плохой слаженностью во флоте. Это усложнит нашим кораблям поиск целей. Произошло это из-за численного превосходства наших судов над потенциальными целями.§!;X;X;X;X;X;X
BP_TAB_CURRENT;Текущие планы;X;X;X;X;X;X
BP_TAB_HISTORICAL;Исторические планы;X;X;X;X;X;X
BP_TOOL_COLOR_RED;Красный;X;X;X;X;X;X
BP_TOOL_COLOR_GREEN;Зеленый;X;X;X;X;X;X
BP_TOOL_COLOR_BLUE;Синий;X;X;X;X;X;X
BP_TOOL_COLOR_YELLOW;Желтый;X;X;X;X;X;X
BP_TOOL_ARROW_SLIM;Тонкая стрелка;X;X;X;X;X;X
BP_TOOL_ARROW_MEDIUM_1;Средняя стрелка 1;X;X;X;X;X;X
BP_TOOL_ARROW_MEDIUM_2;Средняя стрелка 2;X;X;X;X;X;X
BP_TOOL_ARROW_MEDIUM_3;Средняя стрелка 3;X;X;X;X;X;X
BP_TOOL_ARROW_THICK;Толстая стрелка;X;X;X;X;X;X
BP_TOOL_BORDER_1;Тип границы 1;X;X;X;X;X;X
BP_TOOL_BORDER_2;Тип границы 2;X;X;X;X;X;X
BP_TOOL_BORDER_3;Тип границы 3;X;X;X;X;X;X
BP_TOOL_BORDER_4;Тип границы 4;X;X;X;X;X;X
BP_TOOL_BORDER_5;Тип границы 5;X;X;X;X;X;X
BP_TOOL_ICON_AIRPLANE;Инонка самолета;X;X;X;X;X;X
BP_TOOL_ICON_TANK;Иконка танка;X;X;X;X;X;X
BP_TOOL_ICON_BOMB_1;Маленькая иконка бомбы;X;X;X;X;X;X
BP_TOOL_ICON_BOMB_2;Большая иконка бомбы;X;X;X;X;X;X
BP_SAVE_PLAN_CONFIRM;Сохранить план;X;X;X;X;X;X
BP_SAVE_PLAN_CANCEL;Закрыть;X;X;X;X;X;X
BP_SAVE_PLAN_PROMPT;План сражения уже существует!\nХотите изменить его?;X;X;X;X;X;X
BP_DELETE_SAVED_PLAN_PROMPT;Вы уверены, что хотите удалить сохраненный план сражения?;X;X;X;X;X;X
BP_DELETE_CURRENT_PLAN_PROMPT;Вы уверены, что хотите удалить этот план сражения?;X;X;X;X;X;X
BP_SHARED_WITH;Поделиться:;X;X;X;X;X;X
BP_NEW_PLAN;Новый план;X;X;X;X;X;X
BP_TOOLTIP_TAB_CURRENT;Список планов сражений.;X;X;X;X;X;X
BP_TOOLTIP_TAB_HISTORICAL;Список планов исторических сражений.\nНажмите §YImport§! Чтобы добавить выбранное в ваш план.;X;X;X;X;X;X
BP_TOOLTIP_TAB_SAVED;Список ваших сохраненных планов сражений.\nНажмите §YImport§! Чтобы добавить выбранное в ваш план.;X;X;X;X;X;X
BP_TOOLTIP_NEW_PLAN;Создать новый план.;X;X;X;X;X;X
BP_TOOLTIP_REMOVE_PLAN;Удалить выбранный план.;X;X;X;X;X;X
BP_TOOLTIP_SHARE_PLAN;Переключить §Ysharing§! выбранный план с вашими §Gally members§!.;X;X;X;X;X;X
BP_TOOLTIP_SAVE_PLAN;Сохранить выбранный план в файл.;X;X;X;X;X;X
BP_TOOLTIP_RENAME_PLAN;Переименовать выбранный план.;X;X;X;X;X;X
BP_TOOLTIP_IMPORT_PLAN;Добавить выбранный план в текущие.;X;X;X;X;X;X
BP_TOOLTIP_TOOL_SELECT;Нажмите на объект, чтобы выбрать его.;X;X;X;X;X;X
BP_TOOLTIP_TOOL_ARROW;Выберите тип стрелки и нарисуйте её на карте с помощью §YЛКМ§!.\nУдерживайте кнопки §YShift§! + §YЛКМ§! Чтобы связать эту стрелку с другой стрелкой.;X;X;X;X;X;X
BP_TOOLTIP_TOOL_BORDER;Выберите тип гранницы и нарисуйте его на карте с помощью §YЛКМ§!.;X;X;X;X;X;X
BP_TOOLTIP_TOOL_ICON;Выберите тип иконки и нарисуйте её на карте с помощью §YЛКМ§!.\nУдерживайте кнопки §YShift§! + §YКолесико мыши§! Для поворота иконки.;X;X;X;X;X;X
BP_TOOLTIP_TOOL_COLOR;Выберите цвет для рисования стрелок и значков.\n Это относится и к цвету выбранных стрелок и значков.;X;X;X;X;X;X
BP_TOOLTIP_TOOL_TEXT;Поместите надпись на карту.\n если ничего не выбрано - создайте новую надпись.\n если стрелки выбраны - делает надпись на стрелке.\n Если выбран значок - редактирует текст.\n§YShift§! + §YКолесико мыши§! чтобы повернуть текст.\n§YCtrl§! + §YКолесико мыши§! чтобы масштабировать текст.;X;X;X;X;X;X
BP_TOOLTIP_TOOL_ERASE;Удалить выбранный объект.;X;X;X;X;X;X
BP_TOOLTIP_VISIBILITY;Отобразить план на карте.;X;X;X;X;X;X
MILITARY_SPENDINGS_LAND;Расходы на §Yсухопутные§! войска:;X;X;X;X;X;X
MILITARY_SPENDINGS_NAVAL;Расходы на §Yморской§! флот:;X;X;X;X;X;X
MILITARY_SPENDINGS_PROJECTS;Расходы на §Yстроительство и промышленность§!:;X;X;X;X;X;X
STOCKPILE_COST_ESTIMATED;Завтра мы §Yпотратим§! на гос. закупки:;X;X;X;X;X;X
STOCKPILE_COST_ACTUAL;Сегодня мы §Yпотратили§! на гос. закупки:;X;X;X;X;X;X
NAVAL_COMBAT_DETAILS_APPROACH;Приближение §Y$WHO$§!. Текущее расстояние: §Y$DIST$§!.;X;X;X;X;X;X
NAVAL_COMBAT_DETAILS_DESTROYED;§RDestroyed§! Уничтожен отрядом §Y$WHO$§!;X;X;X;X;X;X
NAVAL_COMBAT_DETAILS_DISENGAGED;Отряд смог отступить и выйти из битвы;X;X;X;X;X;X
NAVAL_COMBAT_DETAILS_RETREAT;Отряд отступает.;X;X;X;X;X;X
NAVAL_COMBAT_DETAILS_SEEKING;Поиск новой цели;X;X;X;X;X;X
NAVAL_COMBAT_DETAILS_SHOOTING;Огонь по §Y$WHO$§!.\n- урон организации §G$ORG$§!\n- урон силе §Y$STR$§!;X;X;X;X;X;X
NAVAL_COMBAT_DETAILS_FILTERING;Нажмите на §GЛКМ§! Чтобы увидеть все корабли, нацеленные на этот.;X;X;X;X;X;X
MAPMODE_NAVAL_TOOLTIP_LEVEL;Уровень морской базы §G$LVL$§!;X;X;X;X;X;X
MAPMODE_NAVAL_TOOLTIP_NO_BASE;Нет морской базы в регионе.;X;X;X;X;X;X
MAPMODE_NAVAL_TOOLTIP_CAP;§YМорской уровень снабжения§! этой провинции составляет §G$CAP$§! от общего §G$TOT$§!.;X;X;X;X;X;X
MAPMODE_NAVAL_TOOLTIP_IN_OTHER;В регионе уже есть морская база, в провинции §Y$PROV$§!.;X;X;X;X;X;X
MAPMODE_NAVAL_TOOLTIP_UNDER_CON;Морская база уже строится в этом регионе;X;X;X;X;X;X
NAVAL_SUPPLY_PENALTY_DESC;Потери из-за штрафа от §Yморского уровня снабжения§! в размере §R$PEN$%§!.;X;X;X;X;X;X
COMBAT_LEADER_MOD_ATTACK;Навык атаки;X;X;X;X;X;X
COMBAT_LEADER_MOD_DEFENSE;Навык защиты;X;X;X;X;X;X
OCCUPATION_SCORE_ATTACKER;Оккупация атакующего: ;X;X;X;X;X;X
OCCUPATION_SCORE_DEFENDER;Оккупация защищающегося: ;X;X;X;X;X;X
BLOCKADE_SCORE_ATTACKER;Блокады атакующего: ;X;X;X;X;X;X
BLOCKADE_SCORE_DEFENDER;Блокады защищающегося: ;X;X;X;X;X;X
TICKING_WARSCORE_HEAD;Бонус за достижение §Yцелей $VAL$§!:;X;X;X;X;X;X
TICKING_WARSCORE_DESC_SCORE;В настоящее время $VAL$ (ежедневно $CHANGE$).;X;X;X;X;X;X
TICKING_WARSCORE_DESC_SCORE_MAX;В настоящее время $VAL$ (Max).;X;X;X;X;X;X
TICKING_WARSCORE_DESC_SCORE_SHORT;$VAL$ (ежедневно $CHANGE$).;X;X;X;X;X;X
CB_DESTROY_FORTS;Уничтожить крепости;X;X;X;X;X;X
CB_DESTROY_NAVAL_BASES;Уничтожить морские базы;X;X;X;X;X;X
ALL_CORE_PROVINCES;все регионы с национальными провинциями;X;X;X;X;X;X
ALL_SATES;все регионы ;X;X;X;X;X;X
FIRE_RANGE;Дальнобойность;X;X;X;X;X;X
EVASION;Уклонение;X;X;X;X;X;X
SORT_BY;Сортировать по:;X;X;X;X;X;X
STANCE;Позиция;X;X;X;X;X;X
STR_ORG;Уд/Орг;X;X;X;X;X;X
SORT_BY_TYPE_DESC;Сортировать корабли по их §Yтипу§!.;X;X;X;X;X;X
SORT_BY_STANCE_DESC;Сортировать корабли по их §Yтекущему действию§!.;X;X;X;X;X;X
SORT_BY_STR_ORG_DESC;Сортировать корабли по их §Yсредней боеспособности и организации§!.;X;X;X;X;X;X
TARGETED_BY;На прицеле у:;X;X;X;X;X;X
MAY_NOT_RETREAT_NAVAL;Это невозможно и было бы позором - сбежать, не оценив шансы на победу.;X;X;X;X;X;X
REMAINING_NAVAL_RETREAT;Прежде чем мы сможем отступить, нам нужно быть ближе к §Y$OPT$§! чтобы выяснить наши шансы на отступление.;X;X;X;X;X;X
NAVAL_COMBAT_STATUS_APPROACH;Идет на сближение;X;X;X;X;X;X
NAVAL_COMBAT_STATUS_SEEKING;Ищет цель;X;X;X;X;X;X
NAVAL_COMBAT_STATUS_FIRING;Урон §G$ORG$§!/§R$STR$§!;X;X;X;X;X;X
NAVAL_COMBAT_STATUS_RETREAT;Отступает;X;X;X;X;X;X
NAVAL_COMBAT_STATUS_DISENGAGED;Свободен;X;X;X;X;X;X
SUPPLY_LOAD;Колониальные очки;X;X;X;X;X;X
SUPPLY_LOAD_STATUS_DESC_BASIC;Общий §Yуровень снабжения§! всех наших §Yморских баз§! — $TOT$.\nВсем нашим кораблям требуется в общем $REQ$.;X;X;X;X;X;X
SUPPLY_LOAD_STATUS_DESC_PENALTY;Наши корабли получают $PEN$ штраф от снабжения.;X;X;X;X;X;X
SUPPLY_LOAD_STATUS_DESC_HINT;Подумайте о создании военно-морских баз, или уничтожьте некоторые из своих кораблей.;X;X;X;X;X;X
SUPPLY_LOAD_STATUS_DESC_UPCOMING_PENALTY;Заложены новые корабли, постройка которых превысит лимит снабжения $EXC$.;X;X;X;X;X;X
SUPPLY_LOAD_STATUS_DESC_DETAILED_LIST;Настоящий доклад показывает требуемый уровень снабжения:;X;X;X;X;X;X
SHIP_BUILD_MIN_BASE_LEVEL;Требуется морской порт с уровнем §Y$LVL$§! или выше.;X;X;X;X;X;X
SHIP_BUILD_LIMIT_PER_BASE;Ограничение до §Y$LIM$§! единиц на каждый порт, который снабжает этот корабль.;X;X;X;X;X;X
SHIP_BUILD_LIMIT_PER_BASE_HINT;§RПодумайте о постройке большего числа морских баз с уровнем не меньше §G$LVL$§R.§!;X;X;X;X;X;X
SHIP_BUILD_LIMIT_MAX;§Y(Лимит: $LIM$)§!;X;X;X;X;X;X
BUILDING_ONE_PER_STATE;Только один в регионе;X;X;X;X;X;X
DIPLOMACY_CRISIS_INFO;Кризис;X;X;X;X;X;X
CRISIS_CANT_DECLARE_WAR;Вы не можете объявить войну, и вам не могут объявить войну, если вы вовлечены в кризис.;X;X;X;X;X;X
HAS_FLASHPOINT;Есть горячая точка;X;X;X;X;X;X
HAS_NO_FLASHPOINT;Нет горячей точки;X;X;X;X;X;X
TENSION_LESS_THAN;Напряженность в горячей точке ниже, чем ;X;X;X;X;X;X
TENSION_MORE_THAN;Напряженность в горячей точке выше, чем ;X;X;X;X;X;X
CRISIS_TEMPERATURE_LESS_THAN;Накал кризиса ниже, чем ;X;X;X;X;X;X
CRISIS_TEMPERATURE_MORE_THAN;Накал кризиса выше, чем ;X;X;X;X;X;X
FLASHPOINT_TENSION_EFFECT;$DIRECTION$ $VALUE$ Напряженность в горячей точке.\n;X;X;X;X;X;X
NOT_A_FLASHPOINT;§RНе горячая точка§!;X;X;X;X;X;X
MAPMODE_21;Очаги напряженности;X;X;X;X;X;X
MAPMODE_22;Военно-морск.;X;X;X;X;X;X
FLASHPOINT_TENSION;Напряженность в регионе: §Y$VALUE$§!%;X;X;X;X;X;X
EXECUTING_HISTORY;Executing History...;X;X;X;X;X;X
CRISIS_TEMPERATURE;Накал кризиса: §R$VALUE$%§!;X;X;X;X;X;X
HAS_CRISIS;Текущие кризисы;X;X;X;X;X;X
HAS_NO_CRISIS;Кризисов нет;X;X;X;X;X;X
CRISIS_TEMPERATURE_EFFECT;$DIRECTION$ $VALUE$ накал кризиса.\n;X;X;X;X;X;X
BACKERS_LABEL;Сторонники:;X;X;X;X;X;X
SUPPORT_SIDE;Поддержать сторону;X;X;X;X;X;X
ON_THE_FENCE_LABEL;Не определились:;X;X;X;X;X;X
CRISIS_DESCRIPTION_LIBERATION;Кризис вокруг освобождения державы $COUNTRY$.;X;X;X;X;X;X
CRISIS_DESCRIPTION_RECLAIM;Кризис по поводу возвращения державе $COUNTRY$ их исконных территорий.;X;X;X;X;X;X
CRISIS_WAITING_ON_BACKER;В ожидании.;X;X;X;X;X;X
MUST_BE_CRISIS_SIDE_LEADER;Лидер одной из сторон кризиса.;X;X;X;X;X;X
CRISIS_ALREADY_TAKEN_SIDE;Уже приняли сторону.;X;X;X;X;X;X
CRISIS_OFFERTITLE;Сделать предложение.;X;X;X;X;X;X
CRISIS_OFFER_OFFER;Держава $ACTOR$ предложила §Y$WARGOAL$§! с их стороны в кризисе.;X;X;X;X;X;X
CRISIS_OFFER_WE_ACCEPT_SETUP;Если мы примем сторону в кризисе;X;X;X;X;X;X
CRISIS_OFFER_WE_ACCEPT_HEADER;Доклад министра иностранных дел;X;X;X;X;X;X
CRISIS_OFFER_WE_ACCEPT_2;Мы присоединились к державе $ACTOR$ в этом кризисе со следующими требованиями:;X;X;X;X;X;X
CRISIS_OFFER_WE_ACCEPT_BTN1;Ладно;X;X;X;X;X;X
CRISIS_OFFER_WE_ACCEPT_BTN2;Ладно;X;X;X;X;X;X
CRISIS_OFFER_WE_ACCEPT_BTN3;Перейти;X;X;X;X;X;X
CRISIS_OFFER_WE_ACCEPT_LOG;Мы присоединились к нынешнему кризису.;X;X;X;X;X;X
CRISIS_OFFER_THEY_ACCEPT_SETUP;Если кто-то примет нашу сторону в кризисе.;X;X;X;X;X;X
CRISIS_OFFER_THEY_ACCEPT_HEADER;Доклад министра иностранных дел;X;X;X;X;X;X
CRISIS_OFFER_THEY_ACCEPT_2;Мы присоединились к державе $RECIPIENT$ в этом кризисе со следующими требованиями:;X;X;X;X;X;X
CRISIS_OFFER_THEY_ACCEPT_BTN1;Ладно;X;X;X;X;X;X
CRISIS_OFFER_THEY_ACCEPT_BTN2;Ладно;X;X;X;X;X;X
CRISIS_OFFER_THEY_ACCEPT_BTN3;Перейти;X;X;X;X;X;X
CRISIS_OFFER_THEY_ACCEPT_LOG;Держава $RECIPIENT$ поддерживает нас в этом кризисе.;X;X;X;X;X;X
CRISIS_OFFER_OTHER_ACCEPT_SETUP;Если кто-нибудь присоединится к кризису.;X;X;X;X;X;X
CRISIS_OFFER_OTHER_ACCEPT_HEADER;Доклад министра иностранных дел;X;X;X;X;X;X
CRISIS_OFFER_OTHER_ACCEPT_2;Быть беде;X;X;X;X;X;X
CRISIS_OFFER_OTHER_ACCEPT_3;Кажется, что держава $RECIPIENT$;X;X;X;X;X;X
CRISIS_OFFER_OTHER_ACCEPT_4;решила присоединиться к кризису;X;X;X;X;X;X
CRISIS_OFFER_OTHER_ACCEPT_5;на стороне державы $ACTOR$;X;X;X;X;X;X
CRISIS_OFFER_OTHER_ACCEPT_BTN1;Ладно;X;X;X;X;X;X
CRISIS_OFFER_OTHER_ACCEPT_BTN2;Ладно;X;X;X;X;X;X
CRISIS_OFFER_OTHER_ACCEPT_BTN3;Перейти;X;X;X;X;X;X
CRISIS_OFFER_OTHER_ACCEPT_LOG;Держава $RECIPIENT$ присоединилась к нынешнему кризису;X;X;X;X;X;X
CRISIS_OFFER_WE_DECLINE_SETUP;Если мы откажемся принять сторону в кризисе;X;X;X;X;X;X
CRISIS_OFFER_WE_DECLINE_HEADER;Доклад министра иностранных дел;X;X;X;X;X;X
CRISIS_OFFER_WE_DECLINE_2;Мы отказались присоединиться к державе $ACTOR$ в текущем кризисе;X;X;X;X;X;X
CRISIS_OFFER_WE_DECLINE_BTN1;Ладно;X;X;X;X;X;X
CRISIS_OFFER_WE_DECLINE_BTN2;Ладно;X;X;X;X;X;X
CRISIS_OFFER_WE_DECLINE_BTN3;Перейти;X;X;X;X;X;X
CRISIS_OFFER_WE_DECLINE_LOG;Мы отказались принимать участие в нынешнем кризисе;X;X;X;X;X;X
CRISIS_OFFER_THEY_DECLINE_SETUP;Если кто-то откажется принять нашу сторону в кризисе;X;X;X;X;X;X
CRISIS_OFFER_THEY_DECLINE_HEADER;Доклад министра иностранных дел;X;X;X;X;X;X
CRISIS_OFFER_THEY_DECLINE_2;Держава $RECIPIENT$ отказалась вступить в переговоры в течение нынешнего кризиса.;X;X;X;X;X;X
CRISIS_OFFER_THEY_DECLINE_BTN1;Ладно;X;X;X;X;X;X
CRISIS_OFFER_THEY_DECLINE_BTN2;Ладно;X;X;X;X;X;X
CRISIS_OFFER_THEY_DECLINE_BTN3;Перейти;X;X;X;X;X;X
CRISIS_OFFER_THEY_DECLINE_LOG;Держава $RECIPIENT$ отказалась присоединиться к нынешнему кризису.;X;X;X;X;X;X
CRISIS_OFFER_OTHER_DECLINE_SETUP;Если кто-то покидает сторону в кризисе;X;X;X;X;X;X
CRISIS_OFFER_OTHER_DECLINE_HEADER;Доклад министра иностранных дел;X;X;X;X;X;X
CRISIS_OFFER_OTHER_DECLINE_2;Вроде бы напряжение перестало нарастать.;X;X;X;X;X;X
CRISIS_OFFER_OTHER_DECLINE_3;Кажется, что держава $RECIPIENT$;X;X;X;X;X;X
CRISIS_OFFER_OTHER_DECLINE_4;отказалась присоединиться к нынешнему кризису;X;X;X;X;X;X
CRISIS_OFFER_OTHER_DECLINE_5;на стороне державы $ACTOR$;X;X;X;X;X;X
CRISIS_OFFER_OTHER_DECLINE_BTN1;Ладно;X;X;X;X;X;X
CRISIS_OFFER_OTHER_DECLINE_BTN2;Ладно;X;X;X;X;X;X
CRISIS_OFFER_OTHER_DECLINE_BTN3;Перейти;X;X;X;X;X;X
CRISIS_OFFER_OTHER_DECLINE_LOG;Держава $RECIPIENT$ отказалась учавствовать в нынешнем кризисе.;X;X;X;X;X;X
BACK_CRISISTITLE;Поддержать страну во время кризиса;X;X;X;X;X;X
BACK_CRISIS_OFFER;Держава $ACTOR$ просит нас поддержать их сторону в нынешнем кризисе.;X;X;X;X;X;X
BACK_CRISIS_WE_ACCEPT_SETUP;Если мы поддерживаем сторону в кризисе;X;X;X;X;X;X
BACK_CRISIS_WE_ACCEPT_HEADER;Доклад министра иностранных дел;X;X;X;X;X;X
BACK_CRISIS_WE_ACCEPT_2;Мы решили поддержать державу $ACTOR$ в нынешнем кризисе.;X;X;X;X;X;X
BACK_CRISIS_WE_ACCEPT_BTN1;Ладно;X;X;X;X;X;X
BACK_CRISIS_WE_ACCEPT_BTN2;Ладно;X;X;X;X;X;X
BACK_CRISIS_WE_ACCEPT_BTN3;Перейти;X;X;X;X;X;X
BACK_CRISIS_WE_ACCEPT_LOG;Мы поддержали сторону в нынешнем кризисе;X;X;X;X;X;X
BACK_CRISIS_THEY_ACCEPT_SETUP;Если кто-то поддерживает нашу сторону в кризисе;X;X;X;X;X;X
BACK_CRISIS_THEY_ACCEPT_HEADER;Доклад министра иностранных дел;X;X;X;X;X;X
BACK_CRISIS_THEY_ACCEPT_2;Держава $RECIPIENT$ решила поддержать нас в нынешнем кризисе.;X;X;X;X;X;X
BACK_CRISIS_THEY_ACCEPT_BTN1;Ладно;X;X;X;X;X;X
BACK_CRISIS_THEY_ACCEPT_BTN2;Ладно;X;X;X;X;X;X
BACK_CRISIS_THEY_ACCEPT_BTN3;Перейти;X;X;X;X;X;X
BACK_CRISIS_THEY_ACCEPT_LOG;Держава $RECIPIENT$ поддержала нас в нынешнем кризисе.;X;X;X;X;X;X
BACK_CRISIS_OTHER_ACCEPT_SETUP;Если кто-то поддерживает другую сторону в кризисе;X;X;X;X;X;X
BACK_CRISIS_OTHER_ACCEPT_HEADER;Доклад министра иностранных дел;X;X;X;X;X;X
BACK_CRISIS_OTHER_ACCEPT_2;Быть беде;X;X;X;X;X;X
BACK_CRISIS_OTHER_ACCEPT_3;Кажется, что держава $RECIPIENT$;X;X;X;X;X;X
BACK_CRISIS_OTHER_ACCEPT_4;решила поддержать державу $ACTOR$ в нынешнем кризисе;X;X;X;X;X;X
BACK_CRISIS_OTHER_ACCEPT_BTN1;Ладно;X;X;X;X;X;X
BACK_CRISIS_OTHER_ACCEPT_BTN2;Ладно;X;X;X;X;X;X
BACK_CRISIS_OTHER_ACCEPT_BTN3;Перейти;X;X;X;X;X;X
BACK_CRISIS_OTHER_ACCEPT_LOG;Держава $RECIPIENT$ присоединилась к нынешнему кризису.;X;X;X;X;X;X
BACK_CRISIS_WE_DECLINE_SETUP;Если мы отказываемся принять сторону в кризисе;X;X;X;X;X;X
BACK_CRISIS_WE_DECLINE_HEADER;Доклад министра иностранных дел;X;X;X;X;X;X
BACK_CRISIS_WE_DECLINE_2;Мы отказались принять сторону державы $ACTOR$ в текущем кризисе;X;X;X;X;X;X
BACK_CRISIS_WE_DECLINE_BTN1;Ладно;X;X;X;X;X;X
BACK_CRISIS_WE_DECLINE_BTN2;Ладно;X;X;X;X;X;X
BACK_CRISIS_WE_DECLINE_BTN3;Перейти;X;X;X;X;X;X
BACK_CRISIS_WE_DECLINE_LOG;Мы отказались присоединиться к нынешнему кризису;X;X;X;X;X;X
BACK_CRISIS_THEY_DECLINE_SETUP;Если кто-то отказывается поддержать нашу сторону в кризисе;X;X;X;X;X;X
BACK_CRISIS_THEY_DECLINE_HEADER;Доклад министра иностранных дел;X;X;X;X;X;X
BACK_CRISIS_THEY_DECLINE_2;Держава $RECIPIENT$ отказалась поддержать нашу сторону в кризисе.;X;X;X;X;X;X
BACK_CRISIS_THEY_DECLINE_BTN1;Ладно;X;X;X;X;X;X
BACK_CRISIS_THEY_DECLINE_BTN2;Ладно;X;X;X;X;X;X
BACK_CRISIS_THEY_DECLINE_BTN3;Перейти;X;X;X;X;X;X
BACK_CRISIS_THEY_DECLINE_LOG;Держава $RECIPIENT$ отказалась поддержать державу $ACTOR$ в нынешнем кризисе.;X;X;X;X;X;X
BACK_CRISIS_OTHER_DECLINE_SETUP;Если кто-то откажется поддержать сторону в кризисе;X;X;X;X;X;X
BACK_CRISIS_OTHER_DECLINE_HEADER;Доклад министра иностранных дел;X;X;X;X;X;X
BACK_CRISIS_OTHER_DECLINE_2;Вроде бы напряжение перестало нарастать.;X;X;X;X;X;X
BACK_CRISIS_OTHER_DECLINE_3;Кажется, что держава $RECIPIENT$;X;X;X;X;X;X
BACK_CRISIS_OTHER_DECLINE_4;отказалась поддержать державу $ACTOR$ в нынешнем кризисе;X;X;X;X;X;X
BACK_CRISIS_OTHER_DECLINE_BTN1;Ладно;X;X;X;X;X;X
BACK_CRISIS_OTHER_DECLINE_BTN2;Ладно;X;X;X;X;X;X
BACK_CRISIS_OTHER_DECLINE_BTN3;Перейти;X;X;X;X;X;X
BACK_CRISIS_OTHER_DECLINE_LOG;Держава $RECIPIENT$ отказалась поддержать державу $ACTOR$ в текущем кризисе.;X;X;X;X;X;X
CRISIS_PROGRESS_DESC;Когда эта шкала заполнится, время дипломатических переговоров закончится и кризис перерастет в войну.;X;X;X;X;X;X
CRISIS_WAITING_DESC;Как минимум одна из сторон кризиса ожидает великую державу для поддержки.;X;X;X;X;X;X
EFFECT_CRISIS_INTEREST;Держава $COUNTRY$ выразила интерес к нынешнему кризису.;X;X;X;X;X;X
CRISIS_BACK_DOWN;Предложить решение;X;X;X;X;X;X
CRISISOFFERDESC;Держава $COUNTRY$ предлагает урегулировать нынешний кризис в нашу пользу:;X;X;X;X;X;X
CRISISDEMANDDESC;Держава $COUNTRY$ требует урегулирования нынешнего кризиса в свою пользу:;X;X;X;X;X;X
CRISIS_BACK_DOWN_WE_ACCEPT_SETUP;Если мы принимаем предложение другой стороны в кризисе;X;X;X;X;X;X
CRISIS_BACK_DOWN_WE_ACCEPT_2;Мы приняли предложение разрешить текущий кризис с;X;X;X;X;X;X
CRISIS_BACK_DOWN_WE_ACCEPT_4;на следующих условиях:;X;X;X;X;X;X
CRISIS_BACK_DOWN_WE_ACCEPT_LOG;Мы приняли предложение по урегулированию кризиса от державы $ACTOR$;X;X;X;X;X;X
CRISIS_BACK_DOWN_WE_ACCEPT_BTN1;Замечательно!;X;X;X;X;X;X
CRISIS_BACK_DOWN_WE_ACCEPT_BTN2;Замечательно!;X;X;X;X;X;X
CRISIS_BACK_DOWN_WE_ACCEPT_BTN3;Перейти;X;X;X;X;X;X
CRISIS_BACK_DOWN_WE_ACCEPT_MAP;Мир!;X;X;X;X;X;X
CRISIS_BACK_DOWN_THEY_ACCEPT_SETUP;Если держава принимает ваше предложение по урегулированию кризиса;X;X;X;X;X;X
CRISIS_BACK_DOWN_THEY_ACCEPT_2;Держава $RECIPIENT$;X;X;X;X;X;X
CRISIS_BACK_DOWN_THEY_ACCEPT_3;приняла наше предложение по урегулированию кризиса;X;X;X;X;X;X
CRISIS_BACK_DOWN_THEY_ACCEPT_6;Условия: $TERMS$;X;X;X;X;X;X
CRISIS_BACK_DOWN_THEY_ACCEPT_LOG;Держава $RECIPIENT$ приняла наше предложение мира.;X;X;X;X;X;X
CRISIS_BACK_DOWN_THEY_ACCEPT_BTN1;Замечательно!;X;X;X;X;X;X
CRISIS_BACK_DOWN_THEY_ACCEPT_BTN2;Замечательно!;X;X;X;X;X;X
CRISIS_BACK_DOWN_THEY_ACCEPT_BTN3;Перейти;X;X;X;X;X;X
CRISIS_BACK_DOWN_OTHER_ACCEPT_SETUP;Если держава принимает предложение об урегулировании кризиса;X;X;X;X;X;X
CRISIS_BACK_DOWN_OTHER_ACCEPT_2;Держава $RECIPIENT$;X;X;X;X;X;X
CRISIS_BACK_DOWN_OTHER_ACCEPT_3;приняла предложение по урегулированию кризиза от державы;X;X;X;X;X;X
CRISIS_BACK_DOWN_OTHER_ACCEPT_6;Условия: $TERMS$;X;X;X;X;X;X
CRISIS_BACK_DOWN_OTHER_ACCEPT_LOG;Держава $RECIPIENT$ приняла предложение по урегулированию кризиза от державы $ACTOR$.;X;X;X;X;X;X
CRISIS_BACK_DOWN_OTHER_ACCEPT_BTN1;Замечательно!;X;X;X;X;X;X
CRISIS_BACK_DOWN_OTHER_ACCEPT_BTN2;Замечательно!;X;X;X;X;X;X
CRISIS_BACK_DOWN_OTHER_ACCEPT_BTN3;Перейти;X;X;X;X;X;X
CRISIS_BACK_DOWN_WE_DECLINE_SETUP;Если мы отклоняем предложение по урегулированию кризиса;X;X;X;X;X;X
CRISIS_BACK_DOWN_WE_DECLINE_2;Мы отклонили предложение мира от державы;X;X;X;X;X;X
CRISIS_BACK_DOWN_WE_DECLINE_4;на следующих условиях:;X;X;X;X;X;X
CRISIS_BACK_DOWN_WE_DECLINE_LOG;Мы отклонили предложение по урегулированию кризиса от державы $ACTOR$.;X;X;X;X;X;X
CRISIS_BACK_DOWN_WE_DECLINE_BTN1;Замечательно!;X;X;X;X;X;X
CRISIS_BACK_DOWN_WE_DECLINE_BTN2;Замечательно!;X;X;X;X;X;X
CRISIS_BACK_DOWN_WE_DECLINE_BTN3;Перейти;X;X;X;X;X;X
CRISIS_BACK_DOWN_THEY_DECLINE_SETUP;Если держава отклоняет ваше предложение по урегулированию кризиса;X;X;X;X;X;X
CRISIS_BACK_DOWN_THEY_DECLINE_2;Держава $RECIPIENT$;X;X;X;X;X;X
CRISIS_BACK_DOWN_THEY_DECLINE_3;отклонила наше щедрое предложение по урегулированию кризиса.;X;X;X;X;X;X
CRISIS_BACK_DOWN_THEY_DECLINE_LOG;Держава $RECIPIENT$ наше предложение по урегулированию кризиса.;X;X;X;X;X;X
CRISIS_BACK_DOWN_THEY_DECLINE_BTN1;Замечательно!;X;X;X;X;X;X
CRISIS_BACK_DOWN_THEY_DECLINE_BTN2;Замечательно!;X;X;X;X;X;X
CRISIS_BACK_DOWN_THEY_DECLINE_BTN3;Перейти;X;X;X;X;X;X
CRISIS_BACK_DOWN_OTHER_DECLINE_SETUP;Если другая держава отвергает предложение по урегулированию кризиса;X;X;X;X;X;X
CRISIS_BACK_DOWN_OTHER_DECLINE_2;Держава $RECIPIENT$;X;X;X;X;X;X
CRISIS_BACK_DOWN_OTHER_DECLINE_3;отвергла предложение по урегулированию кризиса от державы;X;X;X;X;X;X
CRISIS_BACK_DOWN_OTHER_DECLINE_LOG;Держава $RECIPIENT$ отвергла предложение по урегулированию кризиса от державы $ACTOR$.;X;X;X;X;X;X
CRISIS_BACK_DOWN_OTHER_DECLINE_BTN1;Замечательно!;X;X;X;X;X;X
CRISIS_BACK_DOWN_OTHER_DECLINE_BTN2;Замечательно!;X;X;X;X;X;X
CRISIS_BACK_DOWN_OTHER_DECLINE_BTN3;Перейти;X;X;X;X;X;X
CRISIS_BACK_DOWN_OTHER_DECLINE_MAP;Отказ от участия в кризисе.;X;X;X;X;X;X
CRISIS_BACK_DOWN_DI;Предложить решение кризиса;X;X;X;X;X;X
CRISIS_OFFER_DI;Предложить присоединиться к одной из сторон;X;X;X;X;X;X
CRISIS_BACK_DOWNTITLE;Кризис;X;X;X;X;X;X
OFFER_CRISIS_PEACE;Предложение уступок;X;X;X;X;X;X
DEMAND_CRISIS_PEACE;Требование уступок;X;X;X;X;X;X
COLONIAL_POINTS;Колониальная мощь;X;X;X;X;X;X
COLONIAL_POINTS_TECH;Очки колониальной мощи;X;X;X;X;X;X
CRISIS_TITLE_COUNTRY;$COUNTRY_ADJ$ кризис;X;X;X;X;X;X
CRISIS_DESCRIPTION_INFLUENCE;Борьба за контроль в державе $COUNTRY$;X;X;X;X;X;X
NAVAL_SORT_LABEL;Сортировать по:;X;X;X;X;X;X
NAVAL_SORT_TYPE;Тип;X;X;X;X;X;X
NAVAL_SORT_STANCE;Позиция;X;X;X;X;X;X
NAVAL_SORT_STR_ORG;Организация;X;X;X;X;X;X
UNCOLONIZED_WITHDRAW;Отступить;X;X;X;X;X;X
UNCOLONIZED_INVEST_LVL1;Экспедиция;X;X;X;X;X;X
UNCOLONIZED_INVEST_LVL2;Колонисты;X;X;X;X;X;X
UNCOLONIZED_INVEST_LVL3;Застава;X;X;X;X;X;X
UNCOLONIZED_INVEST_LVL4;Поселение;X;X;X;X;X;X
UNCOLONIZED_INVEST_LVL5;Форт;X;X;X;X;X;X
UNCOLONIZED_DO_INVEST_LVL1;Отправить экспедицию;X;X;X;X;X;X
UNCOLONIZED_DO_INVEST_LVL2;Отправить экспедицию;X;X;X;X;X;X
UNCOLONIZED_DO_INVEST_LVL3;Построить заставу;X;X;X;X;X;X
UNCOLONIZED_DO_INVEST_LVL4;Построить поселение;X;X;X;X;X;X
UNCOLONIZED_DO_INVEST_LVL5;Укрепить форт;X;X;X;X;X;X
CB_TENSION;Повод для войны: §Y$VAL$§!;X;X;X;X;X;X
TENSION_FROM_ACTIVE_CRISIS;Активный кризис: §Y$VAL$§!;X;X;X;X;X;X
AT_WAR_TENSION_DECAY;$COUNTRY$ находится в состоянии войны;X;X;X;X;X;X
TRIGGER_FLASHPOINT_TAG;Точка кипения;X;X;X;X;X;X
CRISIS_NO_SIDE_PICKED_SETUP;Если нам удалось не поддержать ни одну из сторон кризиса;X;X;X;X;X;X
CRISIS_NO_SIDE_PICKED_1;Нерешительная дипломатия;X;X;X;X;X;X
CRISIS_NO_SIDE_PICKED_2;Из-за нашего бездействия;X;X;X;X;X;X
CRISIS_NO_SIDE_PICKED_3;наш престиж падает на §R$PENALTY$§!.;X;X;X;X;X;X
CRISIS_NO_SIDE_PICKED_4;В будущем мы должны принимать чью-то сторону или появится риск международной изоляции.;X;X;X;X;X;X
CRISIS_NO_SIDE_PICKED_LOG;Мы не можем ничего делать до окончания кризиса;X;X;X;X;X;X
CRISIS_NO_SIDE_PICKED_BTN1;Ладно;X;X;X;X;X;X
CRISIS_STARTED_SETUP;Международный кризис начался;X;X;X;X;X;X
CRISIS_STARTED_1;Международный кризис;X;X;X;X;X;X
CRISIS_STARTED_2;Дипломатическая напряженность вызвала международный кризис;X;X;X;X;X;X
CRISIS_STARTED_4;Никакого беспокойства, проблема будет решена цивилизованным путем.;X;X;X;X;X;X
CRISIS_STARTED_LOG;Новый кризис начался…;X;X;X;X;X;X
CRISIS_STARTED_BTN1;Ладно;X;X;X;X;X;X
CRISIS_BECAME_WAR_SETUP;Кризис перерос в войну.;X;X;X;X;X;X
CRISIS_BECAME_WAR_1;Международный кризис;X;X;X;X;X;X
CRISIS_BECAME_WAR_2;Дипломатические переговоры по урегулированию кризиса не удались.;X;X;X;X;X;X
CRISIS_BECAME_WAR_3;На поле боя мы решим, кто же прав.;X;X;X;X;X;X
CRISIS_BECAME_WAR_LOG;Кризис перерос в войну.;X;X;X;X;X;X
CRISIS_BECAME_WAR_BTN1;Ладно;X;X;X;X;X;X
IS_IN_CRISIS;Втянуты в кризис;X;X;X;X;X;X
IS_NOT_IN_CRISIS;Не втянуты в кризис;X;X;X;X;X;X
BACK_CRISIS_DI;Предложить поддержку страны в кризисе.;X;X;X;X;X;X
CRISIS_NOBODY_BACKED_SETUP;Если никто не поддержал кризис.;X;X;X;X;X;X
CRISIS_NOBODY_BACKED_1;Предотвращение кризиса;X;X;X;X;X;X
CRISIS_NOBODY_BACKED_2;Кризис для;X;X;X;X;X;X
CRISIS_NOBODY_BACKED_3;§Y$CRISISTARGET$§!;X;X;X;X;X;X
CRISIS_NOBODY_BACKED_4;провалился из-за международной апатии.;X;X;X;X;X;X
CRISIS_NOBODY_BACKED_LOG;Никто не поддержал кризис;X;X;X;X;X;X
CRISIS_NOBODY_BACKED_BTN1;Ладно;X;X;X;X;X;X
BP_TOOL_ICON_INFANTRY;Иконка пехоты;X;X;X;X;X;X
BP_TOOL_ICON_COMBAT;Иконка битвы;X;X;X;X;X;X
BP_TOOL_ICON_CAVALRY;Иконка кавалерии;X;X;X;X;X;X
BP_TOOL_ICON_ARTILLERY;Иконка артиллерии;X;X;X;X;X;X
BP_TOOL_ICON_NAVAL;Иконка морского боя;X;X;X;X;X;X
BP_TOOL_ICON_INVASION;Иконка вторжения;X;X;X;X;X;X
BP_TOOL_ICON_WOODEN_SHIP;Иконка корабля;X;X;X;X;X;X
BP_TOOL_ICON_IRONCLAD;Иконка броненосца;X;X;X;X;X;X
BP_TOOL_ICON_INDUSTRY;Иконка промышленности;X;X;X;X;X;X
BP_TOOL_ICON_COLONY;Иконка колонии;X;X;X;X;X;X
BP_TOOL_ICON_WARGOAL_1;Иконка цели войны;X;X;X;X;X;X
BP_TOOL_ICON_WARGOAL_2;Иконка цели войны;X;X;X;X;X;X
TAKE_SIDE_PENALTY;Штраф к престижу за отказ принимать сторону: §R$VAL$§!;X;X;X;X;X;X
NO_CALL_ALLY_CRISIS;Нельзя призывать союзников: активированы Кризисные войны до Великих войн;X;X;X;X;X;X
PRODUCTION_BONUS;$BON$ бонус от:;X;X;X;X;X;X
SIEGE_EXTRA_ATTR;§R+$VAL$%§W истощение от сопротивления оккупации;X;X;X;X;X;X
NO_SEPARATE_PEACE_CRISIS;Мы не можем заключать сепаратный мир в кризисной войне;X;X;X;X;X;X
CRISIS_RESOLUTION_EFFECTS;Урегулирование кризиса в этой ситуации даст вам $VAL$ престижа.;X;X;X;X;X;X
CRISIS_RESOLUTION_RELATIONS;Отношения со следующими странами изменятся:;X;X;X;X;X;X
SIEGE;Осада;X;X;X;X;X;X
TRANSFER_SUB_ALL;§GShift+ЛКМ§! Переместить все юниты этого типа;X;X;X;X;X;X
OBSOLETE_UNIT_TECH;§Y$UNIT$§W стал устаревшим из-за технологии §Y$TECH$§W;X;X;X;X;X;X
ARMY_RECON_TOOLTIP;Эффективность рекогносцировки: §Y$VAL$§!%;X;X;X;X;X;X
ARMY_RECON_DELAYED_TOOLTIP;Эффективностью рекогносцировки является способность наших разведчиков сокращать бонус окапывания вражеской армии и ускорять осады.\n\nЭта армия имеет §Y$RECONUNITS$§! разведбригад из необходимых §Y$RECONMAXUNITS$§!, дающих эффективность рекогносцировки §Y$VAL$%§!;X;X;X;X;X;X
ARMY_ENGINEER_TOOLTIP;Эффективность осады: §Y$VAL$§!%;X;X;X;X;X;X
ARMY_ENGINEER_DELAYED_TOOLTIP;Эффективностью осады является способность наших инженеров и танков снижать эффективность противника в защите крепостей при осаде.\n\nЭта армия имеет §Y$ENGINEERUNITS$§! инженеров и танков из необходимых §Y$ENGINEERMAXUNITS$§!, дающих эффективность осады §Y$VAL$%§!.;X;X;X;X;X;X
TENSION_DECAY;Базовый спад: §Y$VAL$§!;X;X;X;X;X;X
TENSION_FROM_GP_WARS;Великие державы, находящиеся в состоянии войны: §Y$VAL$§!;X;X;X;X;X;X
TENSION_FROM_GP_DISARMED;Разоруженные Великие державы: §Y$VAL$§!;X;X;X;X;X;X
TENSION_FROM_GP_RANK;Мощность Великих держав: §Y$VAL$§!;X;X;X;X;X;X
HAS_NOT_CULTURAL_SPHERE;Не имеет культурной сферы;X;X;X;X;X;X
HAS_CULTURAL_SPHERE;Имеет культурную сферу;X;X;X;X;X;X
LOAD_SAVEGAME_FAIL;Не удалось загрузить сохраненную игру.;X;X;X;X;X;X
NEWS_TOOLTIP_UNREAD;У вас §G$NUM$§! Непрочитанных газет из §G$MAX$§! напечатанных.;X;X;X;X;X;X
NEWS_TOOLTIP_NO_NEW;У вас нет непрочитанных газет.;X;X;X;X;X;X
CRISIS_DAYS_UNTIL_WAR;Если дипломатическое решение не найдено, через §Y$DAYS$§! дней начнется война;X;X;X;X;X;X
REMOVEFROMSPHERE_COST_NO_INFAMY;Это будет стоить §R$PRESTIGE$§! престижа;X;X;X;X;X;X
REMOVEFROMSPHERE_COST;Это будет стоить §R$PRESTIGE$§! престижа и увеличит ваше бесчестье на §R$INFAMY$§! ;X;X;X;X;X;X
REMOVEFROMSPHERE_DESC;Удалить нацию из сферы влияния державы;X;X;X;X;X;X
CRISIS_INTEREST;Их интересы: §Y$VAL$§!;X;X;X;X;X;X
CRISIS_MAKE_OFFER_INVALID;Вы должны предложить им что-то!;X;X;X;X;X;X
CRISIS_MAKE_OFFER_NOT_LEADER;Вы должны быть лидером в кризисе чтобы делать предложения.;X;X;X;X;X;X
CRISIS_MAKE_OFFER;Сделать предложение государству §Y$COUNTRY$§! чтобы побудить их вернуться на нашу сторону.;X;X;X;X;X;X
CRISIS_AI_WANTS_TO_BACK_1;еще не решила, на чьей она стороне.;X;X;X;X;X;X
CRISIS_AI_WANTS_TO_BACK_2;склоняется к поддержке;X;X;X;X;X;X
CRISIS_AI_WANTS_TO_BACK_3;открыто поддерживает державу;X;X;X;X;X;X
CRISIS_AI_INTEREST;Их заинтересованность в поддержке державы;X;X;X;X;X;X
AIREASON_STRATEGIC_INTERESTS;Стратегические интересы;X;X;X;X;X;X
AIREASON_BACKED_BY_ALLY;Поддержан союзником;X;X;X;X;X;X
AIREASON_ALLY;Союзник;X;X;X;X;X;X
AIREASON_TOO_EARLY_IN_CRISIS;Начало кризиса;X;X;X;X;X;X
AIREASON_ATTACKING_ALLY;Атака союзников;X;X;X;X;X;X
AIREASON_ATTACKING_FRIENDS;Атака друзей;X;X;X;X;X;X
AIREASON_ATTACKING_ENEMIES;Атака врагов;X;X;X;X;X;X
AIREASON_COMMON_FOE;Общий враг;X;X;X;X;X;X
AIREASON_WAR_WITH_SPHERE_LEADER;Война с лидером сферы;X;X;X;X;X;X
AIREASON_CONSTRUCTING_CB;Стратегические интересы;X;X;X;X;X;X
AIREASON_HELD_CORES;Наши национальные провинции;X;X;X;X;X;X
AIREASON_NEGATIVE_RELATIONS;Плохие отношения;X;X;X;X;X;X
AIREASON_THREATS;Угрозы;X;X;X;X;X;X
AIREASON_TOO_MANY_GP_ALLIES;Слишком много Великих Держав в союзниках;X;X;X;X;X;X
AIREASON_DESIRES_GP_ALLY;Стремится к союзу с Великой Державой;X;X;X;X;X;X
AIREASON_ALLY_OF_ALLY;Союзник союзника;X;X;X;X;X;X
AIREASON_TOO_MANY_ALLIANCES;Слишком много союзов;X;X;X;X;X;X
AIREASON_RELATIVE_ARMY_STRENGTH;Сила армии;X;X;X;X;X;X
AIREASON_RELATIVE_NAVY_STRENGTH;Сила флота;X;X;X;X;X;X
AIREASON_CURRENT_WARS;Текущие войны;X;X;X;X;X;X
AIREASON_OUR_CASUS_BELLI;Наш КБ;X;X;X;X;X;X
AIREASON_YOUR_CASUS_BELLI;Ваш КБ;X;X;X;X;X;X
AIREASON_CIV_VS_UNCIV;Цивилизованные против нецивилизованных;X;X;X;X;X;X
AIREASON_DIPLOMATIC_GOALS;Политические соображения;X;X;X;X;X;X
AIREASON_DISTANCE;Дистанция;X;X;X;X;X;X
AIREASON_DIFFERENT_GOVTYPES;Форма правления;X;X;X;X;X;X
AIREASON_OUR_SPHERE;Наша сфера;X;X;X;X;X;X
AIREASON_OTHER_SPHERE_LEADER;В чужой сфере влияния;X;X;X;X;X;X
AIREASON_OTHER_SPHERE;Другая сфера;X;X;X;X;X;X
AIREASON_OVERLORD;Сюзерен;X;X;X;X;X;X
AIREASON_BADBOY;Бесчестье;X;X;X;X;X;X
AIREASON_RELATIONS;Отношения;X;X;X;X;X;X
AIREASON_GP_RELATIONS;Мнение;X;X;X;X;X;X
AIREASON_BASE_RELUCTANCE;Базовое нежелание;X;X;X;X;X;X
AI_DIPLOMATIC_VALUE;Дипломатическое значение;X;X;X;X;X;X
AI_DIPLO_NO;Они НЕ примут это предложение;X;X;X;X;X;X
AI_DIPLO_YES;Они примут это предложение;X;X;X;X;X;X
SHIP_BUILD_MIN_BASE_LEVEL_WARNING;§RНе может быть построен в этом порту. Требуется уровень §Y$LVL$§R или выше.§!;X;X;X;X;X;X
NAVAL_BASE_OVERSEAS_LIMIT;§RКорабли высшего класса не могут быть построены в заморских провинциях.§!;X;X;X;X;X;X
NAVAL_COMBAT_DAMAGE_DESC_TITLE;Расчетная мощность огня §G$POWER$§!:;X;X;X;X;X;X
NAVAL_COMBAT_DAMAGE_DESC_BASE;§Y$UNIT$§! Базовая атака: §G$VAL$§!;X;X;X;X;X;X
NAVAL_COMBAT_DAMAGE_DESC_TORP;Торпедная атака: §G$VAL$§!;X;X;X;X;X;X
NAVAL_COMBAT_DAMAGE_DESC_LUCK;Удача и решения: §Y$VAL$%§!;X;X;X;X;X;X
NAVAL_COMBAT_DAMAGE_DESC_HULL;Сократился благодаря прочности корпуса противника (§R$HULL$§!): §R$VAL$%§!;X;X;X;X;X;X
NAVAL_COMBAT_DAMAGE_DESC_EXP;Сократился благодаря опыту оппонента (§R$EXP$%§!): §R$VAL$%§!;X;X;X;X;X;X
NAVAL_COMBAT_DAMAGE_DESC_NOORG;Противник дезорганизован: §Y$VAL$%§!;X;X;X;X;X;X
NAVAL_COMBAT_DAMAGE_DESC_STR;Сократился благодаря нашей силе: §R$VAL$%§!;X;X;X;X;X;X
NAVAL_COMBAT_HIT_CHANCE_DESC;Шанс попадания: §Y$VAL$%§!;X;X;X;X;X;X
NAVAL_COMBAT_HIT_CHANCE_DESC_EVA;(сократился за счет уклонения противника §R$VAL$%§!);X;X;X;X;X;X
MOBILIZATION_PROGRESS_PAUSED;В провинции §Y$PROV$§! Скоро начнется мобилизация.;X;X;X;X;X;X
MOBILIZATION_PROGRESS_PENDING;Текущий прогресс мобилизации: §Y$PROG$%§!;X;X;X;X;X;X
MOBILIZATION_PROGRESS_NOT_MOBILIZED;Мобилизация займет некоторое время, но развитая железнодорожная сеть ускорит процесс.;X;X;X;X;X;X
COLONY_ADD_INFLUENCE;Расширить колониальное влияние;X;X;X;X;X;X
COLONIZE_PHASE_INTEREST;Заинтересоваться колонией;X;X;X;X;X;X
COLONIZE_PHASE_INTEREST_DESC;Конкурировать с влиянием колониальной власти. Если кто-то достигнет уровня $LEVELS$, первые две державы переходят на следующий этап колониальной гонки.;X;X;X;X;X;X
COLONIZE_PHASE_INFLUENCE;Колониальная гонка;X;X;X;X;X;X
COLONIZE_PHASE_INFLUENCE_DESC;Колониальная гонка между двумя державами будет продолжаться до тех пор, пока одна из них не сочтёт этот проект слишком затратным. До тех пор, пока продолжается гонка, напряжённость в регионе будет расти и в итоге это может привести к международному кризису.;X;X;X;X;X;X
COLONIZE_PHASE_COLONIZATION;Колонизация;X;X;X;X;X;X
COLONIZE_PHASE_COLONIZATION_DESC;У победителя предыдущих этапов есть $MONTHS$ месяцев, чтобы преобразовать колонию или потерять ее;X;X;X;X;X;X
TICKING_WARSCORE_DESC_GRACE;$VAL$ (Осталось §Y$DAY$§! дней).;X;X;X;X;X;X
TICKING_WARSCORE_DESC_GRACE_EXPLAIN;Если регион, являющийся целью войны, захвачен как минимум на §G$MIN$%§!, военный счет напавшей стороны будет постепенно пополняться. \n Если такой регион не будет захвачен §Yв течение $DAYS$ дней§!, то увеличиваться будет счет обороняющейся стороны. В случае, если регион сначала был захвачен, а потом освобожден, военный счет будет постепенно падать до §Y0§!.;X;X;X;X;X;X
TICKING_WARSCORE_FULFILL_TERRITORY_WG;§GВыполнено, когда оккупировано по крайней мере $MIN$% провинций из региона, который является нашей военной целью.§!;X;X;X;X;X;X
TICKING_WARSCORE_FULFILL_TERRITORY_ANY;§GВыполнено, когда оккупировано по крайней мере $MIN$% провинций, принадлежащих нации, являющейся нашей военной целью.§!;X;X;X;X;X;X
TICKING_WARSCORE_FULFILL_BATTLE;§GВыполнено, когда по крайней мере §G$BAT$§! военных очков от сражений в Мировой войне.§!;X;X;X;X;X;X
CREATE_PROTECTORATE;Установить протекторат;X;X;X;X;X;X
COUNTRYALERT_NO_Colonial;Ни одна из наших колоний не требует внимания;X;X;X;X;X;X
COUNTRYALERT_NO_Crisis;В данный момент нет кризисов.;X;X;X;X;X;X
COUNTRYALERT_Crisis;Текущий уровень напряженности §Y$TEMPERATURE$§!;X;X;X;X;X;X
HAS_GOODS_IN_STATE;Производство товара $GOODS$ в регионе.;X;X;X;X;X;X
HAS_NO_GOODS_IN_STATE;Нет производства товара $GOODS$ в регионе.;X;X;X;X;X;X
MILITARY_MOBILIZE_CRISIS_IMPACT;§RМобилизация в державе, которая является одной из сторон в кризисе может вовысить напряженность и привести к войне§!;X;X;X;X;X;X
NORMAL_WAR_LIBERATE_NAME;$ORDER$$FIRST$ Война за $COUNTRY_ADJ$ свободу;X;X;X;X;X;X
AGRESSION_WAR_LIBERATE_NAME;$ORDER$$FIRST$ Война за $COUNTRY_ADJ$ освобождение;X;X;X;X;X;X
CANT_COLONIZE;§RНе удается колонизировать:§!;X;X;X;X;X;X
COLONIZE_LAST_INVESTMENT;Мы только что вложились в эту область. Следующую партию инвестиций можно отправить после §Y$DATE$§!;X;X;X;X;X;X
COLONY_INVEST_COST;Стоимость инвестиций: §Y$COST$§! колониальных очков;X;X;X;X;X;X
COLONY_INVEST_COST_LACK;Стоимость инвестиций: §R$COST$§! колониальных очков;X;X;X;X;X;X
COLONIAL_INVESTMENT;В настоящее время инвестировано: §R$VALUE$§!;X;X;X;X;X;X
COLONIAL_MAINTENANCE;Содержание колоний: §R$VALUE$§!;X;X;X;X;X;X
AVAILABLE_COLONIAL_POWER;Доступно: §Y$VALUE$§!;X;X;X;X;X;X
PW_PROTECTORATE;Протекторат;X;X;X;X;X;X
D01;Королевство $REGION$;X;X;X;X;X;X
D01_ADJ;Королевск.;X;X;X;X;X;X
D02;Конфедерация $REGION$;X;X;X;X;X;X
D02_ADJ;Конфедеративн.;X;X;X;X;X;X
D03;Содружество $REGION$;X;X;X;X;X;X
D03_ADJ;Объединенн.;X;X;X;X;X;X
D04;Республика $REGION$;X;X;X;X;X;X
D04_ADJ;Республиканск.;X;X;X;X;X;X
D05;Федеративная Республика $REGION$;X;X;X;X;X;X
D05_ADJ;Республиканск.;X;X;X;X;X;X
D06;Народная Республика $REGION$;X;X;X;X;X;X
D06_ADJ;Республиканск.;X;X;X;X;X;X
D07;Свободное Государство $REGION$;X;X;X;X;X;X
D07_ADJ;Республиканск.;X;X;X;X;X;X
D08;Свободная Республика $REGION$;X;X;X;X;X;X
D08_ADJ;Республиканск.;X;X;X;X;X;X
D09;Государство $REGION$;X;X;X;X;X;X
D09_ADJ;Республиканск.;X;X;X;X;X;X
D10;Княжество $REGION$;X;X;X;X;X;X
D10_ADJ;Княжеск.;X;X;X;X;X;X
D11;Демократическая Республика $REGION$;X;X;X;X;X;X
D11_ADJ;Республиканск.;X;X;X;X;X;X
D12;Свободно ассоциированное государство $REGION$;X;X;X;X;X;X
D12_ADJ;Республиканск.;X;X;X;X;X;X
D13;Федерация $REGION$;X;X;X;X;X;X
D13_ADJ;Федеральн.;X;X;X;X;X;X
D14;Доминион $REGION$;X;X;X;X;X;X
D14_ADJ;Республиканск.;X;X;X;X;X;X
D15;Великое Герцогство $REGION$;X;X;X;X;X;X
D15_ADJ;Герцогск.;X;X;X;X;X;X
D16;Народная Демократическая Республика $REGION$;X;X;X;X;X;X
D16_ADJ;Республиканск.;X;X;X;X;X;X
D17;Священый Союз $REGION$;X;X;X;X;X;X
D17_ADJ;Республиканск.;X;X;X;X;X;X
D18;Народный Союз $REGION$;X;X;X;X;X;X
D18_ADJ;Республиканск.;X;X;X;X;X;X
D19;Демократический союз $REGION$;X;X;X;X;X;X
D19_ADJ;Республиканск.;X;X;X;X;X;X
D20;Земля $REGION$;X;X;X;X;X;X
D20_ADJ;Республиканск.;X;X;X;X;X;X
D21;Светлейшая республика $REGION$;X;X;X;X;X;X
D21_ADJ;Республиканск.;X;X;X;X;X;X
D22;Комунна $REGION$;X;X;X;X;X;X
D22_ADJ;Республиканск.;X;X;X;X;X;X
D23;Рабочий Союз $REGION$;X;X;X;X;X;X
D23_ADJ;Республиканск.;X;X;X;X;X;X
D24;Графство $REGION$;X;X;X;X;X;X
D24_ADJ;Графск.;X;X;X;X;X;X
D25;Малое княжество $REGION$;X;X;X;X;X;X
D25_ADJ;Княжеск.;X;X;X;X;X;X
D26;Территория $REGION$;X;X;X;X;X;X
D26_ADJ;Республиканск.;X;X;X;X;X;X
D27;Область $REGION$;X;X;X;X;X;X
D27_ADJ;Республиканск.;X;X;X;X;X;X
D28;Провинция $REGION$;X;X;X;X;X;X
D28_ADJ;Республиканск.;X;X;X;X;X;X
D29;Земли $REGION$;X;X;X;X;X;X
D29_ADJ;Республиканск.;X;X;X;X;X;X
D30;Владения $REGION$;X;X;X;X;X;X
D30_ADJ;Республиканск.;X;X;X;X;X;X
D31;Владение $REGION$;X;X;X;X;X;X
D31_ADJ;Республиканск.;X;X;X;X;X;X
D32;Надел $REGION$;X;X;X;X;X;X
D32_ADJ;Республиканск.;X;X;X;X;X;X
D33;Удел $REGION$;X;X;X;X;X;X
D33_ADJ;Республиканск.;X;X;X;X;X;X
D34;Округ $REGION$;X;X;X;X;X;X
D34_ADJ;Республиканск.;X;X;X;X;X;X
D35;Район $REGION$;X;X;X;X;X;X
D35_ADJ;Республиканск.;X;X;X;X;X;X
D36;Край $REGION$;X;X;X;X;X;X
D36_ADJ;Республиканск.;X;X;X;X;X;X
D37;Предел $REGION$;X;X;X;X;X;X
D37_ADJ;Республиканск.;X;X;X;X;X;X
D38;Поместье $REGION$;X;X;X;X;X;X
D38_ADJ;Республиканск.;X;X;X;X;X;X
D39;Вотчина $REGION$;X;X;X;X;X;X
D39_ADJ;Республиканск.;X;X;X;X;X;X
D40;Угодья $REGION$;X;X;X;X;X;X
D40_ADJ;Республиканск.;X;X;X;X;X;X
D41;Владетельство $REGION$;X;X;X;X;X;X
D41_ADJ;Республиканск.;X;X;X;X;X;X
D42;Губерния $REGION$;X;X;X;X;X;X
D42_ADJ;Республиканск.;X;X;X;X;X;X
D43;Наместничество $REGION$;X;X;X;X;X;X
D43_ADJ;Республиканск.;X;X;X;X;X;X
D44;Марк $REGION$;X;X;X;X;X;X
D44_ADJ;Республиканск.;X;X;X;X;X;X
D45;Маркграфство $REGION$;X;X;X;X;X;X
D45_ADJ;Республиканск.;X;X;X;X;X;X
D46;Палатинат $REGION$;X;X;X;X;X;X
D46_ADJ;Республиканск.;X;X;X;X;X;X
D47;Банат $REGION$;X;X;X;X;X;X
D47_ADJ;Республиканск.;X;X;X;X;X;X
D48;Эксклав $REGION$;X;X;X;X;X;X
D48_ADJ;Республиканск.;X;X;X;X;X;X
D49;Анклав $REGION$;X;X;X;X;X;X
D49_ADJ;Республиканск.;X;X;X;X;X;X
D50;Регион $REGION$;X;X;X;X;X;X
D50_ADJ;Республиканск.;X;X;X;X;X;X
PW_UPGRADE_TO_COLONY;Нажмите, чтобы улучшить колонию. Вам необходимо §Y$VALUE$§! Колониальных очков чтобы сделать это.;X;X;X;X;X;X
PW_CANT_UPGRADE_TO_COLONY;Улучшение колонии обойдется в §R$VALUE$§! колониальных очков.;X;X;X;X;X;X
PW_CANT_UPGRADE_TO_STATE;Превращение в полноценный регион обойдется §R$VALUE$§! колониальных очков.;X;X;X;X;X;X
CREATE_DOMINION;Создать доминион;X;X;X;X;X;X
CANT_CREATE_PROTECTORATE_COST;Вам нужно §R$VALUE$§! Колониальных очков чтобы создать протекторат.;X;X;X;X;X;X
EXILED_DESC;Эта армия §Rинтернирована§!, поскольку она находится на чужой территории без прохода войск в мирное время. Интернированные армии не могут участвовать в сражениях, их навык разведки снижен, но они могут идти домой по чужой территории. Верните юнита в ближайшую контролируемую провинцию!;X;X;X;X;X;X
TWS_FULFILLED;Выполнен $PERC$;X;X;X;X;X;X
TWS_NOT_FULFILLED;§RНе выполнен§!;X;X;X;X;X;X
TICKING_WARSCORE_DESC_CURR;В настоящее время $VAL$.;X;X;X;X;X;X
UNIT_BORROWED;Эта армия в данный момент находится под вашим контролем.;X;X;X;X;X;X
DISBAND_TOO_SMALL_UNIT;Распустить неукомплектованные бригады;X;X;X;X;X;X
DISBAND_TOO_SMALL_UNIT_DRO;Эта функция распустит все бригады, для поддержки которых нет достаточного количества солдат.;X;X;X;X;X;X
CONFIRM_DISBAND_TOO_SMALL_TITLE;Вы действительно хотите распустить все неукомплектованные бригады?;X;X;X;X;X;X
CONFIRM_DISBAND_TOO_SMALL_DESC;Все бригады, не поддерживающиеся достаточной группой солдат, будут распущены, и вам больше не придется платить за их содержание. Все солдаты вернутся в пул.;X;X;X;X;X;X
MODIFIER_RESEARCH_POINTS_ON_CONQUER;Бонус к очкам во время завоевания;X;X;X;X;X;X
PRODUCTION_BONUS_POSSIBLE;Возможный бонус:;X;X;X;X;X;X
COLONIZE_PHASE_INITIAL_INTEREST;Послать экспедицию;X;X;X;X;X;X
COLONIZE_PHASE_INITIAL_INTEREST_DESC;Первая стадия колонизации — посылка экспедиции. Если никто не пошлет туда экспедицию в течение §Y$DAYS$§! Дней, вы сможете создать протекторат.;X;X;X;X;X;X
INITIAL_COLONIZE_DEFAULT_TIME;Если никто не пошлет экспедицию до §Y$DATE$§!, вы сможете создать протекторат.;X;X;X;X;X;X
COUNTRYALERT_ColonialGood_protectorate;§G Мы можем создать протекторат в §!§Y$REGION$§!;X;X;X;X;X;X
COUNTRYALERT_ColonialGood_colony;§G Мы можем создать колонию в §!§Y$REGION$§!;X;X;X;X;X;X
COUNTRYALERT_ColonialGood_state;§G Мы можем превратить колонию в регион в §!§Y$REGION$§!;X;X;X;X;X;X
COUNTRYALERT_ColonialBad_colonizationtimer;§R Мы должны создать протекторат в §!§Y$REGION$§!§R до §Y$DATE$§!§R или мы потеряем ее.§!;X;X;X;X;X;X
COUNTRYALERT_ColonialBad_influence;§R Мы проигрываем гонку в §!§Y$REGION$§!;X;X;X;X;X;X
NON_COLONIAL_POWER;Мы не являемся колониальной или великой державой, поэтому у нас нет колониальных очков.;X;X;X;X;X;X
CRISIS_DESCRIPTION_COLONIZE;Кризис за право колонизации;X;X;X;X;X;X
CB_COLONY_CLAIMS;Выдвинуть права на колонию;X;X;X;X;X;X
COLONY_TENSION_DRIFT;Течение: §Y$VAL$§!;X;X;X;X;X;X
COLONY_IN_CRISIS;В данный момент вовлечен в колониальный кризис.;X;X;X;X;X;X
GIVE_UNIT_COMMAND_BUTTON;Командование войсками;X;X;X;X;X;X
GIVE_UNIT_COMMANDTITLE;Командование войсками;X;X;X;X;X;X
GIVE_UNIT_COMMAND_DESC;Во время совместного ведения войны, владелец сателлита может взять командование ее армией на себя.;X;X;X;X;X;X
GIVE_UNIT_COMMAND_OK;Попросить сателлита предоставить контроль над их войсками.;X;X;X;X;X;X
GIVE_UNIT_COMMAND_CANT_CONTROL;Вы можете командовать войсками ваших §Yсателлитов§! только когда вы воюете вместе.;X;X;X;X;X;X
GIVE_UNIT_COMMAND_ALREADY_CONTROL;Их подразделения уже контролируются вами.;X;X;X;X;X;X
CANCEL_UNIT_COMMAND_BUTTON;Вернуть войска;X;X;X;X;X;X
CANCEL_UNIT_COMMANDTITLE;Вернуть войска;X;X;X;X;X;X
CANCEL_UNIT_COMMAND_DESC;Вернуть войска;X;X;X;X;X;X
CANCEL_UNIT_COMMAND_OK;Вернуть их войска.;X;X;X;X;X;X
CANCEL_UNIT_COMMAND_NOT_IN_CONTROL;Вы не командуете этими войсками.;X;X;X;X;X;X
LACK_OF_MAINTENANCE_GOODS;Нехватка припасов;X;X;X;X;X;X
AIREASON_TOO_MANY_CRISIS_WARGOALS;Добавленные цели войны;X;X;X;X;X;X
AIREASON_NOT_OVERLORD;Не мой повелитель;X;X;X;X;X;X
INFLUENCE_SPHERE_NEIGHBOUR;Соседняя страна в сфере;X;X;X;X;X;X
SOIS_HAS_REBELS_WARNING;Повстанцы восстали в странах, находящихся в нашей сфере §Y$LIST$§!;X;X;X;X;X;X
ALLIANCE_INVALID_GPS_IN_CRISIS;Союз §Ytwo Great Powers§! не может быть заключен, пока §Ycrisis§! активен.;X;X;X;X;X;X
BP_TOOL_ARROW_MEDIUM_1_DASHED;Средняя пунктирная стрелка 1;X;X;X;X;X;X
BP_TOOL_ARROW_MEDIUM_2_DASHED;Средняя пунктирная стрелка 2;X;X;X;X;X;X
BP_TOOL_ARROW_MEDIUM_3_DASHED;Средняя пунктирная стрелка 2;X;X;X;X;X;X
BP_TOOL_ARROW_THICK_DASHED;Толстая пунктирная стрелка;X;X;X;X;X;X
BP_TOOL_ARROW_SLIM_DASHED;Тонкая пунктирная стрелка;X;X;X;X;X;X
BP_OPEN_TOOLTIP;Открыть/Закрыть редактор военных планов.;X;X;X;X;X;X
BP_TOGGLE_TOOLTIP;Показать/Скрыть активные военные планы.;X;X;X;X;X;X
COUNTRYALERT_ColonialGood_invest;§GМы можем инвестировать в нашу колонию в §!§Y$REGION$§!;X;X;X;X;X;X
ASSIMILATE_EFFECT;Assimilate all Pops in state\n;X;X;X;X;X;X
WORLD_WARS_DISABLED_DESC;World wars are NOT enabled;X;X;X;X;X;X
SM_WINDOW;Режим экрана;X;X;X;X;X;X
SM_WINDOWED;В окне;X;X;X;X;X;X
SM_FULLSCREEN;На весь экран;X;X;X;X;X;X
SM_BORDERLESS;В окне без рамки;X;X;X;X;X;X
IGNORE_DECISION_ON;This decision is set to NOT notify the player when it is available to be taken.\n\n§GClick to change notification status.§!;X;X;X;X;X;X
IGNORE_DECISION_OFF;This decision is set to notify the player when it is available to be taken.\n\n§GClick to change notification status.§!;X;X;X;X;X;X
SPLITINHALF;Разделить пополам;X;X;X;X;X;X
SPLITINHALF_DRO;Разделит выбранный юнит на два приблизительно равных юнита с выбором большего по размеру.;X;X;X;X;X;X
MIL_FROM_TROOPS;Солдаты и армия;X;X;X;X;X;X
MIL_FROM_CAP_SHIPS;Линейные корабли;X;X;X;X;X;X
MIL_FROM_LEADERS;Генералы;X;X;X;X;X;X
OCCUPATION_SCORE;Оккупация: ;X;X;X;X;X;X
BLOCKADE_SCORE;Блокада: ;X;X;X;X;X;X
OUTLINER_TOOLTIP_EMPLOYED;§Y$COUNT$§! Численность работников на заводах (§Y$PERC$§!%);X;X;X;X;X;X
TRADE_SUPPLY_NEED_A;$VAL$ для ежедневнего снабжения армии.\n;X;X;X;X;X;X
TRADE_SUPPLY_NEED_N;$VAL$ для ежедневнего снабжения флота.\n;X;X;X;X;X;X
DIPLOMACY_CANNOT_SET_PRIO_WAR;Мы не можем оказывать влияние на эту страну, пока находимся с ними в состоянии войны.;X;X;X;X;X;X
DIPLOMACY_INFLUENCE_NOT_WORTH;Наше влияние на эту страну уже достигло максимума, и другие страны не оказывают на неё влияния. Сейчас очки влияния не тратятся.;X;X;X;X;X;X
COLONY_ABORT_HEADER;Наша колонизация была отменена.;X;X;X;X;X;X
COLONY_ABORT_1;Колонизация отменена!;X;X;X;X;X;X
COLONY_ABORT_2;$MONARCHTITLE$, наша колонизация в;X;X;X;X;X;X
COLONY_ABORT_4;была отменена!;X;X;X;X;X;X
COLONY_ABORT_5;Мы больше не можем колонизировать этот регион.;X;X;X;X;X;X
COLONY_ABORT_BTN3;Перейти;X;X;X;X;X;X
COLONY_ABORT_MAP;Колония отменена!;X;X;X;X;X;X
COLONY_ABORT_SETUP;Колонизация отменена.;X;X;X;X;X;X
COLONY_ABORT_LOG;Колонизация $TARGET$ была отменена.;X;X;X;X;X;X
DIPRELCH_VALID_CB;Законный повод для войны;X;X;X;X;X;X
BRIGADES_COMPARE_GREATER;Фактор сравнения бригад двух стран равен как минимум §Y$VAL$§!;X;X;X;X;X;X
BRIGADES_COMPARE_SMALLER;Фактор сравнения бригад двух стран меньше чем §Y$VAL$§!;X;X;X;X;X;X
CONFIRM_CREATE_STATE_DESC2;(Все местные эффекты будут отменены.);X;X;X;X;X;X
UNIT_ENABLE_REBEL_HUNT;Преследовать повстанцев;X;X;X;X;X;X
UNIT_DISABLE_REBEL_HUNT;Отменить преследование;X;X;X;X;X;X
UNIT_REBEL_HUNT_WILL_HUNT;§GАрмия готова преследовать повстанцев.§!;X;X;X;X;X;X
UNIT_REBEL_HUNT_IS_BUSY;§RАрмия сейчас занята и не будет преследовать повстанцев.§!;X;X;X;X;X;X
UNIT_REBEL_HUNT_LOW_MORALE;§RВ армии слишком низкая мораль. Армия не будет преследовать повстанцев.§!;X;X;X;X;X;X
UNIT_REBEL_HUNT_NO_VALID;§RБыли замечены вражеские повстанцы, но наша армия не будет атаковать их, потому что они слишком сильны, либо армия не может туда добраться.§!;X;X;X;X;X;X
NOT_RELEASE_AT_WAR;§R(Невозможно освобождать страны в состоянии войны.)§W;X;X;X;X;X;X
COUNTRY_PUPPETS_LIST;Сателлиты: ;X;X;X;X;X;X
POLL_ESTIMATED_ELECTION;На выборах мы ожидаем следующие результаты:;X;X;X;X;X;X
MODIFIER_MOVEMENT_COST;Стоимость передвижения отряда;X;X;X;X;X;X
SPEED_IMPACT_ON_CB;Скорость создания изменена на §Y$VAL$§W.;X;X;X;X;X;X
TERR_COMB_WIDTH_DEC;Ширина фронта на этой территории уменьшается на §Y$VAL$§W%.;X;X;X;X;X;X
MODIFIER_BOOST_STRONGEST_PARTY;Сила лучшего отряда;X;X;X;X;X;X
PEACEDEMANDDESC;$COUNTRY$ предлагает заключить мир на следующих условиях:;X;X;X;X;X;X
CB_JUSTIFY_NO_LONGER_VALID_SETUP;Процесс оправдания войны больше не действует.;X;X;X;X;X;X
CB_JUSTIFY_NO_LONGER_VALID_1;Оправдание войны;X;X;X;X;X;X
CB_JUSTIFY_NO_LONGER_VALID_2;Наша попытка оправдать войну используя;X;X;X;X;X;X
CB_JUSTIFY_NO_LONGER_VALID_3; повод для войны §Y$CASUS$§!;X;X;X;X;X;X
CB_JUSTIFY_NO_LONGER_VALID_4;против;X;X;X;X;X;X
CB_JUSTIFY_NO_LONGER_VALID_6;не сработала!;X;X;X;X;X;X
CB_JUSTIFY_NO_LONGER_VALID_LOG;Процесс оправдания войны против $TARGET$ больше не действует.;X;X;X;X;X;X
CB_JUSTIFY_NO_LONGER_VALID_BTN3;Перейти;X;X;X;X;X;X
NO_ALLOWED_COUNTRIES;(Нет подходящей страны).;X;X;X;X;X;X
NO_ALLOWED_STATES;(Нет подходящего региона).;X;X;X;X;X;X
HAS_LESS_STATE_THAN;Количество регионов < ;X;X;X;X;X;X
HAS_STATES_GREATER_EQ;Количество регионов >= ;X;X;X;X;X;X
HAVE_MORE_SUBSTATES_THEN;Имеет больше провинций чем;X;X;X;X;X;X
HAVE_LESS_SUBSTATES_THEN;Имеет меньше провинций чем;X;X;X;X;X;X
HAVE_MORE_VASSALS_THAN;Имеет больше сателлитов чем;X;X;X;X;X;X
HAS_UNION_TAG;имеет культурный союз;X;X;X;X;X;X
HAS_CULTURE_UNION;Имеет культурный союз;X;X;X;X;X;X
HAS_NOT_CULTURE_UNION;НЕ имеет культурного союза;X;X;X;X;X;X
IS_STATE_CAPITAL;является столицей страны;X;X;X;X;X;X
IS_NOT_STATE_CAPITAL;НЕ является столицей страны;X;X;X;X;X;X
SUBSIDIZE_ALL_TOOLTIP;Субсидировать все заводы в списке.;X;X;X;X;X;X
UNSUBSIDIZE_ALL_TOOLTIP;Отменить субсидии для всех заводов в списке.;X;X;X;X;X;X
OPEN_ALL_TOOLTIP;Открыть все заводы в списке.;X;X;X;X;X;X
CLOSE_ALL_TOOLTIP;Закрыть все заводы в списке.;X;X;X;X;X;X
ON_ENACT_UNCIV_REFORM;Принято:;X;X;X;X;X;X
EFFECT_BUILD_IN_CAPITAL_DESC;§Y$BLD$§! Будет построено в провинции: §Y$PROVS$§!;X;X;X;X;X;X
TRIGGER_BUILD_IN_CAPITAL_DESC;§RСтроительство сейчас не разрешено.§!;X;X;X;X;X;X
DIPLOMACY_CB_INFO;Оправдание войны;X;X;X;X;X;X
COLONIZE_MAX_SLOTS;Не больше §Y$NUM$§! Стран могут завершить колонизацию провинции.;X;X;X;X;X;X
RIGHT_CLICK_TO_REMOVE_NF;§YПКМ§! чтобы убрать приоритет.;X;X;X;X;X;X
CONFIRM_REMOVE_COLONY_NF_TITLE;Убрать национальный приоритет Колонизации;X;X;X;X;X;X
CONFIRM_REMOVE_COLONY_NF_DESC;Прогресс колонизации будет потерян. Вы действительно хотите убрать национальный приоритет?;X;X;X;X;X;X
CB_ALLOWED_INSTALL_COMMUNIST_GOV_TYPE;Провозгласить коммунистическое правительство;X;X;X;X;X;X
CB_ALLOWED_UNINSTALL_COMMUNIST_GOV_TYPE;Свергнуть коммунистическое правительство;X;X;X;X;X;X
NF_OVERWRITE_HEADER;Чтобы установить новый национальный приоритет §Y$NF$§! вы должны снять старый.;X;X;X;X;X;X
NF_OVERWRITE_ENTRY;§Y$NF$§!\nв §G$STATE$§!;X;X;X;X;X;X
PRESTIGE_MORALE_BONUS;Бонус морали: §Y$VAL$§!;X;X;X;X;X;X
PRESTIGE_MAX_ORG_BONUS;Бонус организации: §Y$VAL$§!;X;X;X;X;X;X
PRESTIGE_PENALTY_ON_LEADER_TRANSFER_TITLE;Потеря престижа.;X;X;X;X;X;X
PRESTIGE_PENALTY_ON_LEADER_TRANSFER_DESC;Наша страна потеряет §R$VAL$§! престижа, если мы снимем генерала §Y$NAME$§! с командования этим отрядом во время войны.\nВы действительно хотите сделать это?;X;X;X;X;X;X
REORG_PANEL_BALANCE_UNITS;Реорганизовать;X;X;X;X;X;X
INVEST_PROJECT_NOT_ENOUGH_MONEY;§RНедостаточно средств.§!;X;X;X;X;X;X
INVEST_PROJECT_SHORTCUT_MAX;§RCtrl + ЛКМ§! чтобы вложить максимум в этот проект. (§Y$AMOUNT$§!¤);X;X;X;X;X;X
INVEST_PROJECT_SHORTCUT_MAX_ALL;§RShift + ЛКМ§! чтобы вложить максимум во все проекты. (§Y$AMOUNT$§!¤);X;X;X;X;X;X
INVEST_PROJECT_CONFIRM;Вложить;X;X;X;X;X;X
INVEST_PROJECT_MAX;Максимум;X;X;X;X;X;X
INVEST_PROJECT_TITLE;"Вложить в проект: ""§Y$PROJ$§!"" в §Y$LOC$§!";X;X;X;X;X;X
INVEST_PROJECT_TOOLTIP_YOUR_BUDGET;Ваш текущий бюджет.;X;X;X;X;X;X
INVEST_PROJECT_TOOLTIP_PROJECT_BUDGET;В проект выделено §Y$BUD$§! из требуемых §Y$TOT$§!.\nВы решили вложить §Y$INV$§! в этот проект.;X;X;X;X;X;X
INVEST_PROJECT_TOOLTIP_APPLY;Применить ваши вложения.;X;X;X;X;X;X
MIL_MULTI_CONSTRUCTION_TOOLTIP;§YЛКМ + Shift§! чтобы построить все.;X;X;X;X;X;X
MIL_CONSTRUCTION_CANCEL_ALL_SHORT;Отменить все;X;X;X;X;X;X
MIL_CONSTRUCTION_CANCEL_ALL;Отменить все строительство;X;X;X;X;X;X
MIL_CONSTRUCTION_CANCEL_ALL_WARNING_TITLE;Отменить все строительство.;X;X;X;X;X;X
MIL_CONSTRUCTION_CANCEL_ALL_WARNING_DESC;Вы уверены, что хотите отменить все военные постройки?;X;X;X;X;X;X
SORT_BY_PRESTIGE;Сортировать по престижу;X;X;X;X;X;X
SORT_BY_NAME;Сортировать по названию;X;X;X;X;X;X
SORT_BY_SELECTED;Сортировать среди выбраных;X;X;X;X;X;X
ATTACKUSREBEL_SETUP;Один из наших сухопутных отрядов атакован повстанцами;X;X;X;X;X;X
ATTACKUSREBEL_HEADER;Наш начальник штаба докладывает что;X;X;X;X;X;X
ATTACKUSREBEL_1;Наши силы атакованы!;X;X;X;X;X;X
ATTACKUSREBEL_2;$MONARCHTITLE$, мы были атакованы в провинции ;X;X;X;X;X;X
ATTACKUSREBEL_3;$PROV$. ;X;X;X;X;X;X
ATTACKUSREBEL_4;Вражеские силы $ATTACKER$ атаковали нас;X;X;X;X;X;X
ATTACKUSREBEL_LOG;Мы были атакованы в провинции $PROV$.;X;X;X;X;X;X
ATTACKUSREBEL_BTN3;Перейти;X;X;X;X;X;X
ATTACKUSREBEL_MAP;Мы атакованы!;X;X;X;X;X;X
ATTACKTHEMREBEL_SETUP;Один из наших сухопутных отрядов атакует повстанцев.;X;X;X;X;X;X
ATTACKTHEMREBEL_HEADER;Наш начальник штаба докладывает что;X;X;X;X;X;X
ATTACKTHEMREBEL_1;Мы атаковали врага!;X;X;X;X;X;X
ATTACKTHEMREBEL_2;$MONARCHTITLE$, сражение началось в провинции ;X;X;X;X;X;X
ATTACKTHEMREBEL_3;$PROV$. ;X;X;X;X;X;X
ATTACKTHEMREBEL_4;Мы атакуем силы $DEFENDER$ и пытаемся прорвать их оборону. Мы вступили в сражение;X;X;X;X;X;X
ATTACKTHEMREBEL_LOG;Мы атаковали противника в провинции $PROV$.;X;X;X;X;X;X
ATTACKTHEMREBEL_BTN3;Перейти;X;X;X;X;X;X
ATTACKTHEMREBEL_MAP;Атака началась;X;X;X;X;X;X
SIEGEUSREBEL_SETUP;Когда повстанцы начинают оккупировать нашу провинцию;X;X;X;X;X;X
SIEGEUSREBEL_1;Оккупация нашей провинции началась ;X;X;X;X;X;X
SIEGEUSREBEL_4;начинает оккупироваться врагом. Но прочь страхи! Силы державы ;X;X;X;X;X;X
SIEGEUSREBEL_6;скоро будут смяты под пятой наших армий.;X;X;X;X;X;X
SIEGEUSREBEL_LOG;$PROV$ оккупируется.;X;X;X;X;X;X
SIEGEUSREBEL_BTN3;Перейти;X;X;X;X;X;X
SIEGETHEMREBEL_SETUP;Когда мы начинаем оккупировать провинцию, контролируемую повстанцами.;X;X;X;X;X;X
SIEGETHEMREBEL_1;Начинается оккупация вражеской провинции;X;X;X;X;X;X
SIEGETHEMREBEL_2;$MONARCHTITLE$, мы начали оккупацию провинции;X;X;X;X;X;X
SIEGETHEMREBEL_4;Пройдет не так много времени, прежде чем наши войска вырвут контроль над провинцией из рук державы;X;X;X;X;X;X
SIEGETHEMREBEL_6;Местное население с нетерпением ждет нашего просвещенного правления.;X;X;X;X;X;X
SIEGETHEMREBEL_LOG;Мы начали оккупировать провинцию $PROV$.;X;X;X;X;X;X
SIEGETHEMREBEL_BTN3;Перейти;X;X;X;X;X;X
REMOVE_RANDOM_ECO_REFORMS_EFFECT;Убрать §R$VAL$§! экономические реформы.\n;X;X;X;X;X;X
REMOVE_RANDOM_MIL_REFORMS_EFFECT;Убрать §R$VAL$§! военные реформы.\n;X;X;X;X;X;X
PRODUCTION_FACTORY_PURE_INCOME;Вчера мы заработали: $VALUE$;X;X;X;X;X;X
PRODUCTION_FACTORY_MARKET_SPENDINGS;Затраты на покупку товаров: $VALUE$;X;X;X;X;X;X
PRODUCTION_FACTORY_POP_PAYCHECKS;Зарплаты рабочих: $VALUE$;X;X;X;X;X;X
PRODUCTION_FACTORY_TOTAL_BALANCE;Вчерашний баланс: $VALUE$;X;X;X;X;X;X
PRODUCTION_FACTORY_TODAY_PROFIT;Доход за вчера: $VALUE$;X;X;X;X;X;X
PRODUCTION_FACTORY_PROFITABILITY;Средний доход (за последние $DAYS$ дней): $VALUE$;X;X;X;X;X;X
PRODUCTION_FACTORY_CURRENT_BUDGET;Текущий бюджет заводов: $VALUE$;X;X;X;X;X;X
PRODUCTION_FACTORY_INVESTMENT;Инвестиции: $VALUE$;X;X;X;X;X;X
PRODUCTION_FACTORY_SUBSIDIES;Субсидии: $VALUE$;X;X;X;X;X;X
INFLUENCE_OVERFLOW_TOOLTIP;Мы тратим §Y$VALUE$§! очков влияния ежедневно, чтобы уменьшить влияние других стран.;X;X;X;X;X;X
TRADE_FLOW_PRODUCED;§YПроизведено:§W;X;X;X;X;X;X
TRADE_FLOW_USED;§YИспользовано:§W;X;X;X;X;X;X
TRADE_FLOW_MAY_BE_USED;§YМожет быть использовано:§W;X;X;X;X;X;X
TRADE_FLOW_TOTAL_PRODUCED;§YВсего произведено:§W;X;X;X;X;X;X
TRADE_FLOW_TOTAL_USED;§YВсего использовано:§W;X;X;X;X;X;X
TRADE_FLOW_RGO_NAME;ДП;X;X;X;X;X;X
TRADE_FLOW_DESC_RGO;Наши $POP$ $ACTION$ $AMOUNT$ $RESOURCE$ каждый день.;X;X;X;X;X;X
TRADE_FLOW_DESC_RGO_ACTION_MINING;шахтерское дело;X;X;X;X;X;X
TRADE_FLOW_DESC_RGO_ACTION_FARMING;фермерство;X;X;X;X;X;X
TRADE_FLOW_DESC_ARTISAN;Наши кустари производят $AMOUNT$ $RESOURCE$ каждый день.;X;X;X;X;X;X
TRADE_FLOW_DESC_FACTORY;Наши $FACTORY$ в $STATE$ производят $AMOUNT$ $RESOURCE$ каждый день.;X;X;X;X;X;X
TRADE_FLOW_CONSUME_DESC_ARTISAN;Кустари используют $AMOUNT$ $RESOURCE$ для производства $OUTPUT$.;X;X;X;X;X;X
TRADE_FLOW_CONSUME_DESC_RGO;$POP$ используют $AMOUNT$ $RESOURCE$ для производства $OUTPUT$.;X;X;X;X;X;X
TRADE_FLOW_CONSUME_DESC_FACTORY;Наши $FACTORY$ в $STATE$ используют $AMOUNT$ $RESOURCE$.;X;X;X;X;X;X
TRADE_FLOW_CONSUME_DESC_POPS;Наши $POP$ используют $AMOUNT$ $RESOURCE$ как часть жизненных потребностей.;X;X;X;X;X;X
TRADE_FLOW_CONSUME_DESC_MILITARY;Наши армии используют $AMOUNT$ $RESOURCE$ в качестве ежедневных припасов.;X;X;X;X;X;X
TRADE_FLOW_MAY_USE_MILITARY_DESC;$INPUT$ могут быть использованы нашими армиями в качестве ежедневных припасов.;X;X;X;X;X;X
TRADE_FLOW_MAY_USE_DESC;$INPUT$ могут быть использованы $PRODUCER$ для производства $OUTPUT$.;X;X;X;X;X;X
TRADE_FLOW_MILITARY_SUPPLY;Военные затраты;X;X;X;X;X;X
TRADE_FLOW_CURRENT_PRICE;Текущая цена:;X;X;X;X;X;X
TRADE_FLOW_DETAILS;Подробности;X;X;X;X;X;X
TRADE_FLOW_PART_OF_WORLD_PROD;§Y$PERC$%§W от мирового производства.;X;X;X;X;X;X
EMIGRATION_AT_PROVINCE_TOOLTIP;(§R$TOTALEMI$§!)§YЭмигрировали в:§!\n$EMILIST$\n(§G$TOTALIMM$§!)§YИммигрировали из:§!\n$IMMLIST$;X;X;X;X;X;X
NO_MIGRATIONS_FOUND1_TOOLTIP;Провиниция принадлежит стране: §Y$COUNTRY$§!;X;X;X;X;X;X
NO_MIGRATIONS_FOUND2_TOOLTIP;Между странами не было миграций.;X;X;X;X;X;X
NO_MIGRATIONS_FOUND3_TOOLTIP;(Выберите провинцию, чтобы посмотреть подробности);X;X;X;X;X;X
PROVINCE_VIEW_BUILD_ALL_TOOLTIP;(Клик + Ctrl, чтобы построить во всех провинциях в регионе);X;X;X;X;X;X
EMIGRATION_ENTRY_TOOLTIP;§R$NUM$§! в §Y$PROV$§!;X;X;X;X;X;X
IMMIGRATION_ENTRY_TOOLTIP;§G$NUM$§! из §Y$PROV$§!;X;X;X;X;X;X
CB_GENERATION_SPEED_BONUS_ON_COLONY_COMPETITION;Страна §Y$COUNTRY$§! Завершила колонизацию §Y$REGION$§!, бонус скорости §Y$BONUS$§!.;X;X;X;X;X;X
CB_GENERATION_BONUS_TOOLTIP;Бонус скорости получения КБ §Y$BONUS$§! Между соперничающими странами: §Y$COUNTRIES$§!;X;X;X;X;X;X
CB_GENERATION_BONUS_TROOPS_PRESENCE_TOOLTIP;(§Y$BONUS$§! из-за присутствия войск противника);X;X;X;X;X;X
CB_GENERATION_BONUS_OPPONENT_TROOPS_PRESENCE;(§Y$BONUS$§! для §Y$FOR$§! против §Y$AGAINST$§! из-за присутствия их войск);X;X;X;X;X;X
MODIFIER_CB_GENERATION_SPEED_MODIFIER;Скорость получения КБ;X;X;X;X;X;X
NOT_CONSTRUCTING_CASUS_BELLI_AGAINST;Не получаем повод для войны с;X;X;X;X;X;X
MODIFIER_MOBILIZATION_IMPACT;Влияние мобилизации;X;X;X;X;X;X
MOBILIZATION_IMPACT_LIMIT_DESC;Влияние мобилизации §Y$IMPACT$§! от военной политики §Y$POLICY$§!, ограничивает количество мобилизируемых отрядов до §Y$UNITS$§!.;X;X;X;X;X;X
MOBILIZATION_IMPACT_LIMIT_DESC2;(Текущее количество мобилизуемых подразделений §Y$CURR$§!, с учетом бонуса в §Y$IMPACT$§! от технологий и политики);X;X;X;X;X;X
CONSTRUCTING_CASUS_BELLI_AGAINST;Получаем повод для войны против;X;X;X;X;X;X
TRIGGER_CB_CREATION_NOT_DISCOVERED;Не получаем поводов для войны;X;X;X;X;X;X
TRIGGER_CB_CREATION_DISCOVERED;Получаем повод для войны;X;X;X;X;X;X
TRIGGER_CB_PROGRESS_LESS;Прогресс получения повода для войны: §Y$PERCENTAGE$§W;X;X;X;X;X;X
TRIGGER_CB_PROGRESS_ATLEAST;Прогресс получения повода для войны не менее: §Y$PERCENTAGE$§W;X;X;X;X;X;X
TRIGGER_IS_CONSTRUCTING_CB;Получение повода для войны с: §Y$TYPE$§W;X;X;X;X;X;X
TRIGGER_IS_NOT_CONSTRUCTING_CB;Не получать повод для войны с: §Y$TYPE$§W;X;X;X;X;X;X
NEED_RELATION_LESS;Отношения слишком высоки, они должны быть менее §Y$LIMIT$§W, в то время, как сейчас они равны §Y$VAL$§W;X;X;X;X;X;X
ALREADY_MAKING_CB;Мы уже готовим повод для войны с §Y$TARGET$§W;X;X;X;X;X;X
MAKE_CB_BUTTON;Получить Casus Belli;X;X;X;X;X;X
MAKE_CB_DESC;Создает повод для войны с ними;X;X;X;X;X;X
MAKE_CBTITLE;Повод для войны;X;X;X;X;X;X
MAPMODE_11;Продукция ДП;X;X;X;X;X;X
MAPMODE_12;Плотность населения;X;X;X;X;X;X
MAPMODE_13;Национальность;X;X;X;X;X;X
MAPMODE_14;Сфера влияния;X;X;X;X;X;X
MAPMODE_15;Лимит снабжения;X;X;X;X;X;X
MAPMODE_16;Приверженность партиям;X;X;X;X;X;X
MAPMODE_17;Рейтинг;X;X;X;X;X;X
MAPMODE_18;Миграции;X;X;X;X;X;X
MAPMODE_20;Отношения;X;X;X;X;X;X
WORLD_RANKING;Мировой рейтинг:;X;X;X;X;X;X
WORLD_RANKING_SECONDARY_POWER;§Y$COUNTRY$§W является колониальной державой.;X;X;X;X;X;X
POPULATION_DENSITY_AT_PROVINCE;Всего населения в провинции §Y$PROV$§W:;X;X;X;X;X;X
NATIONALITY_MAJORITY_AT_PROVINCE;Национальным большинством в провинции §Y$PROV$§W являются:;X;X;X;X;X;X
SPHERE_OF_INFL_GREAT_POWER;§Y$COUNTRY$§W является великой державой.;X;X;X;X;X;X
SPHERE_OF_INFL_IS_IN_SPHERE;§Y$COUNTRY1$§W входит в сферу влияния страны §Y$COUNTRY2$§W.;X;X;X;X;X;X
SPHERE_OF_INFL_IS_INFL_BY;§Y$COUNTRY$§W находится под влиянием державы:;X;X;X;X;X;X
PARTY_LOYALTY_EFFECT_DESC;Приверженность по отношению к партии §Y$PARTY$§W в провинции §Y$PROV$§W будет $OPERATOR$ §Y$VALUE$§W.;X;X;X;X;X;X
PARTY_LOYALTY_EFFECT_OPERATOR_ADD;увеличена на;X;X;X;X;X;X
PARTY_LOYALTY_EFFECT_OPERATOR_REM;уменьшена на;X;X;X;X;X;X
PARTY_LOYALTY_EFFECT_OPERATOR_MUL;умножена на;X;X;X;X;X;X
PARTY_LOYALTY_EFFECT_OPERATOR_SET;установлена;X;X;X;X;X;X
PARTY_LOYALTY_DESC_HEADER;Приверженность к партии в провинции §Y$PROV$§W:;X;X;X;X;X;X
PARTY_LOYALTY_DESC_NEUTRAL;Нейтральная;X;X;X;X;X;X
PARTY_POPULARITY;Популярность партии;X;X;X;X;X;X
PRICE_HISTORY_TIME_RANGE;За последние $MONTHS$ месяцев;X;X;X;X;X;X
NATIONAL_FOCUS_PARTY_LOYALTY_DESC;Приверженность изменяется на §Y$VAL$§W в день.;X;X;X;X;X;X
PARTY_WITH_IDEOLOGY_NOT_EXIST;Сейчас у нас нет партии с идеологией: §Y$IDEOLOGY$§W.;X;X;X;X;X;X
NATIONAL_FOCUS_PARTY_LOYALTY_EFFECT;Ежедневное изменение от национального приоритета $VAL$ по отношению к $PARTY$.;X;X;X;X;X;X
SUBSTATE_OF_NOCOLOR;Является автономией государства;X;X;X;X;X;X
SUBSTATE;Автономия;X;X;X;X;X;X
SUBSTATE_JOIN_WAR_DESC;является автономией державы §Y$COUNTRY$§W и всегда будет поддерживать его в войнах.;X;X;X;X;X;X
IS_NOT_SUBSTATE_OF;Не является автономией державы;X;X;X;X;X;X
IS_SUBSTATE_OF;Является автономией державы;X;X;X;X;X;X
IS_NOT_SUBSTATE;Не является автономией;X;X;X;X;X;X
IS_SUBSTATE;Является автономией;X;X;X;X;X;X
ANY_SUBSTATE;Любое автономия державы;X;X;X;X;X;X
RALLY_POINT_INFO;Если вы активируете §Yсборный пункт§! в этой провинции, все ближайшие отряды будут направляться сюда после найма.\n(Смотрите карту найма для подробностей.);X;X;X;X;X;X
RALLY_POINT_ENABLE_INFO;Включить или Выключить пункт сбора в этой провинции.;X;X;X;X;X;X
RALLY_POINT_MERGE_INFO;Включить или Выключить объединение отрядов в пункте назначения.\n(Армии будут объединяться, пока не достигнут лимита снабжения.);X;X;X;X;X;X
RALLY_POINT_PROVINCE_INFO;$PROV$ является §Yсборным пунктом§!;X;X;X;X;X;X
RALLY_POINT_PROVINCE_MERGE_INFO;Все нанимаемые отряды будут объединятся до достижения §Y$LIMIT$§!, когда прибудут сюда.;X;X;X;X;X;X
CB_ALLOWED_MAKE_PUPPET;Можно сделать сателлитом;X;X;X;X;X;X
DIPLOMACY_NEGOTIATE_SUBSTATE;Мы не можем вести переговоры с §Yсубгосударствами§W;X;X;X;X;X;X
DIPLOMACY_NEGOTIATE_WE_SUBSTATE;Мы не можем вести переговоры со странами, если мы являемся §Yавтономией§W;X;X;X;X;X;X
DECL_WAR_NO_SUBSTATE;Мы не можем обьявлять войну §Yавтономиям§W;X;X;X;X;X;X
DIPLO_WE_SUBSTATE;Мы является их автономией;X;X;X;X;X;X
DIPLO_THEY_SUBSTATE;Они являются автономией нашей державы;X;X;X;X;X;X
SELECT_CB_CREATION_TYPE;Выберите, какое оправдание вы хотите сфабриковать;X;X;X;X;X;X
CB_CREATION_DETAIL;Сфабриковать оправдание для войны с целью §Y$TYPE$§!. Это приблизительно займёт §Y$DAYS$§! дней.\nЕсли нас раскроют раньше мы увеличим бесчестье на §R$BADBOY$§! .;X;X;X;X;X;X
CB_MANUFACTURE_TECH;Эффективность обоснования войны;X;X;X;X;X;X
CB_CREATE_TECH;Эффективность обоснования войны: $VAL$;X;X;X;X;X;X
SUPPRESSION_TECH_DESC;Эффективность подавления востаний: $VAL$;X;X;X;X;X;X
CB_CREATION_TIME_DAYS;Потребуется приблизительно §Y$DAYS$§! дней чтобы сфабриковать повод для войны;X;X;X;X;X;X
CB_NOT_ON_PUPPETS;Мы не можем фабриковать поводы для войны против §Yсаттелитов§W, §Yдоминионов§W и §Yсубгосударств§W.;X;X;X;X;X;X
CB_NOT_ON_SPHERES;Мы не ожем фабриковать поводы для войны против государств, которые находятся в нашей сфере влияния.;X;X;X;X;X;X
NO_WAR_JUSTIFICATION;У вас нет повода для войны.;X;X;X;X;X;X
NOT_HOSTILE_BUILD;Не враждебные;X;X;X;X;X;X
ACW_NAME;Дом Разделённый;X;X;X;X;X;X
ACW_DESC;В Северной Америке началась Гражданская война, как только Южные штаты объявили об отделении от Союза. Результат непредсказуем, однако одно уже ясно наверняка - война станет совершенно иной. Стороны обеспечены железными дорогами, телеграфами и винтовками нового поколения. В Европе же британцы спускают на воду железное чудище, использующее мощь пара вместо ветра, которое наверняка изменит представление о войне на море. По миру шагает промышленная революция, все больше стран присоединяются к набирающему обороты локомотиву технического прогресса. \n «А снаружи война, \n Надо драться.\n Ты слышишь - ваш дом \n Начинает трясти, \n Времена-то меняются, братцы».;X;X;X;X;X;X
VOTER_ISSUES;Интересы Избирателей;X;X;X;X;X;X
OL_VIEW_NATFOCUS;Переключить обзор §Yнациональных приоритетов§W;X;X;X;X;X;X
OL_VIEW_NATFOCUS_HEADER;Национальный приоритет;X;X;X;X;X;X
OL_VIEW_NATFOCUS_TOOLTIP;Национальный приоритет (§Y$FOCUS$§!) в §Y$STATE$§!;X;X;X;X;X;X
OL_VIEW_RALLYPOINTS;Переключить обзор §Yсборных пунктов§W;X;X;X;X;X;X
OL_VIEW_RALLYPOINTS_HEADER;Сборные пункты;X;X;X;X;X;X
OL_VIEW_RALLYPOINTS_TOOLTIP;Все ближайшие бригады будут перемещаться в §Y$PROV$§!;X;X;X;X;X;X
OL_VIEW_RALLYPOINTS_MERGE_TOOLTIP; и будут пытаться объединиться §Y$LIMIT$§! по прибытию.;X;X;X;X;X;X
OL_VIEW_MERGE_ON;§G(Объединение Вкл)§!;X;X;X;X;X;X
OL_VIEW_MERGE_OFF;§Y(Объединение Выкл)§!;X;X;X;X;X;X
OUR_CB_DETECTED_SETUP;Раскрыта наша попытка оправдать войну;X;X;X;X;X;X
OUR_CB_DETECTED_1;Оправдание войны;X;X;X;X;X;X
OUR_CB_DETECTED_2;Наша попытка оправдать войну используя;X;X;X;X;X;X
OUR_CB_DETECTED_3;повод для войны §Y$CASUS$§! ;X;X;X;X;X;X
OUR_CB_DETECTED_4;против;X;X;X;X;X;X
OUR_CB_DETECTED_5;державы $TARGET$;X;X;X;X;X;X
OUR_CB_DETECTED_6;была раскрыта! Мы получим §R$BADBOY$§! бесчестья;X;X;X;X;X;X
OUR_CB_DETECTED_LOG;Раскрыт процесс фабрикования повода для войны против страны $TARGET$.;X;X;X;X;X;X
OUR_CB_DETECTED_BTN3;Перейти;X;X;X;X;X;X
CB_TOWARDS_US_DETECTED_SETUP;Был раскрыт процесс фабрикования повода для войны против нас.;X;X;X;X;X;X
CB_TOWARDS_US_DETECTED_1;Оправдание войны;X;X;X;X;X;X
CB_TOWARDS_US_DETECTED_2;Попытка оправдать войну используя;X;X;X;X;X;X
CB_TOWARDS_US_DETECTED_3;повод для войны §Y$CASUS$§! ;X;X;X;X;X;X
CB_TOWARDS_US_DETECTED_4;против нас державой;X;X;X;X;X;X
CB_TOWARDS_US_DETECTED_6;была раскрыта!;X;X;X;X;X;X
CB_TOWARDS_US_DETECTED_LOG;Раскрыт процес фабрикования повода для войны против нас страной $COUNTRY$;X;X;X;X;X;X
CB_TOWARDS_US_DETECTED_BTN1;ОК;X;X;X;X;X;X
CB_TOWARDS_US_DETECTED_BTN2;ОК;X;X;X;X;X;X
CB_TOWARDS_US_DETECTED_BTN3;Перейти;X;X;X;X;X;X
OTHERS_CB_DETECTED_SETUP;Раскрыт процес фабрикования повода для войны;X;X;X;X;X;X
OTHERS_CB_DETECTED_1;Оправдание войны;X;X;X;X;X;X
OTHERS_CB_DETECTED_2;Попытка оправдать войну используя;X;X;X;X;X;X
OTHERS_CB_DETECTED_3;повод для войны §Y$CASUS$§! ;X;X;X;X;X;X
OTHERS_CB_DETECTED_4;против страны $TARGET$ ;X;X;X;X;X;X
OTHERS_CB_DETECTED_5;державой $COUNTRY$;X;X;X;X;X;X
OTHERS_CB_DETECTED_6;была раскрыта!;X;X;X;X;X;X
OTHERS_CB_DETECTED_LOG;Раскрыт процес фабрикования повода для войны против страны $TARGET$ державой $COUNTRY$ ;X;X;X;X;X;X
OTHERS_CB_DETECTED_BTN1;ОК;X;X;X;X;X;X
OTHERS_CB_DETECTED_BTN2;ОК;X;X;X;X;X;X
OTHERS_CB_DETECTED_BTN3;Перейти;X;X;X;X;X;X
BUILDING_AT_MAX_TERRAIN;Уровень $CURR$/$MAX$ (§R$TERRAINMOD$§! $TERRAIN$);X;X;X;X;X;X
PRODUCTION_INVEST;Инвестиции;X;X;X;X;X;X
PRODUCTION_TAB_INVEST;Обзор инвестиций в другие страны;X;X;X;X;X;X
FLAG_SUBMENU_INTERESTING;Обозначить страну как интересную;X;X;X;X;X;X
FLAG_SUBMENU_NOTINTERESTING;Обозначить страну как §Yнеинтересную§!;X;X;X;X;X;X
MESSAGE_TYPE_INTERESTING;Интересующие;X;X;X;X;X;X
MESSAGE_TYPE_NOT_INTERESTING;Другие;X;X;X;X;X;X
MESSAGE_SEARCH;Искать:;X;X;X;X;X;X
MESSAGE_BUTTON_SEARCH;Искать:;X;X;X;X;X;X
MESSAGE_BUTTON_CLEAR;Очистить;X;X;X;X;X;X
MESSAGE_SEARCH_TOOLTIP;Введите ключевые слова разделенные §Yпробелом§!, чтобы отфильтровать список;X;X;X;X;X;X
RULE_BUILD_FACTORY_INVEST;Построить фабрику в другой стране;X;X;X;X;X;X
RULE_EXPAND_FACTORY_INVEST;Расширить фабрику в другой стране;X;X;X;X;X;X
RULE_OPEN_FACTORY_INVEST;Открыть фабрику в другой стране;X;X;X;X;X;X
RULE_BUILD_RAILWAY_INVEST;Инвесторы могут строить железные дороги в другой стране;X;X;X;X;X;X
RULE_CAN_INVEST_IN_POP_PROJECTS;Инвестировать в проекты ;X;X;X;X;X;X
RULE_POP_BUILD_FACTORY_INVEST;Инвесторы могут строить фабрики в другой стране;X;X;X;X;X;X
RULE_POP_EXPAND_FACTORY_INVEST;Инвесторы могут расширять фабрики в другой стране;X;X;X;X;X;X
RULE_POP_OPEN_FACTORY_INVEST;Инвесторы могут открыть фабрики в другой стране;X;X;X;X;X;X
PRODUCTION_OUR_INVEST;Наши инвестиции: $AMOUNT$¤ ($PERCENTAGE$%);X;X;X;X;X;X
MSG_FILTER_HEADER;Настройки фильтра сообщений;X;X;X;X;X;X
MSG_FILTER_TITLE;Мы заинтересованы в:;X;X;X;X;X;X
MSG_FILTER_DESELECT;Отменить выбор всех;X;X;X;X;X;X
MSG_FILTER_BEST_GUESS;Автоматически;X;X;X;X;X;X
MSG_FILTER_ENEMIES;Враги;X;X;X;X;X;X
MSG_FILTER_ALLIES;Союзники;X;X;X;X;X;X
MSG_FILTER_NEIGHBOURS;Соседи;X;X;X;X;X;X
MSG_FILTER_SPHERE;Сфера;X;X;X;X;X;X
PRODUCTION_BROWSE_INVEST;Другие;X;X;X;X;X;X
DIPLOMACY_OPINION_INVESTMENT;§Y$GP_ADJ$§W инвестиции: §Y$VALUE$§!¤;X;X;X;X;X;X
MSG_FILTER_TOOLTIP_HEADER;В окне настроек фильтра вы можете выбрать страны, в которых вы заинтересованы. Все сообщения и уведомления будут показаны только для этих важных стран;X;X;X;X;X;X
MSG_FILTER_TOOLTIP_DELAYED;§YЛКМ§! Заменяет текущую выборку.\n§YПКМ§! Добавляет к текущей выборке.\n§YЛКМ + SHIFT§! переключает фильтр.;X;X;X;X;X;X
MSG_FILTER_TOOLTIP_DESELECT;Отменить выбор;X;X;X;X;X;X
MSG_FILTER_TOOLTIP_BESTGUESS;Выбрать страны автоматически;X;X;X;X;X;X
MSG_FILTER_TOOLTIP_ENEMIES;Выбрать страны, которые являются вашими врагами;X;X;X;X;X;X
MSG_FILTER_TOOLTIP_ALLIES;Выбрать страны, которые являются вашими союзниками;X;X;X;X;X;X
MSG_FILTER_TOOLTIP_NEIGHBOURS;Выбрать страны, которые являются вашими соседями;X;X;X;X;X;X
MSG_FILTER_TOOLTIP_SPHERE;Выбрать страны, которые находятся в вашей сфере(если вы Великая держава);X;X;X;X;X;X
MSG_FILTER_TOOLTIP_CONTINENT;Выбрать страны, которые владеют провинциями на этом континенте;X;X;X;X;X;X
PRODUCTION_NOT_DESTROY_FACTORY_BECAUSE_FOREIGN_TOOLTIP;У нас нет права делать это в другой стране;X;X;X;X;X;X
INVESTMENT_PENALTY_FACTOR;Другие национальные инвесторы;X;X;X;X;X;X
SPHERE_SHARE_NOT_IN_SPHERE;Не находятся в сфере влияния Великой Державы, поэтому не могут продавать товары на мировой рынок;X;X;X;X;X;X
SPHERE_SHARE_UNCIV;Нецивилизованная страна, §Y$PERCENTAGE$%§! от всех ресурсов, доступных на рынке Великой Державы;X;X;X;X;X;X
SPHERE_SHARE_2NDRANK;Колониальная держава, §Y$PERCENTAGE$%§! от всех ресурсов, доступных на рынке Великой Державы (Базовое значение: §Y$BASE_PERCENTAGE$%§!);X;X;X;X;X;X
SPHERE_SHARE_CIV;Цивилизованная страна, §Y$PERCENTAGE$%§! от всех ресурсов, доступных на рынке Великой Державы (Базовое значение: §Y$BASE_PERCENTAGE$%§!);X;X;X;X;X;X
RULE_ALLOW_FOREIGN_INVESTMENT;Разрешить иностранные инестиции;X;X;X;X;X;X
POLITICS_DECISIONS_TAB;Решения;X;X;X;X;X;X
POLITICS_MOVEMENTS_TAB;Движения;X;X;X;X;X;X
MOVEMENT_RADICALISM_BASE;База: §R$VAL$%§!;X;X;X;X;X;X
MOVEMENT_RADICALISM_ACCUMULATED;Подавление: §R$VAL$%§!;X;X;X;X;X;X
MOVEMENT_RADICALISM_GRANTED_REFORMS;Реформы: §G$VAL$%§!;X;X;X;X;X;X
ALREADY_SUPPRESSED;Движение не радикально, и может быть подавлено;X;X;X;X;X;X
SUPPRESSION_POINTS;Очки подавления;X;X;X;X;X;X
NATIONALIST_UNION_MOVEMENT;$COUNTRY_ADJ$ движение за объединение;X;X;X;X;X;X
NATIONALIST_LIBERATION_MOVEMENT;Движение за освобождение державы $COUNTRY$;X;X;X;X;X;X
SUPRESSION_MONTHLY_GAIN;Ежемесячный рост: §G$VAL$§!;X;X;X;X;X;X
MODIFIER_EDUCATION_EFFICIENCY;Эффективность образования;X;X;X;X;X;X
MODIFIER_SUPPRESSION_POINT_GAIN;Скорость роста очков подавления;X;X;X;X;X;X
NOT_SOCIAL_MOVEMENT_STRENGTH_TR;Сила общественного движения меньше, чем §Y$VAL$§W.\n;X;X;X;X;X;X
SOCIAL_MOVEMENT_STRENGTH_TR;Сила общественного движения выше, чем§Y$VAL$§W.\n;X;X;X;X;X;X
NOT_POLITICAL_MOVEMENT_STRENGTH_TR;Сила политического движения ниже, чем §Y$VAL$§W.\n;X;X;X;X;X;X
POLITICAL_MOVEMENT_STRENGTH_TR;Сила политического движения ниже, чем §Y$VAL$§W.\n;X;X;X;X;X;X
SUPPRESS;Подавить: §R$VAL$%§!;X;X;X;X;X;X
SUPPRESSION_DESC;Подавить это движение. Это будет стоить $VAL$ очков и сделает движение более радикальным (§R+$HIT$§!) в будущем;X;X;X;X;X;X
CANT_SUPPRESS_DESC;Нам нужно больше очков, чтобы подавить это движение. У нас есть §R$VAL$§! Очков подавления и нам требуется §Y$NEED$§!.;X;X;X;X;X;X
REFORM_MOVEMENT_DESC;Движение, выступающее за принятие §Y$REFORM$§!;X;X;X;X;X;X
NATIONALIST_UNION_MOVEMENT_DESC;Движение за формирование §Y$COUNTRY$§!;X;X;X;X;X;X
NATIONALIST_LIBERATION_MOVEMENT_DESC;Движение за освобождение §Y$COUNTRY$§!;X;X;X;X;X;X
SUPPRESSION_LABEL_DESC;Очки подавления определяют, сможет ли ваше правительство подавить общественное движение.;X;X;X;X;X;X
MOVEMENT_REFORM_SUPPORT;Имеется общественное движение размером $VAL$, которое выступает за принятие этой реформы.;X;X;X;X;X;X
POLITICS_MOVEMENTS;Движения;X;X;X;X;X;X
POLITICS_ECONOMIC_REFORMS;Экономические реформы;X;X;X;X;X;X
POLITICS_MILITARY_REFORMS;Военные реформы;X;X;X;X;X;X
NORMAL_CIVIL_WAR_NAME_USA_CSA_CSA;$ORDER$Война с Северной агрессией;X;X;X;X;X;X
NORMAL_CIVIL_WAR_NAME_USA_CSA_USA;$ORDER$Война против мятежников;X;X;X;X;X;X
NORMAL_WAR_GUNBOAT_NAME;$ORDER$$FIRST$ интервенция в $SECOND_COUNTRY$;X;X;X;X;X;X
NORMAL_WAR_GUNBOAT_NAME_FRA_MEX;$ORDER$Франко-мексиканская война;X;X;X;X;X;X
NORMAL_WAR_TAKE_NAME_USA_MEX_USA;$ORDER$Мексикано-Американская Война;X;X;X;X;X;X
NORMAL_WAR_TAKE_NAME_USA_MEX_MEX;$ORDER$Американское вторжение в Мексику;X;X;X;X;X;X
NORMAL_WAR_TAKE_CORE_NAME_USA_MEX_USA;$ORDER$Мексикано-Американская Война;X;X;X;X;X;X
NORMAL_WAR_TAKE_CORE_NAME_USA_MEX_MEX;$ORDER$Американское вторжение в Мексику;X;X;X;X;X;X
NORMAL_WAR_GUNBOAT_NAME_ENG_CHI;$ORDER$Опиумная война;X;X;X;X;X;X
NORMAL_WAR_ADD_SPHERE_NAME_ENG_CHI;$ORDER$Опиумная война;X;X;X;X;X;X
NORMAL_WAR_INDEPENDENCE_NAME;$ORDER$$FIRST$ Война за независимость;X;X;X;X;X;X
NORMAL_WAR_TAKE_NAME_CHL_PEU;$ORDER$Тихоокеанская война;X;X;X;X;X;X
NORMAL_WAR_TAKE_CORE_NAME_CHL_PEU;$ORDER$Тихоокеанская война;X;X;X;X;X;X
NORMAL_WAR_TAKE_NAME_CHL_BOL;$ORDER$Тихоокеанская война;X;X;X;X;X;X
NORMAL_WAR_TAKE_CORE_NAME_CHL_BOL;$ORDER$Тихоокеанская война;X;X;X;X;X;X
NORMAL_WAR_CONQUEST_NAME_ENG_TRN;$ORDER$Англо-Бурская война;X;X;X;X;X;X
NORMAL_WAR_CONQUEST_NAME_ENG_ORA;$ORDER$Англо-Бурская война;X;X;X;X;X;X
NORMAL_WAR_TAKE_NAME_ENG_TRN;$ORDER$Англо-Бурская война;X;X;X;X;X;X
NORMAL_WAR_TAKE_NAME_ENG_ORA;$ORDER$Англо-Бурская война;X;X;X;X;X;X
NORMAL_WAR_TAKE_NAME_ORA_ENG;$ORDER$Англо-Бурская война;X;X;X;X;X;X
NORMAL_WAR_TAKE_NAME_TRN_ENG;$ORDER$Англо-Бурская война;X;X;X;X;X;X
NORMAL_WAR_PUPPET_NAME_ENG_TRN;$ORDER$Англо-Бурская война;X;X;X;X;X;X
NORMAL_WAR_PUPPET_NAME_ENG_ORA;$ORDER$Англо-Бурская война;X;X;X;X;X;X
NORMAL_WAR_PUPPET_NAME;$ORDER$ война за $FIRST$ контроль над $SECOND_COUNTRY$;X;X;X;X;X;X
NORMAL_WAR_BOXER_NAME;$ORDER$Восстание боксёров;X;X;X;X;X;X
NORMAL_WAR_PUPPET_NAME_ENG_USA;$ORDER$$SECOND$ Война за Независимость;X;X;X;X;X;X
NORMAL_WAR_NAME_ENG_USA;$ORDER$$SECOND$ Война за Независимость;X;X;X;X;X;X
NORMAL_WAR_TAKE_NAME_ENG_USA;$ORDER$$SECOND$ Война за Независимость;X;X;X;X;X;X
NORMAL_WAR_TAKE_CORE_NAME_ENG_USA;$ORDER$$SECOND$ Война за Независимость;X;X;X;X;X;X
NORMAL_WAR_CONQUEST_NAME_ENG_USA;$ORDER$$SECOND$ Война за Независимость;X;X;X;X;X;X
NORMAL_WAR_HUMILIATE_NAME;$ORDER$$FIRST$-$SECOND$ Война за унижение;X;X;X;X;X;X
NORMAL_WAR_REPARATION_NAME;$ORDER$$FIRST$-$SECOND$ Война за репарации;X;X;X;X;X;X
NORMAL_WAR_UNIFICATION_NAME_PRU_FRA;$ORDER$Франко-Прусская война;X;X;X;X;X;X
NORMAL_WAR_UNIFICATION_NAME_NGF_FRA;$ORDER$Франко-Прусская война;X;X;X;X;X;X
CAN_INVEST_IN_RAILROADS;Можете вложить деньги в прокладку железных дорог;X;X;X;X;X;X
NUMBER_OF_REBELS_READY;§YБригады повстанцев готовы влиться в восстание§!;X;X;X;X;X;X
NUMBER_OF_REBELS_ACTIVE;§YКол-во восставших бригад§!;X;X;X;X;X;X
TECH_YEAR_MODIFIER;Доступно давно: $VAL$;X;X;X;X;X;X
ECONOMICREFORM_SETUP;Когда проводится экономическая реформа;X;X;X;X;X;X
ECONOMICREFORM_HEADER;Политические Новости в cтране $COUNTRY$;X;X;X;X;X;X
ECONOMICREFORM_1;Экономические реформы в стране $COUNTRY$;X;X;X;X;X;X
ECONOMICREFORM_2;$MONARCHTITLE$, мы применили;X;X;X;X;X;X
ECONOMICREFORM_4;в;X;X;X;X;X;X
ECONOMICREFORM_LOG;Мы применили $ISSUE$ в $CATEGORY$.;X;X;X;X;X;X
ECONOMICREFORM_BTN3;перейти;X;X;X;X;X;X
ECONOMICREFORM_BAD_SETUP;Отменяется экономическая реформа;X;X;X;X;X;X
ECONOMICREFORM_BAD_HEADER;Политические Новости в $COUNTRY$;X;X;X;X;X;X
ECONOMICREFORM_BAD_1;Экономические реформы аннулированы в $COUNTRY$;X;X;X;X;X;X
ECONOMICREFORM_BAD_2;$MONARCHTITLE$, мы отказались от наших выгод в;X;X;X;X;X;X
ECONOMICREFORM_BAD_4;от $OLD$ до $ISSUE$.;X;X;X;X;X;X
ECONOMICREFORM_BAD_LOG;Мы отменили $OLD$ в $CATEGORY$ до $ISSUE$.;X;X;X;X;X;X
ECONOMICREFORM_BAD_BTN3;перейти;X;X;X;X;X;X
MILITARYREFORM_SETUP;Когда проводится военная реформа;X;X;X;X;X;X
MILITARYREFORM_HEADER;Политические Новости в $COUNTRY$;X;X;X;X;X;X
MILITARYREFORM_1;Военные реформы в $COUNTRY$;X;X;X;X;X;X
MILITARYREFORM_2;$MONARCHTITLE$, мы провели;X;X;X;X;X;X
MILITARYREFORM_4;в;X;X;X;X;X;X
MILITARYREFORM_LOG;Мы провели $ISSUE$ в $CATEGORY$.;X;X;X;X;X;X
MILITARYREFORM_BTN3;перейти;X;X;X;X;X;X
MILITARYREFORM_BAD_SETUP;Когда отменяется военная реформа;X;X;X;X;X;X
MILITARYREFORM_BAD_HEADER;Политические Новости в $COUNTRY$;X;X;X;X;X;X
MILITARYREFORM_BAD_1;Военные реформы аннулированы в $COUNTRY$;X;X;X;X;X;X
MILITARYREFORM_BAD_2;$MONARCHTITLE$, мы отказались от наших выгод в;X;X;X;X;X;X
MILITARYREFORM_BAD_4;от $OLD$ в $ISSUE$.;X;X;X;X;X;X
MILITARYREFORM_BAD_LOG;Мы отменили $OLD$ в $CATEGORY$ в $ISSUE$.;X;X;X;X;X;X
MILITARYREFORM_BAD_BTN3;Перейти;X;X;X;X;X;X
MODIFIER_CIVILIZATION_PROGRESS;Прогресс цивилизации;X;X;X;X;X;X
SUPPRESSION_TECH;Эффективность подавления;X;X;X;X;X;X
REFORM_RESEARCH_COST;Стоимость исследования: §Y$COST$§!;X;X;X;X;X;X
POLITICS_CIVILIZE;Провести вестернизацию;X;X;X;X;X;X
CIVILIZE_DESC;Полностью принять западный образ жизни. Это даст нам доступ к научным достижениям хозяина нашей сферы;X;X;X;X;X;X
CIVILIZE_NO_MASTER_DESC;Полностью принять западный образ жизни. Это даст нам доступ к мировому техническому прогрессу;X;X;X;X;X;X
INFLUENCE_RELATION;Отношения;X;X;X;X;X;X
NO_CIV_PROGRESS;Мы не достигли никакого прогресса в вестернизации. Нам необходимо принять военные либо экономические реформы;X;X;X;X;X;X
RESEARCH_POINTS_LABEL;Очки исследований:;X;X;X;X;X;X
MODIFIER_UNCIV_ECONOMIC;Стоимость экономической реформы;X;X;X;X;X;X
MODIFIER_UNCIV_MILITARY;Стоимость военной реформы;X;X;X;X;X;X
MODIFIER_SELF_UNCIV_ECONOMIC;Стоимость экономической реформы;X;X;X;X;X;X
MODIFIER_SELF_UNCIV_MILITARY;Стоимость военной реформы;X;X;X;X;X;X
MODIFIER_LAND_UNIT_START_EXPERIENCE;Начальный опыт наземных подразделений;X;X;X;X;X;X
MODIFIER_NAVAL_UNIT_START_EXPERIENCE;Начальный опыт морских подразделений;X;X;X;X;X;X
MODIFIER_ADMINISTRATIVE_EFFICIENCY;Административная эффективность;X;X;X;X;X;X
ARMY_TECHNOLOGY_LEVELS;Военные технологии: $VAL$/$MAX$;X;X;X;X;X;X
NAVY_TECHNOLOGY_LEVELS;Морские технологии: $VAL$/$MAX$;X;X;X;X;X;X
MODIFIER_TARIFF_EFFICIENCY;Тарифная эффективность:;X;X;X;X;X;X
MODIFIER_MAX_LOAN_AMOUNT;Максимально возможный займ:;X;X;X;X;X;X
PROD_YOUR_CURRENT_BUDGET;Ваш бюджет:;X;X;X;X;X;X
PROD_YOUR_INVESTMENT;Ваши инвестиции:;X;X;X;X;X;X
MODIFIER_LAND_ATTACK;Атака наземных подразделений;X;X;X;X;X;X
MODIFIER_NAVAL_ATTACK;Атака морских подразделений;X;X;X;X;X;X
MODIFIER_LAND_DEFENSE;Защита наземных подразделений;X;X;X;X;X;X
MODIFIER_NAVAL_DEFENSE;Защита морских подразделений;X;X;X;X;X;X
SET_ECONOMIC_REFORM_EFFECT;Действует следующая экономическая реформа: §Y$NAME$§W.\n;X;X;X;X;X;X
SET_MILITARY_REFORM_EFFECT;Действует следующая военная реформа: §Y$NAME$§W.\n;X;X;X;X;X;X
NATIONALIZE_INDUSTRY_EFFECT;Провести национализацию;X;X;X;X;X;X
DIPLOMACY_ALMOST_WESTERN_NATION_STATUS;Частично вестернизированная нация;X;X;X;X;X;X
DIPLOMACY_PRIMITIVENATION_STATUS;Отсталая нация;X;X;X;X;X;X
UNCIV_CANT_RESEARCH;Для продолжения исследований необходима вестернизация;X;X;X;X;X;X
TB_NATIONALFOCUS_CULTURE;§Y$NUM$§W представителей главной/принятой культуры дают нам §Y$FOCUS$§W национальных приоритетов;X;X;X;X;X;X
OTHER_PORT;Нет возможности построить эту морскую базу;X;X;X;X;X;X
MODIFIER_UNCIV_ECONOMIC_UH;Поддержка верхней палаты;X;X;X;X;X;X
MODIFIER_UNCIV_MILITARY_UH;Поддержка верхней палаты;X;X;X;X;X;X
MOVEMENT_RADICALISM_ADJUST;§Y$MOVEMENT$§! Радикализм: $AMOUNT$;X;X;X;X;X;X
MILITARY_REFORM_COST_DESC;Модификатор стоимости для военных реформ: ;X;X;X;X;X;X
ECONOMIC_REFORM_COST_DESC;Модификатор стоимости для экономических реформ: ;X;X;X;X;X;X
MAPMODE_19;Уровень цивилизованности;X;X;X;X;X;X
LOSE_CIVILIZED_EFFECT;Мы будем известны как §YНецивилизованная страна§W\n;X;X;X;X;X;X
MOVEMENT_RADICALISM;Радикализм движения;X;X;X;X;X;X
MOVEMENT_RADICALISM_DESC;Здесь описано, как много сторонников этого движения верят, что своих целей они могут добиться мирным путем. Движение с высоким значением (§Y100§!) начнет восстание, если не будет подавлено.;X;X;X;X;X;X
NUMBER_MOVEMENT_SUPPORTERS;Количество сторонников;X;X;X;X;X;X
NUMBER_MOVEMENT_SUPPORTERS_DESC;Чем крупнее движение, тем труднее его подавить. Если вы примите реформу, не пользующуюся поддержкой населения, то движения, поддерживающие более актуальные среди населения реформы, станут более радикальными.;X;X;X;X;X;X
PRODUCTION_CLOSE_FACTORY_BECAUSE_FOREIGN_TOOLTIP;Нельзя закрыть чужую фабрику\n;X;X;X;X;X;X
CAN_NATIONALIZE;Имеет иностранных инвесторов;X;X;X;X;X;X
IS_NOT_IN_A_SPHERE;Не находится в сфере влияния;X;X;X;X;X;X
ACTIVATE_TECH_EFFECT;Откроет технологию: §Y$NAME$§!;X;X;X;X;X;X
TECHNOLOGYVIEW_NO_RESEARCH_UNCIV_TOOLTIP;Высокие технологии доступны только для цивилизованных стран. После вестернизации на вкладке §YПолитика§! Вы получите базовую технологию и сможете начать собственные исследования.;X;X;X;X;X;X
RELATION_BETWEEN;Отношения между $COUNTRY1$ и $COUNTRY2$: $RELATION$;X;X;X;X;X;X
ADD_RELATIVE_INCOME_EFFECT;Бюджет: $VALUE$¤;X;X;X;X;X;X
CORRUPTION_LESS_THAN;Уровень коррупции меньше, чем;X;X;X;X;X;X
CORRUPTION_MORE_THAN;Уровень коррупции больше, чем;X;X;X;X;X;X
MOVEMENT_RADICALISM_FROM_SIZE;Поддержка населения: $VAL$ ;X;X;X;X;X;X
LEADERSHIP;Лидерство;X;X;X;X;X;X
PV_INTERNAL_IMMIGRATION;Внутренняя иммиграция:;X;X;X;X;X;X
PV_EXTERNAL_IMMIGRATION;Внешняя иммиграция:;X;X;X;X;X;X
COUNTRYALERT_CanRemoveFromSphere;Мы можем убрать страны из нашей §YСферы влияния§!: ;X;X;X;X;X;X
PV_CLERGY_LIT_DESC1;$NUM$ населения в $LOC$ - священники.;X;X;X;X;X;X
PV_CLERGY_LIT_DESC2;Оптимально: $OPT$.;X;X;X;X;X;X
PV_CLERGY_LIT_DESC3;Ежемесячно изменяется (базовое значение): $VAL$;X;X;X;X;X;X
IN_SOCIAL_MOVEMENT;в общественном движении;X;X;X;X;X;X
NOT_IN_SOCIAL_MOVEMENT;не в общественном движении;X;X;X;X;X;X
IN_POLITICAL_MOVEMENT;в политическом движении;X;X;X;X;X;X
NOT_IN_POLITICAL_MOVEMENT;не в политическом движении;X;X;X;X;X;X
RALLY_POINT_NAVY_MERGE_INFO;Включить или Выключить объединение кораблей в пункте назначения. \n(Корабли будут автоматически объединяться в пункте прибытия);X;X;X;X;X;X
RALLY_POINT_NAVY_PROVINCE_MERGE_INFO;Все военно-морские подразделения будут объединены с бОльшей флотилией по месту прибытия.;X;X;X;X;X;X
BUDGET_INTERNALLY_SOLD_STOCKPILE;Проданный запас под строительные объекты: §Y$VAL$§!;X;X;X;X;X;X
OL_VIEW_RALLYPOINTS_NAVY_TOOLTIP;Все поблизости построеные корабли будут перемещаться к §Y$PROV$§!;X;X;X;X;X;X
OL_VIEW_RALLYPOINTS_NAVY_MERGE_TOOLTIP; и по возможности будут объединены с бОльшим подразделением в этой провинции.;X;X;X;X;X;X
ARMY_SPLIT_AND_LOAD_DESC_1;§Y$UNIT$§! будет разделен на группу по §G$NUM$§! кораблей:;X;X;X;X;X;X
ARMY_SPLIT_AND_LOAD_DESC_2; - §Y$NAVY$§! ($NUM$);X;X;X;X;X;X
ARMY_SPLIT_AND_LOAD_DESC_3;§RОставшаяся армия ($NUM$) не будет погружена.§!;X;X;X;X;X;X
UW_NOT_POSSIBLE_TO_ATTACH;Здесь нет дружественных отрядов для следования.;X;X;X;X;X;X
UW_UNITS_ATTACHED;Следующие отряды присоединены: ;X;X;X;X;X;X
UW_ATTACH_TO;Присоединить для постоянного следования за $NAME$.;X;X;X;X;X;X
UW_DETACH_FROM;Отсоединить от следования за $NAME$.;X;X;X;X;X;X
IW_SUPPLY_COST;Нам необходимо выплачивать каждый день из казны §Y$VAL$§W, для постоянного снабжения подразделения.;X;X;X;X;X;X
HAS_NOT_CULTURE_CORE;$CUL$ не основная культура $WHERE$.\n;X;X;X;X;X;X
HAS_CULTURE_CORE;$CUL$ основная культура $WHERE$.\n;X;X;X;X;X;X
PROMOTION_EFFECT_FROM_ADMIN;Административная эффект. влияет на продвижение скорости: §Y$PERCENTAGE$§!;X;X;X;X;X;X
OUTLINER_TOOLTIP_FACTORY_OCCUPANCY;Кадровая укомплектованность местных фабрик: $PERC$;X;X;X;X;X;X
REVOLTALLIANCE_LOG;Революция!, все наши альянсы были расторгнуты!;X;X;X;X;X;X
LEDGER;Статистика;X;X;X;X;X;X
TOPBAR_POPULATION;Наше взрослое мужское население сейчас - $CURR$. Оно изменилось на $CHANGE$ за последние $DAYS$ дней!;X;X;X;X;X;X
DIG_IN_TOOLTIP_1;Текущий уровень окопа $LEV$ из возможных $MAX$.;X;X;X;X;X;X
DIG_IN_TOOLTIP_2;Необходимо $DAYS$ дней до увеличения уровня окопа на §G+$VAL$§!;X;X;X;X;X;X
GREAT_WARS_ENABLED_DESC;Великие Войны открыты;X;X;X;X;X;X
GREAT_WARS_DISABLED_DESC;Великие войны ещё не открыты;X;X;X;X;X;X
GREAT_WARS_ENABLE_DESC;Войны могут получить статус великих войн!;X;X;X;X;X;X
GREAT_WAR_NAME;$ORDER$ Великая Война;X;X;X;X;X;X
GW_DISCOVERED_SETUP;Когда Великие Войны открыты;X;X;X;X;X;X
GW_DISCOVERED_HEADER;Великие Войны открыты!;X;X;X;X;X;X
GW_DISCOVERED_1;Великие Войны открыты!;X;X;X;X;X;X
GW_DISCOVERED_2;С этого момента, любая война, в которой;X;X;X;X;X;X
GW_DISCOVERED_3;участвуют по-крайней мере две Великие Державы;X;X;X;X;X;X
GW_DISCOVERED_4;с каждой стороны, получит статус;X;X;X;X;X;X
GW_DISCOVERED_5;§YВеликой Войны!§!.;X;X;X;X;X;X
GW_DISCOVERED_BTN3;Перейти к;X;X;X;X;X;X
GW_DISCOVERED_LOG;Великие Войны открыты!;X;X;X;X;X;X
WAR_GAIN_GW_STATUS_SETUP;Когда наша война получает статус Великой.;X;X;X;X;X;X
WAR_GAIN_GW_STATUS_HEADER;Великая Война!;X;X;X;X;X;X
WAR_GAIN_GW_STATUS_2;получила статус;X;X;X;X;X;X
WAR_GAIN_GW_STATUS_3;§YВеликой Войны§!;X;X;X;X;X;X
WAR_GAIN_GW_STATUS_BTN3;Перейти к;X;X;X;X;X;X
WAR_GAIN_GW_STATUS_LOG;$WAR$ стала §YВеликой Войной§!;X;X;X;X;X;X
WAR_LOST_GW_STATUS_SETUP;Когда наша война теряет статус Великой.;X;X;X;X;X;X
WAR_LOST_GW_STATUS_HEADER;Война потеряла статус Великой!;X;X;X;X;X;X
WAR_LOST_GW_STATUS_2;больше не;X;X;X;X;X;X
WAR_LOST_GW_STATUS_3;Великая Война;X;X;X;X;X;X
WAR_LOST_GW_STATUS_BTN3;Перейти к;X;X;X;X;X;X
WAR_LOST_GW_STATUS_LOG;$WAR$ больше не §YВеликая Война§!;X;X;X;X;X;X
GW_INTERVENE_MIN_RELATIONS;Наши отношения с §Y$TARGET$§! должны быть не ниже §G$MIN$§!. Сейчас они на уровне §Y$VAL$§!.;X;X;X;X;X;X
GW_INTERVENE_MAX_EXHAUSTION;Наша усталость от войны не может превышать §G$MAX$§!. Сейчас она §Y$VAL$§!.;X;X;X;X;X;X
GREAT_WAR_OBLIGATORY_CB_DESC;Необходим обязательный повод для Великой Войны против всех врагов:;X;X;X;X;X;X
GREAT_WAR_CB_JUSTIFY_COST_DESC;Стоимость оправдания бесчестия вычитается в $PRES$ от первоначальной стоимости в связи с установкой статуса Великой Войны;X;X;X;X;X;X
GREAT_WAR_CB_CONSTRUCTION_SPEED_DESC;Великая Война против §Y$TARGET$§!!;X;X;X;X;X;X
WAR_GOAL_SUCCESS_PRESTIGE_CHANGE;Если мы выполним поставленную военную цель, мы получим $PRES$ очков престижа.;X;X;X;X;X;X
WAR_GOAL_FAILURE_PRESTIGE_CHANGE;Если мы не выполним поставленную военную цель, мы потеряем $PRES$ очков престижа.;X;X;X;X;X;X
POP_INTERNAL_MIGRATION;§Y$NUM$§! человек намереваются переехать в другие области страны.;X;X;X;X;X;X
POP_EXTERNAL_MIGRATION;§Y$NUM$§! человек намереваются переехать в другую страну.;X;X;X;X;X;X
POP_COLONIAL_MIGRATION;§Y$NUM$§! человек намереваются переехать в колонии.;X;X;X;X;X;X
INVESTED_IN_US_SETUP;Когда другая страна вкладывает капитал в нашу;X;X;X;X;X;X
INVESTED_IN_US_HEADER;Иностранные вложения;X;X;X;X;X;X
INVESTED_IN_US_1;$ICOUNTRY$ инвестировала в нас!;X;X;X;X;X;X
INVESTED_IN_US_BTN3;Перейти к;X;X;X;X;X;X
INVESTED_IN_US_LOG;§Y$ICOUNTRY$§! вложилась в нас!: $INVESTED_IN_US_MESSAGE$;X;X;X;X;X;X
INVESTED_IN_US_BUILD;$INAME$ построили в $ILOCATION$ для $IAMOUNT$;X;X;X;X;X;X
INVESTED_IN_US_OPEN;$INAME$ открыли в $ILOCATION$ для $IAMOUNT$;X;X;X;X;X;X
INVESTED_IN_US_UPGRADE;Модернизировали $INAME$ в $ILOCATION$ для $IAMOUNT$;X;X;X;X;X;X
INVESTED_IN_US_UNKNOWN;Вложили $IAMOUNT$ в нашу страну.;X;X;X;X;X;X
MODIFY_RELATION_EFFECT;§Y$SOURCE$§! отношения с §Y$TARGET$§! изменились на $VALUE$.;X;X;X;X;X;X
PRODUCTION_EXPAND_FACTORY_SHORTCUT_TOOLTIP;§GCtrl+Click§! модернизация всех фабрик этого типа (§Y$NUMSPECIALFACTORIES$§!).\n;X;X;X;X;X;X
AGRESSION_WAR_INDEPENDENCE_NAME;$ORDER$$FIRST$ война за Независимость;X;X;X;X;X;X
IS_EMPTY; не имеет владельца;X;X;X;X;X;X
IS_NOT_EMPTY; имеет владельца;X;X;X;X;X;X
FE_MULTI_PLAYER;Сетевая игра;X;X;X;X;X;X
AI_FEARS_US_TITLE1;Держава $TAG_0_0_UPPER$ опасается нашей мощи!;X;X;X;X;X;X
AI_FEARS_US_DESC1_LONG;От нашего корреспондента в державе $TAG_0_0$ поступают интересные слухи. Неназванный источник сообщает о встречах высшего офицерского состава в столице. Главной темой этих совещаний был возможный вариант объявления войны и вторжения наших войск. Обсуждалась возможная контратака и даже партизанская война. Видимо верховное командование $TAG_0_0_ADJ$ армии готовится к худшему. Кажется они боятся нас!;X;X;X;X;X;X
AI_FEARS_US_DESC1_MEDIUM;Неназванный источник в державе $TAG_0_0$ сообщает о том, что их правительство готовится к худшему. Они обдумывают возможность нашего нападения и от этого в их жилах стынет кровь!;X;X;X;X;X;X
AI_FEARS_US_DESC1_SHORT;Поступают доклады о положении дел в державе $TAG_0_0$. В их столице прошло несколько совещаний военного руководства и они всерьез обсуждали возможность нашего вторжения!;X;X;X;X;X;X
AI_FEARS_US_TITLE2;Держава $TAG_0_0$ опасается вторжения!;X;X;X;X;X;X
AI_FEARS_US_DESC2_LONG;Недавняя статья $TAG_0_0_ADJ$ газеты поразила их нацию! Анализ ухудшающихся отношений и сравнение военного потенциала наших держав привели редактора к мысли о возможности скорой войны, и если это произойдет, то существование державы $TAG_0_0$ окажется под угрозой. Элита и простой народ державы $TAG_0_0$ требуют от правительства заключить выгодный союз для противостояния внешней угрозе.;X;X;X;X;X;X
AI_FEARS_US_DESC2_MEDIUM;Недавняя статья $TAG_0_0_ADJ$ газеты поразила их нацию! Анализ ухудшающихся отношений наших держав привели редактора к мысли о возможности скорой войны между нашими державами, если не будут достигнуты необходимые договоренности.;X;X;X;X;X;X
AI_FEARS_US_DESC2_SHORT;Недавняя статья $TAG_0_0_ADJ$ газеты поразила их нацию! Анализ ухудшающихся отношений и сравнение военного потенциала наших держав привели редактора к мысли о возможности скорой войны между нашими державами.;X;X;X;X;X;X
AI_FEARS_US_TITLE3;Держава $TAG_0_0$ оскорбила нас!;X;X;X;X;X;X
AI_FEARS_US_DESC3_LONG;Предрассудки и ненависть заправляют в державе $TAG_0_0$. В понедельник они перешли все границы. $TAG_0_0_ADJ$ министр иностранных дел ударил нашего посла во дворе нашего же посольства в державе $TAG_0_0$! Наш представитель так это прокомментировал: «Это еще одно доказательство варварства с их стороны, которых итак предостаточно. Дикари и хамы правят в державе $TAG_0_0$, и чем скорее мы избавимся от них, тем лучше». Дипломатические отношения еще поддерживаются, но война неизбежна.;X;X;X;X;X;X
AI_FEARS_US_DESC3_MEDIUM;Предрассудки и ненависть властвуют в державе $TAG_0_0$. В понедельник $TAG_0_0_ADJ$ министр иностранных дел ударил нашего посла. Наш министр ответил, что «дикари и хамы правят в державе $TAG_0_0$, и чем раньше они исчезнут, тем лучше».;X;X;X;X;X;X
AI_FEARS_US_DESC3_SHORT;В понедельник $TAG_0_0_ADJ$ министр иностранных дел ударил нашего посла. Дикари и хамы правят державой $TAG_0_0$, и чем раньше мы уничтожим их, тем лучше.;X;X;X;X;X;X
AI_FEARS_OTHER_TITLE1;Опасения державы $TAG_0_0$;X;X;X;X;X;X
AI_FEARS_OTHER_DESC1_LONG;Недавняя статья в $TAG_0_0_ADJ$ газете поразила их нацию! Анализ ухудшающихся отношений с державой $TAG_0_1$ и сравнение военного потенциала двух держав привели редактора к мысли о возможности скорой войны, и если это произойдет, то существование державы $TAG_0_0$ окажется под угрозой. Элита и простой народ державы $TAG_0_0$ требуют от правительства заключить выгодный союз для противостояния угрозе со стороны державы $TAG_0_1_ADJ$.;X;X;X;X;X;X
AI_FEARS_OTHER_DESC1_MEDIUM;Недавняя статья $TAG_0_0_ADJ$ газеты поразила их нацию! Анализ ухудшающихся отношений с державой $TAG_0_1$ привели редактора к мысли о возможности скорой войны между этими державами, если не будут достигнуты необходимые договоренности.;X;X;X;X;X;X
AI_FEARS_OTHER_DESC1_SHORT;Недавняя статья $TAG_0_0_ADJ$ газеты поразила их нацию! Анализ ухудшающихся отношений с державой $TAG_0_1$ привели редактора к мысли о возможности скорой войны между этими державами.;X;X;X;X;X;X
AI_FEARS_OTHER_TITLE2;$TAG_0_0_ADJ$ опасения;X;X;X;X;X;X
AI_FEARS_OTHER_DESC2_LONG;По нашим сведениям в $TAG_0_0_ADJ$ правительстве, все больше распространяются глубокий страх и отчаяние. Многие предрекают, что их конфликт с державой $TAG_0_1$ вызовет полномасштабное военное столкновение, которое держава $TAG_0_0$ вполне может проиграть. По слухам, они всерьез рассматривают возможность военного конфликта и уже начали к нему подготовку. Страх распространяется и на население страны, которое ожидает разгромного поражения.;X;X;X;X;X;X
AI_FEARS_OTHER_DESC2_MEDIUM;Настроения среди $TAG_0_0_ADJ$ официальных лиц можно описать одним словом - страх. Это связано с действиями державы $TAG_0_1$. Они стараются быть как можно более осторожными, так как война скорее всего приведет к поражению державы $TAG_0_0$.;X;X;X;X;X;X
AI_FEARS_OTHER_DESC2_SHORT;По сообщениям местной прессы, кажется что $TAG_0_0_ADJ$ население и правительство опасаются военной мощи державы $TAG_0_1$. Подробнее на стр. 4.;X;X;X;X;X;X
AI_LOVES_US_TITLE1;$TAG_0_0$: Наш лучший друг;X;X;X;X;X;X
AI_LOVES_US_DESC1_LONG;«Есть ли у вас среди $TAG_0_0_ADJ$ граждан лучшие друзья? Возможно. Вроде бы все идет к тому, что наши страны не будут сражаться, а будут дружить! Многие дипломаты и послы в столице высказались в поддержку союза наших великих народов. Неудивительно, что мы решили поддержать друг друга, когда все вокруг грызутся как собаки, друзья познаются в беде!» - заявил наш дипломат в интервью.;X;X;X;X;X;X
AI_LOVES_US_DESC1_MEDIUM;$TAG_0_0_ADJ$ дипломаты прибыли в столицу, чтобы поддержать союз между нашими державами. Отношения между странами превосходные и теперь мы будем оказывать друг другу военную поддержку.;X;X;X;X;X;X
AI_LOVES_US_DESC1_SHORT;Отношения между нами и $TAG_0_0_ADJ$ правительством высоки как никогда. Политики считают нас потенциальными союзниками в мире и войне.;X;X;X;X;X;X
AI_LOVES_US_TITLE2;Держава $TAG_0_0$ вместе с нами!;X;X;X;X;X;X
AI_LOVES_US_DESC2_LONG;Статья в $TAG_0_0_ADJ$ газете обрисовывает замечательные отношения между нашими странами. Многочисленные примеры мирного сотрудничества, основанного на добре и дружбе, показывают наши страны как друзей и братьев. Используя такие слова как «заслуживают доверия», «надежные» и «стойкие» для описания отношений, газета призывает правительство державы $TAG_0_0$ продолжать сотрудничество для достижения общих интересов и целей, а также укреплять взаимные гарантии и договоры.;X;X;X;X;X;X
AI_LOVES_US_DESC2_MEDIUM;Статья в $TAG_0_0_ADJ$ газете обрисовывает замечательные отношения между нашими странами. Многочиссленные примеры мирного сотрудничества, основанного на добре и дружбе, показывают наши страны как друзей и братьев.;X;X;X;X;X;X
AI_LOVES_US_DESC2_SHORT;Статья в $TAG_0_0_ADJ$ газете обрисовывает замечательные отношения между нашими странами. Редактор призывает своё правительство продолжать тот же курс.;X;X;X;X;X;X
AI_LOVES_US_TITLE3;Держава $TAG_0_0$ знает своё место!;X;X;X;X;X;X
AI_LOVES_US_DESC3_LONG;Правительство и народ державы $TAG_0_0$ продолжают слепо восхищаться всем $OURCOUNTRY_ADJ$. Наше явное превосходство в политической, военной и культурной сферах с легкостью признано этими недотепами. $TAG_0_0_ADJ$ министр иностранных дел явился к нам с позорной попыткой втереться в доверие к нашей власти, он сказал: «Мы приветствуем ваше мудрое покровительство, и надеемся на длительное сотрудничество наших стран, которое обязательно приведет к взаимной выгоде». Что за этим последует, мы узнаем позже.;X;X;X;X;X;X
AI_LOVES_US_DESC3_MEDIUM;Правительство и народ державы $TAG_0_0$ продолжают слепо восхищаться всем $OURCOUNTRY_ADJ$. Наше явное превосходство в политической, военной и культурной сферах с легкостью признано этими недотепами.;X;X;X;X;X;X
AI_LOVES_US_DESC3_SHORT;Правительство и народ продолжают восхищаться $OURCOUNTRY$. Они охотно признали наше очевидное превосходство во всех сферах.;X;X;X;X;X;X
AI_LOVES_OTHER_TITLE1;$TAG_0_0_ADJ$ отношения;X;X;X;X;X;X
AI_LOVES_OTHER_DESC1_LONG;Статья в $TAG_0_0_ADJ$ газете рисует картину добродушных отношений с державой $TAG_0_1$. Основываясь на многочисленных примерах мирного сотрудничества, основанного на доверии и дружбе, редактор газеты призвал обе нации оставаться друзьями и братьями. Используя такие слова, как «надежные», «непоколебимые» и «прочные», $TAG_0_0_ADJ$ газета призвала свое правительство продолжать равняться на политику державы $TAG_0_1$ для реализации общих интересов и укрепления взаимного доверия.;X;X;X;X;X;X
AI_LOVES_OTHER_DESC1_MEDIUM;Статья в $TAG_0_0_ADJ$ газете рисует картину добродушных отношений с державой $TAG_0_1$. Основываясь на многочисленных примерах мирного сотрудничества, основанного на доверии и дружбе, редактор газеты призвал обе нации оставаться друзьями и братьями.;X;X;X;X;X;X
AI_LOVES_OTHER_DESC1_SHORT;Статья в $TAG_0_0_ADJ$ газете рисует картину прекрасных отношений с державой $TAG_0_1$. Редактор газеты призвал к необходимости поддерживать союз с державой $TAG_0_1$.;X;X;X;X;X;X
AI_LOVES_OTHER_TITLE2;$TAG_0_0_ADJ$-$TAG_0_1_ADJ$ взаимоотношения;X;X;X;X;X;X
AI_LOVES_OTHER_DESC2_LONG;«Не смотря на то, что история порой приводила наши страны к разногласиям, сейчас всем ясно, что сама судьба решила свести нас вместе!» - сказал вчера представитель $TAG_0_0_ADJ$ правительства, ссылаясь на недавние меры по укреплению сотрудничества с державой $TAG_0_1$. Упразднение некоторых таможенных пошлин между обеими странами в прошлом году и частые визиты послов державы $TAG_0_0$, по всей видимости, демонстрируют, что гарантия дружбы и сотрудничества посредством военного союза действительно возможна.;X;X;X;X;X;X
AI_LOVES_OTHER_DESC2_MEDIUM;Улыбающиеся $TAG_0_0_ADJ$ дипломаты были замечены вчера на саммите в $TAG_0_1_ADJ$ столице. «$TAG_0_1$ является нашим естественным союзником», упомянул один $TAG_0_0_ADJ$ официальный представитель. Политические аналитики предсказывают, что в ближайшее время может быть подписан пакт о союзе между этими странами.;X;X;X;X;X;X
AI_LOVES_OTHER_DESC2_SHORT;«К процветанию в будущем вместе с $TAG_0_1_ADJ$ братьями!» - новый лозунг $TAG_0_0_ADJ$ правящей партии. Многие говорят, что это признак будущего военного союза.;X;X;X;X;X;X
OTHER_NEW_GP_TITLE1;Расцвет державы $TAG_0_1$;X;X;X;X;X;X
OTHER_NEW_GP_DESC_LONG1;Следом за упадком державы $TAG_0_0$, $TAG_0_1$ получает более высокое положение среди народов мира и поднимается на позицию одной из великих держав. За последние месяцы открылось множество доказательств бедственного положения $TAG_0_0_ADJ$ экономики, слабости их военных сил и постоянного падения международного престижа державы $TAG_0_0$ , так как их союзники не cмогли рассчитывать на $TAG_0_0_ADJ$ помощь а правительство стало предметом иностранных заговоров. Их падение из рядов ведущих мировых держав приходит на пользу стране $TAG_0_1$, увеличив ее престиж в глазах других стран, доказав, что природа не терпит пустоты.;X;X;X;X;X;X
OTHER_NEW_GP_DESC_MEDIUM1;Следом за упадком державы $TAG_0_0$, $TAG_0_1$ получает более высокое положение среди народов мира и поднимается на позицию одной из великих держав, увеличив свой престиж в глазах других стран, доказав, что природа не терпит пустоты.;X;X;X;X;X;X
OTHER_NEW_GP_DESC_SHORT1;Следом за упадком державы $TAG_0_0$, $TAG_0_1$ получает более высокое положение среди народов мира и поднимается на позицию одной из великих держав.;X;X;X;X;X;X
WE_BECOME_GP_TITLE1;Мы извлекаем выгоду из упадка державы $TAG_0_0$.;X;X;X;X;X;X
WE_BECOME_GP_DESC_LONG1;Следом за упадком державы $TAG_0_0$, мы занимаем законное положение среди народов мира, поднявшись на позицию одной из великих держав. За последние месяцы открылось множество доказательств бедственного положения $TAG_0_0_ADJ$ экономики, слабости их военных сил и постоянного падения международного престижа державы $TAG_0_0$ , так как их союзники не смогли рассчитывать на $TAG_0_0_ADJ$ помощь, а правительство стало предметом иностранных заговоров. Их падение из рядов ведущих мировых держав стало подарком для нас, теперь наше международное политическое и военное влияние заменит - их, доказав, что природа не терпит пустоты.;X;X;X;X;X;X
WE_BECOME_GP_DESC_MEDIUM1;Следом за упадком державы $TAG_0_0$, мы занимаем законное положение среди народов мира, поднявшись на позицию одной из великих держав. Их падение из рядов ведущих мировых держав стало подарком для нас, теперь наше международное политическое и военное влияние заменит - их.;X;X;X;X;X;X
WE_BECOME_GP_DESC_SHORT1;Следом за упадком державы $TAG_0_0$, мы занимаем законное положение среди народов мира, поднявшись на позицию одной из великих держав.;X;X;X;X;X;X
WE_LOSE_GP_TITLE1;$TAG_0_1$ получает выгоду от нашего падения;X;X;X;X;X;X
WE_LOSE_GP_DESC_LONG1;Следом за упадком нашей державы, $TAG_0_1$ получает более высокое положение среди народов мира и поднимается на позицию одной из великих держав. За последние месяцы открылось множество доказательств бедственного положения нашей экономики, слабости военных сил и постоянное падение нашего международного престижа, так как наши союзники не могли на нас рассчитывать, а правительство стало предметом иностранных заговоров. Наше падение из рядов ведущих мировых держав приходит на пользу стране $TAG_0_1$, увеличивая ее престиж в глазах других стран, доказав, что природа не терпит пустоты.;X;X;X;X;X;X
WE_LOSE_GP_DESC_MEDIUM1;Следом за упадком нашей державы, $TAG_0_1$ получает более высокое положение среди народов мира и поднимается на позицию одной из великих держав, увеличивая свой престиж в глазах других стран, доказав, что природа не терпит пустоты.;X;X;X;X;X;X
WE_LOSE_GP_DESC_SHORT1;Следом за упадком нашей державы, $TAG_0_1$ получает более высокое положение среди народов мира и поднимается на позицию одной из великих держав.;X;X;X;X;X;X
CRISIS_START_TITLE1;Развитие кризиса!;X;X;X;X;X;X
CRISIS_START_DESC_LONG1;Так как великие мировые державы, зашли в тупик в жестокой борьбе, вызванной разгоревшимся мировым кризисом, никто сейчас не может сказать остается ли еще какая-нибудь надежда, на то, что вопрос будет решен мирным путем. Дипломатическое урегулирование конфликта по-прежнему возможно, но время быстро уходит, а участники конфликта сами задерживают его разрешение, «рисуя линии на песке» и «играя мышцами». Если они и дальше будут проводить политику, направленную истощение и принуждение противоборствующей стороны, с целью уменьшить или совсем избежать уступок, то, по всей видимости, вскоре они окажутся в состоянии ужасной войны.;X;X;X;X;X;X
CRISIS_START_DESC_MEDIUM1;Великие мировые державы зашли в тупик в борьбе за власть. Дипломатическое урегулирование конфликта по-прежнему возможно, но время быстро уходит, а участники конфликта сами задерживают его разрешение, «рисуя линии на песке» и «играя своими мышцами».;X;X;X;X;X;X
CRISIS_START_DESC_SHORT1;Великие мировые державы зашли в тупик в борьбе за власть. Дипломатическое урегулирование вопроса по-прежнему возможно, но время быстро уходит.;X;X;X;X;X;X
CRISIS_END_TITLE1;КРИЗИС ПРЕДОТВРАЩЕН!;X;X;X;X;X;X
CRISIS_END_DESC_LONG1;«Мы подарили мир нашему поколению», - объявили великие державы после саммита, на котором было обговорено дипломатическое решение конфликта, который без компромисса мог привести к большой войне. «Мы заявляем, что наши народы не хотят воевать друг с другом», - таково было слово конкурирующих сторон. Но внимательные наблюдатели отмечают, что одна из стран все же воспринимается как победитель, другая же вынуждена жить с горьким послевкусием уступок и потери положения, это угрожает долговечности подписанного соглашения.;X;X;X;X;X;X
CRISIS_END_DESC_MEDIUM1;«Мы подарили мир нашему поколению», - объявили великие державы после саммита, на котором было обговорено дипломатическое решение конфликта, который без компромисса мог привести к большой войне.;X;X;X;X;X;X
CRISIS_END_DESC_SHORT1;«Мы подарили мир нашему поколению», - объявили великие державы после саммита, на котором было обговорено дипломатическое решение конфликта, который мог привести к войне.;X;X;X;X;X;X
COMMUNIST_REVOLUTION_NEWS_TITLE_LARGE_COMMUNIST;КОММУНИЗМ ВОСТОРЖЕСТВОВАЛ В $TAG_0_0_UPPER$!;X;X;X;X;X;X
COMMUNIST_REVOLUTION_NEWS_LARGE_COMMUNIST;Пролетарии всех стран - соединяйтесь! После столь победоносной революции наш боевой лозунг пришелся как нельзя кстати. Гнилой капитализм не может стать преградой для чаяний рабочего класса о светлом будущем. Мы получили радостную весть от наших товарищей из $TAG_0_0$, которые восстали против жуликов и воров, эксплуатировавших и унижавших простой народ. Они свергли правительство и вернули власть в руки рабочих и крестьян, представленных в лице народного комитета $STRING_0_0$!;X;X;X;X;X;X
COMMUNIST_REVOLUTION_NEWS_TITLE_MEDIUM_COMMUNIST;КОММУНИЗМ В $TAG_0_0_UPPER$!;X;X;X;X;X;X
COMMUNIST_REVOLUTION_NEWS_MEDIUM_COMMUNIST;Пролетарии всех стран - соединяйтесь! Этот боевой клич слышан повсюду в $TAG_0_0$, где наши братья-коммунисты одержали победу свергнув правительство и установив власть единственной народной партии: $STRING_0_0$!;X;X;X;X;X;X
COMMUNIST_REVOLUTION_NEWS_TITLE_SMALL_COMMUNIST;РЕВОЛЮЦИЯ!;X;X;X;X;X;X
COMMUNIST_REVOLUTION_NEWS_SMALL_COMMUNIST;Пролетарии всех стран - соединяйтесь! Боевой лозунг слышан повсюду в $TAG_0_0$, где наши собратья свергли гнилых капиталистических свиней!;X;X;X;X;X;X
CRISIS_START_TITLE2;Напряженность возрастает!;X;X;X;X;X;X
CRISIS_START_DESC_LONG2;После месяцев все возрастающего давления, напряжение в державе $STRING_0_0$ достигло точки невозврата и обернулось международным кризисом. Мирное решение может быть выходом из дальнейшей эскалиции конфликта, однако не всем это выгодно. Бурная дипломатическая активность символизирует активную борьбу за влияние между Великими Державами. Если в ближайшее время мирная резолюция не будет подписана, кризис в державе $STRING_0_0$ имеет шансы перерасти в крупномасштабное вооруженное столкновение.;X;X;X;X;X;X
CRISIS_START_DESC_MEDIUM2;Великие Державы соперничают за влияние в $STRING_0_0$, и напряженность стремительно возрастает. Мирное решение может быть выходом из дальнейшей эскалиции конфликта, однако пока неизвестно возможно ли избежать вооруженного столкновения вообще.;X;X;X;X;X;X
CRISIS_START_DESC_SHORT2;Напряжение в $STRING_0_0$ переросло в масштабный кризис в то время как Великие Державы соперничают за влияние в регионе. Серьезная дипломатическая активность ведется с целью предотвратить вооруженное столкновение.;X;X;X;X;X;X
CRISIS_END_TITLE2;Напряженность пошла на спад;X;X;X;X;X;X
CRISIS_END_DESC_LONG2;Можно облегченно вздохнуть после новости о мирном разрешении исключительно дипломатическими методами конфронтации в $STRING_0_0$. <CrisisWinner++++++> увеличил свое влияние благодаря поддержке прочих Великих Держав. Международная конференция свела кризис на нет после стадии недельных дипломатических переговоров. Возможность войны была пресечена, однако довольны отнюдь не все, и по-прежнему остается шанс того, что кто-либо бросит вызов <CrisisWinner++++++> в будущем.;X;X;X;X;X;X
CRISIS_END_DESC_MEDIUM2;Международный кризис в $STRING_0_0$ был мирно урегулирован на дипломатической конференции Великих Держав. <CrisisWinner++++++> повысил свое влияние без использования грубой силы. Будущее покажет будет ли этот мир крепок.;X;X;X;X;X;X
CRISIS_END_DESC_SHORT2;Война была предотвращена, так как кризис в $STRING_0_0$ был разрешен на конференции Ведиких Держав. <CrisisWinner++++++> благополучно увеличил свое влияние.;X;X;X;X;X;X
OTHER_NEW_GP_DESC_LONG2;$TAG_0_1$ стремительно увеличивает свой статус уже последние несколько лет и теперь может считаться Великой Державой. $TAG_0_1_ADJ$ репутация, подпитанная международным признанием, значительно окрепла и можно ожидать, что $TAG_0_1$ будет активно распространять свое влияние. $TAG_0_0$ потеряла лицо и переместилась в число колониальных держав. Потеря статуса будет ощущаться довольно остро, и влияние в мире ожидаемо снизится.;X;X;X;X;X;X
OTHER_NEW_GP_DESC_MEDIUM2;$TAG_0_1$ приобрела статус Великой Державы в глазах мирового сообщества. Государство крепнет на глазах, однако не всеми это воспринимается положительно. $TAG_0_0$ теперь считается колониальной державой, к своему неудовольствию.;X;X;X;X;X;X
OTHER_NEW_GP_DESC_SHORT2;Государство $TAG_0_1$ заняло место $TAG_0_0$ в качестве Великой Державы в глазах мирового сообщества, повысив свой статус и влияние в мире.;X;X;X;X;X;X
AI_LOVES_US_TITLE4;Теплые отношения;X;X;X;X;X;X
AI_LOVES_US_DESC4_LONG;Наш корреспондент узнал из анонимных источников в МИДе, что несколько недель назад руководитель $TAG_0_0$ выступил с объемной речью, в которой сыпал комплиментами в адрес нашей нации и ее достижениям. Хочется верить, что данный спич - это искренняя попытка $TAG_0_0$ сблизиться с нашей державой, и мы обязаны проявить ответную инициативу в адрес любезных $TAG_0_1_ADJ$ жителей. Нам лестны эти попытки к сближению, и мы надеемся что это приведет к продолжительному сотрудничеству между нашими государствами.;X;X;X;X;X;X
AI_LOVES_US_DESC4_MEDIUM;После крайне продуктивной встречи с послом на прошлой неделе, представитель $TAG_0_0_ADJ$ народа, выступил с речью в МИДе, в которой дал высокую оценку нашей нации в целом и правительству за работу, результатом которой стал возможен диалог и сотрудничество между нашими государствами.;X;X;X;X;X;X
AI_LOVES_US_DESC4_SHORT;«Наступила новая эра, эра дружбы между нашими государствами», - такими словами посол $TAG_0_0_ADJ$ поприветствовал собравшихся журналистов подведя итоги переговоров в столице.;X;X;X;X;X;X
RESEARCH_NEWS_TITLE_LARGE2;Открытие в $TAG_0_0$!;X;X;X;X;X;X
RESEARCH_NEWS_LARGE2;$TAG_0_0_ADJ$ ученые вчера объявили, что после месяцев исследований, было совершено новое открытие в области $STRING_0_1$. Ожидается, что в ближайшее время крупнейшие предприниматели и правительство $TAG_0_0$ приступят к применению данных знаний на практике, повсеместно повышая качество продукции.;X;X;X;X;X;X
RESEARCH_NEWS_TITLE_MEDIUM2;Открытие в $TAG_0_0$!;X;X;X;X;X;X
RESEARCH_NEWS_MEDIUM2;$TAG_0_0_ADJ$ ученые объявили об открытии в области $STRING_0_1$. Полученные знания вскоре принесут пользу на приктике, заметил один из исследователей.;X;X;X;X;X;X
RESEARCH_NEWS_TITLE_SMALL2;Открытие в $TAG_0_0$!;X;X;X;X;X;X
RESEARCH_NEWS_SMALL2;$TAG_0_0_ADJ$ ученые заявили о прогрессе в области $STRING_0_1$.;X;X;X;X;X;X
INVENTION_NEWS_TITLE_LARGE2;Новое изобретение!;X;X;X;X;X;X
INVENTION_NEWS_LARGE2;Новости Науки: были запатентованы очередные улучшения и инновации в области $STRING_0_1$ исследователями из державы $TAG_0_0$. Полная документация данных изобретений пока держится в секрете, но в скором времени ожидается ее имплементация в существующие хозяйственные связи во многих странах, что послужит подспорьем мировому прогрессу в перспективе.;X;X;X;X;X;X
INVENTION_NEWS_TITLE_MEDIUM2;Новое изобретение!;X;X;X;X;X;X
INVENTION_NEWS_MEDIUM2;Усовершенствования и нововведения в области $STRING_0_1$ были официально задокументорованы в Государственном Патентном Бюро державы $TAG_0_0$.;X;X;X;X;X;X
INVENTION_NEWS_TITLE_SMALL2;Новое изобретение!;X;X;X;X;X;X
INVENTION_NEWS_SMALL2;Очередные открытия в области $STRING_0_1$ были совершены в державе $TAG_0_0$.;X;X;X;X;X;X 
EDITORIAL_ABSMON;От редакции: почему ненавидеть анти-монархистов в порядке вещей? Само Провидение этого требует! Почему эти маргиналы предпочли бы видеть сельскую чернь в правительстве (смотри стр. 10).;X;X;X;X;X;X
EDITORIAL_PRUCON;От редакции: почему ненавидеть реформаторов всех мастей правильно? Того требует естественный порядок вещей! Почему эти либеральные мыслители и космополиты превратят наше государство в бордель (смотри стр. 10).;X;X;X;X;X;X
EDITORIAL_CONMON;От редакции: почему ненавидеть республиканцев это нормально? Того требует стабильность! Почему, без улыбчивой марионетки, интриги и репрессии уничтожат нас всех (смотри стр. 10).;X;X;X;X;X;X
EDITORIAL_DEMOCRACY;От редакции: почему так разумна ненависть к революционерам всех мастей? Потому что их нельзя подкупить! Почему люди с таким рвением и преданностью идеям не проявляют никакого уважения к верховенству закона (смотри стр. 10).;X;X;X;X;X;X
EDITORIAL_PRESDICT;От редакции:почему ненавидеть вредителей - хорошо? Президент этого требует! Почему только вчера была осквернена вандалами мраморная статуями Его Превосходительства в столице (смотри стр. 10).;X;X;X;X;X;X
EDITORIAL_BOURDICT;От редакции: почему ненавидеть бедных в порядке вещей? Разумный эгоизм того требует! Почему эти паразитирующие жители трущоб выбрали жизнь в бедности. Проявляете к ним милосердие на свой страх и риск (смотри стр. 10);X;X;X;X;X;X
EDITORIAL_PROLDICT;От редакции: почему ненавидеть тунеядцев к лучшему? Такова воля партии! Почему даже самый нищий деревенский пекарь эксплуататор? Искоренение богатых освободит всех нас (смотри стр. 10).;X;X;X;X;X;X
EDITORIAL_FASCDICT;От редакции: почему ненавидеть тунеядцев к лучшему? Такова воля партии! Почему даже самый нищий деревенский пекарь эксплуататор? Искоренение богатых освободит всех нас (смотри стр. 10).;X;X;X;X;X;X
FAKE_UNKNOWN;Еще одно последствие Вольстедского акта о введение Сухого Закона — американцы создают коктейли с целью сделать контрабандный алкоголь вкуснее.;X;X;X;X;X;X
GOODS_PRICE_UP_TITLE_LARGE;ЦЕНЫ РАСТУТ!;X;X;X;X;X;X
GOODS_PRICE_UP_LARGE;В последние $VALUE_INT_0_0$ мес. цена на $STRING_0_1$ постоянно росла. Капиталисты и ремесленники постоянно борются за производство товара $STRING_0_1$, чтобы удовлетворить постоянно растущий спрос.;X;X;X;X;X;X
GOODS_PRICE_UP_TITLE_MEDIUM;ЦЕНЫ РАСТУТ!;X;X;X;X;X;X
GOODS_PRICE_UP_MEDIUM;В последние $VALUE_INT_0_0$ мес. цена на $STRING_0_1$ постоянно росла. Капиталисты и ремесленники постоянно борются за производство товара $STRING_0_1$, чтобы удовлетворить постоянно растущий спрос.;X;X;X;X;X;X
GOODS_PRICE_UP_TITLE_SMALL;ЦЕНЫ РАСТУТ!;X;X;X;X;X;X
GOODS_PRICE_UP_SMALL;В последние $VALUE_INT_0_0$ мес. цена на $STRING_0_1$ постоянно росла.;X;X;X;X;X;X
GOODS_PRICE_DOWN_TITLE_LARGE;ЦЕНЫ ПАДАЮТ!;X;X;X;X;X;X
GOODS_PRICE_DOWN_LARGE;В последние $VALUE_INT_0_0$ мес. цена на $STRING_0_1$ упала ниже плинтуса! Во всем мире производители товара $STRING_0_1$ переходят на другие товары, чтобы возместить убытки.;X;X;X;X;X;X
GOODS_PRICE_DOWN_TITLE_MEDIUM;ЦЕНЫ ПАДАЮТ!;X;X;X;X;X;X
GOODS_PRICE_DOWN_MEDIUM;В последние $VALUE_INT_0_0$ мес. цена на $STRING_0_1$ упала ниже плинтуса! Во всем мире производители товара $STRING_0_1$ переходят на другие товары, чтобы возместить убытки.;X;X;X;X;X;X
GOODS_PRICE_DOWN_TITLE_SMALL;ЦЕНЫ ПАДАЮТ!;X;X;X;X;X;X
GOODS_PRICE_DOWN_SMALL;В последние $VALUE_INT_0_0$ мес. цена на $STRING_0_1$ упала ниже плинтуса!;X;X;X;X;X;X
REVOLUTION_NEWS_TITLE_LARGE;РЕВОЛЮЦИЯ В ДЕРЖАВЕ $TAG_0_0_UPPER$!;X;X;X;X;X;X
REVOLUTION_NEWS_LARGE;В державе $TAG_0_0$ произошла революция! $STRING_0_0$ разбили правительственные войска и захватили страну. $TAG_0_0$ сейчас находится под контролем политического объединения $STRING_0_4$. «Теперь, когда мы взяли власть, мы проведем немедленные реформы, отражающие нашу позицию», - как они заявили. «Мы не изгои и хотим вести равноправную политику с нашими международными партнерами». Также мы слышали, что новое правительство не собирается выполнять обязательства своих предшественников.;X;X;X;X;X;X
REVOLUTION_NEWS_TITLE_MEDIUM;РЕВОЛЮЦИЯ В ДЕРЖАВЕ $TAG_0_0_UPPER$!;X;X;X;X;X;X
REVOLUTION_NEWS_MEDIUM;В державе $TAG_0_0$ произошла революция! $STRING_0_0$ разбили правительственные войска и захватили страну. $TAG_0_0$ сейчас находится под контролем политического объединения $STRING_0_4$.;X;X;X;X;X;X
REVOLUTION_NEWS_TITLE_SMALL;РЕВОЛЮЦИЯ!;X;X;X;X;X;X
REVOLUTION_NEWS_SMALL;В державе $TAG_0_0$ произошла революция! $STRING_0_0$ разбили правительственные войска и захватили страну.;X;X;X;X;X;X 
INVENTION_NEWS_TITLE_LARGE;ОТКРЫТИЕ!;X;X;X;X;X;X
INVENTION_NEWS_LARGE;Учеными и инженерами державы $TAG_0_0$ было запатентовано новое изобретение: $STRING_0_1$.;X;X;X;X;X;X
INVENTION_NEWS_TITLE_MEDIUM;ОТКРЫТИЕ!;X;X;X;X;X;X
INVENTION_NEWS_MEDIUM;Учеными и инженерами державы $TAG_0_0$ было запатентовано новое изобретение: $STRING_0_1$.;X;X;X;X;X;X
INVENTION_NEWS_TITLE_SMALL;ОТКРЫТИЕ!;X;X;X;X;X;X
INVENTION_NEWS_SMALL;Учеными и инженерами державы $TAG_0_0$ было запатентовано новое изобретение: $STRING_0_1$.;X;X;X;X;X;X
INVENTION_SUFFIX1; Прогресс не остановить!;X;X;X;X;X;X
INVENTION_SUFFIX2; Вперед к будущему!;X;X;X;X;X;X
INVENTION_SUFFIX3; Возможно это означает погибель для всех!;X;X;X;X;X;X
INVENTION_SUFFIX4; Хорошие новости!;X;X;X;X;X;X
INVENTION_SUFFIX5; Это рассвет новой эры!;X;X;X;X;X;X
INVENTION_SUFFIX6; Сегодняшний прогресс по вчерашнему плану.;X;X;X;X;X;X
INVENTION_SUFFIX7; Будем надеяться, что они используют его во благо.;X;X;X;X;X;X
INVENTION_SUFFIX8; Наука никогда не спит!;X;X;X;X;X;X
INVENTION_SUFFIX_LONG1; Но какой ценой?;X;X;X;X;X;X
INVENTION_SUFFIX_LONG2; Что они думают о будущем?;X;X;X;X;X;X
INVENTION_SUFFIX_LONG3; Это не приживется.;X;X;X;X;X;X
INVENTION_SUFFIX_LONG4; Они украли нашу идею!;X;X;X;X;X;X
PARTY_NEWS_TITLE_LARGE;НОВАЯ ПОЛИТИЧЕСКАЯ ПАРТИЯ В ДЕРЖАВЕ $TAG_0_0_UPPER$;X;X;X;X;X;X
PARTY_NEWS_LARGE;В державе $TAG_0_0$ появилась новая политическая партия - $STRING_0_0$. Идеологически они $STRING_0_2$. «В настоящий момент мы работаем над кадровым составом и партийными структурами», - комментирует работник партии. Объединяя недовольных активистов и прочих партия собирается созвать национальное собрание, там выбрать своих представителей и подготовить программу. Они надеются, что несмотря на трудности все-таки смогут прийти к власти.;X;X;X;X;X;X
PARTY_NEWS_TITLE_MEDIUM;НОВАЯ ПОЛИТИЧЕСКАЯ ПАРТИЯ В ДЕРЖАВЕ $TAG_0_0_UPPER$;X;X;X;X;X;X
PARTY_NEWS_MEDIUM;В державе $TAG_0_0$ появилась новая политическая партия - $STRING_0_0$. Идеологически они $STRING_0_2$. «В настоящий момент мы работаем над кадровым составом и партийными структурами», - комментирует работник партии.Объединяя недовольных активистов и прочих партия собирается созвать национальное собрание.;X;X;X;X;X;X
PARTY_NEWS_TITLE_SMALL;Новая партия;X;X;X;X;X;X
PARTY_NEWS_SMALL;В державе $TAG_0_0$ появилась новая политическая партия - $STRING_0_0$. Идеологически они $STRING_0_2$. Они надеются, что несмотря на трудности все-таки смогут прийти к власти.;X;X;X;X;X;X
PROVINCE_NEWS_TITLE_LARGE;$TAG_0_1_UPPER$ РАСШИРЯЕТСЯ!;X;X;X;X;X;X
PROVINCE_NEWS_LARGE;Провинция $STRING_0_0$ теперь принадлежит державе $TAG_0_1$. Их министр иностранных дел заявил, что $STRING_0_0$ отныне является неотьемлемой частью их страны и что $TAG_0_0$ не имеет более никаких прав на неё.;X;X;X;X;X;X
PROVINCE_NEWS_TITLE_MEDIUM;$TAG_0_1_UPPER$ РАСШИРЯЕТСЯ!;X;X;X;X;X;X
PROVINCE_NEWS_MEDIUM;Провинция $STRING_0_0$ теперь принадлежит державе $TAG_0_1$. Их министр иностранных дел заявил, что провинция $STRING_0_0$ отныне является неотьемлемой частью их страны.;X;X;X;X;X;X
PROVINCE_NEWS_TITLE_SMALL;$TAG_0_1$ расширяется!;X;X;X;X;X;X
PROVINCE_NEWS_SMALL;Провинция $STRING_0_0$ теперь принадлежит державе $TAG_0_1$. Их министр иностранных дел выглядел довольным во время интервью.;X;X;X;X;X;X
RESEARCH_NEWS_TITLE_LARGE;$TAG_0_0_ADJ$ исследование завершено!;X;X;X;X;X;X
RESEARCH_NEWS_LARGE;Ученые державы $TAG_0_0$ недавно завершили исследование $STRING_0_1$. Этот прорыв, несомненно дает державе $TAG_0_0$ ряд преимуществ в ближайшее время, с рядом сопутствующих открытий.;X;X;X;X;X;X
RESEARCH_NEWS_TITLE_MEDIUM;$TAG_0_0_ADJ$ исследование завершено!;X;X;X;X;X;X
RESEARCH_NEWS_MEDIUM;Ученые державы $TAG_0_0$ недавно завершили исследование $STRING_0_1$. Этот прорыв, несомненно дает державе $TAG_0_0$ ряд преимуществ в ближайшее время, с рядом сопутствующих открытий.;X;X;X;X;X;X
RESEARCH_NEWS_TITLE_SMALL;$TAG_0_0_ADJ$ исследование завершено!;X;X;X;X;X;X
RESEARCH_NEWS_SMALL;Ученые державы $TAG_0_0$ недавно завершили исследование $STRING_0_1$.;X;X;X;X;X;X
WAR_NEWS_TITLE_LARGE;ВОЙНА МЕЖДУ ДЕРЖАВАМИ $TAG_0_0_UPPER$ И $TAG_0_1_UPPER$!;X;X;X;X;X;X
WAR_NEWS_LARGE;$DATE_LONG_0$ $TAG_0_0$ объявила войну державе $TAG_0_1$. Министр иностранных дел державы $TAG_0_0$, когда его спросили о причине войны, заявил о необходимости «$STRING_0_1$». «Мы только хотим вернуть принадлежащее нам по праву и восстановить порядок в регионе», - добавил он. «Эта агрессия не останется незамеченной», - сказал его коллега из державы $TAG_0_1$, требуя осуждения агрессора. Да помилует их Господь.;X;X;X;X;X;X
WAR_NEWS_TITLE_MEDIUM;ДЕРЖАВА $TAG_0_0_UPPER$ НАЧАЛА ВОЙНУ!;X;X;X;X;X;X
WAR_NEWS_MEDIUM;$DATE_LONG_0$ $TAG_0_0$ объявила войну державе $TAG_0_1$. Причина объявления войны: «$STRING_0_1$». «Агрессия не останется безнаказанной», - заявил министр иностранных дел державы $TAG_0_1$.;X;X;X;X;X;X
WAR_NEWS_TITLE_SMALL;ДЕРЖАВА $TAG_0_0_UPPER$ В СОСТОЯНИИ ВОЙНЫ!;X;X;X;X;X;X
WAR_NEWS_SMALL;$DATE_LONG_0$ $TAG_0_0$ объявила войну державе $TAG_0_1$.;X;X;X;X;X;X 
KEYNAME;Текст;X;X;X;X;X;X
DEFINE_ADMIRAL_EFFECT;Будет принят на службу §Yадмирал $NAME$§W ($PER$, $BAC$).\n;X;X;X;X;X;X
DEFINE_GENERAL_EFFECT;Будет принят на службу §Yгенерал $NAME$§W ($PER$, $BAC$).\n;X;X;X;X;X;X
DO_NOT_HAVE_TECH_TRI;Еще НЕ изучена технология §Y$TECH$§W\n;X;X;X;X;X;X
HAVE_TECH_TRI;Изучена технология §Y$TECH$§W\n;X;X;X;X;X;X
NO_RAIL_YET;Мы не можем поощрить строительство железных дорог, поскольку еще не знаем, как их строить.;X;X;X;X;X;X
NOT_DISC_THESE_YET;Мы не можем поощрить отрасль промышленности, которая еще не создана нами.;X;X;X;X;X;X
WAR_WE_ACCEPT_HEADER;Министр иностранных дел сообщает;X;X;X;X;X;X
WAR_WE_ACCEPT_1;ВОЙНА!;X;X;X;X;X;X
WAR_WE_ACCEPT_2;$MONARCHTITLE$, $BADWORD$ из державы;X;X;X;X;X;X
WAR_WE_ACCEPT_4;объявили нам войну! Пришло время великой битвы...;X;X;X;X;X;X
WAR_WE_ACCEPT_LOG;Держава $AGRESSOR$ объявила нам войну!;X;X;X;X;X;X
WAR_WE_ACCEPT_BTN1;ОК;X;X;X;X;X;X
WAR_WE_ACCEPT_BTN2;ОК;X;X;X;X;X;X
WAR_WE_ACCEPT_BTN3;Перейти;X;X;X;X;X;X
WAR_WE_ACCEPT_MAP;ВОЙНА!;X;X;X;X;X;X
WAR_OTHER_ACCEPT_SETUP;Держава объявляет войну другой державе;X;X;X;X;X;X
WAR_OTHER_ACCEPT_HEADER;Министр иностранных дел сообщает;X;X;X;X;X;X
WAR_OTHER_ACCEPT_1;Начало войны!;X;X;X;X;X;X
WAR_OTHER_ACCEPT_2;$MONARCHTITLE$, держава §Y$AGRESSOR$§W;X;X;X;X;X;X
WAR_OTHER_ACCEPT_3;объявила войну;X;X;X;X;X;X
WAR_OTHER_ACCEPT_4;державе §Y$DEFENDER$§W.;X;X;X;X;X;X
WAR_OTHER_ACCEPT_LOG;Держава $AGRESSOR$ объявила войну державе $DEFENDER$.;X;X;X;X;X;X
WAR_OTHER_ACCEPT_BTN1;ОК;X;X;X;X;X;X
WAR_OTHER_ACCEPT_BTN2;ОК;X;X;X;X;X;X
WAR_OTHER_ACCEPT_BTN3;Перейти;X;X;X;X;X;X
DECLWAR_LIMITED;Это ограниченная война.;X;X;X;X;X;X
WAR_THEY_ACCEPT_SETUP;Мы объявляем войну другой державе;X;X;X;X;X;X
WAR_THEY_ACCEPT_HEADER;Министр иностранных дел сообщает;X;X;X;X;X;X
WAR_THEY_ACCEPT_1;ВОЙНА!;X;X;X;X;X;X
WAR_THEY_ACCEPT_2;Мы объявили войну державе;X;X;X;X;X;X
WAR_THEY_ACCEPT_LOG;Мы объявили войну державе $DEFENDER$.;X;X;X;X;X;X
WAR_THEY_ACCEPT_BTN1;ОК;X;X;X;X;X;X
WAR_THEY_ACCEPT_BTN2;ОК;X;X;X;X;X;X
WAR_THEY_ACCEPT_BTN3;Перейти;X;X;X;X;X;X
WAR_THEY_ACCEPT_MAP;ВОЙНА!;X;X;X;X;X;X
LOSE_CORE_EFFECT_2;Держава $WHO$ перестанет считать национальной провинцию $LOSE$.\n;X;X;X;X;X;X
INFRA_LEVEL_HERE;Уровень инфраструктуры - §Y$VAL$%§W.;X;X;X;X;X;X
COALITION_WIN;§Y$IDE$§W, образовав коалицию, получили $VAL$% голосов, и теперь будут формировать правительство.;X;X;X;X;X;X
COLONY_SUCCESS_SETUP;Мы успешно основываем новую колонию;X;X;X;X;X;X
COLONY_FAIL_SETUP;Нам не удается основать новую колонию;X;X;X;X;X;X
TOPBAR_INC_SPEED;Увеличить скорость игры;X;X;X;X;X;X
REMOVE_TOPBAR_DEC_SPEED;Уменьшить скорость игры;X;X;X;X;X;X
TOPBAR_CLOSE_OUTLINER;Закрыть планировщик;X;X;X;X;X;X
TOPBAR_OPEN_OUTLINER;Открыть планировщик;X;X;X;X;X;X
SLOWEST_SPEED;Очень низкая;X;X;X;X;X;X
SLOW_SPEED;Низкая;X;X;X;X;X;X
NORMAL_SPEED;Средняя;X;X;X;X;X;X
FAST_SPEED;Высокая;X;X;X;X;X;X
FASTEST_SPEED;Очень высокая;X;X;X;X;X;X
TOPBAR_DATE;Это текущая дата игры\n(нажмите для постановки паузы);X;X;X;X;X;X
TOPBAR_DATE_IS_PAUSED;Это текущая дата игры\n(нажмите для снятия паузы);X;X;X;X;X;X
TOPBAR_PAUSE_INDICATOR;Игра сейчас стоит на паузе.;X;X;X;X;X;X
TOPBAR_SPEED_INDICATOR;Скорость игры - §Y$SPEED$§W;X;X;X;X;X;X
HAS_TECH_SCHOOL;Технологическая школа - §Y$TECH$§W\n;X;X;X;X;X;X
HAS_NOT_TECH_SCHOOL;Технологическая школа - не §Y$TECH$§W\n;X;X;X;X;X;X
NEW_CORE_EFFECT_TAG;Для державы $TAG$ §Yвсе§W провинции станут национальными.\n;X;X;X;X;X;X
ANY_OWNED_LIMITED;Для любой провинции, такой что\n;X;X;X;X;X;X
TECH_MINE_SIZE;Размер шахт;X;X;X;X;X;X
TECH_FARM_SIZE;Размер ферм;X;X;X;X;X;X
NO_TECH_SELECTED;Ничего не выбрано;X;X;X;X;X;X
IS_CIVILIZED;Является цивилизованным государством;X;X;X;X;X;X
IS_NOT_CIVILIZED;Не является цивилизованным государством;X;X;X;X;X;X
IS_INDEP;Не находится под иностранным влиянием\n;X;X;X;X;X;X
IS_NOT_INDEP;Находится под иностранным влиянием\n;X;X;X;X;X;X
ELECTION_INFO_IN_GOV;Ведется избирательная кампания.;X;X;X;X;X;X
REGIMENT_POP_NAME;$NUM$-я бригада ($POP$);X;X;X;X;X;X
REGIMENT_HOME_NAME;$NUM$-я бригада пров. $HOME$;X;X;X;X;X;X
SUBUNIT_POP;$TYPE$ (§Y$CULTURE$§W) из провинции §Y$LOCATION$§W.;X;X;X;X;X;X
THERE_ARE_BACKING;§Y$VAL$§W населения желает этой реформы.;X;X;X;X;X;X
ORG_EXPLANATION_TT;Чем выше это значение, тем сильнее будут становиться повстанцы.;X;X;X;X;X;X
COLONIAL_MIGRATION_TECH;Колониальная миграция;X;X;X;X;X;X
COMBAT_WIDTH_TECH;Ширина фронта;X;X;X;X;X;X
PLURALITY_EXPLANATION;Плюрализм - средний уровень сознательности нашей державы. Воспоминания о прошлых победах и поражениях во имя свободы говорят нашему народу о том, что могло бы быть.;X;X;X;X;X;X
REMOVE_REVANCHISM_EXPLANATION;убрано;X;X;X;X;X;X
GAIN_PROVINCE;От державы §Y$WHO$§W будет получена провинция §Y$WHERE$§W.\n;X;X;X;X;X;X
REVANCHISM_LOWER;Реваншизм меньше §Y$VAL$§W\n;X;X;X;X;X;X
REVANSCHISM_ATLEAST;Реваншизм больше или равен §Y$VAL$§W\n;X;X;X;X;X;X
CANAL_1;Кильский канал;X;X;X;X;X;X
CANAL_2;Суэцкий канал;X;X;X;X;X;X
CANAL_3;Панамский канал;X;X;X;X;X;X
CANAL_4;Дарданеллы;X;X;X;X;X;X
CANAL_5;Босфор;X;X;X;X;X;X
CANAL_6;Копенгаген;X;X;X;X;X;X
CANAL_12;Юкатан;X;X;X;X;X;X
CANAL_13;Флорида1;X;X;X;X;X;X
CANAL_14;Флорида2;X;X;X;X;X;X
ENABLE_CANAL;Построить §Y$NAME$§W!\n;X;X;X;X;X;X
CANAL_NOT_ENABLED;§Y$NAME$§W еще не построен\n;X;X;X;X;X;X
CANAL_ENABLED;§Y$NAME$§W построен!\n;X;X;X;X;X;X
ADMINISTRATIVE_TAX_EFFICIENCY;Административная эффективность налогообложения: §Y$VALUE$§W%.;X;X;X;X;X;X
AVG_MIL_ON_MAP;Средняя агрессивность: §Y$VALUE$§W;X;X;X;X;X;X
POP_PRODUCED;Произведено: §Y$VAL$§W;X;X;X;X;X;X
POP_SOLD;Продано: §Y$VAL$§W;X;X;X;X;X;X
POP_SOLD_DOMESTIC;Продано на внутреннем рынке: §Y$VAL$§W;X;X;X;X;X;X
POP_SOLD_EXPORT;Продано на экспорт: §Y$VAL$§W;X;X;X;X;X;X
POP_WANT_BOUGHT;Куплено: §Y$VAL$§W;X;X;X;X;X;X
POP_WANT_BUY;Требуется: §Y$VAL$§W;X;X;X;X;X;X
POP_WANT_AFFORD;Получено: §Y$VAL$§W;X;X;X;X;X;X
POP_PRODUCER_MARKET;Этот производитель;X;X;X;X;X;X
POP_WORLD_MARKET;§YМировой рынок§W;X;X;X;X;X;X
OR_TRIG_SHORT;Одно из двух:;X;X;X;X;X;X
GENERAL;Генерал;X;X;X;X;X;X
ADMIRAL;Адмирал;X;X;X;X;X;X
CURR_COMB_STR;Боеспособность равна ;X;X;X;X;X;X
CURR_COMB_ORG;Организация равна ;X;X;X;X;X;X
UW_ASSIGN;Автоназначение;X;X;X;X;X;X
RANK_PRESTIGE;Престиж;X;X;X;X;X;X
RANK_PRESTIGE_D;Рост престижа зависит от развития культуры и успехов в управлении страной.;X;X;X;X;X;X
RANK_INDUSTRY;Промышленная мощь;X;X;X;X;X;X
RANK_INDUSTRY_D;Промышленная мощь - мера уровня индустриализации. Она зависит от числа заводов и общей стоимости продукции, которую выпускает страна.;X;X;X;X;X;X
RANK_MILITARY;Военная мощь;X;X;X;X;X;X
RANK_MILITARY_D;Военная мощь зависит от силы армии страны. Оценка производится по численности и оснащению.;X;X;X;X;X;X
RANK_TOTAL_D;Восемь сильнейших государств - это §Yвеликие державы§W, которые могут влиять на прочие страны и контролировать их. Следующие восемь - §Yколониальные державы§W, которые могут проводить колонизацию и иногда бросают вызов великим державам. Наконец, есть еще §Yцивилизованные§W и §Yнецивилизованные§W государства. Первые из них живут по «европейскому образцу», вторые - нет.;X;X;X;X;X;X
TYPE_SPECIAL;Другие;X;X;X;X;X;X
COVIEW_ORG_VALUE;Текущий уровень организации;X;X;X;X;X;X
COVIEW_STR_NAVAL;Число кораблей в эскадре;X;X;X;X;X;X
COVIEW_STR_LAND;Численность солдат, сражающихся за эту сторону.;X;X;X;X;X;X
MAY_NOT_RETREAT;Невозможно, да и не почетно отступать с поля сражения сразу, как оно только началось.;X;X;X;X;X;X
COMBAT_DICE;Случайный модификатор для текущей фазы боя.;X;X;X;X;X;X
COMBAT_TERRAIN;Штраф за атаку на сложном рельефе.;X;X;X;X;X;X
COMBAT_CROSSING;Штраф за атаку через водное препятствие.;X;X;X;X;X;X
COMBAT_DIGIN;Штраф за атаку окопавшегося противника.;X;X;X;X;X;X
PRODUCTION_COST_BUILD;Стоимость строительства: §Y$VAL$§W;X;X;X;X;X;X
PRODUCTION_COST_INPUT;Стоимость затрат: §Y$VAL$§W;X;X;X;X;X;X
PRODUCTION_NO_PROJECT;Нет проекта;X;X;X;X;X;X
PRODUCTION_PROJECT_MONEY;На этот проект затрачено §Y$MONEY$§W¤ из необходимых §Y$NEED$§W¤;X;X;X;X;X;X
WAR_HAS_COMPLETE_VICTORY;Полная победа;X;X;X;X;X;X
DIPLOMACY_CAN_INTERVENE;Вмешаться в войну;X;X;X;X;X;X
DIPLOMACY_CANNOT_INTERVENE;Вмешаться в войну\nМы не можем вступить в войну на стороне этой державы вследствие следующего:;X;X;X;X;X;X
DIPLOMACY_OPINION_INFLUENCE;Мнение о державе §Y$GP$§W: §Y$OPINION$§W;X;X;X;X;X;X
DIPLOMACY_OPINION_INFLUENCE2;§Y$GP_ADJ$§W влияние: §Y$VALUE$§W;X;X;X;X;X;X
DIPLOMACY_SET_PRIO_DESC;Показатель влияния отражает уровень присутствия §Yвеликой державы§W в стране.;X;X;X;X;X;X
DIPLOMACY_PRIMARYCULTURE_DESC;Основной культурой державы считается та национальность, чьи представители являются полноправными гражданами страны.;X;X;X;X;X;X
DIPLOMACY_ACCEPTEDCULTURE_DESC;К признанным культурам державы относятся те национальности, чье право на жительство в стране утверждено ее правительством.;X;X;X;X;X;X
PROJECT_BUILD;Постройка;X;X;X;X;X;X
PROJECT_REOPEN;Возобновление;X;X;X;X;X;X
PROJECT_EXPAND;Расширение;X;X;X;X;X;X
BUDGET_GOLD_INCOME_DESC;Доход с золотых приисков и шахт;X;X;X;X;X;X
TOTAL_TAX_EFFICIENCY;Эффективность налогообложения: §Y$VAL$§W;X;X;X;X;X;X
TOTAL_TAX_EFFICIENCY_BASED;Рассчитывается от:;X;X;X;X;X;X
TAX_POOR_DESC;Этот ползунок определяет, какой процент от дохода представителей бедных классов будет идти в казну. Слишком высокие налоги приведут к меньшим тратам населения на собственные нужды.;X;X;X;X;X;X
TAX_MIDDLE_DESC;Этот ползунок определяет, какой процент от дохода представителей средних классов будет идти в казну. Слишком высокие налоги приведут к меньшим тратам на собственные нужды или на бизнес.;X;X;X;X;X;X
TAX_RICH_DESC;Этот ползунок определяет, какой процент от дохода представителей богатых классов будет идти в казну. Слишком высокие налоги приведут к меньшим тратам на собственные нужды, а также к сокращению инвестиций в промышленность.;X;X;X;X;X;X
MIL_COST_DESC;Расходы на припасы для нашей армии и флота.;X;X;X;X;X;X
NAT_STOCK_DESC;Затраты на заполнение наших государственных запасов.;X;X;X;X;X;X
IND_SUP_DESC;Затраты правительства на субсидии для фабрик. Национальные денежные резервы могут использоваться для помощи фабрикам в покупке сырья и выплатах заработной платы рабочим.;X;X;X;X;X;X
TARIFFS_DESC;Пошлины увеличивают стоимость импортируемых товаров, принося дополнительные доходы в государственный бюджет. Установление отрицательного уровня пошлин приведет к выплате субсидий населению нашей страны на покупку им иностранных товаров.;X;X;X;X;X;X
WARSUBSIDIES_EXPENSE;Военные субсидии: §R$VAL$§W;X;X;X;X;X;X
WARINDEMNITIES_EXPENSE;Военная контрибуция: §R$VAL$§W;X;X;X;X;X;X
WARSUBSIDIES_INCOME;Военные субсидии: §G$VAL$§W;X;X;X;X;X;X
WARINDEMNITIES_INCOME;Военная контрибуция: §G$VAL$§W;X;X;X;X;X;X
REMOVE_BUDGET_DIPL_DESC;Различные доходы или расходы, связанные с дипломатическими действиями или мирными договорами.;X;X;X;X;X;X
MODIFIER_MOBILISED;Мобилизация: $VALUE$;X;X;X;X;X;X
MODIFIER_OVERSEAS;Штраф заморским территориям: $VALUE$;X;X;X;X;X;X
TRADE_OVERSEAS_NEED;$VAL$ для заморских территорий.\n;X;X;X;X;X;X
BUDGET_OVERSEAS;Заморские территории;X;X;X;X;X;X
BUDGET_DIPL_DESC;Различные доходы или расходы, связанные с дипломатическими действиями или мирными договорами.;X;X;X;X;X;X
POP_DETAILS_INTERNAL_MIGRATION;Внутренняя миграция:;X;X;X;X;X;X
POP_DETAILS_EXTERNAL_MIGRATION;Внешняя миграция:;X;X;X;X;X;X
POP_DETAILS_COLONIAL_MIGRATION;Колониальная миграция:;X;X;X;X;X;X
PRODUCTION_OUTPUT_YESTERDAY;Производится §Y$VALUE$§W ед. ежедневно;X;X;X;X;X;X
PRODUCTION_OUTPUT_GOODS_TOOLTIP2;Макс. выпуск: §Y$CURR$§W;X;X;X;X;X;X
PRODUCTION_CURRENT_STOCKPILE;Текущие запасы: §Y$VALUE$§W;X;X;X;X;X;X
POP_DAILY_INTEREST;Процент по вкладам: §Y$VAL$§W¤;X;X;X;X;X;X
MODIFIER_OVERSEAS_PRODUCTION_PENALTY;Штраф за заморские фабрики/ДП: $VALUE$;X;X;X;X;X;X
PRODUCTION_FACTORY_EMPLOYEECOUNT_TOOLTIP2;Численность работников: $EMPLOYEES$/$EMPLOYEE_MAX$;X;X;X;X;X;X
LIFERATING_EFFECT;Уровень жизни $DIRECTION$ на $VALUE$.\n;X;X;X;X;X;X
MILITARY_ARMY_COUNT_TOOLTIP;Число армий: §Y$VALUE$§W;X;X;X;X;X;X
MILITARY_NAVY_COUNT_TOOLTIP;Число эскадр: §Y$VALUE$§W;X;X;X;X;X;X
MILITARY_ARMY_CONSTRUCTION_TOOLTIP;Формирующиеся бригады: §Y$VALUE$§W;X;X;X;X;X;X
MILITARY_NAVY_CONSTRUCTION_TOOLTIP;Строящиеся корабли: §Y$VALUE$§W;X;X;X;X;X;X
MILITARY_SORT_BY_TYPE_TOOLTIP;Сортировать по типу командира;X;X;X;X;X;X
MILITARY_SORT_BY_NAME_TOOLTIP;Сортировать по имени;X;X;X;X;X;X
MILITARY_SORT_BY_ASSIGNMENT_TOOLTIP;Сортировать по подразделению;X;X;X;X;X;X
MILITARY_SORT_BY_STRENGTH_TOOLTIP;Сортировать по численности;X;X;X;X;X;X
MILITARY_SORT_ASSIGNMENT;Должность;X;X;X;X;X;X
MILITARY_BACKGROUND;Происхождение: §Y$NAME$§W;X;X;X;X;X;X
MILITARY_PERSONALITY;Личность: §Y$NAME$§W;X;X;X;X;X;X
REMOVE_MILITARY_LEADER_NAME_TOOLTIP;§Y$NAME$§W командует подразделением §Y$ARMY$§W, находящимся в провинции §Y$LOCATION$§W.;X;X;X;X;X;X
MILITARY_STRENGTH_TOOLTIP2;Боеспособность подразделения: §Y$PERCENT$%§W.\nЧисленность: $VALUE$/§Y$MAX$§W.;X;X;X;X;X;X
MILITARY_SHIPSTRENGTH_TOOLTIP2;Боеспобсность подразделения: §Y$PERCENT$%§W.\n;X;X;X;X;X;X
MILITARY_REGIMENTS_TOOLTIP;Число бригад: §Y$VALUE$§W;X;X;X;X;X;X
MILITARY_SHIPS_TOOLTIP;Количество кораблей: §Y$VALUE$§W;X;X;X;X;X;X
MILITARY_CURRENT_LOCATION;Текущее местоположение: §Y$LOC$§W.;X;X;X;X;X;X
REMOVE_MILITARY_MOBILIZE;Мобилизация населения;X;X;X;X;X;X
REMOVE_MILITARY_MOBILIZE_DESC;Описание мобилизации;X;X;X;X;X;X
REMOVE_MILITARY_DEMOBILIZE;Демобилизация населения;X;X;X;X;X;X
REMOVE_MILITARY_DEMOBILIZE_DESC;Описание демобилизации;X;X;X;X;X;X
MILITARY_WAR_EXHAUSTION;Военная усталость;X;X;X;X;X;X
MILITARY_SUPPLY_CONSUMPTION;Потребление припасов;X;X;X;X;X;X
MILITARY_ORG_REGAIN;Рост организации;X;X;X;X;X;X
MILITARY_ARMY_ORG;Организация армии;X;X;X;X;X;X
MILITARY_NAVY_ORG;Организация флота;X;X;X;X;X;X
MILITARY_UNIT_EXPERIENCE;Начальный опыт частей;X;X;X;X;X;X
MILITARY_RECRUIT_TIME;Время формирования;X;X;X;X;X;X
MILITARY_COMBAT_WIDTH;Ширина фронта;X;X;X;X;X;X
COMWID_BASE;Базовое значение: §Y$VAL$§W;X;X;X;X;X;X
MILITARY_WAR_EXHAUSTION_TOOLTIP;Военная усталость: $VALUE$;X;X;X;X;X;X
MILITARY_MAX_WAR_EXHAUSTION_TOOLTIP;Максимум военной усталости: $VALUE$;X;X;X;X;X;X
MILITARY_BASEVALUE_PERCENT;Базовое значение: §Y100%§W;X;X;X;X;X;X
MILITARY_BASEVALUE;Базовое значение: §Y0.00§W;X;X;X;X;X;X
AVAILABLE_EXPORTS;На экспортных рынках: $VAL$;X;X;X;X;X;X
MILITARY_BUILD_UNIT_TOOLTIP;Сформировать подразделение §Y$NAME$§W в провинции §Y$LOC$§W.;X;X;X;X;X;X
MILITARY_CANCEL_BUILD_UNIT_TOOLTIP;Отказ от формирования подразделения §Y$NAME$§W в провинции §Y$LOC$§W.;X;X;X;X;X;X
POP_DETAILS_MONEY;Деньги:;X;X;X;X;X;X
POP_DETAILS_INCOME;Доходы:;X;X;X;X;X;X
POP_DETAILS_BANK;Вклады:;X;X;X;X;X;X
POP_DETAIL_LIFENEEDS;Жизненные нужды;X;X;X;X;X;X
POP_DETAIL_EVERYDAYNEEDS;Ежедневные нужды;X;X;X;X;X;X
POP_DETAIL_LUXUARYNEEDS;Предметы роскоши;X;X;X;X;X;X
CLICK_FOR_DETAILS;Нажмите для получения более детальной информации.;X;X;X;X;X;X
REAL_DEMAND;Реальный спрос: $VAL$;X;X;X;X;X;X
TRADE_TOP_PRODUCERS;Основные производители:;X;X;X;X;X;X
REMOVE_EVTNAME14040;Любовь и война в $COUNTRY$;X;X;X;X;X;X
REMOVE_EVTNAME14120_sub;Предвыборные дебаты о религии;X;X;X;X;X;X
REMOVE_EVTNAME14210_sub;$COUNTRY$ за мир во всем мире;X;X;X;X;X;X
DIPLOMACY_INFAMY;Бесчестье: §Y$VALUE$§W;X;X;X;X;X;X
WARDIALOG_INFAMY;$VALUE$ бесчестья;X;X;X;X;X;X
WARDIALOG_PRESTIGE;$VALUE$ престижа;X;X;X;X;X;X
WARDIALOG_PEACECOST;$VALUE$ цены мира;X;X;X;X;X;X
WARDIALOG_SELECT_COUNTRY;Выберите §Yдержаву§W из списка справа.;X;X;X;X;X;X
WARDIALOG_SELECT_STATE;Выберите §Yрегион§W из списка справа.;X;X;X;X;X;X
POP_DETAILS_UNEMPLOYED;Безработица:;X;X;X;X;X;X
POP_DETAILS_POPCHANGES;Изменения численности;X;X;X;X;X;X
OUTLINER_QUEUED;Подразделения в очереди:;X;X;X;X;X;X
BUDGET_NO_LOANS_TO_REPAY;В настоящий момент у нас нет невыплаченных займов.;X;X;X;X;X;X
POPDETAIL_NO_REBEL;Нет связей с повстанцами;X;X;X;X;X;X
PRODUCTION_STOCKPILE_LACK_COST;Затраты на товары:;X;X;X;X;X;X
DIPLOMACY_AT_WAR_WITH;Враги:;X;X;X;X;X;X
COLONIZE_CLOSEST_BASE_TO_FAR_SPEC;Ближайшая морская база в провинции §Y$PROV$§W недостаточно близка для колонизации.\n(Морская дистанция: §R$NEED$§W/§Y$CURR$§W от необходимого).;X;X;X;X;X;X
COLONIZE_CLOSEST_BASE_SPEC;Ближайшая морская база находится в провинции §Y$PROV$§W.\n(Морская дистанция: §R$NEED$§W/§Y$CURR$§W от необходимого).;X;X;X;X;X;X
BUILDING_INFRASTRUCTURE;Инфраструктура: §Y$VALUE$§W;X;X;X;X;X;X
UNITVIEW_POP_INFO;§Y$TYPE$§W из провинции §Y$LOC$§W.;X;X;X;X;X;X
UNITVIEW_POP_INFO_FACTION;Часть фракции §Y$FACTION$§W.;X;X;X;X;X;X
SCHOOL_EFFECT;Новой технологической школой станет §Y$NAME$§W!\n;X;X;X;X;X;X
IS_NOT_MOB;Не проводит мобилизацию;X;X;X;X;X;X
IS_MOB;Проводит мобилизацию;X;X;X;X;X;X
SOCIAL_DESC2;Расходы на социальную сферу идут на финансирование проведенных нами социальных реформ. Размер распределяемых средств зависит от нашей §Yнациональной эффективности управления§W.;X;X;X;X;X;X
HAVE_INDUSTRIAL_SCORE_MORE_THAN;Очки промышленности больше или равны ;X;X;X;X;X;X
TRIGGER_STATE;Регион;X;X;X;X;X;X
STATE_NONCORES;Не национальные провинции в регионе: §R$VALUE$%§W;X;X;X;X;X;X
DIPLOMACY_CANNOT_SET_PRIO_VASSAL;Мы не можем влиять на §Yсателлитов§W или §Yдоминионов§W других держав.;X;X;X;X;X;X
DIPLOMACY_NEGOTIATE_VASSAL;Мы не можем вести переговоры с §Yсателлитам§W или §Yдоминионами§W других держав.;X;X;X;X;X;X
DIPLOMACY_NEGOTIATE_WE_VASSAL;Мы не можем вести переговоры с другими державами, если сами являемся §Yсателлитом§W или §Yдоминионом§W.;X;X;X;X;X;X
PW_OPEN_POPSCREEN;Просмотр данных по населению провинции §Y$LOC$§W.;X;X;X;X;X;X
COLONIAL_EDUCATION;Колония: $VAL$;X;X;X;X;X;X
HAVE_MILITARY_SCORE_MORE_THAN;Очки военной мощи больше или равны ;X;X;X;X;X;X
CIVILIZED_EFFECT;Станет §Yцивилизованным государстом§W.\n;X;X;X;X;X;X
PRODUCTIONVIEW_FACTORY;§YФабрика§W;X;X;X;X;X;X
PRODUCTIONVIEW_RGO;§YДП§W;X;X;X;X;X;X
PRODUCTIONVIEW_ARTISAN;§YКустари§W;X;X;X;X;X;X
PROVINCE_NEXT_LEVEL;§YСледующий уровень:§W;X;X;X;X;X;X
AVG_STATE_BONUS2;Средняя инфраструктура региона;X;X;X;X;X;X
AVG_STATE_BONUS_NOTHING;Инфраструктуры нет;X;X;X;X;X;X
BUDGET_CONSUMED_MILITARY;Примерные затраты за вчерашний день на военные товары:;X;X;X;X;X;X
BUDGET_CONSUMED_OVERSEAS;Примерные затраты за вчерашний день на товары для заморских провинций:;X;X;X;X;X;X
BUDGET_OVERSEAS_PROVINCES;Число заморских провинций: §Y$VALUE$§W;X;X;X;X;X;X
BUDGET_AVG_TAX_EFFICIENCY;Средняя региональная эффективность управления: §Y$VALUE$%§W;X;X;X;X;X;X
BUDGET_AVG_TAX_EFFECT;Средний эффективный уровень налогообложения: §Y$VALUE$%§W;X;X;X;X;X;X
BUDGET_ADMIN_EFFICIENCY2;Национальная эффективность управления: §Y$PERC$%§W;X;X;X;X;X;X
BUDGET_ADMIN_EFFICIENCY_DESC2;Наша §Yнациональная эффективность управления§W определяет, насколько результативно проводятся наши социальные реформы и собираются пошлины.;X;X;X;X;X;X
PV_STATE_ADM_EFF;Наша §Yрегиональная эффективность управления§W определяет, насколько результативно мы собираем налоги и боремся с организованной преступностью в регионе.;X;X;X;X;X;X
PV_STATE_ADM_EFF_CURRENT;Эффективная ставка налогообложения (§Y$STRATA$§W): §Y$PERC2$%§W (Текущая ставка налогообложения: §Y$PERC$%§W);X;X;X;X;X;X
BUDGET_TARIFFS_MODIFIED;Эффективный уровень пошлин: §Y$PERC$%§W;X;X;X;X;X;X
PV_CRIMEFIGHT_MAX; (Максимум: §Y$PERC$%§W);X;X;X;X;X;X
TECH_INVENTIONS_TOOLTIP;Изобретения:;X;X;X;X;X;X
TECH_MONTHLY_RESEARCHPOINTS_TOOLTIP;Грамотные §Y$POPTYPE$§W ($LITERACY$) обеспечивают нас §Y$VALUE$ очками исследования§W.;X;X;X;X;X;X
TECH_MONTHLY_RESEARCHPOINTS_BASE_TOOLTIP;Базовое число очков исследования в месяц: §Y$VALUE$§W;X;X;X;X;X;X
TECH_MONTHLY_RESEARCHPOINTS_TOTAL_TOOLTIP;Ежемесячное число очков исследования: §G+$VALUE$§W;X;X;X;X;X;X
TECH_MONTHLY_RESEARCHPOINTS_UNCIVILIZED;Нецивилизованное государство: ;X;X;X;X;X;X
BASE_TARIFF_EFFICIENCY;Базовая эффективность: §Y$PERC$%§W;X;X;X;X;X;X
PRODUCTION_OPEN_FACTORY_TOOLTIP;§YОткрыть фабрику§W;X;X;X;X;X;X
PRODUCTION_CLOSE_FACTORY_TOOLTIP;§YЗакрыть фабрику§W;X;X;X;X;X;X
PRODUCTION_EXPAND_FACTORY_TOOLTIP;§YРасширить фабрику§W;X;X;X;X;X;X
PRODUCTION_BUILDING_FACTORY_TOOLTIP;§Y$TYPE$§W - ведется строительство;X;X;X;X;X;X
PRODUCTION_EXPANDING_FACTORY_TOOLTIP;§Y$TYPE$§W - ведется расширение;X;X;X;X;X;X
PRODUCTION_BUILDING_FACTORY_PROGRESS_TOOLTIP;§G$PERC$%§W завершено, осталость §Y$DAYS$§W дн.;X;X;X;X;X;X
PRODUCTION_OPEN_FACTORY_BECAUSE_TOOLTIP;Мы можем открыть эту фабрику вследствие:\n;X;X;X;X;X;X
PRODUCTION_CLOSE_FACTORY_BECAUSE_TOOLTIP;Мы можем закрыть эту фабрику вследствие:\n;X;X;X;X;X;X
PRODUCTION_EXPAND_FACTORY_BECAUSE_TOOLTIP;Мы можем расширить эту фабрику вследствие:\n;X;X;X;X;X;X
PRODUCTION_NOT_OPEN_FACTORY_BECAUSE_TOOLTIP;Мы §RНЕ§W можем открыть эту фабрику вследствие:\n;X;X;X;X;X;X
PRODUCTION_NOT_CLOSE_FACTORY_BECAUSE_TOOLTIP;Мы §RНЕ§W можем закрыть эту фабрику вследствие:\n;X;X;X;X;X;X
PRODUCTION_NOT_EXPAND_FACTORY_BECAUSE_TOOLTIP;Мы §RНЕ§W можем расширить эту фабрику вследствие:\n;X;X;X;X;X;X
PRODUCTION_CURRENT_PRIORITY_TOOLTIP;Текущий приоритет: §Y$VALUE$§W;X;X;X;X;X;X
PRODUCTION_CANCEL_SUBSIDIES;Отменить субсидии;X;X;X;X;X;X
PRODUCTION_SUBSIDIES_DESC;Начав субсидирование фабрики, мы станем платить за ее сырье и выплачивать минимальную заработную плату рабочим, если у фабрики не будет на это своих денег.;X;X;X;X;X;X
PRODUCTION_MONEY_NEEDED;Требуется денег: $VALUE$;X;X;X;X;X;X
PRODUCTION_TAB_FACTORIES;Обзор всех фабрик в нашей стране.;X;X;X;X;X;X
PRODUCTION_TAB_PRODUCTION;Обзор производства в нашей стране. Также показывает выпуск продукции всех наших производителей.;X;X;X;X;X;X
PRODUCTION_TAB_PROJECTS;Обзор того, что наши §Y$POPTYPE$§W планируют построить.;X;X;X;X;X;X
PRODUCTION_NOTHING_PRODUCED;Мы не производим товар §Y$GOOD$§W в нашей державе.;X;X;X;X;X;X
PRODUCTION_OPEN_FACTORY_DESC_TOOLTIP;Если мы откроем эту фабрику, то на нее начнут нанимать рабочих, а производство восстановится.;X;X;X;X;X;X
PRODUCTION_CLOSE_FACTORY_DESC_TOOLTIP;Если мы закроем эту фабрику, то производство остановится, а все рабочие будут уволены.;X;X;X;X;X;X
PRODUCTION_EXPAND_FACTORY_DESC_TOOLTIP;Если мы расширим эту фабрику, то увеличим численность рабочих, которые могут быть на нее наняты.;X;X;X;X;X;X
PRODUCTION_PRIO_FACTORY_DESC_TOOLTIP;Фабрики с более высоким приоритетом будут нанимать рабочих и покупать сырье раньше фабрик с низким приоритетом (внутри одного региона).;X;X;X;X;X;X
PRODUCTION_INPUT_REQUIRED;Нашим кустарям и/или фабрикам требуется товар §Y$GOOD$§W для выпуска этой продукции.;X;X;X;X;X;X
PRODUCTION_PRODUCING_EACH_DAY;§Y$TYPE$§W производят §Y$VALUE$§W товара §Y$GOOD$§W каждый день.;X;X;X;X;X;X
PRODUCTION_WANTS_EACH_DAY;§Y$TYPE$§W требуют §Y$VALUE$§W товара $GOOD$§W каждый день.;X;X;X;X;X;X
WARSUBSIDIES_THEY_ACCEPT_SETUP;Мы начинаем предоставлять военные субсидии другой державе;X;X;X;X;X;X
WARSUBSIDIES_WE_ACCEPT_SETUP;Мы начинаем получать от другой державы военные субсидии;X;X;X;X;X;X
WARSUBSIDIES_OTHER_ACCEPT_SETUP;Одна держава начинает предоставлять другой военные субсидии;X;X;X;X;X;X
CANCEL_WARSUBSIDIES_THEY_ACCEPT_SETUP;Мы отменяем военные субсидии;X;X;X;X;X;X
CANCEL_WARSUBSIDIES_WE_ACCEPT_SETUP;Мы перестаем получать военные субсидии;X;X;X;X;X;X
CANCEL_WARSUBSIDIES_OTHER_ACCEPT_SETUP;Одна держава перестает предоставлять военные субсидии другой;X;X;X;X;X;X
ASKMILITARYACCESS_THEY_ACCEPT_SETUP;Другая держава предоставляет нам разрешение на проход войск;X;X;X;X;X;X
ASKMILITARYACCESS_WE_ACCEPT_SETUP;Мы предоставляем разрешение на проход войск;X;X;X;X;X;X
ASKMILITARYACCESS_OTHER_ACCEPT_SETUP;Одна держава предоставляет разрешение на проход войск другой;X;X;X;X;X;X
ASKMILITARYACCESS_THEY_DECLINE_SETUP;Другая держава не дает нам разрешения на проход войск;X;X;X;X;X;X
ASKMILITARYACCESS_WE_DECLINE_SETUP;Мы отказываемся предоставить разрешение на проход войск;X;X;X;X;X;X
ASKMILITARYACCESS_OTHER_DECLINE_SETUP;Одна держава отказывается предоставить разрешение на проход войск другой;X;X;X;X;X;X
CANCELASKMILITARYACCESS_THEY_ACCEPT_SETUP;Мы разрываем соглашение на проход войск другой державы через нашу территорию;X;X;X;X;X;X
CANCELASKMILITARYACCESS_WE_ACCEPT_SETUP;Другая держава разрывает соглашение на проход их войск через нашу территорию;X;X;X;X;X;X
CANCELASKMILITARYACCESS_OTHER_ACCEPT_SETUP;Другая держава отменяет ранее полученное разрешение на проход войск;X;X;X;X;X;X
GIVEMILITARYACCESS_THEY_ACCEPT_SETUP;Другая держава получает от нас разрешение на проход войск;X;X;X;X;X;X
GIVEMILITARYACCESS_WE_ACCEPT_SETUP;Мы получаем разрешение на проход войск;X;X;X;X;X;X
GIVEMILITARYACCESS_OTHER_ACCEPT_SETUP;Одна держава получает от другой разрешение на проход войск;X;X;X;X;X;X
GIVEMILITARYACCESS_THEY_DECLINE_SETUP;Другая держава отказывается от нашего предложения получить право на проход войск;X;X;X;X;X;X
GIVEMILITARYACCESS_WE_DECLINE_SETUP;Мы отказываемся от предложения получить проход войск;X;X;X;X;X;X
GIVEMILITARYACCESS_OTHER_DECLINE_SETUP;Одна держава отказывается от предложения другой получить право на проход войск;X;X;X;X;X;X
CANCELGIVEMILITARYACCESS_THEY_ACCEPT_SETUP;Мы разрываем соглашение на проход наших войск через территорию другой державы;X;X;X;X;X;X
CANCELGIVEMILITARYACCESS_WE_ACCEPT_SETUP;Другая держава разрывает соглашение на проход наших войск через их территорию;X;X;X;X;X;X
CANCELGIVEMILITARYACCESS_OTHER_ACCEPT_SETUP;Другая держава отменяет ранее предоставленное разрешение на проход войск;X;X;X;X;X;X
ALLIANCE_THEY_ACCEPT_SETUP;Другая держава изъявляет желание заключить с нами военный союз;X;X;X;X;X;X
ALLIANCE_OTHER_ACCEPT_SETUP;Одна держава заключает военный союз с другой;X;X;X;X;X;X
ALLIANCE_THEY_DECLINE_SETUP;Другая держава отказывается заключить с нами военный союз;X;X;X;X;X;X
ALLIANCE_WE_DECLINE_SETUP;Мы отказываемся заключить военный союз;X;X;X;X;X;X
ALLIANCE_OTHER_DECLINE_SETUP;Одна держава отказывается заключить военный союз с другой;X;X;X;X;X;X
CANCELALLIANCE_THEY_ACCEPT_SETUP;Мы расторгаем военный союз;X;X;X;X;X;X
CANCELALLIANCE_WE_ACCEPT_SETUP;Держава расторгает военный союз с нами;X;X;X;X;X;X
CANCELALLIANCE_OTHER_ACCEPT_SETUP;Одна держава расторгает военный союз с другой;X;X;X;X;X;X
CALLALLY_THEY_ACCEPT_SETUP;Другая держава соглашается помочь нам в нашей войне;X;X;X;X;X;X
CALLALLY_WE_ACCEPT_SETUP;Мы соглашаемся помочь другой державе в ее войне;X;X;X;X;X;X
CALLALLY_OTHER_ACCEPT_SETUP;Одна держава соглашается помочь другой в ее войне;X;X;X;X;X;X
CALLALLY_THEY_DECLINE_SETUP;Другая держава отказывается помочь нам в нашей войне;X;X;X;X;X;X
CALLALLY_WE_DECLINE_SETUP;Мы отказываемся помочь другой державе в ее войне;X;X;X;X;X;X
CALLALLY_OTHER_DECLINE_SETUP;Одна держава отказывается помочь другой в ее войне;X;X;X;X;X;X
DISCREDIT_THEY_ACCEPT_SETUP;Мы подрываем доверие к другой державе;X;X;X;X;X;X
DISCREDIT_WE_ACCEPT_SETUP;Одна держава подрывает доверие к другой в нашей стране;X;X;X;X;X;X
DISCREDIT_OTHER_ACCEPT_SETUP;Одна держава подрывает доверие к другой;X;X;X;X;X;X
EXPELADVISORS_THEY_ACCEPT_SETUP;Мы высылаем советников из другой державы;X;X;X;X;X;X
EXPELADVISORS_WE_ACCEPT_SETUP;Одна держава высылает советников другой из нашей страны;X;X;X;X;X;X
EXPELADVISORS_OTHER_ACCEPT_SETUP;Одна держава высылает советников другой;X;X;X;X;X;X
BANEMBASSY_THEY_ACCEPT_SETUP;Мы убеждаем закрыть посольство другой державы;X;X;X;X;X;X
BANEMBASSY_WE_ACCEPT_SETUP;Одна держава убеждает нас закрыть посольство другой;X;X;X;X;X;X
BANEMBASSY_OTHER_ACCEPT_SETUP;Одна держава закрывает посольство другой;X;X;X;X;X;X
INCREASEOPINION_THEY_ACCEPT_SETUP;Мы улучшаем мнение о себе в другой державе;X;X;X;X;X;X
INCREASEOPINION_WE_ACCEPT_SETUP;Одна держава улучшает у нас мнение о себе;X;X;X;X;X;X
INCREASEOPINION_OTHER_ACCEPT_SETUP;Одна держава улучшает мнение о себе в другой;X;X;X;X;X;X
DECREASEOPINION_THEY_ACCEPT_SETUP;Мы убеждаем ухудшить мнение о другой державе;X;X;X;X;X;X
DECREASEOPINION_WE_ACCEPT_SETUP;Одна держава ухудшает у нас мнение о другой;X;X;X;X;X;X
DECREASEOPINION_OTHER_ACCEPT_SETUP;Одна держава ухудшает мнение о другой;X;X;X;X;X;X
ADDTOSPHERE_THEY_ACCEPT_SETUP;Мы расширяем свою сферу влияния;X;X;X;X;X;X
ADDTOSPHERE_WE_ACCEPT_SETUP;Мы становимся частью сферы влияния;X;X;X;X;X;X
ADDTOSPHERE_OTHER_ACCEPT_SETUP;Одна держава становится частью сферы влияния другой;X;X;X;X;X;X
REMOVEFROMSPHERE_THEY_ACCEPT_SETUP;Мы добиваемся исключения одной державы из сферы влияния другой;X;X;X;X;X;X
REMOVEFROMSPHERE_WE_ACCEPT_SETUP;Одна держава добивается нашего исключения из сферы влияния другой;X;X;X;X;X;X
REMOVEFROMSPHERE_OTHER_ACCEPT_SETUP;Одна держава добивается исключения третьей страны из сферы влияния другой;X;X;X;X;X;X
INCREASERELATION_THEY_ACCEPT_SETUP;Мы улучшаем отношения с другой державой;X;X;X;X;X;X
INCREASERELATION_WE_ACCEPT_SETUP;Другая держава улучшает наши с ними отношения;X;X;X;X;X;X
INCREASERELATION_OTHER_ACCEPT_SETUP;Одна держава улучшает отношения с другой;X;X;X;X;X;X
DECREASERELATION_THEY_ACCEPT_SETUP;Мы ухудшаем отношения с другой державой;X;X;X;X;X;X
DECREASERELATION_WE_ACCEPT_SETUP;Другая держава ухудшает наши с ней отношений.;X;X;X;X;X;X
DECREASERELATION_OTHER_ACCEPT_SETUP;Одна держава ухудшает отношений с другой;X;X;X;X;X;X
WETARGET_DISCREDIT_SETUP;Другая держава подрывает доверие к нам;X;X;X;X;X;X
WETARGET_EXPELADVISORS_SETUP;Одна держава высылает наших советников;X;X;X;X;X;X
WETARGET_BANEMBASSY_SETUP;Другая держава закрывает наше посольство;X;X;X;X;X;X
WETARGET_DECREASEOPINION_SETUP;Одна держава ухудшает мнение о нас в другой;X;X;X;X;X;X
WETARGET_REMOVEFROMSPHERE_SETUP;Одна держва добивается исключения другой державы из нашей сферы влияния;X;X;X;X;X;X
WAR_WE_ACCEPT_SETUP;Другая держава объявляет нам войну;X;X;X;X;X;X
PEACE_WE_ACCEPT_SETUP;Мы принимаем предложение о мире;X;X;X;X;X;X
GUNBOAT_OTHER_ACCEPT_SETUP;Одна держава использует дипломатию канонерок против другой;X;X;X;X;X;X
GC_DESC;Идеалы Великой французской революции, казалось, нашли свой конец от руки старых европейских режимов. Хотя пламя революции временно удалось пригасить, скоро станет понятно, что идеи гражданских свобод, национализма и либерализма живее, чем когда-либо раньше. В эту эпоху небывалого технического прогресса будут поставлены под сомнение убеждения, незыблемые с незапамятных времен, а их место займут новые представления. Издалека, из-за морей и океанов, манят богатства Азии и Африки, мелодии которых тоже можно услышать в Европейском концерте. Маэстро, выбирайте свой инструмент, и пусть заиграет музыка!;X;X;X;X;X;X
HAVE_MORE_NATIONAL_PROVINCES_OCCUPIED_THAN;: Процент оккупированных провинций больше ;X;X;X;X;X;X
BLOCKADE_PENALTY_MORE_THAN;: Процент блокированных портов больше ;X;X;X;X;X;X
PEACE_WHITEPEACE;Белый мир.;X;X;X;X;X;X
PEACE_THEY_DECLINE_5;предложение о мире.;X;X;X;X;X;X
INCREASERELATION_WE_ACCEPT_LOG;Держава $ACTOR$ улучшила наши с ними отношения.;X;X;X;X;X;X
DECREASERELATION_WE_ACCEPT_LOG;Держава $ACTOR$ ухудшила наши с ними отношения.;X;X;X;X;X;X
WAR_DESC;Объявление войны позволит нашим войскам атаковать их армию и вступать на их территорию. Война продолжится до тех пор, пока одна из сторон не капитулирует.;X;X;X;X;X;X
POLITICS_SHOW_VASSALS;Новые державы;X;X;X;X;X;X
POLITICS_SHOW_REFORMS;Реформы;X;X;X;X;X;X
POLITICS_RELEASE_VASSAL;Выделить страну;X;X;X;X;X;X
POLITICS_RELEASE_VASSAL_DESC;§bДержава §Y$TAG$§b получит следующие провинции: §Y$PROVINCES$§b. Число отданных им провинций будет равно §Y$NUM$§b.;X;X;X;X;X;X
POLITICS_RELEASE_VASSAL_DESC_LIMIT;§b и другие;X;X;X;X;X;X
POLITICS_SATELLITE;Сателлит;X;X;X;X;X;X
POLITICS_DOMINION;Доминион;X;X;X;X;X;X
POLITICS_RELEASE_VASSAL_TOOLTIP;Будет выделена держава §Y$TAG$§W в статусе §Y$TYPE$а§W. Они получат следующие провинции (числом §Y$NUM$§W): §Y$PROVINCES$§W.;X;X;X;X;X;X
HOLD_ELECTION;Провести выборы;X;X;X;X;X;X
ATWAR;Страна воюет;X;X;X;X;X;X
ADD_WARGOAL_DESC;Требуется иметь $COST$ очков военного счета.;X;X;X;X;X;X
ADD_WARGOAL_PEACE_COST;Стоимость по миру: $COST$ военных очков.;X;X;X;X;X;X
ADD_WARGOAL_INFAMY;Если мы добавим эту цель войны, то увеличим свое §Yбесчестье§W на $COST$.;X;X;X;X;X;X
ADD_WARGOAL_PRESTIGE;Если мы достигнем этой цели в войне, то увеличим свой §Yпрестиж§W на $COST$.;X;X;X;X;X;X
ADD_WARGOAL_MILITANCY;Если мы не сможем достичть этой цели в войне, то увеличим §Yагрессивность§W населения на $MILITANCY$.;X;X;X;X;X;X
ADD_WARGOAL_WARGOAL;Цель войны: §Y$GOAL$§W.;X;X;X;X;X;X
PROVINCEVIEW_FROM_LOCAL_TAX;От региональной эффективности управления: §Y+;X;X;X;X;X;X
INCREASERELATIONTITLE;Улучшение отношений;X;X;X;X;X;X
POLITICS_PEOPLE_IDEOLOGIES;Идеология населения;X;X;X;X;X;X
POLITICS_VOTERS_IDEOLOGIES;Идеология избирателей;X;X;X;X;X;X
COLONIZE_NOT_GP_OR_SECONDARY;Только §Yвеликие§W или §Yколониальные державы§W могут проводить колонизацию.;X;X;X;X;X;X
THIS_IS_SPARTA;Эта провинция является частью нашей великой державы.;X;X;X;X;X;X
DIPLO_WE_DOMINION;Мы их доминион;X;X;X;X;X;X
DIPLO_WE_SATELLITE;Мы их сателлит;X;X;X;X;X;X
DIPLO_THEY_DOMINION;Они наш доминион;X;X;X;X;X;X
DIPLO_THEY_SATELLITE;Они наш сателлит;X;X;X;X;X;X
BUY_FROM_STOCKPILE_DESC;Население/фабрики могут покупать из государственных запасов.;X;X;X;X;X;X
CANCELGIVEMILITARYACCESS_THEY_ACCEPT_HEADER;Министр иностранных дел сообщает;X;X;X;X;X;X
CANCELGIVEMILITARYACCESS_THEY_ACCEPT_1;Отмена прохода войск!;X;X;X;X;X;X
CANCELGIVEMILITARYACCESS_THEY_ACCEPT_2;$MONARCHTITLE$, мы больше не заинтересованы в коридоре через территорию державы;X;X;X;X;X;X
CANCELGIVEMILITARYACCESS_THEY_ACCEPT_3;§Y$RECIPIENT$§W, ;X;X;X;X;X;X
CANCELGIVEMILITARYACCESS_THEY_ACCEPT_4;поэтому мы разорвали наше с ними соглашение о проходе войск.;X;X;X;X;X;X
CANCELGIVEMILITARYACCESS_THEY_ACCEPT_6;Народ нашей страны бурно приветствует это событие.;X;X;X;X;X;X
CANCELGIVEMILITARYACCESS_THEY_ACCEPT_BTN1;ОК;X;X;X;X;X;X
CANCELGIVEMILITARYACCESS_THEY_ACCEPT_BTN2;ОК;X;X;X;X;X;X
CANCELGIVEMILITARYACCESS_THEY_ACCEPT_BTN3;Перейти;X;X;X;X;X;X
CANCELGIVEMILITARYACCESS_WE_ACCEPT_HEADER;Министр иностранных дел сообщает;X;X;X;X;X;X
CANCELGIVEMILITARYACCESS_WE_ACCEPT_1;Отмена прохода войск!;X;X;X;X;X;X
CANCELGIVEMILITARYACCESS_WE_ACCEPT_2;$MONARCHTITLE$, мы глубоко оскорблены тем, что держава;X;X;X;X;X;X
CANCELGIVEMILITARYACCESS_WE_ACCEPT_4;разорвала соглашение на проход наших войск через их территорию.;X;X;X;X;X;X
CANCELGIVEMILITARYACCESS_WE_ACCEPT_6;Впрочем, мы должны были сделать это первыми.;X;X;X;X;X;X
CANCELGIVEMILITARYACCESS_WE_ACCEPT_BTN1;ОК;X;X;X;X;X;X
CANCELGIVEMILITARYACCESS_WE_ACCEPT_BTN2;ОК;X;X;X;X;X;X
CANCELGIVEMILITARYACCESS_WE_ACCEPT_BTN3;Перейти;X;X;X;X;X;X
CANCELGIVEMILITARYACCESS_OTHER_ACCEPT_HEADER;Министр иностранных дел сообщает;X;X;X;X;X;X
CANCELGIVEMILITARYACCESS_OTHER_ACCEPT_1;Отмена прохода войск!;X;X;X;X;X;X
CANCELGIVEMILITARYACCESS_OTHER_ACCEPT_2;$MONARCHTITLE$, держава;X;X;X;X;X;X
CANCELGIVEMILITARYACCESS_OTHER_ACCEPT_4;отменила разрешение на проход войск, которое они предоставляли державе;X;X;X;X;X;X
CANCELGIVEMILITARYACCESS_OTHER_ACCEPT_6;Похоже, будет заварушка. Мы обязаны извлечь выгоду из этой истории.;X;X;X;X;X;X
CANCELGIVEMILITARYACCESS_OTHER_ACCEPT_BTN1;ОК;X;X;X;X;X;X
CANCELGIVEMILITARYACCESS_OTHER_ACCEPT_BTN2;ОК;X;X;X;X;X;X
CANCELGIVEMILITARYACCESS_OTHER_ACCEPT_BTN3;Перейти;X;X;X;X;X;X
DECREASERELATIONTITLE;Ухудшение отношения;X;X;X;X;X;X
WARGOALTITLE;Добавление цели войны;X;X;X;X;X;X
WARSUBSIDIESTITLE;Предоставление военных субсидий;X;X;X;X;X;X
CANCEL_WARSUBSIDIESTITLE;Прекращение военных субсидий;X;X;X;X;X;X
ASKMILITARYACCESSTITLE;Просьба о проходе войск;X;X;X;X;X;X
CANCELASKMILITARYACCESSTITLE;Отмена прохода войск;X;X;X;X;X;X
GIVEMILITARYACCESSTITLE;Предоставление прохода войск;X;X;X;X;X;X
CANCELGIVEMILITARYACCESSTITLE;Денонсация прохода войск;X;X;X;X;X;X
CANCELALLIANCETITLE;Расторжение военного союза;X;X;X;X;X;X
CALLALLYTITLE;Призыв союзника;X;X;X;X;X;X
DISCREDITTITLE;Дискредитация великой державы;X;X;X;X;X;X
EXPELADVISORSTITLE;Высылка советников великой державы;X;X;X;X;X;X
BANEMBASSYTITLE;Закрытие посольства великой державы;X;X;X;X;X;X
INCREASEOPINIONTITLE;Улучшение мнения;X;X;X;X;X;X
DECREASEOPINIONTITLE;Ухудшение мнения о великой державе;X;X;X;X;X;X
ADDTOSPHERETITLE;Включение в сферу влияния;X;X;X;X;X;X
REMOVEFROMSPHERETITLE;Исключение из сферы влияния;X;X;X;X;X;X
INCREASERELATION_BUTTON;Улучшить отношения;X;X;X;X;X;X
DECREASERELATION_BUTTON;Ухудшить отношения;X;X;X;X;X;X
CALLALLY_OFFER;Держава $ACTOR$, наш верный союзник, просит нашей помощи в конфликте $LIST$.;X;X;X;X;X;X
CALLALLY_THEY_ACCEPT_HEADER;Министр иностранных дел сообщает;X;X;X;X;X;X
CALLALLY_THEY_ACCEPT_1;Военный союз действует!;X;X;X;X;X;X
CALLALLY_THEY_ACCEPT_2;$MONARCHTITLE$, мы нисколько не удивлены тем, что держава;X;X;X;X;X;X
CALLALLY_THEY_ACCEPT_4;решила соблюсти условия нашего военного союза и присоединилась к нашей непобедимой армии в конфликте;X;X;X;X;X;X
CALLALLY_THEY_ACCEPT_BTN1;Великолепно!;X;X;X;X;X;X
CALLALLY_THEY_ACCEPT_BTN2;Великолепно!;X;X;X;X;X;X
CALLALLY_THEY_ACCEPT_BTN3;Перейти;X;X;X;X;X;X
CALLALLY_WE_ACCEPT_HEADER;Министр иностранных дел сообщает;X;X;X;X;X;X
CALLALLY_WE_ACCEPT_1;Выполнение обязательств!;X;X;X;X;X;X
CALLALLY_WE_ACCEPT_2;$MONARCHTITLE$, мы решили, что держава;X;X;X;X;X;X
CALLALLY_WE_ACCEPT_4;достойна нашей поддержки в конфликте;X;X;X;X;X;X
CALLALLY_WE_ACCEPT_BTN1;ОК;X;X;X;X;X;X
CALLALLY_WE_ACCEPT_BTN2;ОК;X;X;X;X;X;X
CALLALLY_WE_ACCEPT_BTN3;Перейти;X;X;X;X;X;X
CALLALLY_OTHER_ACCEPT_HEADER;Министр иностранных дел сообщает;X;X;X;X;X;X
CALLALLY_OTHER_ACCEPT_1;Выполнение обязательств!;X;X;X;X;X;X
CALLALLY_OTHER_ACCEPT_2;$MONARCHTITLE$, держава §Y$RECIPIENT$§W решила соблюсти;X;X;X;X;X;X
CALLALLY_OTHER_ACCEPT_3;ВОЕННЫЙ СОЮЗ, ;X;X;X;X;X;X
CALLALLY_OTHER_ACCEPT_4;заключенный с державой;X;X;X;X;X;X
CALLALLY_OTHER_ACCEPT_5;§Y$ACTOR$§W, и принять участие в конфликте;X;X;X;X;X;X
CALLALLY_OTHER_ACCEPT_BTN1;ОК;X;X;X;X;X;X
CALLALLY_OTHER_ACCEPT_BTN2;ОК;X;X;X;X;X;X
CALLALLY_OTHER_ACCEPT_BTN3;Перейти;X;X;X;X;X;X
BUILD_CIVILIZED;Цивилизованное государство;X;X;X;X;X;X
DIPLOMACY_CANNOT_JOIN_WAR_INVALID_ALLY;Мы находимся в состоянии войны с державой §Y$COUNTRY$§W, а потому не можем встать на их сторону в этом конфликте.;X;X;X;X;X;X
DIPLOMACY_CANNOT_JOIN_WAR_INVALID_ENEMY;Мы уже находимся в состоянии войны с державой §Y$COUNTRY$§W, а потому не можем начать против них еще одну войну.;X;X;X;X;X;X
DIPLOMACY_CANNOT_JOIN_WAR_ALLIED_ENEMY;Вместе с державой §Y$COUNTRY$§W мы участвуем на одной стороне в другом конфликте, а потому не можем начать против них еще одну войну.;X;X;X;X;X;X
DIPLOMACY_ALREADY_IN_WAR;Мы уже участвуем в этой войне.;X;X;X;X;X;X
CALLALLY_DESC;Призыв к союзнику о помощи в наших конфликтах.\n$VERSUS$;X;X;X;X;X;X
DIPLOMACY_AGAINST;против державы;X;X;X;X;X;X
FOCUS_OWNED_BY;У нас не может быть национальных приоритетов в чужой провинции, если только это не потенциально опасная ситуация для вас.;X;X;X;X;X;X
NO_CB_EFFECT;§RУ нас нет достаточных обоснований для этого, а потому мы повысим наше бесчестье, если добавим эту цель.§W;X;X;X;X;X;X
M_GOTO_BUTTON;Найти провинцию;X;X;X;X;X;X
INFLUENCE_CHANGE;Влияние державы §Y$ACTIVE$§W в державе §Y$PASSIVE$§W изменится на $MUCH$.\n;X;X;X;X;X;X
INFLUENCE_CHANGE_SHORT;Влияние в державе §Y$PASSIVE$§W изменится на $MUCH$.\n;X;X;X;X;X;X
HAVE_DIPLOMATIC_INFLUENCE;имеет дипломатическое влияние в;X;X;X;X;X;X
HAVE_LESS_DIPLOMATIC_INFLUENCE;имеет дипломатическое влияние меньше;X;X;X;X;X;X
RECENT_IMIGRATION_DAYS_LATER_THAN;Нет иммиграции за последние §Y$DAYS$§W дн.\n;X;X;X;X;X;X
RECENT_IMIGRATION_DAYS;Иммиграция за последние §Y$DAYS$§W дн.\n;X;X;X;X;X;X
HAS_COLONIES;не владеет колониями\n;X;X;X;X;X;X
HAS_NO_COLONIES;владеет колониями\n;X;X;X;X;X;X
IS_NOT_GREAT_NATION;Не является великой державой\n;X;X;X;X;X;X
PROD_NO_CURRENT_PROJECTS;Наши §Y$POPTYPE$§W сейчас ничего не планируют.;X;X;X;X;X;X
BUDGET_BANK_BIGGEST_INVESTORS;Крупнейшие инвесторы:\n;X;X;X;X;X;X
POLITICS_ALREADY_RULING_PARTY;$PARTY$ уже является правящей партией.;X;X;X;X;X;X
POLITICS_CANNOT_SET_RULING_PARTY_RULE;Наша форма правления не позволяет нам назначать правящую партию.;X;X;X;X;X;X
TRADE_STOCKPILE_BUY;Вчера мы потратили §Y$MONEY$§W¤ на покупку §Y$UNITS$§W ед.;X;X;X;X;X;X
TRADE_STOCKPILE_SOLD;Вчера мы заработали §Y$MONEY$§W¤ на продаже §Y$UNITS$§W ед.;X;X;X;X;X;X
COUNTRYALERT_IsBuildingFactories;Мы строим или расширяем наши фабрики в следующих регионах:;X;X;X;X;X;X
REMOVE_COUNTRYALERT_HasClosedFactories;У нас есть закрытые фабрики в следующих регионах:;X;X;X;X;X;X
REMOVE_COUNTRYALERT_HasUnemployedWorkers;В следующих регионах есть безработные:;X;X;X;X;X;X
COUNTRYALERT_CanDoReforms;Мы можем провести следующие реформы:;X;X;X;X;X;X
COUNTRYALERT_CanDoDecisions;Мы можем принять следующие решения:;X;X;X;X;X;X
COUNTRYALERT_IsInElection;Сейчас в нашей державе проходят выборы. §Y$DATE$§W будет избрана новая правящая партия.;X;X;X;X;X;X
COUNTRYALERT_HaveRebels;В нашей державе появились повстанцы!;X;X;X;X;X;X
REMOVE_COUNTRYALERT_CanIncreaseOpinion;Мы можем улучшить мнение о нашей державе в следующих странах:;X;X;X;X;X;X
COUNTRYALERT_LoosingGPStatus;Мы теряем статус §Yвеликой державы§W! Если мы не восстановим свое положение до §Y$DAYS$§W, то тогда весь мир перестанет считать нас §Yвеликой державой§W!;X;X;X;X;X;X
COUNTRYALERT_NO_IsBuildingFactories;В данный момент мы не строим и не расширяем наши фабрики.;X;X;X;X;X;X
REMOVE_COUNTRYALERT_NO_HasClosedFactories;В данный момент у нас нет закрытых фабрик.;X;X;X;X;X;X
COUNTRYALERT_NO_HasUnemployedWorkers;В данный момент у нас нет безработных.;X;X;X;X;X;X
COUNTRYALERT_NO_CanDoReforms;В данный момент мы не можем провести какие-либо реформы.;X;X;X;X;X;X
REMOVE_COUNTRYALERT_NO_CanDoDecisions;В данный момент мы не можем принять какое-либо решение.;X;X;X;X;X;X
COUNTRYALERT_NO_IsInElection;В данный момент у нас не проходят выборы.;X;X;X;X;X;X
COUNTRYALERT_NO_HaveRebels;В данный момент у нас нет повстанцев.;X;X;X;X;X;X
REMOVE_COUNTRYALERT_NO_CanIncreaseOpinion;В данный момент мы не можем улучшить мнение о нашей державе в других странах.;X;X;X;X;X;X
COUNTRYALERT_NO_LoosingGPStatus;Нашему статусу §Yвеликой державы§W ничего не угрожает.;X;X;X;X;X;X
COUNTRYALERT_NO_GPStatus;Мы не являемся §Yвеликой державой§W.;X;X;X;X;X;X
PEACE_DESC;Начать мирные переговоры.;X;X;X;X;X;X
TOPBAR_TOP5_GOODS;Пятью нашими основными производимыми товарами являются:;X;X;X;X;X;X
TOPBAR_HISTORICAL_INCOME;За последние §Y$DAYS$§W дн. наш максимальный доход был равен $MAX$¤, тогда как минимимальный был равен $MIN$¤.;X;X;X;X;X;X
TOPBAR_FUNDS;Вчера мы заработали $YESTERDAY$¤. Наши текущие денежные резервы равны §Y$CASH$§W¤.;X;X;X;X;X;X
TOPBAR_AVG_LITERACY;Средняя §Yграмотность§W нашего населения равна §Y$AVG$§W.;X;X;X;X;X;X
TOPBAR_AVG_MIL;Средняя §Yагрессивность§W нашего населения равна §Y$AVG$§W.;X;X;X;X;X;X
TOPBAR_AVG_CON;Средняя §Yсознательность§W нашего населения равна §Y$AVG$§W.;X;X;X;X;X;X
REMOVE_TOPBAR_POPULATION;Население нашей державы составляет $CURR$. За вчерашний день население изменилось на $CHANGE$.;X;X;X;X;X;X
TOPBAR_TOP_IMPORTS;Основа нашего импорта:;X;X;X;X;X;X
TOPBAR_TOP_EXPORTS;Основа нашего экспорта:;X;X;X;X;X;X
TOPBAR_ARMY_TOOLTIP;Сейчас число имеющихся у нас бригад равно §Y$CURR$§W, тогда как из наших §Yсолдат§W мы можем сформировать максимум §Y$MAX$§W.;X;X;X;X;X;X
TOPBAR_SHIP_TOOLTIP;§YЧисло кораблей§W в нашем военно-морском флоте равно §Y$CURR$§W.;X;X;X;X;X;X
TOPBAR_MOBILIZE_TOOLTIP;Проведя мобилизацию среди наших §Yбедных§W слоев общества, мы сможем выставить в поле число бригад, равное §Y$CURR$§W.;X;X;X;X;X;X
TOPBAR_LEADERSHIP_TOOLTIP;Число §Yочков лидерства§W у нашей державы равно §Y$CURR$§W.;X;X;X;X;X;X
TOPBAR_MOBILIZED;Мы провели всеобщую мобилизацию!;X;X;X;X;X;X
TOPBAR_DIPLOPOINTS;Число дипломатических очков у нашей державы равно §Y$CURR$§W.;X;X;X;X;X;X
TOPBAR_GOVERNMENT;Наша форма правления - §Y$CURR$§W;X;X;X;X;X;X
TOPBAR_RULING_PARTY;Наша правящая партия - §Y$CURR$§W;X;X;X;X;X;X
TOPBAR_UNEMPLOYED;Безработные §Y$TYPE$§W (§Y$NUM$§W чел.) в регионе $STATE$ ($PERC$§W% от общей численности).;X;X;X;X;X;X
TOPBAR_XINY;§Y$X$§W в области $Y$;X;X;X;X;X;X
TOPBAR_AT_PEACE;Врагов нет;X;X;X;X;X;X
TOPBAR_FACTION;§Y$NAME$§W, общее число повстанцев равно §Y$STRENGTH$§W, средняя организация: §Y$ORG$§W%.;X;X;X;X;X;X
TOPBAR_PROJECTED_INCOME;Примерный дневной доход: $VAL$¤;X;X;X;X;X;X
PRODUCTION_SORT_BY_INFRA;Инфраструктура;X;X;X;X;X;X
BUILD_ESTIMATED_COST;Примерная стоимость отсутствующих в запасах товаров: §R$COST$§W¤;X;X;X;X;X;X
PRODUCTION_NEED_TECH;Чтобы производить товар §Y$GOOD$§W, мы должны изучить технологию §Y$TECH$§W.;X;X;X;X;X;X
PRODUCTION_NEED_FACTORY;Чтобы производить товар §Y$GOOD$§W, мы можем построить §Y$FACTORY$§W.;X;X;X;X;X;X
PRODUCTION_NEED_RGO;Чтобы производить товар §Y$GOOD$§W, мы должны владеть соответствующей провинцией.;X;X;X;X;X;X
DOMINION_OF;§YДоминион§W державы;X;X;X;X;X;X
SATELLITE_OF;§YСателлит§W державы;X;X;X;X;X;X
SORT_BY_INFRA;Сортировать по средней инфраструктуре региона\n;X;X;X;X;X;X
LEDGER_HEADER_RANK;Статус державы;X;X;X;X;X;X
FE_BASIC;Вводный;X;X;X;X;X;X
FE_MEDIUM;Средний;X;X;X;X;X;X
FE_ADVANCED;Продвинутый;X;X;X;X;X;X
FE_START_ALL_CHAPTERS;Начать с начала...;X;X;X;X;X;X
TUTORIAL_EXIT;Вернуться в меню обучения;X;X;X;X;X;X
TUTORIAL_NEXT_CHAPTER;Перейти к следующей части: $NAME$;X;X;X;X;X;X
TUTORIAL_NEXT_CHAPTER_LAST;Перейти к последней части;X;X;X;X;X;X
TUTORIAL_NEXT_STAGE_INTERMEDIARY;Перейти прямо к §Yсреднему§W курсу этой главы;X;X;X;X;X;X
TUTORIAL_NEXT_STAGE_ADVANCED;Перейти прямо к §Yпродвинутому§W курсу этой главы;X;X;X;X;X;X
TUTORIAL_NEXT_STAGE_LAST;Вы уже находитесь в продвинутом курсе этой главы;X;X;X;X;X;X
TUTORIAL_PROGRESS;Страница $CURRENT$ из $TOTAL$;X;X;X;X;X;X
PROVINCEVIEW_CORES2;Нац. пров.:;X;X;X;X;X;X
SELL;Продавать;X;X;X;X;X;X
AUTOSAVING;Идет сохранение;X;X;X;X;X;X
MAP_SAVED;Карта сохранена;X;X;X;X;X;X
SCREENSHOT_TAKEN;Скриншот сделан;X;X;X;X;X;X
HAS_NO_UNION_TAG;Не существует державы;X;X;X;X;X;X
CANCEL2;Отменить;X;X;X;X;X;X
HAVE_MILITARY_SCORE_LESS_THAN;Очки военной мощи меньше;X;X;X;X;X;X
STRATA_NEED_LESS_THAN;Нужды удовлетворены менее чем на;X;X;X;X;X;X
STRATA_NEED_MORE_THAN;Нужды удовлетворены как минимум на;X;X;X;X;X;X
HAVE_LESS_POPS_WANTING_POLITICAL_REFORM_THAN;Меньше $VAL$ населения желает политических реформ;X;X;X;X;X;X
HAVE_MORE_POPS_WANTING_POLITICAL_REFORM_THAN;Как минимум $VAL$ населения желает политических реформ;X;X;X;X;X;X
HAVE_LESS_POPS_WANTING_SOCIAL_REFORM_THAN;Меньше $VAL$ населения желает социальных реформ;X;X;X;X;X;X
HAVE_MORE_POPS_WANTING_SOCIAL_REFORM_THAN;Как минимум $VAL$ населения желает социальных реформ;X;X;X;X;X;X
REMOVE_USA_prussian_constitutionalism;СКСА;X;X;X;X;X;X
TECH_DAILY_LEADERSHIP_BASE_TOOLTIP;Базовое число очков лидерства в месяц: §Y$VALUE$§W;X;X;X;X;X;X
TECH_DAILY_LEADERSHIP_TOTAL_TOOLTIP;Ежемесячное число очков лидерства: §G+$VALUE$§W;X;X;X;X;X;X
TECH_DAILY_LEADERSHIP_TOOLTIP;$POPTYPE$ обеспечивают нам §G$VALUE$§W очков лидерства\n(они составляют §Y$FRACTION$%§W населения при оптимальных $OPTIMAL$%).;X;X;X;X;X;X
MODIFIER_CORE_POP_MILITANCY_MODIFIER;Агрессивность в неколониальных регионах;X;X;X;X;X;X
MODIFIER_CORE_POP_CONSCIOUSNESS_MODIFIER;Сознательность в неколониальных регионах;X;X;X;X;X;X
MODIFIER_NON_ACCEPTED_POP_MILITANCY_MODIFIER;Агрессивность непризнанных культур;X;X;X;X;X;X
MODIFIER_NON_ACCEPTED_POP_CONSCIOUSNESS_MODIFIER;Сознательность непризнанных культур;X;X;X;X;X;X
BUDGET_STOCKPILE_YESTERDAYS;Приобретенные за прошедший день товары:;X;X;X;X;X;X
LAG_PAUSE;Игрок $PLAYER$ отстает, и нажимает на паузу.;X;X;X;X;X;X
LAG_DECREASE_SPEED;Игрок $PLAYER$ отстает, и уменьшает скорость.;X;X;X;X;X;X
PAUSED_BY;Пауза нажата игроком §Y$PLAYER$§W.;X;X;X;X;X;X
WARGOAL_OTHER_ACCEPT_SETUP;Одна держава расширяет свою войну против другой;X;X;X;X;X;X
WARGOAL_THEY_ACCEPT_SETUP;Мы расширяем свою войну против другой державы;X;X;X;X;X;X
WARGOAL_WE_ACCEPT_SETUP;Другая держава расширяет свою войну против нас;X;X;X;X;X;X
GUNBOAT_OTHER_ACCEPT_LOG;Держава $ACTOR$ силой заставила державу $RECIPIENT$ выплачивать свой долг.;X;X;X;X;X;X
GUNBOAT_THEY_ACCEPT_LOG;Мы силой заставили державу $RECIPIENT$ выплачивать нам долг.;X;X;X;X;X;X
GUNBOAT_WE_ACCEPT_LOG;Мы приняли требование о выплате долга со стороны державы $ACTOR$.;X;X;X;X;X;X
LEDGER_COUNTRY_NAME;Страна;X;X;X;X;X;X
LEDGER_COUNTRY_MILSCORE;Военная мощь;X;X;X;X;X;X
LEDGER_COUNTRY_INDSCORE;Промышленность;X;X;X;X;X;X
LEDGER_COUNTRY_PRESTIGE;Престиж;X;X;X;X;X;X
LEDGER_COUNTRY_TOTALSCORE;Всего очков;X;X;X;X;X;X
LEDGER_HEADER_PROVINCES;Провинции;X;X;X;X;X;X
LEDGER_PROVINCE_NAME;Провинция;X;X;X;X;X;X
LEDGER_PROVINCE_TOTALPOP;Население;X;X;X;X;X;X
LEDGER_PROVINCE_AVGMIL;Средн. агрес.;X;X;X;X;X;X
LEDGER_PROVINCE_AVGCON;Средн. сознат.;X;X;X;X;X;X
LEDGER_PROVINCE_AVGLIT;Средн. грамотн.;X;X;X;X;X;X
LEDGER_PROVINCE_RELIGION;Религия;X;X;X;X;X;X
LEDGER_PROVINCE_CULTURE;Культура;X;X;X;X;X;X
LEDGER_PROVINCE_ISSUE;Вопрос;X;X;X;X;X;X
LEDGER_PROVINCE_IDEOLOGY;Идеология;X;X;X;X;X;X
LEDGER_HEADER_PROVINCE_POPS;Население провинций;X;X;X;X;X;X
LEDGER_HEADER_ARMY;Армии;X;X;X;X;X;X
LEDGER_ARMY_NAME;Армия;X;X;X;X;X;X
LEDGER_ARMY_INFANTRY;Пехота;X;X;X;X;X;X
LEDGER_ARMY_CAVALRY;Кавалерия;X;X;X;X;X;X
LEDGER_ARMY_ARTILLERY;Артиллерия;X;X;X;X;X;X
LEDGER_HEADER_GOODS_PRICEHISTORY;История цен;X;X;X;X;X;X
LEDGER_COUNTRY_STATUS;Статус;X;X;X;X;X;X
LEDGER_HEADER_COUNTRYCOMPARE;Сравнение держав;X;X;X;X;X;X
LEDGER_COUNTRY_TOTAL_POP;Население;X;X;X;X;X;X
LEDGER_COUNTRY_PROVCOUNT;Провинции;X;X;X;X;X;X
LEDGER_COUNTRY_FACTORYCOUNT;Фабрики;X;X;X;X;X;X
LEDGER_COUNTRY_LITERACY;Грамотность;X;X;X;X;X;X
LEDGER_COUNTRY_LEADERSHIP;Лидерство;X;X;X;X;X;X
LEDGER_COUNTRY_DIVISIONS;Бригады;X;X;X;X;X;X
LEDGER_COUNTRY_SHIPS;Корабли;X;X;X;X;X;X
LEDGER_HEADER_COUNTRYPARTY;Политические системы;X;X;X;X;X;X
LEDGER_COUNTRY_GOVERNMENT;Правительство;X;X;X;X;X;X
LEDGER_COUNTRY_NATIONALVALUE;Национальная ценность;X;X;X;X;X;X
LEDGER_COUNTRY_RULINGPARTY;Правящая партия;X;X;X;X;X;X
LEDGER_COUNTRY_RULINGIDEOLOGY;Идеология партии;X;X;X;X;X;X
LEDGER_HEADER_COUNTRYPOLITICALREFORMS;Политические реформы;X;X;X;X;X;X
LEDGER_HEADER_COUNTRYSOCIALREFORMS;Социальные реформы;X;X;X;X;X;X
LEDGER_HEADER_COUNTRY_POPS;Население страны;X;X;X;X;X;X
LEDGER_HEADER_PROVINCEPRODUCTION;Производство в провинциях;X;X;X;X;X;X
LEDGER_STATE_NAME;Регион;X;X;X;X;X;X
LEDGER_GOODS;Товар;X;X;X;X;X;X
LEDGER_OUTPUT;Производство;X;X;X;X;X;X
LEDGER_INCOME;Доход;X;X;X;X;X;X
LEDGER_EMPLOYED;Работники;X;X;X;X;X;X
LEDGER_LEVEL;Уровень;X;X;X;X;X;X
LEDGER_HEADER_FACTORYPRODUCTION;Промышленное производство;X;X;X;X;X;X
BUDGET_TAX_POOR;Налоги (Бедные);X;X;X;X;X;X
BUDGET_TAX_POOR_DESC;Налог на беднейших слоёв населения.;X;X;X;X;X;X
BUDGET_TAX_MIDDLE;Налоги (Средние);X;X;X;X;X;X
BUDGET_TAX_MIDDLE_DESC;Налог на средний класс.;X;X;X;X;X;X
BUDGET_TAX_RICH;Налоги (Богатые);X;X;X;X;X;X
BUDGET_TAX_RICH_DESC;Налог на богатых.;X;X;X;X;X;X
BUDGET_TOTAL_FUNDS;Все средства;X;X;X;X;X;X
BUDGET_TOTAL_DEBT;Все займы;X;X;X;X;X;X
BUDGET_TAKE_LOAN;Взять заем;X;X;X;X;X;X
BUDGET_REPAY_LOAN;Выплатить заем;X;X;X;X;X;X
BUDGET_DAILY_INCOME;Ежедневные доходы;X;X;X;X;X;X
BUDGET_DAILY_EXPENSES;Ежедневные расходы;X;X;X;X;X;X
BUDGET_MILITARY_COST;Оборона;X;X;X;X;X;X
BUDGET_NATIONAL_STOCKPILE;Гос. запасы;X;X;X;X;X;X
BUDGET_INDUSTRIAL_SUBSIDIES;Субсидии промышленности;X;X;X;X;X;X
BUDGET_TARIFFS;Пошлины;X;X;X;X;X;X
BUDGET_DAILY_BALANCE;Примерное дневное сальдо;X;X;X;X;X;X
BUDGET_GOLD_DESC;Доход от золотого стандарта.;X;X;X;X;X;X
BUDGET_MIL_COST_DESC;Расходы на содержание армии.;X;X;X;X;X;X
BUDGET_NAT_STOCK_DESC;Национальные запасы.;X;X;X;X;X;X
BUDGET_IND_SUP_DESC;Промышленные субсидии.;X;X;X;X;X;X
BUDGET_EDUCATION_DESC;Расходы на образование.;X;X;X;X;X;X
BUDGET_ADMIN_DESC;Административные расходы.;X;X;X;X;X;X
BUDGET_SOCIAL_SPEND_DESC;Социальные расходы.;X;X;X;X;X;X
BUDGET_MIL_SPEND_DESC;Военные расходы.;X;X;X;X;X;X
BUDGET_TARIFF_DESC;Таможенные пошлины.;X;X;X;X;X;X
BUDGET_TOTAL_FUNDS_DESC;Общий доход бюджета.;X;X;X;X;X;X
BUDGET_BALANCE_DESC;Баланс бюджета.;X;X;X;X;X;X
BUDGET_DEBT_DESC;Государственный долг.;X;X;X;X;X;X
BUDGET_NATIONAL_BANK_DESC;Национальный банк.;X;X;X;X;X;X
BUDGET_INTEREST_DESC;Проценты по долгу.;X;X;X;X;X;X
BUDGET_CLOSE_WINDOW;Закрыть окно бюджета.;X;X;X;X;X;X
BUDGET_TOTAL_EXPENSE;Общие расходы: §Y$VAL$§W;X;X;X;X;X;X
BUDGET_SLIDER_ADMINISTRATION;Управление: §Y$VAL$§W;X;X;X;X;X;X
BUDGET_EXPENSE_SLIDER_EDUCATION;Образование: §Y$VAL$§W;X;X;X;X;X;X
BUDGET_SLIDER_SOCIAL_SPENDING;Социальная сфера: §Y$VAL$§W;X;X;X;X;X;X
BUDGET_SLIDER_MILITARY_SPENDING;Оборона: §Y$VAL$§W;X;X;X;X;X;X
BUDGET_INTEREST;Проценты по займам: §Y$VAL$§W;X;X;X;X;X;X
REMOVE_BUDGET_IMPORTS;Импорт: §Y$VAL$§W;X;X;X;X;X;X
BUDGET_SUPPLYCOSTS;Цена запасов: §Y$VAL$§W;X;X;X;X;X;X
BUDGET_TAX;§Y$VAL$§W;X;X;X;X;X;X
BUDGET_BASE_TAX;Базовая эффективность налогообложения: §Y$VAL$§W%;X;X;X;X;X;X
BUDGET_TECH_TAX;От технологии: §Y$VAL$§W%;X;X;X;X;X;X
BUDGET_STRATA_NEED;$TYPE$ удовлетворены у §Y$VAL$§W%.;X;X;X;X;X;X
BUDGET_STRATA_NO_NEED;§Y$VAL$§W% не имеют даже самого необходимого.;X;X;X;X;X;X
BUDGET_TOTAL_INCOME;Общие доходы: §Y$VAL$§W;X;X;X;X;X;X
TAXES_POOR;Налоги с бедных: §Y$VAL$§W;X;X;X;X;X;X
TAXES_MIDDLE;Налоги со среднего класса: §Y$VAL$§W;X;X;X;X;X;X
TAXES_RICH;Налоги с богатых: §Y$VAL$§W;X;X;X;X;X;X
TARIFFS_INCOME;Пошлины: §Y$VAL$§W;X;X;X;X;X;X
REMOVE_BUDGET_EXPORTS;Экспорт: §Y$VAL$§W;X;X;X;X;X;X
BUDGET_GOLD;Золотодобыча: §Y$VAL$§W;X;X;X;X;X;X
BUDGET_ADMIN_EFFICIENCY;Эффективность управления: §Y$PERC$%§W;X;X;X;X;X;X
BUDGET_ADMIN_EFFICIENCY_DESC;§Y$PERC$%§W нашего населения являются §Yчиновниками§W. Чтобы достичь максимальной эффективности управления, нам необходимо иметь как минимум §Y$MAX$%§W чиновников§W.\n;X;X;X;X;X;X
ADM_EXPLAIN_DESC;Этот минимально необходимый процент зависит от следующего:\n;X;X;X;X;X;X
SHADOWY_INVESTOR;Частные инвесторы;X;X;X;X;X;X
GUNBOAT_ALERT;Держава $COUNTRY$ воспользовалась своим флотом, чтобы заставить нас выплачивать взятые нами у них взаймы деньги в размере $VALUE$¤ каждый день.;X;X;X;X;X;X
BUDGET_COUNTRY;Страна;X;X;X;X;X;X
BUDGET_AMOUNT;Сумма;X;X;X;X;X;X
BUDGET_LOANS_TAKEN;Взятые займы;X;X;X;X;X;X
BUDGET_LOANS_GIVEN;Выданные займы;X;X;X;X;X;X
DIPLOMATIC_BALANCE_DESC;Дипломатический баланс;X;X;X;X;X;X
BUDGET_LOAN_CANT_REPAY;В настоящий момент у нас нет невыплаченных займов.;X;X;X;X;X;X
BUDGET_CANT_LOAN;В настоящий момент ни у кого нет свободных средств.;X;X;X;X;X;X
WORLD_YEAR;Год $YEAR$ от Р.Х.;X;X;X;X;X;X
FE_PLAYABLE_COUNTRIES;Игровые страны;X;X;X;X;X;X
FE_COUNTRY;Страна;X;X;X;X;X;X
FE_WARS;Враги:;X;X;X;X;X;X
FE_POP;Население;X;X;X;X;X;X
FE_IDEOLOGY;Идеология;X;X;X;X;X;X
FE_INDUSTRY;Пром-сть:;X;X;X;X;X;X
FE_PRESTIGE;Престиж:;X;X;X;X;X;X
FE_RANK;Статус;X;X;X;X;X;X
FE_SCORE;Очки;X;X;X;X;X;X
SAVE_PROG;Идет передача: $VALUE$%;X;X;X;X;X;X
TRANSERING_SAVE;Идет передача сохраненной игры...;X;X;X;X;X;X
LOADING_LOCAL_SAVE;Загрузка локальной копии сохраненной игры...;X;X;X;X;X;X
PLR_DISC;Игрок §Y$NAME$§W покинул игру.;X;X;X;X;X;X
PLR_CONNECT;Игрок §Y$NAME$§W присоединился к игре.;X;X;X;X;X;X
REVERT_SAVE_CAL;Откат к стандартным данным.;X;X;X;X;X;X
SAVE_TRANSFER_DONE;Передача сохраненной игры завершена.;X;X;X;X;X;X
LOADING_MAP_SPRITES;Loading Map-Sprites...;X;X;X;X;X;X
LOADING_GUI_DEF;Loading GUI Definitions...;X;X;X;X;X;X
LOADING_DATABASES;Loading Databases...;X;X;X;X;X;X
LOADING_DATABASES2;Loading Databases II...;X;X;X;X;X;X
INIT_MAP_LOGIC;Initialising Maplogic...;X;X;X;X;X;X
CREATING_CHKSUM;Creating Checksum...;X;X;X;X;X;X
LOADING_HISTORY;Loading History Files...;X;X;X;X;X;X
LOADING_SOUNDS;Loading Sounds...;X;X;X;X;X;X
PROC_FLAGS;Processing Flags...;X;X;X;X;X;X
LOAD_FLAGS;Loading Flags...;X;X;X;X;X;X
LOAD_GFX;Loading Graphics...;X;X;X;X;X;X
CREATING_THE_WORLD;Creating the World...;X;X;X;X;X;X
CREATING_TREES;Creating Trees...;X;X;X;X;X;X
CREATING_BORDERS;Creating Borders...;X;X;X;X;X;X
CREATING_RIVERS;Creating Rivers...;X;X;X;X;X;X
MAP_PROPERLY_INIT;Map Properly Initialised...;X;X;X;X;X;X
CREATING_TEXTS;Creating Texts....;X;X;X;X;X;X
LOAD_EVENTS;Loading Events...;X;X;X;X;X;X
ADAPTING_HISTORY;Adapting History...;X;X;X;X;X;X
CALC_PATHS;Calculating paths...\nThis may take several minutes.;X;X;X;X;X;X
FE_TOGGLE;Быстрый старт;X;X;X;X;X;X
FE_TOGGLE_NORMAL;Настраиваемый старт;X;X;X;X;X;X
FE_SETTING_DIPLOMACY;Дипломатия;X;X;X;X;X;X
FE_SETTING_PRODUCTION;Производство;X;X;X;X;X;X
FE_SETTING_POLITICS;Политика;X;X;X;X;X;X
FE_SETTING_INTEL;Разведка;X;X;X;X;X;X
FE_SETTING_TECHNOLOGY;Технология;X;X;X;X;X;X
FE_SETTING_UNITINTERFACE;Армии;X;X;X;X;X;X
DIFF_VERY_EASY;Очень легко;X;X;X;X;X;X
DIFF_EASY;Легко;X;X;X;X;X;X
DIFF_NORMAL;Нормально;X;X;X;X;X;X
DIFF_HARD;Сложно;X;X;X;X;X;X
DIFF_VERY_HARD;Очень сложно;X;X;X;X;X;X
CORE_PAUSED;ПАУЗА;X;X;X;X;X;X
SM_SETTINGS;Настройки;X;X;X;X;X;X
SM_GAME;Игра;X;X;X;X;X;X
SM_VIDEO;Графика;X;X;X;X;X;X
SM_AUDIO;Звук;X;X;X;X;X;X
SM_CONTROLS;Управл.;X;X;X;X;X;X
SM_MASTER_VOLUME;Основная громкость;X;X;X;X;X;X
SM_EFFECT_VOLUME;Громкость эффектов;X;X;X;X;X;X
SM_MUSIC_VOLUME;Громкость музыки;X;X;X;X;X;X
SM_SCROLL_SPEED;Скорость прокрутки;X;X;X;X;X;X
SM_ZOOM_SPEED;Скорость приближения;X;X;X;X;X;X
SM_MOUSE_SPEED;Скорость мыши;X;X;X;X;X;X
SM_RESOLUTION;Разрешение экрана;X;X;X;X;X;X
SM_REFRESH_RATE;Частота обновления;X;X;X;X;X;X
SM_GAMMA;Гамма;X;X;X;X;X;X
SM_SHADOWS;Тени;X;X;X;X;X;X
SM_TREES;Прорисовка деревьев;X;X;X;X;X;X
SM_DIFFICULTY;Сложность;X;X;X;X;X;X
SM_AUTOSAVE_INTERVAL;Автосохранение;X;X;X;X;X;X
SM_APPLY;ОК;X;X;X;X;X;X
SM_BACK;Назад;X;X;X;X;X;X
SM_ALERT;Внимание!;X;X;X;X;X;X
SM_RESTART;Для того чтобы сделанные изменения вступили в силу, необходимо перезагрузить игру.;X;X;X;X;X;X
SM_WP;Во время записи файла настроек произошла ошибка. Убедитесь, что он не защищен от записи, и попробуйте снова.;X;X;X;X;X;X
FE_HOST;Создание игры;X;X;X;X;X;X
FE_JOIN_LAN_GAME;Подключение к игре;X;X;X;X;X;X
FE_JOIN_INTERNET_GAME;Интернет;X;X;X;X;X;X
FE_SCAN;поиск;X;X;X;X;X;X
FE_METASERVER;Метасервер;X;X;X;X;X;X
FE_BACK;Назад;X;X;X;X;X;X
FE_PLAYER;Игрок;X;X;X;X;X;X
FE_PLAYER_NAME;Имя игрока:;X;X;X;X;X;X
FE_SINGLE_PLAYER;Одиночная игра;X;X;X;X;X;X
FE_OPTIONS;Настройки;X;X;X;X;X;X
FE_CREDITS;Авторы;X;X;X;X;X;X
FE_EXIT;Выход;X;X;X;X;X;X
FE_NATION_TO_PLAY;Пожалуйста, выберите державу...;X;X;X;X;X;X
FE_NEW_GAME;Начать игру;X;X;X;X;X;X
FE_SAVE_GAME;Сохранение;X;X;X;X;X;X
FE_HISTORICAL_START;Историческая игра;X;X;X;X;X;X
FE_SAVED_GAMES;Загрузка;X;X;X;X;X;X
FE_SELECT_NATION;Пожалуйста, выберите державу на карте...;X;X;X;X;X;X
FE_NO_COUNTRY_SELECTED;Держава не выбрана;X;X;X;X;X;X
FE_MILITARY;Армия;X;X;X;X;X;X
FE_ECONOMY;Экономика;X;X;X;X;X;X
FE_DIPLOMACY;Дипломатия;X;X;X;X;X;X
FE_DIFFICULTY;Сложность;X;X;X;X;X;X
FE_AT_WAR;Враги:;X;X;X;X;X;X
FE_ALLIES;Союзники:;X;X;X;X;X;X
FE_LOAD;ЗАГРУЗИТЬ;X;X;X;X;X;X
FE_BOOKEDMARKED;Ключевые исторические даты:;X;X;X;X;X;X
FE_STARTING_DATE;Начало игры;X;X;X;X;X;X
FE_BOOKMARK_TITLE;Название игры;X;X;X;X;X;X
FE_BOOKMARK_DATE;Дата начала игры;X;X;X;X;X;X
FE_LOCAL_GAMES;локальные игры;X;X;X;X;X;X
FE_MY_GAME;Новая игра;X;X;X;X;X;X
FE_CANCEL;Отменить;X;X;X;X;X;X
PLAYER_LOST_TITLE;Игрок отсоединен;X;X;X;X;X;X
PLAYER_LOST_DESC;Игрок $playername$ отсоединен. Ваши действия?;X;X;X;X;X;X
SERVER_LOST_TITLE;Сервер потерян!;X;X;X;X;X;X
REMOVE_SERVER_LOST_DESC;Сервер потерян. Игра будет завершена.;X;X;X;X;X;X
SAVE;Сохранение;X;X;X;X;X;X
QUIT;Выход;X;X;X;X;X;X
START;Начало;X;X;X;X;X;X
CONTINUE;Продолжение;X;X;X;X;X;X
CONNECTED;Вы соединены.;X;X;X;X;X;X
NAME_TAKEN;Игрок с таким именем уже существует. Пожалуйста, покиньте игру и выберите другое имя.;X;X;X;X;X;X
CONNECTING;Присоединение…;X;X;X;X;X;X
BANNED;Вы исключены из этой игры.;X;X;X;X;X;X
CONNECTION_FAILED;Соединение не удалось!;X;X;X;X;X;X
GAME_NOT_FOUND;Игра не найдена.;X;X;X;X;X;X
WAITING_FOR_PLAYERS;Ожидаем других игроков...;X;X;X;X;X;X
ALL_PLAYERS_HERE;Все игроки на месте.;X;X;X;X;X;X
LOOKING_FOR_HOST;Поиск хоста...;X;X;X;X;X;X
LOST_PLAYER;Игрок покинул игру...;X;X;X;X;X;X
SERVER_LOST;Сервер покинул игру.;X;X;X;X;X;X
JOIN_IP_TITLE;Введите IP-адрес...;X;X;X;X;X;X
HOST_TITLE;Введите название игры...;X;X;X;X;X;X
HOST_BUTTON;Создать;X;X;X;X;X;X
JOIN_BUTTON;Присоединиться;X;X;X;X;X;X
LOG_SETTING_LOG;Показывать в окне отчета;X;X;X;X;X;X
LOG_SETTING_MAP;Показывать на карте;X;X;X;X;X;X
LOG_SETTING_IDLE;Не показывать;X;X;X;X;X;X
QUIT_TITLE;Выход из игры;X;X;X;X;X;X
QUIT_DESC;Вы действительно хотите выйти из игры?;X;X;X;X;X;X
ZOOM_IN;Приблизить;X;X;X;X;X;X
ZOOM_OUT;Отдалить;X;X;X;X;X;X
RESIGN_TITLE;Выход в отставку;X;X;X;X;X;X
RESIGN_DESC;Вы действительно хотите выйти из текущего сценария в главное меню игры?;X;X;X;X;X;X
SCAN;Поиск;X;X;X;X;X;X
STOP_SCAN;Стоп;X;X;X;X;X;X
TIP_KICK;Исключить игрока;X;X;X;X;X;X
TIP_BAN;Запретить игроку вход на время этой сессии;X;X;X;X;X;X
PLAYER_KICKED;Игрок $NAME$ был исключен из игры сервером.;X;X;X;X;X;X
PLAYER_BANNED;Сервер запретил вход игроку $NAME$.;X;X;X;X;X;X
YOUKICKED;За свои неправедные поступки вы были исключены из игры сервером!;X;X;X;X;X;X
BAD_VERSION;Ваша версия игры не совпадает с версией сервера.;X;X;X;X;X;X
JOINED_CHANNEL;Соединение с каналом $CHAN$ успешно завершено.;X;X;X;X;X;X
USER_JOINED_CHANNEL;Игрок $NAME$ присоединился к каналу.;X;X;X;X;X;X
USER_LEFT_CHANNEL;Игрок $NAME$ покинул канал.;X;X;X;X;X;X
METASERVER_GAME_INFO;Создатель игры: $CREATOR$\nДата создания: $DATE$;X;X;X;X;X;X
MENU_BAR_SAVE_GAME;Сохранение игры;X;X;X;X;X;X
MENU_BAR_GAME_OPTIONS;Настройки;X;X;X;X;X;X
MENU_BAR_GAME_RESIGN;Выход в отставку;X;X;X;X;X;X
MENU_BAR_MESSAGE_SETTINGS;Настройка сообщений;X;X;X;X;X;X
MENU_BAR_QUIT;Выход;X;X;X;X;X;X
MENU_BAR_CLOSE;Назад;X;X;X;X;X;X
MENU_BAR_SAVE;Сохранение;X;X;X;X;X;X
MENU_BAR_SAVE_GAME_FILENAME;Введите имя игры;X;X;X;X;X;X
CHAT_ALLIES;Союзники;X;X;X;X;X;X
CHAT_FOES;Враги;X;X;X;X;X;X
CHAT_ALL;Все;X;X;X;X;X;X
CHATMESSAGE_SETUP;Мы получаем сообщение в чате;X;X;X;X;X;X
CHATMESSAGE_HEADER;Новое сообщение!;X;X;X;X;X;X
CHATMESSAGE_1;Входящее сообщение;X;X;X;X;X;X
CHATMESSAGE_BTN1;ОК;X;X;X;X;X;X
CHATMESSAGE_BTN2;ОК;X;X;X;X;X;X
CHATMESSAGE_BTN3;Перейти;X;X;X;X;X;X
MS_USERNAME;Имя пользователя:;X;X;X;X;X;X
MS_PASSWORD;Пароль:;X;X;X;X;X;X
MS_CREATE_GAME;Создать;X;X;X;X;X;X
MS_NAME;Имя:;X;X;X;X;X;X
MS_USE_PASSWORD;Использовать пароль;X;X;X;X;X;X
MS_JOIN_GAME;Присоединиться;X;X;X;X;X;X
MS_PASSWD;Пароль;X;X;X;X;X;X
MS_ALERT;Внимание;X;X;X;X;X;X
MS_CONNECTION_FAILED;Соединение не удалось!;X;X;X;X;X;X
MS_CHANNELS;Каналы;X;X;X;X;X;X
MS_METASERVER_LOGIN;Логин метасервера;X;X;X;X;X;X
MS_JOINGAME;Присоединиться;X;X;X;X;X;X
MS_REFRESH;Обновить;X;X;X;X;X;X
MS_START;Начать игру;X;X;X;X;X;X
MS_BACK;Назад;X;X;X;X;X;X
MS_JOIN;Присоединиться;X;X;X;X;X;X
MS_JOIN_CHANNEL;Присоединиться;X;X;X;X;X;X
MS_LOGIN;Подключиться;X;X;X;X;X;X
MS_CREATE;Создать;X;X;X;X;X;X
MS_GAMES;Текущие игры;X;X;X;X;X;X
MS_INFORMATION;Информация об игре:;X;X;X;X;X;X
MS_CHAT;Чат;X;X;X;X;X;X
MS_CHANNEL_PLAYER;#Канал/Список игроков;X;X;X;X;X;X
MS_CONNECTION_LOST;Связь потеряна;X;X;X;X;X;X
PAUSE_RESUME;СТАРТ;X;X;X;X;X;X
MESSAGECAT_COMBAT;Боевые сообщения;X;X;X;X;X;X
MESSAGECAT_DIPLOMACY;Дипломатические сообщения;X;X;X;X;X;X
MESSAGECAT_UNITS;Сообщения о подразделениях;X;X;X;X;X;X
MESSAGECAT_PROVS;Сообщения из провинций;X;X;X;X;X;X
MESSAGECAT_EVENTS;Сообщения о событиях;X;X;X;X;X;X
MESSAGECAT_OTHERS;Остальные сообщения;X;X;X;X;X;X
MESSAGECAT_ALL;Все сообщения;X;X;X;X;X;X
MS_PASS;Пароль:;X;X;X;X;X;X
MS_NOT_CONNECTED;Вы не соединены.;X;X;X;X;X;X
MS_CONNECTING;Соединяемся...;X;X;X;X;X;X
MS_FAILED;Соединение не удалось!;X;X;X;X;X;X
MS_CANCEL;Отменить;X;X;X;X;X;X
MS_CONNECT;Соединиться;X;X;X;X;X;X
MS_EMPTY_USERNAME;Вы должны ввести имя пользователя!;X;X;X;X;X;X
MS_LOGGED_AS;Вы вошли под именем:;X;X;X;X;X;X
MS_CREDITS;Доступно монет:;X;X;X;X;X;X
MS_MY_ITEMS;Мои предметы;X;X;X;X;X;X
MS_CLOSE;Закрыть;X;X;X;X;X;X
MS_PURCHASE_BONUS_CONTENT;Покупка бонусного контента;X;X;X;X;X;X
MS_DOWNLOAD;Скачать;X;X;X;X;X;X
MS_INSTALL;Установить;X;X;X;X;X;X
MS_BUY_ITEM;Купить предмет;X;X;X;X;X;X
ME_ERROR;Ошибка: ;X;X;X;X;X;X
ME_STATUS_OK;Статус: ОК;X;X;X;X;X;X
GGCOINS_ERR_NO_MEM;Ошибка распределения памяти.;X;X;X;X;X;Xёёё
GGCOINS_ERR_NET;Ошибка сетевого соединения.;X;X;X;X;X;X
GGCOINS_ERR_HANDSHAKE;Ошибка связи. Пожалуйста, проверьте настройки вашего брандмауэра.;X;X;X;X;X;X
GGCOINS_ERR_INVALID_RESPONSE;Неправильная комбинация имени пользователя и пароля.;X;X;X;X;X;X
GGCOINS_ERR_NOT_SIGNED_IN;Вы не зашли на сервер.;X;X;X;X;X;X
GGCOINS_ERR_NOT_FOUND;Предмет не найден.;X;X;X;X;X;X
GGCOINS_ERR_PRICE_INCREASED;Цена предмета выросла, пожалуйста, обновите свой список.;X;X;X;X;X;X
GGCOINS_ERR_OUT_OF_CREDITS;У вас нет достаточно монет.;X;X;X;X;X;X
GGCOINS_ERR_DUPLICATE;Вы уже купили этот предмет.;X;X;X;X;X;X
ME_PURCHASE_SUCCESSFUL;Поздравляем с покупкой! Чтобы произвести установку, перейдите в окно ваших предметов.;X;X;X;X;X;X
ME_BUY_ITEM;Купить предмет;X;X;X;X;X;X
ME_BUY_ITEM_DESC;Вы действительно хотите купить предмет §Y$NAME$§W за §Y$CREDITS$§W? Вы не сможете потом отменить эту покупку.;X;X;X;X;X;X
MS_AVAILABLE_ITEMS;Доступные предметы;X;X;X;X;X;X
MESSAGESETTINGS_ALL;Все;X;X;X;X;X;X
MESSAGESETTINGS_COMBAT;Боевые;X;X;X;X;X;X
MESSAGESETTINGS_DIPLOMACY;Дипломат.;X;X;X;X;X;X
MESSAGESETTINGS_UNITS;Подразд.;X;X;X;X;X;X
MESSAGESETTINGS_PROVINCES;Провинц.;X;X;X;X;X;X
MESSAGESETTINGS_EVENTS;События;X;X;X;X;X;X
MESSAGESETTINGS_OTHER;Другие;X;X;X;X;X;X
ME_CLICK_BUY;Нажмите, чтобы купить этот предмет с помощью ваших голубых монет.;X;X;X;X;X;X
ME_DOWNLOAD;Нажмите, чтобы скачать этот предмет.;X;X;X;X;X;X
ME_DOWNLOAD_ERROR;Ошибка при загрузке!;X;X;X;X;X;X
ME_INSTALL;Нажмите, чтобы установить ваш предмет. Возможно, чтобы он вступил в действие, вам придется перезапустить игру.;X;X;X;X;X;X
ME_BAD_VERSION;Для этого предмета необходима более поздняя версия игры, $NUMBER$.;X;X;X;X;X;X
ME_NO_FILE;У этого предмета нет файла.;X;X;X;X;X;X
ME_INSTALL_SUCCESS;Установка завершена!;X;X;X;X;X;X
ME_INSTALL_FAIL;Во время установки произошла ошибка!;X;X;X;X;X;X
MESSAGE_IS_PAUSE;Данный тип сообщений$TRUTH$отображается в отдельном окне и вызывает паузу.;X;X;X;X;X;X
MICRO_ERROR_TITLE;Ошибка!;X;X;X;X;X;X
MICRO_ERROR_DESC;Не могу получить доступ к файлу ggcoins.dll. Убедитесь, что этот файл имеется в каталоге с игрой, или переустановите ее.;X;X;X;X;X;X
VERY_EASY;Очень легко;X;X;X;X;X;X
EASY;Легко;X;X;X;X;X;X
NORMAL;Нормально;X;X;X;X;X;X
HARD;Сложно;X;X;X;X;X;X
VERY_HARD;Очень сложно;X;X;X;X;X;X
NEVER;Отключено;X;X;X;X;X;X
MONTHLY;Ежемесячно;X;X;X;X;X;X
HALFYEAR;Каждые полгода;X;X;X;X;X;X
YEARLY;Каждый год;X;X;X;X;X;X
FIVE_YEAR;Каждые пять лет;X;X;X;X;X;X
YEARS;лет;X;X;X;X;X;X
MONTHS;месяцев;X;X;X;X;X;X
LOST_PLR;Потерян игрок:;X;X;X;X;X;X
SAVE_LOADED;Игра загружается...;X;X;X;X;X;X
COMPRESS_ERROR;Во время сжатия файла сценария произошла ошибка...;X;X;X;X;X;X
MS_LOGOUT;Выйти;X;X;X;X;X;X
SM_MULTISAMPLE;Сглаживание;X;X;X;X;X;X
RESTART_REQ;Требуется перезагрузка;X;X;X;X;X;X
RESTART_REQ_DESC;Необходимо перезагрузить игру, прежде чем изменения вступят в силу.;X;X;X;X;X;X
CORE_MP_PAUSED_NAME;Пауза нажата игроком $PLAYER$.;X;X;X;X;X;X
CORE_MP_PAUSED;$TIME$ сек. должно пройти, прежде чем другие игроки смогут снять паузу…;X;X;X;X;X;X
OOS_TITLE;Ошибка!;X;X;X;X;X;X
OOS_DESC;Игра не синхронизирована!;X;X;X;X;X;X
MAX_STRENGTH;Макс. численность;X;X;X;X;X;X
DEFAULT_ORG;Организация;X;X;X;X;X;X
BUILD_TIME;Время строительства;X;X;X;X;X;X
MAXIMUM_SPEED;Макс. скорость;X;X;X;X;X;X
TRANSPORT_WEIGHT;Размер (в усл.ед.);X;X;X;X;X;X
SUPPLY_CONSUMPTION;Потребление припасов;X;X;X;X;X;X
COMBAT_WIDTH;Ширина фронта;X;X;X;X;X;X
TRANSPORT_CAPABILITY;Грузоподъемность;X;X;X;X;X;X
HULL;Корпус;X;X;X;X;X;X
FORT_ADJUSTER;Крепость;X;X;X;X;X;X
RIVER_ADJUSTER;Река;X;X;X;X;X;X
UA_ATTACK;Атака;X;X;X;X;X;X
UA_DEFENCE;Защита;X;X;X;X;X;X
UA_MOVEMENT;Движение;X;X;X;X;X;X
UA_ATTRITION;Небоевые потери;X;X;X;X;X;X
RECONAISSANCE;Разведка;X;X;X;X;X;X
ATTACK;Атака;X;X;X;X;X;X
DEFENCE;Защита;X;X;X;X;X;X
DISCIPLINE;Дисциплина;X;X;X;X;X;X
SUPPORT;Поддержка;X;X;X;X;X;X
MANUEVER;Маневренность;X;X;X;X;X;X
GUN_RANGE;Дальность;X;X;X;X;X;X
GUN_POWER;Атака;X;X;X;X;X;X
REGIMENT_NAME;$NUM$$ORDER$ $TYPE$ бригада;X;X;X;X;X;X
ARMY_NAME;$NUM$$ORDER$ армия;X;X;X;X;X;X
NAVY_NAME;$NUM$$ORDER$ эскадра;X;X;X;X;X;X
ST;.;X;X;X;X;X;X
ND;.;X;X;X;X;X;X
TH;.;X;X;X;X;X;X
RD;.;X;X;X;X;X;X
TRAIT_ATTACK;Атака;X;X;X;X;X;X
TRAIT_DEFEND;Оборона;X;X;X;X;X;X
TRAIT_MORALE;Боевой дух;X;X;X;X;X;X
TRAIT_ORGANISATION;Организация;X;X;X;X;X;X
TRAIT_RECONAISSANCE;Скорость захвата;X;X;X;X;X;X
TRAIT_SPEED;Скорость;X;X;X;X;X;X
TRAIT_ATTRITION;Истощение;X;X;X;X;X;X
TRAIT_EXPERIENCE;Опыт;X;X;X;X;X;X
TRAIT_RELIABILITY;Надежность;X;X;X;X;X;X
TYPE_INF;Пехота;X;X;X;X;X;X
TYPE_CAV;Кавалерия;X;X;X;X;X;X
TYPE_TANKS;Танки;X;X;X;X;X;X
TYPE_PLANES;Аэропланы;X;X;X;X;X;X
TYPE_BIGSHIP;Крупные корабли;X;X;X;X;X;X
TYPE_LIGHTSHIP;Малые корабли;X;X;X;X;X;X
TYPE_TRANSPORT;Транспорты;X;X;X;X;X;X
TERRAIN_MOVEMENT_COST;Стоимость движения: ;X;X;X;X;X;X
TERRAIN_ATTACK;Атака: ;X;X;X;X;X;X
TERRAIN_DEFENCE;Защита: ;X;X;X;X;X;X
SUBTT_STRENGTH;Боеспособность;X;X;X;X;X;X
SUBTT_ORG;Организация;X;X;X;X;X;X
SUBTT_EXP;Опыт;X;X;X;X;X;X
LOAD_CAPACITY_LABEL;Может взять: $NUM$ ед.;X;X;X;X;X;X
TOTAL_WEIGHT;Размер этого подразделения равен $NUM$ ед.;X;X;X;X;X;X
NAVAL_COUNT;Крупные: §Y$CAPITAL$§W. Малые: §Y$ESCORTS$§W. Другие: §Y$OTHER$§W.;X;X;X;X;X;X
LAND_COUNT;Бригад: §Y$NUM$§W.;X;X;X;X;X;X
DISBAND_UNIT;Распустить;X;X;X;X;X;X
REMOVE_DISBAND_UNIT_DRO;Расформировав подразделение, мы снизим расход горючего и припасов на содержание наших войск. Если же это подразделение состоит из частей неполной численности, то мы сможем направить в более важные места тех рекрутов, что шли на пополнение этой армии.;X;X;X;X;X;X
NEW_UNIT;Разделить;X;X;X;X;X;X
NEW_UNIT_DRO;Разделив подразделение, мы сможем придать часть входящих в него частей новому соединению.;X;X;X;X;X;X
OSELECT_UNIT;Выбрать это подразделение;X;X;X;X;X;X
OSELECT_UNIT_DRO;Если мы выделили несколько подразделений, нажатие этой кнопки позволит нам перейти только к одному из них.;X;X;X;X;X;X
DESELECT_UNIT;Отменить выделение;X;X;X;X;X;X
DESELECT_UNIT_DRO;Нажатие этой кнопки закроет текущее окно обзора подразделения.;X;X;X;X;X;X
MERGE_UNITS;Объединить;X;X;X;X;X;X
MERGE_UNITS_DRO;Объединение всех выбранных подразделений в одно.;X;X;X;X;X;X
REORGANISE_UNITS;Перераспределить;X;X;X;X;X;X
NO_REORGANISE_UNITS;Мы можем перераспределять части только между двумя выбранными подразделениями.;X;X;X;X;X;X
REORGANISE_UNITS_DRO;Перераспределение частей позволит переместить их из одного выбранного подразделения в другое.;X;X;X;X;X;X
TRANSFER_SUB;Переместить;X;X;X;X;X;X
TRANSFER_SUB_DRO;Нажав на эту кнопку, мы переместим это подразделение в другое выбранное соединение.;X;X;X;X;X;X
CONFIRM_DISBAND_TITLE;Вы уверены, что хотите расформировать это подразделение?;X;X;X;X;X;X
CONFIRM_DISBAND_DESC;Это полностью удалит данное подразделение из игры, и в результате нам не придется больше тратить деньги на его содержание. При этом все людские ресурсы этого подразделения вернутся в пул.;X;X;X;X;X;X
SUNK_SHIP_LABEL;Потоплено кораблем '$NAME$'.;X;X;X;X;X;X
SUNK_SHIPS;Потоплено;X;X;X;X;X;X
TRAITS;Навыки;X;X;X;X;X;X
PRESTIGE_SCORE;Престиж: §Y$VAL$§W;X;X;X;X;X;X
MILITARY_SCORE;Военная мощь: §Y$VAL$§W;X;X;X;X;X;X
INDUSTRIAL_SCORE;Промышленность: §Y$VAL$§W;X;X;X;X;X;X
BE_POPULATION;Население:;X;X;X;X;X;X
BE_PROVINCES;Провинции:;X;X;X;X;X;X
BE_FACTORIES;Фабрики:;X;X;X;X;X;X
BE_LITERACY;Грамотность:;X;X;X;X;X;X
BE_NAVY;Боевые корабли:;X;X;X;X;X;X
BE_ARMY;Бригады:;X;X;X;X;X;X
BE_GOV;Правительство:;X;X;X;X;X;X
BE_PARTY;Правящая партия:;X;X;X;X;X;X
BA_WORK_FORCE;Рабочая сила;X;X;X;X;X;X
BA_IDEOLOGY;Идеология;X;X;X;X;X;X
REMOVE_BE_GREAT_POWER;Великая держава;X;X;X;X;X;X
REMOVE_BE_SECOND_RANK;Колониальная держава;X;X;X;X;X;X
BE_IN_SPHERE_OF;В сфере влияния державы $COUNTRY$;X;X;X;X;X;X
BE_INDEPENDENT_NATION;Независимая держава;X;X;X;X;X;X
BE_PRESTIGE;Престиж;X;X;X;X;X;X
BE_INDUSTRY;Очки промышленности;X;X;X;X;X;X
BE_MILITARY;Очки военной мощи;X;X;X;X;X;X
GC_NAME;Основная кампания;X;X;X;X;X;X
REMOVE_GC_DESC;Осела пыль на полях Ватерлоо, где идеалы Великой французской революции, казалось, нашли свой конец от руки старых европейских режимов. После бедствий наполеоновских войн решения, принятые на Венском конгрессе, восстановили хрупкое спокойствие на растревоженном континенте. Хотя пламя революции временно удалось пригасить, скоро станет понятно, что идеи гражданских свобод, национализма и либерализма живее, чем когда-либо раньше. В Америке эти же идеи угрожают ввергнуть молодую республику в разрушительную гражданскую войну. Принцессе Виктории 16 лет, скоро она взойдет на трон Великобритании, величайшей промышленной империи из всех, что когда-либо возникали в мире. Ее восхождение на трон станет началом долгого и успешного царствования и ознаменует начало эры, которая продлится до самой Первой мировой войны. В эту новую эру небывалого технического прогресса под сомнение будут поставлены убеждения, незыблемые с незапамятных времен, а их место займут новые догмы. Издалека, из-за морей и океанов, манят богатства Азии и Африки, мелодии которых тоже можно услышать в Европейском концерте. Маэстро, выбирайте свой инструмент, и пусть заиграет музыка!;X;X;X;X;X;X
BUILDING_NO_TECH;Изучена технология §Y$TECH$§W;X;X;X;X;X;X
BUILDING_AT_MAX;Уровень $CURR$/$MAX$;X;X;X;X;X;X
BUILDING_PORT_PROVINCE;Прибрежная провинция;X;X;X;X;X;X
BUILDING_BLOCKED_BY;Блокируется из-за $OTHER$;X;X;X;X;X;X
BUILDING_MUST_HAVE;Требуется городская инфраструктура;X;X;X;X;X;X
BUILDING_NO_RAILWAYS;Экономическая политика позволяет строительство;X;X;X;X;X;X
BUILDING_ANOTHER;Уже ведется другое строительство;X;X;X;X;X;X
BUILDING_CONSTRUCTION_TOOLTIP;Сейчас строится §Y$NAME$§W, предполагаемая дата завершения: §Y$DATE$§W.;X;X;X;X;X;X
UNIT_CONSTRUCTION_TOOLTIP;Сейчас формируется подразделение §Y$NAME$§W, предполагаемая дата завершения: §Y$DATE$§W.;X;X;X;X;X;X
STRATA_POOR;Бедные классы;X;X;X;X;X;X
STRATA_MIDDLE;Средние классы;X;X;X;X;X;X
STRATA_RICH;Богатые классы;X;X;X;X;X;X
GOLD;Золотодобыча;X;X;X;X;X;X
INTEREST;Проценты;X;X;X;X;X;X
NATIONAL_BANK;Гос. банк;X;X;X;X;X;X
EDUCATION;Образование;X;X;X;X;X;X
ADMINISTRATION;Управление;X;X;X;X;X;X
SOCIAL_SPENDING;Социальная сфера;X;X;X;X;X;X
OK;ОК;X;X;X;X;X;X
CANCEL;Отменить;X;X;X;X;X;X
CLOSE;Закрыть;X;X;X;X;X;X
CLOSE_WINDOW;Закрыть окно.;X;X;X;X;X;X
BASE_CHANCE;Базовые шансы: $CHANCE$%;X;X;X;X;X;X
BASE_VALUE;Базовое значение;X;X;X;X;X;X
FROM_PROV_SIZE;Размер провинции: x;X;X;X;X;X;X
BASE_RGO_SIZE;Базовая рабочая сила: ;X;X;X;X;X;X
REMOVE_ALD;Алжир;X;X;X;X;X;X
REMOVE_west_slavic;Западные славяне;X;X;X;X;X;X
ORG_NAME;Организация: §Y$VAL$§W;X;X;X;X;X;X
ORG_DESC_DAILY;Ежедневный рост: §Y$VAL$§W;X;X;X;X;X;X
ORG_DESC_POP;Содействие населения: §Y$VAL$§W;X;X;X;X;X;X
ORG_DESC_ADMIN_SPENDING;Расходы на управление: §Y$VAL$§W.;X;X;X;X;X;X
REB_SIZE_DESC;Число возможных бригад: §Y$VAL$§W;X;X;X;X;X;X
REB_ACTUAL_SIZE_DESC;Число бригад, готовых присоединиться к всеобщему восстанию: §Y$VAL$§W;X;X;X;X;X;X
REB_CURRENT_SIZE_DESC;Число восставших бригад: §Y$VAL$§W;X;X;X;X;X;X
REB_REVOLT_RISK;Риск восстания: §Y$VAL$§W;X;X;X;X;X;X
PARTISANS_SETUP;В нашей державе происходит восстание;X;X;X;X;X;X
PARTISANS_HEADER;Тайная полиция сообщает;X;X;X;X;X;X
PARTISANS_1;Восстание!;X;X;X;X;X;X
PARTISANS_2;Фракция §Y$FACTION$§W;X;X;X;X;X;X
PARTISANS_3;подняла восстание!;X;X;X;X;X;X
PARTISANS_4;Отчеты о начавшемся бунте приходит из;X;X;X;X;X;X
PARTISANS_5;провинции $PROV$.;X;X;X;X;X;X
PARTISANS_6;Мы должны разобраться с этими мятежниками с помощью нашей славной армии.;X;X;X;X;X;X
PARTISANS_LOG;$FACTION$ подняли восстание в провинции $PROV$.;X;X;X;X;X;X
PARTISANS_BTN1;ОК;X;X;X;X;X;X
PARTISANS_BTN2;ОК;X;X;X;X;X;X
PARTISANS_BTN3;Перейти;X;X;X;X;X;X
PARTISANS_MAP;Восстание!;X;X;X;X;X;X
DIPLOMACY_CLOSE_WINDOW;Закрыть окно дипломатии.;X;X;X;X;X;X
DIPLOMACY_COUNTRY;Страна;X;X;X;X;X;X
DIPLOMACY_PRIO;Прио;X;X;X;X;X;X
DIPLOMACY_BOSS;Босс;X;X;X;X;X;X
DIPLOMACY_PRESTIGE;Прес.;X;X;X;X;X;X
DIPLOMACY_MILITARY;Воен.;X;X;X;X;X;X
DIPLOMACY_ECONIMIC;Пром.;X;X;X;X;X;X
DIPLOMACY_TOTAL;Статус;X;X;X;X;X;X
DIPLOMACY_OPINION;Мнение;X;X;X;X;X;X
REL_HOSTILE;Враждебное;X;X;X;X;X;X
REL_OPPOSED;Противное;X;X;X;X;X;X
REL_NEUTRAL;Нормальное;X;X;X;X;X;X
REL_CORDIAL;Радушное;X;X;X;X;X;X
REL_FRIENDLY;Дружеское;X;X;X;X;X;X
REMOVE_REL_SPHERE_OF_INFLUENCE;Сфера влияния;X;X;X;X;X;X
DIPLOMACY_FILTER_ALL;Все;X;X;X;X;X;X
DIPLOMACY_FILTER_EUROPE;Европа;X;X;X;X;X;X
DIPLOMACY_FILTER_ASIA;Азия;X;X;X;X;X;X
DIPLOMACY_FILTER_NORTH_AMERICA;Северная Америка;X;X;X;X;X;X
DIPLOMACY_FILTER_SOUTH_AMERICA;Южная Америка;X;X;X;X;X;X
DIPLOMACY_FILTER_AFRICA;Африка;X;X;X;X;X;X
DIPLOMACY_FILTER_OCEANIA;Океания;X;X;X;X;X;X
DIPLOMACY_FILTER_NEIGHBOURS;Соседи;X;X;X;X;X;X
DIPLOMACY_FILTER_ENEMIES;Враги;X;X;X;X;X;X
DIPLOMACY_FILTER_ALLIES;Союзники;X;X;X;X;X;X
DIPLOMACY_FILTER_SPHERE;Сфера;X;X;X;X;X;X
DIPLOMACY_FILTER_ALL_TOOLTIP;Список всех стран;X;X;X;X;X;X
DIPLOMACY_FILTER_EUROPE_TOOLTIP;Список §Yевропейских§W стран;X;X;X;X;X;X
DIPLOMACY_FILTER_ASIA_TOOLTIP;Список §Yазиатских§W стран;X;X;X;X;X;X
DIPLOMACY_FILTER_NORTH_AMERICA_TOOLTIP;Список стран §YСеверной Америки§W;X;X;X;X;X;X
DIPLOMACY_FILTER_SOUTH_AMERICA_TOOLTIP;Список стран §YЮжной Америки§W;X;X;X;X;X;X
DIPLOMACY_FILTER_AFRICA_TOOLTIP;Список §Yафриканских§W стран;X;X;X;X;X;X
DIPLOMACY_FILTER_OCEANIA_TOOLTIP;Список стран §YОкеании§W;X;X;X;X;X;X
DIPLOMACY_FILTER_NEIGHBOURS_TOOLTIP;Список соседних стран;X;X;X;X;X;X
DIPLOMACY_FILTER_ENEMIES_TOOLTIP;Список нынешних противников;X;X;X;X;X;X
DIPLOMACY_FILTER_ALLIES_TOOLTIP;Список нынешних союзников;X;X;X;X;X;X
DIPLOMACY_FILTER_SPHERE_TOOLTIP;Список стран в нашей §Yсфере влияния§W;X;X;X;X;X;X
DIPLOMACY_SORT_BY_COUNTRY_NAME_TOOLTIP;Сортировать по названию страны;X;X;X;X;X;X
DIPLOMACY_SORT_BY_PRIORITY_TOOLTIP;Сортировать по приоритету влияния;X;X;X;X;X;X
DIPLOMACY_SORT_BY_BOSS_TOOLTIP;Сортировать по §Yсфере влияния§W;X;X;X;X;X;X
DIPLOMACY_SORT_BY_PRESTIGE_TOOLTIP;Сортировать по §Yпрестижу§W;X;X;X;X;X;X
DIPLOMACY_SORT_BY_MILITARY_TOOLTIP;Сортировать по §Yвоенной мощи§W;X;X;X;X;X;X
DIPLOMACY_SORT_BY_ECONOMIC_TOOLTIP;Сортировать по §Yпромышленной мощи§W;X;X;X;X;X;X
DIPLOMACY_SORT_BY_TOTAL_TOOLTIP;Сортировать по §Yстатусу§W;X;X;X;X;X;X
DIPLOMACY_SORT_BY_OPINION_TOOLTIP;Сортировать по §Yмнению§W;X;X;X;X;X;X
DIPLOMACY_SORT_BY_RELATION_TOOLTIP;Сортировать по уровню §Yотношений§W;X;X;X;X;X;X
DIPLOMACY_SORT_BY_GREATPOWER_TOOLTIP;Сортировать по влиянию державы §Y$COUNTRY$§W;X;X;X;X;X;X
DIPLOMACY_WAR_INFO;Ведущиеся войны;X;X;X;X;X;X
DIPLOMACY_GP_INFO;Великие державы;X;X;X;X;X;X
DIPLOMACY_NOT_ENOUGH_WARSCORE;Мы можем присоединиться только к проигрывающей стороне, при условии, что текущий военный счет как минимум §Y$VALUE$%§W.;X;X;X;X;X;X
DIPLOMACY_NOT_ENOUGH_MONTHS;Мы можем присоединиться к войне только после того, как с момента ее начала пройдет §Y$VALUE$ мес§W.;X;X;X;X;X;X
DIPLOMACY_JOIN_WAR;Вступить в войну против державы:\n;X;X;X;X;X;X
DIPLOMACY_CANNOT_JOIN_WAR;Мы не можем присоединиться к войне против этих держав вследствие следующего::\n;X;X;X;X;X;X
REMOVE_DIPLOMACY_CANNOT_JOIN_WAR_INVALID_ALLY;Мы находимся в состоянии войны с державой §Y$COUNTRY$§W, и потому не можем присоединиться к ней в этом конфликте.;X;X;X;X;X;X
REMOVE_DIPLOMACY_CANNOT_JOIN_WAR_INVALID_ENEMY;Мы уже находимся в состоянии войны с державой §Y$COUNTRY$§W, и потому не можем начать против нее еще одну войну.;X;X;X;X;X;X
DIPLOMACY_WAR_EXHAUSTION;Военная усталость: §Y$VALUE$%§W;X;X;X;X;X;X
DIPLOMACY_BRIGADES;Бригад: §Y$VALUE$§W;X;X;X;X;X;X
DIPLOMACY_SHIPS;Кораблей: §Y$VALUE$§W;X;X;X;X;X;X
DIPLOMACY_ALLIES;Союзники:;X;X;X;X;X;X
DIPLOMACY_PROTECTED;Защитники:;X;X;X;X;X;X
DIPLOMACY_ADD_WARGOAL;Добавить цель;X;X;X;X;X;X
DIPLOMACY_CANNOT_JOIN_WAR_INVALID_WARGOAL;Мы не можем встать на сторону страны, преследующей другие военные цели, кроме сохранения §Yстатус-кво§W.;X;X;X;X;X;X
DIPLOMACY_WARSCORE_LABEL;Счет:;X;X;X;X;X;X
DIPLOMACY_TOTAL_LABEL;Всего:;X;X;X;X;X;X
DIPLOMACY_POPULATION_LABEL;Население;X;X;X;X;X;X
DIPLOMACY_FRIENDLY_LABEL;Дружба:;X;X;X;X;X;X
DIPLOMACY_CORDIAL_LABEL;Радушие:;X;X;X;X;X;X
DIPLOMACY_SPHERE_LABEL;В сфере:;X;X;X;X;X;X
REMOVE_DIPLOMACY_GREATNATION_STATUS;Великая держава;X;X;X;X;X;X
DIPLOMACY_COLONIALNATION_STATUS;Колониальная держава;X;X;X;X;X;X
DIPLOMACY_CIVILIZEDNATION_STATUS;Цивилизованное гос-во;X;X;X;X;X;X
DIPLOMACY_UNCIVILIZEDNATION_STATUS;Нецивилизованное гос-во;X;X;X;X;X;X
NEED_POSITIVE_WARSCORE;Эта война пока идет не слишком хорошо.;X;X;X;X;X;X
WARGOAL_LACK_JINGO;Для этого нам требуется $REQUIRED$ поддержки шовинизма в нашей державе, однако у нас сейчас только $VALUE$.;X;X;X;X;X;X
DIPLOMACY_UNCIVILIZEDNATION_APPEND;(Нецивилизованное государство);X;X;X;X;X;X
ISDISCREDITED_DESC;Дискредитация продлится до §Y$UNTIL$§W. Мы подозреваем, что за этим стоит держава §Y$WHO$§W.;X;X;X;X;X;X
ISBANNEDEMBASSY_DESC;Посольство закрыто до §Y$UNTIL$§W. Мы подозреваем, что за этим стоит держава §Y$WHO$§W.;X;X;X;X;X;X
DIPLOMACY_CANNOT_SET_PRIO;Мы не являемся §Yвеликой державой§W, и потому не можем влиять на другие страны.;X;X;X;X;X;X
DIPLOMACY_CANNOT_SET_PRIO_GP;Мы не можем оказывать влияние на §Yвеликие державы§W.;X;X;X;X;X;X
DIPLOMACY_SET_PRIO;Текущий приоритет влияния - §Y$VALUE$§W.;X;X;X;X;X;X
REMOVE_DIPLOMACY_SET_PRIO_DESC;Описание влияния;X;X;X;X;X;X
DIPLOMACY_PRIO_NONE;Нет;X;X;X;X;X;X
DIPLOMACY_PRIO_LOW;Низкий;X;X;X;X;X;X
DIPLOMACY_PRIO_MIDDLE;Средний;X;X;X;X;X;X
DIPLOMACY_PRIO_HIGH;Высокий;X;X;X;X;X;X
MILITARY_BUILD_ARMY;Создать армию;X;X;X;X;X;X
MILITARY_BUILD_NAVY;Создать флот;X;X;X;X;X;X
MILITARY_SORT_STRENGTH;Численность;X;X;X;X;X;X
MILITARY_UNASSIGNED;Нет задания;X;X;X;X;X;X
MILITARY_SORT_TYPE;Тип;X;X;X;X;X;X
MILITARY_SORT_NAME;Имя;X;X;X;X;X;X
MILITARY_SORT_ARMY;Часть;X;X;X;X;X;X
MILITARY_CREATE_GENERAL;Нанять генерала ($VALUE$);X;X;X;X;X;X
MILITARY_CREATE_ADMIRAL;Нанять адмирала ($VALUE$);X;X;X;X;X;X
MILITARY_AUTOCREATE;Автонаем ;X;X;X;X;X;X
MILITARY_AUTOASSIGN;Автоназначение ;X;X;X;X;X;X
MILITARY_LEADER_TOOLTIP;§Y$NAME$§W\nНавык: §Y$SKILL$§W;X;X;X;X;X;X
MILITARY_MORALE_TOOLTIP;Боевой дух: §Y$VALUE$%§W;X;X;X;X;X;X
REMOVE_MILITARY_STRENGTH_TOOLTIP;Боеспособность: §Y$VALUE$/$MAX$§W;X;X;X;X;X;X
MILITARY_MOVING_TOOLTIP;В данный момент это подразделение движется.\nПрибудет в провинцию §Y$LOCATION$§W §Y$DATE$§W.;X;X;X;X;X;X
MILITARY_DIGIN_TOOLTIP;В данный момент это подразделение окапывается.\nЭтим оно занимается уже §Y$DAYS$ дн§W.;X;X;X;X;X;X
MILITARY_GENERAL_TOOLTIP;Генерал;X;X;X;X;X;X
MILITARY_ADMIRAL_TOOLTIP;Адмирал;X;X;X;X;X;X
MILITARY_SKILL_TOOLTIP;Навык: §Y$SKILL$§W;X;X;X;X;X;X
MILITARY_NEW_GENERAL_TOOLTIP;Нанять генерала\nЧисло генералов, которых мы можем нанять, равно §Y$VALUE$§W.;X;X;X;X;X;X
MILITARY_NEW_ADMIRAL_TOOLTIP;Нанять адмирала\nЧисло адмиралов, которых мы можем нанять, равно §Y$VALUE$§W.;X;X;X;X;X;X
MILITARY_BUILD_ARMY_TOOLTIP;Создать армию;X;X;X;X;X;X
MILITARY_BUILD_NAVY_TOOLTIP;Создать флот;X;X;X;X;X;X
MILITARY_AUTOCREATE_TOOLTIP;Включает/выключает автонаем командиров;X;X;X;X;X;X
MILITARY_AUTOASSIGN_TOOLTIP;Включает/выключает автоназначение командиров;X;X;X;X;X;X
MILITARY_BUILD_ARMY_LABEL;Создание армии;X;X;X;X;X;X
MILITARY_BUILD_NAVY_LABEL;Создание флота;X;X;X;X;X;X
MILITARY_UNITS_BEING_BUILT_LABEL;Формируемые:;X;X;X;X;X;X
MILITARY_ADMIRALS_LABEL;Адмиралы:;X;X;X;X;X;X
MILITARY_GENERALS_LABEL;Генералы:;X;X;X;X;X;X
MILITARY_LACK_OF_LEADER;Нам необходимо иметь §Y$VALUE$§W очков лидерства, чтобы нанять командира.;X;X;X;X;X;X
POLITICS_CAN_DO_SOCIAL_REFROMS;Доступны соц. реформы;X;X;X;X;X;X
POLITICS_CAN_REVOKE_SOCIAL_REFROMS;Откат соц. реформ;X;X;X;X;X;X
POLITICS_CAN_NOT_DO_SOCIAL_REFROMS;Нет соц. реформ;X;X;X;X;X;X
POLITICS_CAN_DO_POLITICAL_REFROMS;Доступны полит. реформы;X;X;X;X;X;X
POLITICS_CAN_NOT_DO_POLITICAL_REFROMS;Нет полит. реформ;X;X;X;X;X;X
POLITICS_CAN_REVOKE_POLITICAL_REFROMS;Откат полит. реформ;X;X;X;X;X;X
POLITICS_SUPPORT_REFORM;$IDEOLOGY$: $POSITIVE$% голосует «за», $NEGATIVE$% голосует «против» ($PERCENT$% членов Верхней палаты).\n;X;X;X;X;X;X
POLITICS_TOTAL_SUPPORT_REFORM;$PERCENT$% членов Верхней палаты голосует «за».\n;X;X;X;X;X;X
POLITICS_VIEW_ALL_PARTIES_TOOLTIP;Показать все партии\n;X;X;X;X;X;X
POLITICS_CURRENT_RULING_PARTY_TOOLTIP;Ныне правящая партия: $PARTY$\n;X;X;X;X;X;X
POLITICS_PARTY_TOOLTIP;$PARTY$ ($IDEOLOGY$)\n;X;X;X;X;X;X
POLITICS_UPPERHOUSE_CHART_TOOLTIP;$PERCENT$% членов Верхней палаты - $IDEOLOGY$\n;X;X;X;X;X;X
POLITICS_VOTERS_CHART_TOOLTIP;$PERCENT$% наших избирателей - $IDEOLOGY$\n;X;X;X;X;X;X
POLITICS_PEOPLE_CHART_TOOLTIP;$PERCENT$% нашего населения - $IDEOLOGY$\n;X;X;X;X;X;X
POLITICS_SET_RULING_PARTY_TOOLTIP;Нажмите, чтобы сделать ее нашей правящей партией.\n;X;X;X;X;X;X
POLITICS_CANNOT_SET_RULING_PARTY_TOOLTIP;Мы не можем сделать ее нашей правящей партией вследствие:\n;X;X;X;X;X;X
POLITICS_HOLD_ELECTION_TOOLTIP;Провести выборы, чтобы определить новую правящую партию.\n;X;X;X;X;X;X
POLITICS_CANNOT_HOLD_ELECTION_TOOLTIP;$GOVERNMENT$ не разрешает проводить выборы.\n;X;X;X;X;X;X
POLITICS_ALREADY_HOLDING_ELECTION_TOOLTIP;Выборы идут полным ходом. Новая правящая партия будет определена $DATE$.\n;X;X;X;X;X;X
POLITICS_SORT_BY_ISSUE_NAME_TOOLTIP;Сортировать по названию вопросов;X;X;X;X;X;X
POLITICS_SORT_BY_PEOPLE_TOOLTIP;Сортировать по значимости вопросов для нашего населения;X;X;X;X;X;X
POLITICS_SORT_BY_VOTERS_TOOLTIP;Сортировать по значимости вопросов для наших избирателей;X;X;X;X;X;X
POLITICS_IN_FAVOR_TOOLTIP;($PERCENT$% членов Верхней палаты поддерживают реформы);X;X;X;X;X;X
POLITICS_NATIONALVALUE_TOOLTIP;Наша национальная ценность - §Y$NATIONALVALUE$§W.\n;X;X;X;X;X;X
POLITICS_PLURALITY_TOOLTIP;Наш плюрализм: $PERCENT$%.\n;X;X;X;X;X;X
POLITICS_REVANCHSIM_TOOLTIP;Наш реваншизм: $PERCENT$%.\n;X;X;X;X;X;X
REMOVE_HOLD_ELECTION;Провести выборы\n;X;X;X;X;X;X
POLITICS_IMPORTANT_ISSUES_DESC;Важнейшие вопросы;X;X;X;X;X;X
REMOVE_POLITICS_PEOPLE_IDEOLOGIES;Идеология населения;X;X;X;X;X;X
REMOVE_POLITICS_VOTERS_IDEOLOGIES;Идеология избирателей;X;X;X;X;X;X
POLITICS_ISSUE;Вопросы;X;X;X;X;X;X
POLITICS_PEOPLE;Население;X;X;X;X;X;X
POLITICS_VOTERS;Избиратели;X;X;X;X;X;X
POLITICS_UPPERHOUSE;Верхняя палата;X;X;X;X;X;X
POLITICS_SOCIAL_REFORMS;Социальные реформы;X;X;X;X;X;X
POLITICS_POLITICAL_REFORMS;Политические реформы;X;X;X;X;X;X
POLITICS_SELECT_NEW_RULER_PARTY;Выбор новой правящей партии;X;X;X;X;X;X
SLAVE_STATE;Рабовладельческая область;X;X;X;X;X;X
POLITICS_COUNTRY_MODIFIERS;Национальные модификаторы;X;X;X;X;X;X
POLITICS_REBELS;Повстанцы;X;X;X;X;X;X
POLITICS_DECISIONS;Решения;X;X;X;X;X;X
PRODUCTION_CLOSE_WINDOW;Закрыть окно производства.;X;X;X;X;X;X
PRODUCTION_CLOSED;ЗАКРЫТО;X;X;X;X;X;X
PRODUCTION_FACTORY_INCOME;Доход;X;X;X;X;X;X
PRODUCTION_SELECT_ALL;Показать все;X;X;X;X;X;X
PRODUCTION_DESELECT_ALL;Скрыть все;X;X;X;X;X;X
PRODUCTION_SHOW_EMPTY_STATES;Показать свободные;X;X;X;X;X;X
PRODUCTION_HIDE_EMPTY_STATES;Скрыть свободные;X;X;X;X;X;X
PRODUCTION_BUILD_NEW;Построить;X;X;X;X;X;X
PRODUCTION_AVAILABLE_WORKERS;Доступно рабочих:;X;X;X;X;X;X
PRODUCTION_NEEDED_WORKERS;Требуется рабочих:;X;X;X;X;X;X
PRODUCTION_TOGGLE_FILTER_TOOLTIP;Показывает/скрывает фабрики, производящие товар §Y$GOODS$§W;X;X;X;X;X;X
PRODUCTION_SELECT_ALL_TOOLTIP;Показывает все фабрики;X;X;X;X;X;X
PRODUCTION_DESELECT_ALL_TOOLTIP;Скрывает все фабрики;X;X;X;X;X;X
PRODUCTION_SHOW_EMPTY_TOOLTIP;Показывает/скрывает регионы без фабрик;X;X;X;X;X;X
PRODUCTION_FACTORY_LEVEL_TOOLTIP;Уровень: $LEVEL$/$MAX$\n;X;X;X;X;X;X
PRODUCTION_FACTORY_INCOME_TOOLTIP;Доход за вчерашний день: $INCOME$\n;X;X;X;X;X;X
PRODUCTION_FACTORY_MONEY_TOOLTIP;Текущий капитал: $MONEY$\n;X;X;X;X;X;X
PRODUCTION_FACTORY_EMPLOYEECOUNT_TOOLTIP;Численность работников: $EMPLOYEES$/$EMPLOYEE_MAX$\n;X;X;X;X;X;X
PRODUCTION_BUILD_NEW_FACTORY_TOOLTIP;Построить новую фабрику;X;X;X;X;X;X
PRODUCTION_EFFICIENCY_TOOLTIP;Эффективность производства.;X;X;X;X;X;X
PRODUCTION_SORT_BY_NAME;Название;X;X;X;X;X;X
PRODUCTION_SORT_BY_FACTORIES;Фабрики;X;X;X;X;X;X
PRODUCTION_SORT_BY_AVAILABLE_WORKFORCE;Доступная рабочая сила;X;X;X;X;X;X
PRODUCTION_SORT_BY_NAME_TOOLTIP;Сортировать по названию региона\n;X;X;X;X;X;X
PRODUCTION_SORT_BY_FACTORIES_TOOLTIP;Сортировать по числу фабрик\n;X;X;X;X;X;X
REMOVE_PRODUCTION_SORT_BY_AVAILABLE_WORKFORCE_TOOLTIP;Сортировать по численности рабочей силы\n;X;X;X;X;X;X
PRODUCTION_CANNOT_BUILD_MISSING_RGO_OUTPUT_TOOLTIP;В этом регионе не производится ни один товар, необходимый в качестве сырья для работы фабрики.\n;X;X;X;X;X;X
PRODUCTION_CANNOT_BUILD_MISSING_GOODS_TOOLTIP;Чтобы построить эту фабрику, нам необходимо иметь больше товаров.\n;X;X;X;X;X;X
PRODUCTION_CANNOT_BUILD_MISSING_MONEY_TOOLTIP;Чтобы построить эту фабрику, нам необходимо иметь больше денег.\n;X;X;X;X;X;X
PRODUCTION_CANNOT_BUILD_MISSING_SELECTION;Выберите требуемую фабрику из списка.\n;X;X;X;X;X;X
PRODUCTION_BUILD_FACTORY_TOOLTIP;Построить $FACTORY$\n;X;X;X;X;X;X
PRODUCTION_CLOSE_TOOLTIP;Закрыть окно\n;X;X;X;X;X;X
PRODUCTION_NOT_ALLOWED_TO_BUILD_TOOLTIP;Мы §RНЕ§W можем построить эту фабрику вследствие:\n;X;X;X;X;X;X
PRODUCTION_NOT_ALLOWED_TO_BUILD_MAX_FACTORIES_TOOLTIP;Мы можем построить только $NUMBER$ фабрик в каждом регионе.\n;X;X;X;X;X;X
PRODUCTION_NOT_ALLOWED_TO_CHANGE_PRIO_TOOLTIP;Мы §RНЕ§W можем изменить приоритет этой фабрики вследствие:\n;X;X;X;X;X;X
PRODUCTION_NOT_ALLOWED_TO_SUBSIDISE_TOOLTIP;Мы §RНЕ§W можем субсидировать эту фабрику вследствие:\n;X;X;X;X;X;X
PRODUCTION_NOT_ALLOWED_TO_CLOSE_TOOLTIP;Мы §RНЕ§W можем закрыть эту фабрику вследствие:\n;X;X;X;X;X;X
PRODUCTION_NOT_ALLOWED_TO_OPEN_TOOLTIP;Мы §RНЕ§W можем открыть эту фабрику вследствие:\n;X;X;X;X;X;X
PRODUCTION_NOT_ALLOWED_TO_UPGRADE_TOOLTIP;Мы §RНЕ§W можем модернизировать эту фабрику вследствие:\n;X;X;X;X;X;X
PRODUCTION_ALLOWED_TO_CHANGE_PRIO_TOOLTIP;Изменить приоритет фабрики\n;X;X;X;X;X;X
PRODUCTION_ALLOWED_TO_SUBSIDISE_TOOLTIP;Начать субсидирование фабрики\n;X;X;X;X;X;X
PRODUCTION_ALLOWED_TO_CLOSE_TOOLTIP;Закрыть фабрику\n;X;X;X;X;X;X
PRODUCTION_ALLOWED_TO_OPEN_TOOLTIP;Вновь открыть фабрику\n;X;X;X;X;X;X
PRODUCTION_ALLOWED_TO_UPGRADE_TOOLTIP;Модернизировать фабрику\n;X;X;X;X;X;X
PRODUCTION_OUTPUT_GOODS_TOOLTIP;Производит §Y$CURR$§W ежедневно\n;X;X;X;X;X;X
PRODUCTION_OUTPUT_EXPLANATION;(Базовый выпуск x Производительность x Эффективность выпуска);X;X;X;X;X;X
PRODUCTION_INPUT_EXPLANATION;(Базовые затраты x Производительность x Эффективность затрат);X;X;X;X;X;X
PRODUCTION_INPUT_GOODS_TOOLTIP;Требуется §Y$CURR$§W ежедневно\n;X;X;X;X;X;X
PRODUCTION_BASE_OUTPUT_GOODS_TOOLTIP;Базовый выпуск: $BASE$\n;X;X;X;X;X;X
PRODUCTION_BASE_INPUT_GOODS_TOOLTIP;Базовые затраты: $BASE$\n;X;X;X;X;X;X
PRODUCTION_INPUT_EFFICIENCY_TOOLTIP;Эффективность затрат: ;X;X;X;X;X;X
PRODUCTION_OUTPUT_EFFICIENCY_TOOLTIP;Эффективность выпуска: ;X;X;X;X;X;X
PRODUCTION_THROUGHPUT_VALUE_TOOLTIP;Производительность рабочих: ;X;X;X;X;X;X
PRODUCTION_THROUGHPUT_EFFICIENCY_TOOLTIP;Производительность: ;X;X;X;X;X;X
PRODUCTION_POP_UNEMPLOYED_TOOLTIP;Безработных: $UNEMPLOYED$;X;X;X;X;X;X
PRODUCTION_POP_OWNER_PRESCENCE_TOOLTIP;Численность в регионе: $PRESCENCE$;X;X;X;X;X;X
PRODUCTION_MUST_PRODUCE_GOODS_TOOLTIP;В регионе должен производится один из следующих товаров: ;X;X;X;X;X;X
PRODUCTION_FACTORIES_IN_STATE;Фабрик в регионе\n;X;X;X;X;X;X
PRODUCTION_FACTOR_FROM;От;X;X;X;X;X;X
PRODUCTION_FACTOR_OWNER;Владельцы;X;X;X;X;X;X
PRODUCTION_FACTOR_WORKER;Рабочие;X;X;X;X;X;X
PRODUCTION_FACTORY_COUNT_TOOLTIP;Фабрики в регионе: $CURRENT$/$MAX$\n;X;X;X;X;X;X
PRODUCTION_FACTORY_UNIQUE_TOOLTIP;В регионе нет §Y$NAME$§W\n;X;X;X;X;X;X
GOODS_PROJECT_COMPLETE;Все потребности в товарах удовлетворены.;X;X;X;X;X;X
GOODS_PROJECT_LACK_GOODS;Перед началом строительства необходимо приобрести следующие товары:;X;X;X;X;X;X
BUILDING_IN_PROGRESS;Ожидаемое время завершения: §Y$DATE$§W.;X;X;X;X;X;X
PRODUCTION_RESOURCE_COST;Ресурсы:;X;X;X;X;X;X
PRODUCTION_IN_STOCKPILE;Запасы:;X;X;X;X;X;X
PRODUCTION_BASE_PRICE;Базовая цена:;X;X;X;X;X;X
PRODUCTION_INPUT_PRICE;Цена затрат:;X;X;X;X;X;X
PRODUCTION_TOTAL;Всего:;X;X;X;X;X;X
PRODUCTION_CURRENT_FUNDS;Текущий капитал:;X;X;X;X;X;X
PRODUCTION_BASE_OUTPUT;Базово:;X;X;X;X;X;X
PRODUCTION_FACTORIES;Фабрики;X;X;X;X;X;X
PRODUCTION_GOODS_TAB;Производство;X;X;X;X;X;X
PRODUCTION_PROJECTS_TAB;Проекты;X;X;X;X;X;X
PRODUCTION_SORT_BY_PROJECTS;Проекты;X;X;X;X;X;X
PRODUCTION_SORT_BY_COMPLETION;Завершение;X;X;X;X;X;X
PROD_INVESTORS;Инвесторы;X;X;X;X;X;X
PRODUCTION_SORT_BY_PROJECTEERS_TOOLTIP;Сортировать по численности инвесторов\n;X;X;X;X;X;X
PRODUCTION_SORT_BY_COMPLETION_TOOLTIP;Сортировать по проценту накопленных товаров\n;X;X;X;X;X;X
PRODUCTION_SORT_BY_PROJECTS_TOOLTIP;Сортировать по названию проекта\n;X;X;X;X;X;X
PRODUCTION_GOODS_COMPLETION;Приобретено $NUM$ ед. товара §Y$GOOD$§W;X;X;X;X;X;X
PRODUCTION_PROJECT_NAME;Название проекта;X;X;X;X;X;X
PRODUCTION_NUM_INVESTORS;Численность инвесторов;X;X;X;X;X;X
TECHNOLOGYVIEW;Технологии;X;X;X;X;X;X
TECHNOLOGYVIEW_ADMINISTRATION;Руководство:;X;X;X;X;X;X
TECHNOLOGYVIEW_CURRENT_RESEARCH;Текущее изучение:;X;X;X;X;X;X
TECHNOLOGYVIEW_POSSIBLE_INVERTIONS;Возможные изобретения;X;X;X;X;X;X
TECHNOLOGYVIEW_SORT_BY_TYPE;Тип;X;X;X;X;X;X
TECHNOLOGYVIEW_SORT_BY_NAME;Название;X;X;X;X;X;X
TECHNOLOGYVIEW_SORT_BY_PERCENT;Процент;X;X;X;X;X;X
TECHNOLOGYVIEW_SHOW_FOLDER_TOOLTIP;Показать технологии из раздела §Y$FOLDER$§W;X;X;X;X;X;X
TECHNOLOGYVIEW_NO_RESEARCH;Нет исследования;X;X;X;X;X;X
TECHNOLOGYVIEW_NO_RESEARCH_TOOLTIP;В данный момент мы не ведем исследований.;X;X;X;X;X;X
REMOVE_TECHNOLOGYVIEW_RESEARCH_TOOLTIP;Ведется изучение технологии §Y$TECH$§W.\nПри текущем финансировании исследование будет завершено к §Y1 $DATE$§W.;X;X;X;X;X;X
TECHNOLOGYVIEW_SORT_BY_TYPE_TOOLTIP;Сортировать возможные изобретения по типу;X;X;X;X;X;X
TECHNOLOGYVIEW_SORT_BY_NAME_TOOLTIP;Сортировать возможные изобретения по названию;X;X;X;X;X;X
TECHNOLOGYVIEW_SORT_BY_PERCENT_TOOLTIP;Сортировать возможные изобретения по шансам на открытие;X;X;X;X;X;X
TECHNOLOGYVIEW_INVENTION_TOOLTIP;Наши шансы на открытие изобретения §Y$INVENTION$§W равны §Y$PERCENT$%§W каждый месяц.;X;X;X;X;X;X
TECHNOLOGYVIEW_START_RESEARCH_TOOLTIP;Начать исследование технологии §Y$TECH$§W;X;X;X;X;X;X
TECHNOLOGYVIEW_CANNOT_RESEARCH_TOOLTIP;Мы не можем начать исследование технологии §Y$TECH$§W вследствие:;X;X;X;X;X;X
TECHNOLOGYVIEW_ALREADY_RESEARCHED_TOOLTIP;Мы уже исследовали технологию §Y$TECH$§W.;X;X;X;X;X;X
TECHNOLOGYVIEW_UNDER_RESEARCH_TOOLTIP;В данный момент мы ведем исследование технологии §Y$TECH$§W.;X;X;X;X;X;X
TECHNOLOGYVIEW_UNDISCOVERED_INVENTION_TOOLTIP;Позволяет сделать изобретение §Y$INVENTION$§W.;X;X;X;X;X;X
TECHNOLOGYVIEW_DISCOVERED_INVENTION_TOOLTIP;§Y$INVENTION$§W приводит к следующим результатам:;X;X;X;X;X;X
TECHNOLOGYVIEW_NO_CURRENT_RESEARCH;Нет активных исследований;X;X;X;X;X;X
TECHNOLOGYVIEW_HAVE_DISCOVERED_PREREQ_TOOLTIP;Открыта технология §Y$TECH$§W;X;X;X;X;X;X
TECHNOLOGYVIEW_RESEARCH_INVESTED_TOOLTIP;(§Y$INVESTED$§W/§Y$COST$§W очков вложено);X;X;X;X;X;X
TRADE_RAW_MATERIALS;Сырье;X;X;X;X;X;X
TRADE_INDUSTRIAL_GOODS;Промышленные товары;X;X;X;X;X;X
TRADE_CONSUMER_GOODS;Потребительские товары;X;X;X;X;X;X
TRADE_MILITARY_GOODS;Военные товары;X;X;X;X;X;X
TRADE_NEEDS;Нужда;X;X;X;X;X;X
TRADE_MARKET_ACTIVITY;Активность рынка;X;X;X;X;X;X
TRADE_STOCKPILE;Запас;X;X;X;X;X;X
TRADE_COMMON_MARKET;Внутренний рынок;X;X;X;X;X;X
TRADE_POPULATION;Население;X;X;X;X;X;X
TRADE_FACTORIES;Фабрики;X;X;X;X;X;X
TRADE_GOVERNMENT;Правительство;X;X;X;X;X;X
TRADE_NEED;Нужда;X;X;X;X;X;X
TRADE_GOODS;Товары;X;X;X;X;X;X
TRADE_ACTIVITY;Продажи;X;X;X;X;X;X
TRADE_COST;Затраты;X;X;X;X;X;X
TRADE_STOCK;Запасы;X;X;X;X;X;X
TRADE_INCREASE;Рост;X;X;X;X;X;X
TRADE_PRODUCED;Произ-во;X;X;X;X;X;X
TRADE_EXPORTED;Экспорт;X;X;X;X;X;X
TRADE_CONFIRM_TRADE;Подтвердить сделку;X;X;X;X;X;X
TRADE_AUTOMATE;Автоматизация;X;X;X;X;X;X
TRADE_BUY_INTERNAL;Покупать на внутреннем рынке;X;X;X;X;X;X
TRADE_BUY_FROM_STOCKPILE;Государственные запасы становятся доступны для внутреннего рынка.;X;X;X;X;X;X
TRADE_SELL;Продать;X;X;X;X;X;X
TRADE_PRICE_TREND;Изменение цены за прошедший день: $VALUE$¤;X;X;X;X;X;X
TRADE_PRICE_TREND_UNCHANGED;Цена за прошедший день не изменилась;X;X;X;X;X;X
TRADE_SELLING;Продажа запасов;X;X;X;X;X;X
TRADE_BUYING;Покупка в запасы;X;X;X;X;X;X
TRADE_IN_DEMAND;Большой спрос;X;X;X;X;X;X
TRADE_NOT_IN_DEMAND;Не пользуется спросом;X;X;X;X;X;X
ACTUAL_BOUGHT;Фактически куплено: $VAL$;X;X;X;X;X;X
SUPPLY;Предложение: $VAL$;X;X;X;X;X;X
DEMAND;Спрос: $VAL$;X;X;X;X;X;X
TRADE_SUPPLY_NEED;$VAL$ требуется каждый день армии и флоту.\n;X;X;X;X;X;X
TRADE_TEMP_PROD_NEED;$VAL$ требуется для производства.\n;X;X;X;X;X;X
WE_NOT_GREATNATION;Мы должны быть великой державой, чтобы иметь возможность осуществить это.;X;X;X;X;X;X
ACT_NO_SELF;Мы не можем вести переговоры сами с собой.;X;X;X;X;X;X
ENROUTE;Наш дипломат находится в пути, он прибудет §Y$DATE$§W.;X;X;X;X;X;X
DIP_NO_DIPLO;У нас есть только §R$CURRENT$§W из требуемых §Y$NEEDED$§W дипломатических очков.;X;X;X;X;X;X
DIP_ENOUGH_DIPLO;Это будет стоить нам §Y$NEEDED$§W из имеющихся у нас сейчас §Y$CURRENT$§W дипломатических очков.;X;X;X;X;X;X
DIP_NO_INFLUENCE;У нас есть только §R$CURRENT$§W из требуемых §Y$NEEDED$§W очков влияния.;X;X;X;X;X;X
DIP_ENOUGH_INFLUENCE;Это будет стоить нам §Y$NEEDED$§W из имеющихся у нас сейчас §Y$CURRENT$§W очков влияния.;X;X;X;X;X;X
CANNOT_TARGET_GREATNATION;Мы не можем оказывать влияние на другие великие державы.;X;X;X;X;X;X
NOT_ENOUGH_RELATION;Чтобы мы могли повлиять на эту страну, их мнение о нас должно быть §Y$NEEDED$§W и лучше. Сейчас же их мнение о нас - §Y$CURRENT$§W.;X;X;X;X;X;X
ENOUGH_RELATION;Они итак уже самого лучшего о нас мнения.;X;X;X;X;X;X
ALREADY_BAD_RELATION;Мнение державы §Y$RECIPIENT$§W о державе §Y$TARGET$§W итак уже §Y$OPINION$§W.;X;X;X;X;X;X
ALREADY_IN_SPHERE;Эта страна уже находится в сфере влияния державы §Y$LEADER$§W.;X;X;X;X;X;X
IN_NO_SPHERE;Эта держава не находится ни в чьей сфере влияния.;X;X;X;X;X;X
IN_OUR_SPHERE;Эта держава находится в нашей сфере влияния.;X;X;X;X;X;X
CALL_MUST_BE_ALLIES;Мы должны сначала заключить союз с этой державой, прежде чем призывать ее на помощь в войне.;X;X;X;X;X;X
CALL_MUST_BE_AT_WAR;Чтобы призвать на помощь нашего союзника, мы должны находиться в состоянии войны.;X;X;X;X;X;X
CALL_MUST_HAVE_JOINABLE_WAR;Нет такой войны, к которой могли бы присоединиться наши союзники.;X;X;X;X;X;X
FIGHTING_WAR_TOGETHER;Мы не можем расторгнуть наш военный союз во время общей войны против наших врагов.;X;X;X;X;X;X
EMBASSY_IS_BANNED;Мы не можем влиять на эту страну, так как наши послы были высланы из нее. Виновными в этом мы считаем державу §Y$COUNTRY$§W. Наши новые послы прибудут §Y$DATE$§W.;X;X;X;X;X;X
REMOVE_WE_ARE_DISCREDITED;убрано;X;X;X;X;X;X
WARSUB_MUST_BE_AT_WAR;Чтобы иметь возможность получать от нас субсидии, держава должна находиться в состоянии войны.;X;X;X;X;X;X
WARSUBSIDIES_THEY_ACCEPT_LOG;Мы начали предоставлять военные субсидии державе $RECIPIENT$.;X;X;X;X;X;X
WARSUBSIDIES_WE_ACCEPT_LOG;Держава $ACTOR$ начала предоставлять нам военные субсидии.;X;X;X;X;X;X
WARSUBSIDIES_OTHER_ACCEPT_LOG;Держава $ACTOR$ начала предоставлять военные субсидии державе $RECIPIENT$.;X;X;X;X;X;X
WARSUBSIDIES_BUTTON;Предоставить субсидии;X;X;X;X;X;X
CANCEL_WARSUBSIDIES_THEY_ACCEPT_LOG;Мы прекратили предоставление военных субсидий державе $RECIPIENT$.;X;X;X;X;X;X
CANCEL_WARSUBSIDIES_WE_ACCEPT_LOG;Держава $ACTOR$ прекратила предоставление нам военных субсидий.;X;X;X;X;X;X
CANCEL_WARSUBSIDIES_OTHER_ACCEPT_LOG;Держава $ACTOR$ прекратила предоставление военных субсидий державе $RECIPIENT$.;X;X;X;X;X;X
CANCEL_WARSUBSIDIES_DESC;Прекращение предоставления денежной помощи стране.;X;X;X;X;X;X
CANCEL_WARSUBSIDIES_BUTTON;Прекратить субсидии;X;X;X;X;X;X
ASKMILITARYACCESS_THEY_ACCEPT_LOG;Держава $RECIPIENT$ позволила нам проводить войска через свою территорию.;X;X;X;X;X;X
ASKMILITARYACCESS_WE_ACCEPT_LOG;Мы предоставили разрешение на проход войск через нашу территорию державе $ACTOR$.;X;X;X;X;X;X
ASKMILITARYACCESS_OTHER_ACCEPT_LOG;Держава $RECIPIENT$ разрешила державе $ACTOR$ проводить войска через свою территорию.;X;X;X;X;X;X
ASKMILITARYACCESS_THEY_DECLINE_LOG;Держава $RECIPIENT$ отказалась пропустить наши войска через свою территорию.;X;X;X;X;X;X
ASKMILITARYACCESS_WE_DECLINE_LOG;Мы запретили войскам державы $ACTOR$ проходить через нашу землю.;X;X;X;X;X;X
ASKMILITARYACCESS_OTHER_DECLINE_LOG;Держава $RECIPIENT$ отказалась пропускать войска державы $ACTOR$ через свою территорию.;X;X;X;X;X;X
ASKMILITARYACCESS_DESC;Просьба предоставить право на проход наших войск через их землю.;X;X;X;X;X;X
ASKMILITARYACCESS_BUTTON;Попросить проход;X;X;X;X;X;X
ASKMILITARYACCESS_OFFER;Держава $ACTOR$ просит предоставить ей право на проход войск. Это даст их армиям возможность проходить через нашу территорию, а флоту - пользоваться нашими портами.;X;X;X;X;X;X
CANCELASKMILITARYACCESS_THEY_ACCEPT_LOG;Мы разорвали соглашение на проход наших войск через территорию державы $RECIPIENT$.;X;X;X;X;X;X
CANCELASKMILITARYACCESS_WE_ACCEPT_LOG;Держава $ACTOR$ разорвала соглашение на проход их войск через нашу территорию.;X;X;X;X;X;X
CANCELASKMILITARYACCESS_OTHER_ACCEPT_LOG;Держава $ACTOR$ отменила разрешение на проход войск, ранее полученное от державы $RECIPIENT$.;X;X;X;X;X;X
CANCELASKMILITARYACCESS_DESC;Отмена нашего прохода войск через их страну.;X;X;X;X;X;X
CANCELASKMILITARYACCESS_BUTTON;Отменить проход;X;X;X;X;X;X
GIVEMILITARYACCESS_THEY_ACCEPT_LOG;Держава $RECIPIENT$ получила от нас разрешение на проход войск через нашу территорию.;X;X;X;X;X;X
GIVEMILITARYACCESS_WE_ACCEPT_LOG;Мы получили от державы $ACTOR$ разрешение на проход войск через их территорию.;X;X;X;X;X;X
GIVEMILITARYACCESS_OTHER_ACCEPT_LOG;Держава $RECIPIENT$ получила от державы $ACTOR$ разрешение на проход войск через их территорию.;X;X;X;X;X;X
GIVEMILITARYACCESS_THEY_DECLINE_LOG;Держава $RECIPIENT$ отказалась от нашего предложения провести войска через нашу территорию.;X;X;X;X;X;X
GIVEMILITARYACCESS_WE_DECLINE_LOG;Мы отказались от предложения державы $ACTOR$ провести наши войска через их территорию.;X;X;X;X;X;X
GIVEMILITARYACCESS_OTHER_DECLINE_LOG;Держава $RECIPIENT$ отказалась получить от державы $ACTOR$ разрешение на проход войск через их территорию.;X;X;X;X;X;X
GIVEMILITARYACCESS_DESC;Предоставление разрешения на проход их войск через нашу территорию.;X;X;X;X;X;X
GIVEMILITARYACCESS_BUTTON;Предоставить проход;X;X;X;X;X;X
GIVEMILITARYACCESS_OFFER;Держава $ACTOR$ предлагает нам проход войск. Это даст нашим армиям возможность проходить через их территорию, а флоту - пользоваться их портами.;X;X;X;X;X;X
CANCELGIVEMILITARYACCESS_THEY_ACCEPT_LOG;Мы разорвали соглашение на проход войск державы $RECIPIENT$ через нашу территорию.;X;X;X;X;X;X
CANCELGIVEMILITARYACCESS_WE_ACCEPT_LOG;Держава $ACTOR$ разорвала соглашение на проход наших войск через их территорию.;X;X;X;X;X;X
CANCELGIVEMILITARYACCESS_OTHER_ACCEPT_LOG;Держава $ACTOR$ отменила разрешение на проход войск, ранее предоставленное державе $RECIPIENT$.;X;X;X;X;X;X
CANCELGIVEMILITARYACCESS_DESC;Денонсация предоставленного им прохода войск через нашу территорию.;X;X;X;X;X;X
CANCELGIVEMILITARYACCESS_BUTTON;Денонсировать проход;X;X;X;X;X;X
ALLIANCE_THEY_ACCEPT_LOG;Держава $RECIPIENT$ изъявила желание заключить с нами военный союз.;X;X;X;X;X;X
ALLIANCE_WE_ACCEPT_LOG;Мы изъявили желание заключить военный союз с державой $ACTOR$.;X;X;X;X;X;X
ALLIANCE_THEY_DECLINE_LOG;Держава $RECIPIENT$ отказалась заключить с нами военный союз.;X;X;X;X;X;X
ALLIANCE_WE_DECLINE_LOG;Мы отказалась заключить военный союз с державой $ACTOR$.;X;X;X;X;X;X
ALLIANCE_OTHER_DECLINE_LOG;Держава $RECIPIENT$ отказалась заключить военный союз с державой $ACTOR$.;X;X;X;X;X;X
ALLIANCE_DESC;Если держава примет наше предложение и вступит с нами в союз, нам придется поддерживать ее в войнах.;X;X;X;X;X;X
ALLIANCE_BUTTON;Предложить союз;X;X;X;X;X;X
ALLIANCE_OFFER;Держава $ACTOR$ предлагает нам военный союз. Дав согласие, мы возьмем на себя обязательство прийти им на помощь в случае войны.;X;X;X;X;X;X
CANCELALLIANCE_THEY_ACCEPT_LOG;Мы расторгли военный союз, заключенный с державой $RECIPIENT$.;X;X;X;X;X;X
CANCELALLIANCE_WE_ACCEPT_LOG;Держава $ACTOR$ расторгла военный союз, заключенный с нами.;X;X;X;X;X;X
CANCELALLIANCE_OTHER_ACCEPT_LOG;Держава $ACTOR$ расторгла военный союз, заключенный с державой $RECIPIENT$.;X;X;X;X;X;X
CANCELALLIANCE_DESC;Расторжение нашего военного союза, что крайне негативно скажется на наших отношениях.;X;X;X;X;X;X
CANCELALLIANCE_BUTTON;Расторгнуть союз;X;X;X;X;X;X
CALLALLY_THEY_ACCEPT_LOG;Держава $RECIPIENT$ согласилась помочь нам в нашей войне.;X;X;X;X;X;X
CALLALLY_WE_ACCEPT_LOG;Мы согласились помочь державе $ACTOR$ в ее войне.;X;X;X;X;X;X
CALLALLY_OTHER_ACCEPT_LOG;Держава $RECIPIENT$ согласилась помочь державе $ACTOR$ в ее войне.;X;X;X;X;X;X
CALLALLY_THEY_DECLINE_LOG;Держава $RECIPIENT$ отказалась помочь нам в нашей войне.;X;X;X;X;X;X
CALLALLY_WE_DECLINE_LOG;Мы отказались помочь державе $ACTOR$ в ее войне.;X;X;X;X;X;X
CALLALLY_OTHER_DECLINE_LOG;Держава $RECIPIENT$ отказалась помочь державе $ACTOR$ в ее войне.;X;X;X;X;X;X
REMOVE_CALLALLY_DESC;Призыв к союзнику о помощи в этом конфликте.;X;X;X;X;X;X
CALLALLY_BUTTON;Призвать союзников;X;X;X;X;X;X
REMOVE_CALLALLY_OFFER;Держава $ACTOR$, наш верный союзник, просит нашей помощи в войне с державой(ами) $LIST$.;X;X;X;X;X;X
DISCREDIT_THEY_ACCEPT_LOG;Мы дискредитировали державу $TARGET$ перед высшими лицами державы $RECIPIENT$.;X;X;X;X;X;X
DISCREDIT_WE_ACCEPT_LOG;Держава $ACTOR$ дискредитировала державу $TARGET$ перед нами.;X;X;X;X;X;X
DISCREDIT_OTHER_ACCEPT_LOG;Держава $ACTOR$ дискредитировала государство $TARGET$ перед высшими лицами державы $RECIPIENT$.;X;X;X;X;X;X
DISCREDIT_DESC;Дискредитация другой великой державы, что сократит ее возможности по влиянию на эту страну. Негативный эффект будет длиться §Y$DAYS$§W дней.;X;X;X;X;X;X
DISCREDIT_BUTTON;Дискредитировать;X;X;X;X;X;X
EXPELADVISORS_THEY_ACCEPT_LOG;Мы убедили державу $RECIPIENT$ выслать всех советников державы $TARGET$.;X;X;X;X;X;X
EXPELADVISORS_WE_ACCEPT_LOG;Держава $ACTOR$ убедила нас выслать всех советников державы $TARGET$.;X;X;X;X;X;X
EXPELADVISORS_OTHER_ACCEPT_LOG;Держава $ACTOR$ убедила государство $RECIPIENT$ выслать всех советников державы $TARGET$.;X;X;X;X;X;X
EXPELADVISORS_DESC;Высылка советников другой великой державы лишит последнюю всего влияния в данной стране. Это также уберет эффект дискредитации.;X;X;X;X;X;X
EXPELADVISORS_BUTTON;Выслать советников;X;X;X;X;X;X
CEASECOLONIZATION_THEY_ACCEPT_LOG;Держава $RECIPIENT$ согласилась прекратить колонизацию региона $RSTATE$, если мы откажемся от колонизации региона $ASTATE$.;X;X;X;X;X;X
CEASECOLONIZATION_WE_ACCEPT_LOG;Мы согласились прекратить колонизацию региона $RSTATE$, если держава $ACTOR$ откажется от колонизации региона $ASTATE$.;X;X;X;X;X;X
CEASECOLONIZATION_OTHER_ACCEPT_LOG;Держава $RECIPIENT$ согласилась прекратить колонизацию региона $RSTATE$, если держава $ACTOR$ откажется от колонизации региона $ASTATE$.;X;X;X;X;X;X
CEASECOLONIZATION_THEY_DECLINE_LOG;Держава $RECIPIENT$ отказалась прекратить колонизацию региона $RSTATE$.;X;X;X;X;X;X
CEASECOLONIZATION_WE_DECLINE_LOG;Мы отказались прекратить колонизацию региона $RSTATE$.;X;X;X;X;X;X
CEASECOLONIZATION_OTHER_DECLINE_LOG;Держава $RECIPIENT$ отказалась прекратить колонизацию региона $RSTATE$, предложенного державой $ACTOR$ в обмен на отказ от колонизации региона $ASTATE$.;X;X;X;X;X;X
CEASECOLONIZATION_DESC;Попросить у державы прекращения колонизации региона, который мы тоже пытаемся колонизировать, в обмен на аналогичное с нашей стороны.;X;X;X;X;X;X
CEASECOLONIZATION_BUTTON;Прекратить колонизацию;X;X;X;X;X;X
CEASECOLONIZATION_OFFER;Держава $ACTOR$ требует, чтобы мы отказались от колонизации региона $RSTATE$. В ответ они прекратят колонизацию региона $ASTATE$.;X;X;X;X;X;X
BANEMBASSY_THEY_ACCEPT_LOG;Мы убедили державу $RECIPIENT$ закрыть посольство державы $TARGET$.;X;X;X;X;X;X
BANEMBASSY_WE_ACCEPT_LOG;Держава $ACTOR$ убедила нас закрыть посольство державы $TARGET$.;X;X;X;X;X;X
BANEMBASSY_OTHER_ACCEPT_LOG;Держава $ACTOR$ убедила государство $RECIPIENT$ закрыть посольство державы $TARGET$.;X;X;X;X;X;X
BANEMBASSY_DESC;Закрытие посольства лишит державу всего влияния в данной стране, а также не позволит ей проводить любые дипломатические действия в течение §Y$DAYS$§W дней. Это также уберет эффект дискредитации.;X;X;X;X;X;X
BANEMBASSY_BUTTON;Закрыть посольство;X;X;X;X;X;X
INCREASEOPINION_THEY_ACCEPT_LOG;Мнение о нас в державе $RECIPIENT$ улучшилось, и стало $OPINION$.;X;X;X;X;X;X
INCREASEOPINION_WE_ACCEPT_LOG;Наше мнение о державе $ACTOR$ улучшилось, и стало $OPINION$.;X;X;X;X;X;X
INCREASEOPINION_OTHER_ACCEPT_LOG;Мнение державы $RECIPIENT$ о державе $ACTOR$ улучшилось, и стало $OPINION$.;X;X;X;X;X;X
INCREASEOPINION_DESC;Улучшение в этой стране мнения о нас.;X;X;X;X;X;X
INCREASEOPINION_BUTTON;Улучшить мнение;X;X;X;X;X;X
DECREASEOPINION_THEY_ACCEPT_LOG;Мы ухудшили мнение о государстве $TARGET$ в державе $RECIPIENT$, и теперь оно $OPINION$.;X;X;X;X;X;X
DECREASEOPINION_WE_ACCEPT_LOG;Держава $ACTOR$ ухудшило наше мнение о державе $TARGET$, и теперь оно $OPINION$.;X;X;X;X;X;X
DECREASEOPINION_OTHER_ACCEPT_LOG;Держава $ACTOR$ ухудшило мнение о государстве $TARGET$ в державе $RECIPIENT$, и теперь оно $OPINION$.;X;X;X;X;X;X
DECREASEOPINION_DESC;Ухудшение в этой стране мнения о другой великой державе.;X;X;X;X;X;X
DECREASEOPINION_BUTTON;Ухудшить мнение;X;X;X;X;X;X
ADDTOSPHERE_THEY_ACCEPT_LOG;Мы расширили свою сферу влияния на державу $RECIPIENT$.;X;X;X;X;X;X
ADDTOSPHERE_WE_ACCEPT_LOG;Мы стали частью сферы влияния державы $ACTOR$.;X;X;X;X;X;X
ADDTOSPHERE_OTHER_ACCEPT_LOG;Держава $RECIPIENT$ стала частью сферы влияния державы $ACTOR$.;X;X;X;X;X;X
ADDTOSPHERE_DESC;Включение этой страны в нашу сферу влияния.;X;X;X;X;X;X
ADDTOSPHERE_BUTTON;Включить в сферу;X;X;X;X;X;X
REMOVEFROMSPHERE_THEY_ACCEPT_LOG;Мы добились исключения державы $RECIPIENT$ из сферы влияния державы $TARGET$.;X;X;X;X;X;X
REMOVEFROMSPHERE_WE_ACCEPT_LOG;Держава $ACTOR$ добилась исключения нас из сферы влияния державы $TARGET$.;X;X;X;X;X;X
REMOVEFROMSPHERE_OTHER_ACCEPT_LOG;Держава $ACTOR$ добилась исключения державы $RECIPIENT$ из сферы влияния державы $TARGET$.;X;X;X;X;X;X
REMOVE_REMOVEFROMSPHERE_DESC;Исключение страны из сферы влияния другой державы.;X;X;X;X;X;X
REMOVEFROMSPHERE_BUTTON;Исключить из сферы;X;X;X;X;X;X
INCREASERELATION_THEY_ACCEPT_LOG;Мы улучшили отношения с державой $RECIPIENT$.;X;X;X;X;X;X
REMOVE_INCREASERELATION_WE_ACCEPT_LOG;Держава $RECIPIENT$ улучшила наши с ними отношения.;X;X;X;X;X;X
INCREASERELATION_OTHER_ACCEPT_LOG;Держава $ACTOR$ улучшила отношения с державой $RECIPIENT$.;X;X;X;X;X;X
INCREASERELATION_DESC;Улучшение отношений между нашими странами.;X;X;X;X;X;X
REMOVE_INCREASERELATION_BUTTON;Улучшить отношения;X;X;X;X;X;X
DECREASERELATION_THEY_ACCEPT_LOG;Мы ухудшили отношения с державой $RECIPIENT$.;X;X;X;X;X;X
REMOVE_DECREASERELATION_WE_ACCEPT_LOG;Держава $RECIPIENT$ ухудшила наши с ними отношения.;X;X;X;X;X;X
DECREASERELATION_OTHER_ACCEPT_LOG;Держава $ACTOR$ ухудшила отношения с державой $RECIPIENT$.;X;X;X;X;X;X
DECREASERELATION_DESC;Ухудшение отношений между нашими странами.;X;X;X;X;X;X
REMOVE_DECREASERELATION_BUTTON;Ухудшить отношения;X;X;X;X;X;X
SELECT_WAR_GOAL;Выберите цель войны;X;X;X;X;X;X
AGRESSION_WAR_HUMILIATE_NAME;Унижение1;X;X;X;X;X;X
WETARGET_DISCREDIT_LOG;Держава $ACTOR$ дискредитировала нас перед высшими лицами державы $RECIPIENT$.;X;X;X;X;X;X
WETARGET_EXPELADVISORS_LOG;Держава $ACTOR$ убедила державу $RECIPIENT$ выслать всех наших советников!;X;X;X;X;X;X
WETARGET_BANEMBASSY_LOG;Держава $ACTOR$ убедила державу $RECIPIENT$ закрыть наше посольство!;X;X;X;X;X;X
WETARGET_DECREASEOPINION_LOG;Держава $ACTOR$ ухудшило мнение о нас в державе $RECIPIENT$, и теперь оно $OPINION$!;X;X;X;X;X;X
WETARGET_REMOVEFROMSPHERE_LOG;Держава $ACTOR$ исключила державу $RECIPIENT$ из нашей сферы влияния.;X;X;X;X;X;X
DIPL_AT_WAR;Недоступно во время войны.;X;X;X;X;X;X
CW_WARNINSPHERE_SHORT;Они находятся в сфере влияния державы $COUNTRY$.;X;X;X;X;X;X
WARGOAL_COST_DESC;$BADBOY$ бесчестья, $PRESTIGE$ престижа и $COST$ стоимости;X;X;X;X;X;X
DIPL_NOT_AT_WAR;Мы не находимся в состоянии войны.;X;X;X;X;X;X
WAR_BUTTON;Объявить войну;X;X;X;X;X;X
PEACE_BUTTON;Предложить мир;X;X;X;X;X;X
WARGOAL_BUTTON;Добавить цель;X;X;X;X;X;X
CD_PAYINGREPARATIONS;Выплата репараций: $LIST$.;X;X;X;X;X;X
CD_RECEIVINGPARATIONS;Получение репараций: $LIST$.;X;X;X;X;X;X
BUDGET_WARINDEMNITIES;Репарации: §Y$VAL$§W;X;X;X;X;X;X
WARGOAL_PENALTY;Рост агрессивности в случае неудачи: §Y$MILITANCY$§W;X;X;X;X;X;X
PO_PD_100;Мы одержали безоговорочную победу и можем потребовать от противника выполнения любых наших условий.;X;X;X;X;X;X
REMOVE_PO_PD_70;Мы одержали безоговорочную победу и можем рассчитывать на несколько провинций, солидную контрибуцию или на выполнение других наших условий.;X;X;X;X;X;X
REMOVE_PO_PD_40;Мы одержали внушительную победу и, вероятно, можем рассчитывать на одну провинцию.;X;X;X;X;X;X
REMOVE_PO_PD_10;Мы одержали победу и можем рассчитывать на белый мир или небольшую контрибуцию.;X;X;X;X;X;X
PO_PD_NEG_5;Война идет на равных.;X;X;X;X;X;X
REMOVE_PO_PD_NEG_25;Противник одержал победу. Он, скорее всего, согласится подписать мирный договор, если предложить ему небольшую контрибуцию или неважную для нас провинцию.;X;X;X;X;X;X
REMOVE_PO_PD_NEG_60;Противник одержал внушительную победу. Он, скорее всего, согласится подписать мирный договор, если предложить ему несколько провинций или солидную контрибуцию.;X;X;X;X;X;X
REMOVE_PO_PD_NEG_99;Противник одержал безоговорочную победу. Чтобы предотвратить худшее, необходимо заключить мир и отдать столько провинций, сколько потребует наш противник.;X;X;X;X;X;X
PO_PD_NEG_100;Мы полностью разгромлены, и противник может продиктовать нам любые угодные ему условия.;X;X;X;X;X;X
PO_WELEAD;Мы ведем переговоры от имени всего альянса;X;X;X;X;X;X
PO_WENOTLEAD;Мы ведем переговоры лишь от своего имени;X;X;X;X;X;X
PO_THEYLEAD;, они ведут переговоры от имени всего альянса.;X;X;X;X;X;X
PO_THEYNOTLEAD;, они ведут переговоры лишь от своего имени.;X;X;X;X;X;X
NOT_BROKEN;Их армии еще не разбиты.;X;X;X;X;X;X
DEMAND_PEACE;Требования;X;X;X;X;X;X
OFFER_PEACE;Предложения;X;X;X;X;X;X
WARGOAL_DESC;Добавление цели войны.;X;X;X;X;X;X
WAR_SCORE;Военный счет;X;X;X;X;X;X
CALCULATED_WARSCORE;Стоимость мира: $VAL$.;X;X;X;X;X;X
VALID_WARTARGET;Мы можем объявить войну этой державе.;X;X;X;X;X;X
INVALID_WARTARGET_SHARED_WAR;Мы воюем вместе с ними в другом конфликте.;X;X;X;X;X;X
TOTAL_MILITARY_STRENGTH;Общая военная мощь: §Y$VALUE$§W;X;X;X;X;X;X
GUNBOAT_SETUP_DESC;Держава $RECIPIENT$ будет вынуждена выплачивать взятые ею займы в размере §Y$AMOUNT$§W. В следствие этого их налоги будет ограничены между §Y$LOW_TAX$§W и §Y$HIGH_TAX$§W.;X;X;X;X;X;X
GUNBOAT_BUTTON;Пригрозить силой;X;X;X;X;X;X
GUNBOAT_DESC;Использовать военно-морской флот, чтобы заставить их погасить свой долг перед нами.;X;X;X;X;X;X
GUNBOATTITLE;Дипломатия канонерок;X;X;X;X;X;X
GUNBOAT_NONE_IN_PORT;Около их национальных берегов нет наших флотов.;X;X;X;X;X;X
GUNBOAT_NO_LOAN;Они не должны нам денег.;X;X;X;X;X;X
GUNBOAT_NOT_IN_DEFAULT;Они вовремя платят нам по своим долгам.;X;X;X;X;X;X
GUNBOAT_ALREADY_ACTIVE;Они уже находятся под угрозой нападения державы $COUNTRY$.;X;X;X;X;X;X
REMOVE_NO_CB_EFFECT;убрано;X;X;X;X;X;X
PEACE_WILL_ACCEPT;Они примут это предложение.;X;X;X;X;X;X
PEACE_WILL_NOT_ACCEPT;Они не примут это предложение.;X;X;X;X;X;X
DIPLOMACY_THEY_BETTER_OPINION;Мы не можем заставить державу §Y$RECIPIENT$§W выполнить это в отношении державы §Y$TARGET$§W, поскольку их мнение о той - §Y$OPINION$§W.\n;X;X;X;X;X;X
DIPLOMACY_THEY_BETTER_OPINION2;Дабы иметь возможность влиять на них, нам необходимо, чтобы они имели по крайней мере равное мнение о нас. Сейчас же их мнение о нас - §Y$OPINION$§W.;X;X;X;X;X;X
CW_WARNALLIES;Их союзники: $COUNTRY$.;X;X;X;X;X;X
CW_WARNGUARANTEED;Их независимость гарантируют: $COUNTRY$.;X;X;X;X;X;X
CW_WARNWARN;Мы были предупреждены следующими державами: $COUNTRY$. Они вполне могут начать вторжение.;X;X;X;X;X;X
CW_WARNALLIES2;Держава $ENEMY$ находится в союзе со следующими странами: $COUNTRY$.;X;X;X;X;X;X
CW_WARNGUARANTEED2;Независимость державы $ENEMY$ гарантирована следующими странами: $COUNTRY$. ;X;X;X;X;X;X
CW_WARNWARN2;Держава $FRIEND$ была предупреждена следующими странами: $COUNTRY$. Они вполне могут начать вторжение.;X;X;X;X;X;X
CW_WARNOVERLORD2;Держава $ENEMY$ находится в подчинении у державы $COUNTRY$, которая обязательно встанет на их защиту.;X;X;X;X;X;X
PW_SEND;Отправить;X;X;X;X;X;X
NEED;Необходимо:;X;X;X;X;X;X
PW_I_DO;Да;X;X;X;X;X;X
PW_RUN_AWAY;Лучше не надо;X;X;X;X;X;X
INDEPENDANT;Независимая держава;X;X;X;X;X;X
VASSAL_SUBJECT;Сателлит державы $LORD$;X;X;X;X;X;X
DIPRELCH_WAR;Война;X;X;X;X;X;X
DIPRELCH_NBOR_PEACE;Соседи в мире;X;X;X;X;X;X
DIPRELCH_GUARANTEE;Гарантии независимости;X;X;X;X;X;X
DIPRELCH_TRADEAGREEMENT;Торговое соглашение;X;X;X;X;X;X
DIPRELCH_HASACCESS;Проход войск;X;X;X;X;X;X
ALLIANCE_THEY_ACCEPT_HEADER;Министр иностранных дел сообщает;X;X;X;X;X;X
ALLIANCE_THEY_ACCEPT_1;Военный союз!;X;X;X;X;X;X
ALLIANCE_THEY_ACCEPT_2;$MONARCHTITLE$, держава §Y$RECIPIENT$§W;X;X;X;X;X;X
ALLIANCE_THEY_ACCEPT_3;изъявила желание;X;X;X;X;X;X
ALLIANCE_THEY_ACCEPT_4;заключить с нами;X;X;X;X;X;X
ALLIANCE_THEY_ACCEPT_5;военный союз.;X;X;X;X;X;X
ALLIANCE_THEY_ACCEPT_BTN1;Превосходно!;X;X;X;X;X;X
ALLIANCE_THEY_ACCEPT_BTN2;Превосходно!;X;X;X;X;X;X
ALLIANCE_THEY_ACCEPT_BTN3;Перейти;X;X;X;X;X;X
ALLIANCE_WE_ACCEPT_SETUP;Мы соглашаемся заключить военный союз;X;X;X;X;X;X
ALLIANCE_WE_ACCEPT_1;Создан военный союз!;X;X;X;X;X;X
ALLIANCE_WE_ACCEPT_2;$MONARCHTITLE$, мы согласились;X;X;X;X;X;X
ALLIANCE_WE_ACCEPT_3;заключить военный союз;X;X;X;X;X;X
ALLIANCE_WE_ACCEPT_4;с державой;X;X;X;X;X;X
ALLIANCE_WE_ACCEPT_BTN1;Превосходно!;X;X;X;X;X;X
ALLIANCE_WE_ACCEPT_BTN2;Превосходно!;X;X;X;X;X;X
ALLIANCE_WE_ACCEPT_BTN3;Перейти;X;X;X;X;X;X
ALLIANCE_OTHER_ACCEPT_HEADER;Министр иностранных дел сообщает;X;X;X;X;X;X
ALLIANCE_OTHER_ACCEPT_1;Создан военный союз!;X;X;X;X;X;X
ALLIANCE_OTHER_ACCEPT_2;$MONARCHTITLE$, держава §Y$RECIPIENT$§W;X;X;X;X;X;X
ALLIANCE_OTHER_ACCEPT_3;заключила военный союз;X;X;X;X;X;X
ALLIANCE_OTHER_ACCEPT_4;с державой;X;X;X;X;X;X
ALLIANCE_OTHER_ACCEPT_LOG;Держава $RECIPIENT$ заключила военный союз с державой $ACTOR$.;X;X;X;X;X;X
ALLIANCE_OTHER_ACCEPT_BTN1;ОК;X;X;X;X;X;X
ALLIANCE_OTHER_ACCEPT_BTN2;ОК;X;X;X;X;X;X
ALLIANCE_OTHER_ACCEPT_BTN3;Перейти;X;X;X;X;X;X
ALLIANCE_THEY_DECLINE_HEADER;Министр иностранных дел сообщает;X;X;X;X;X;X
ALLIANCE_THEY_DECLINE_1;В военном союзе отказано!;X;X;X;X;X;X
ALLIANCE_THEY_DECLINE_2;$MONARCHTITLE$, держава;X;X;X;X;X;X
ALLIANCE_THEY_DECLINE_4;отказалась заключить с нами;X;X;X;X;X;X
ALLIANCE_THEY_DECLINE_5;военный союз.;X;X;X;X;X;X
ALLIANCE_THEY_DECLINE_BTN1;ОК;X;X;X;X;X;X
ALLIANCE_THEY_DECLINE_BTN2;ОК;X;X;X;X;X;X
ALLIANCE_THEY_DECLINE_BTN3;Перейти;X;X;X;X;X;X
ALLIANCE_WE_DECLINE_HEADER;Министр иностранных дел сообщает;X;X;X;X;X;X
ALLIANCE_WE_DECLINE_1;В военном союзе отказано!;X;X;X;X;X;X
ALLIANCE_WE_DECLINE_2;$MONARCHTITLE$, мы отказались;X;X;X;X;X;X
ALLIANCE_WE_DECLINE_3;заключить военный союз;X;X;X;X;X;X
ALLIANCE_WE_DECLINE_4;с державой;X;X;X;X;X;X
ALLIANCE_WE_DECLINE_BTN1;ОК;X;X;X;X;X;X
ALLIANCE_WE_DECLINE_BTN2;ОК;X;X;X;X;X;X
ALLIANCE_WE_DECLINE_BTN3;Перейти;X;X;X;X;X;X
ALLIANCE_OTHER_DECLINE_HEADER;Министр иностранных дел сообщает;X;X;X;X;X;X
ALLIANCE_OTHER_DECLINE_1;В военном союзе отказано!;X;X;X;X;X;X
ALLIANCE_OTHER_DECLINE_2;$MONARCHTITLE$, держава §Y$RECIPIENT$§W;X;X;X;X;X;X
ALLIANCE_OTHER_DECLINE_3;отказалась заключить военный союз ;X;X;X;X;X;X
ALLIANCE_OTHER_DECLINE_4;с державой;X;X;X;X;X;X
ALLIANCE_OTHER_DECLINE_BTN1;ОК;X;X;X;X;X;X
ALLIANCE_OTHER_DECLINE_BTN2;ОК;X;X;X;X;X;X
ALLIANCE_OTHER_DECLINE_BTN3;Перейти;X;X;X;X;X;X
CANCELALLIANCE_THEY_ACCEPT_HEADER;Министр иностранных дел сообщает;X;X;X;X;X;X
CANCELALLIANCE_THEY_ACCEPT_1;Союз расторгнут!;X;X;X;X;X;X
CANCELALLIANCE_THEY_ACCEPT_2;$MONARCHTITLE$, мы;X;X;X;X;X;X
CANCELALLIANCE_THEY_ACCEPT_3;расторгли военный союз, ;X;X;X;X;X;X
CANCELALLIANCE_THEY_ACCEPT_4;заключенный с державой;X;X;X;X;X;X
CANCELALLIANCE_THEY_ACCEPT_BTN1;ОК;X;X;X;X;X;X
REMOVE_CANCELALLIANCE_THEY_ACCEPT_BTN2;Перейти;X;X;X;X;X;X
CANCELALLIANCE_WE_ACCEPT_HEADER;Министр иностранных дел сообщает;X;X;X;X;X;X
CANCELALLIANCE_WE_ACCEPT_1;Наш союз расторгнут!;X;X;X;X;X;X
CANCELALLIANCE_WE_ACCEPT_2;$MONARCHTITLE$, держава §Y$ACTOR$§W;X;X;X;X;X;X
CANCELALLIANCE_WE_ACCEPT_3;расторгла военный союз, ;X;X;X;X;X;X
CANCELALLIANCE_WE_ACCEPT_4;заключенный с нами.;X;X;X;X;X;X
CANCELALLIANCE_WE_ACCEPT_BTN1;ОК;X;X;X;X;X;X
CANCELALLIANCE_WE_ACCEPT_BTN2;ОК;X;X;X;X;X;X
CANCELALLIANCE_WE_ACCEPT_BTN3;Перейти;X;X;X;X;X;X
CANCELALLIANCE_OTHER_ACCEPT_HEADER;Министр иностранных дел сообщает;X;X;X;X;X;X
CANCELALLIANCE_OTHER_ACCEPT_1;Союз расторгнут!;X;X;X;X;X;X
CANCELALLIANCE_OTHER_ACCEPT_2;$MONARCHTITLE$, держава §Y$ACTOR$§W ;X;X;X;X;X;X
CANCELALLIANCE_OTHER_ACCEPT_3;расторгла военный союз, ;X;X;X;X;X;X
CANCELALLIANCE_OTHER_ACCEPT_4;заключенный с державой;X;X;X;X;X;X
CANCELALLIANCE_OTHER_ACCEPT_BTN1;ОК;X;X;X;X;X;X
CANCELALLIANCE_OTHER_ACCEPT_BTN2;ОК;X;X;X;X;X;X
CANCELALLIANCE_OTHER_ACCEPT_BTN3;Перейти;X;X;X;X;X;X
ASKMILITARYACCESS_THEY_ACCEPT_HEADER;Министр иностранных дел сообщает;X;X;X;X;X;X
ASKMILITARYACCESS_THEY_ACCEPT_1;Получен проход войск!;X;X;X;X;X;X
ASKMILITARYACCESS_THEY_ACCEPT_2;$MONARCHTITLE$, держава;X;X;X;X;X;X
ASKMILITARYACCESS_THEY_ACCEPT_4;согласились пропустить наши войска;X;X;X;X;X;X
ASKMILITARYACCESS_THEY_ACCEPT_5;через свою территорию.;X;X;X;X;X;X
REMOVE_ASKMILITARYACCESS_THEY_ACCEPT_6;Лучше сражаться с настоящими противниками, чем распылять силы на недостойных.;X;X;X;X;X;X
ASKMILITARYACCESS_THEY_ACCEPT_BTN1;ОК;X;X;X;X;X;X
ASKMILITARYACCESS_THEY_ACCEPT_BTN2;ОК;X;X;X;X;X;X
ASKMILITARYACCESS_THEY_ACCEPT_BTN3;Перейти;X;X;X;X;X;X
ASKMILITARYACCESS_WE_ACCEPT_HEADER;Министр иностранных дел сообщает;X;X;X;X;X;X
ASKMILITARYACCESS_WE_ACCEPT_1;Предоставлен проход войск!;X;X;X;X;X;X
ASKMILITARYACCESS_WE_ACCEPT_2;$MONARCHTITLE$, мы позволили державе;X;X;X;X;X;X
ASKMILITARYACCESS_WE_ACCEPT_4;провести войска через нашу территорию.;X;X;X;X;X;X
ASKMILITARYACCESS_WE_ACCEPT_6;Они не нападут на нас, пока мы будем им полезны.;X;X;X;X;X;X
ASKMILITARYACCESS_WE_ACCEPT_BTN1;ОК;X;X;X;X;X;X
ASKMILITARYACCESS_WE_ACCEPT_BTN2;ОК;X;X;X;X;X;X
ASKMILITARYACCESS_WE_ACCEPT_BTN3;Перейти;X;X;X;X;X;X
ASKMILITARYACCESS_OTHER_ACCEPT_HEADER;Министр иностранных дел сообщает;X;X;X;X;X;X
ASKMILITARYACCESS_OTHER_ACCEPT_1;Получен проход войск!;X;X;X;X;X;X
ASKMILITARYACCESS_OTHER_ACCEPT_2;$MONARCHTITLE$, держава;X;X;X;X;X;X
ASKMILITARYACCESS_OTHER_ACCEPT_3;§Y$RECIPIENT$§W\nразрешила пройти;X;X;X;X;X;X
ASKMILITARYACCESS_OTHER_ACCEPT_4;через свою территорию войскам державы;X;X;X;X;X;X
ASKMILITARYACCESS_OTHER_ACCEPT_6;Интересное развитие событий.;X;X;X;X;X;X
ASKMILITARYACCESS_OTHER_ACCEPT_BTN1;ОК;X;X;X;X;X;X
ASKMILITARYACCESS_OTHER_ACCEPT_BTN2;ОК;X;X;X;X;X;X
ASKMILITARYACCESS_OTHER_ACCEPT_BTN3;Перейти;X;X;X;X;X;X
ASKMILITARYACCESS_THEY_DECLINE_HEADER;Министр иностранных дел сообщает;X;X;X;X;X;X
ASKMILITARYACCESS_THEY_DECLINE_1;В проходе войск отказано!;X;X;X;X;X;X
ASKMILITARYACCESS_THEY_DECLINE_2;$MONARCHTITLE$, эти наглецы из державы;X;X;X;X;X;X
ASKMILITARYACCESS_THEY_DECLINE_4;отказались предоставить нам разрешение;X;X;X;X;X;X
ASKMILITARYACCESS_THEY_DECLINE_5;на проход войск.;X;X;X;X;X;X
REMOVE_ASKMILITARYACCESS_THEY_DECLINE_6;Мы должны получить это разрешение тем или иным способом.;X;X;X;X;X;X
ASKMILITARYACCESS_THEY_DECLINE_BTN1;ОК;X;X;X;X;X;X
ASKMILITARYACCESS_THEY_DECLINE_BTN2;ОК;X;X;X;X;X;X
ASKMILITARYACCESS_THEY_DECLINE_BTN3;Перейти;X;X;X;X;X;X
ASKMILITARYACCESS_WE_DECLINE_HEADER;Министр иностранных дел сообщает;X;X;X;X;X;X
ASKMILITARYACCESS_WE_DECLINE_1;В проходе войск отказано!;X;X;X;X;X;X
ASKMILITARYACCESS_WE_DECLINE_2;$MONARCHTITLE$, конечно, мы отказали в просьбе державы;X;X;X;X;X;X
ASKMILITARYACCESS_WE_DECLINE_4;предоставить им;X;X;X;X;X;X
ASKMILITARYACCESS_WE_DECLINE_5;проход войск.;X;X;X;X;X;X
ASKMILITARYACCESS_WE_DECLINE_6;Мы не хотим, чтобы их грязные сапоги топтали нашу землю.;X;X;X;X;X;X
ASKMILITARYACCESS_WE_DECLINE_BTN1;ОК;X;X;X;X;X;X
ASKMILITARYACCESS_WE_DECLINE_BTN2;ОК;X;X;X;X;X;X
ASKMILITARYACCESS_WE_DECLINE_BTN3;Перейти;X;X;X;X;X;X
ASKMILITARYACCESS_OTHER_DECLINE_HEADER;Министр иностранных дел сообщает;X;X;X;X;X;X
ASKMILITARYACCESS_OTHER_DECLINE_1;В проходе войск отказано!;X;X;X;X;X;X
ASKMILITARYACCESS_OTHER_DECLINE_2;$MONARCHTITLE$, держава;X;X;X;X;X;X
ASKMILITARYACCESS_OTHER_DECLINE_4;отказалась пропускать через свою территорию войска державы;X;X;X;X;X;X
ASKMILITARYACCESS_OTHER_DECLINE_6;Их дипломаты просто смешны!;X;X;X;X;X;X
ASKMILITARYACCESS_OTHER_DECLINE_BTN1;ОК;X;X;X;X;X;X
ASKMILITARYACCESS_OTHER_DECLINE_BTN2;ОК;X;X;X;X;X;X
ASKMILITARYACCESS_OTHER_DECLINE_BTN3;Перейти;X;X;X;X;X;X
CANCELASKMILITARYACCESS_THEY_ACCEPT_HEADER;Министр иностранных дел сообщает;X;X;X;X;X;X
CANCELASKMILITARYACCESS_THEY_ACCEPT_1;Отмена прохода войск!;X;X;X;X;X;X
CANCELASKMILITARYACCESS_THEY_ACCEPT_2;$MONARCHTITLE$, мы слишком устали от присутствия омерзительных солдат державы;X;X;X;X;X;X
CANCELASKMILITARYACCESS_THEY_ACCEPT_4;в нашей стране, поэтому мы решили разорвать соглашение на проход их войск через нашу территорию.;X;X;X;X;X;X
CANCELASKMILITARYACCESS_THEY_ACCEPT_6;Народ нашей страны бурно приветствует это событие.;X;X;X;X;X;X
CANCELASKMILITARYACCESS_THEY_ACCEPT_BTN1;ОК;X;X;X;X;X;X
CANCELASKMILITARYACCESS_THEY_ACCEPT_BTN2;ОК;X;X;X;X;X;X
CANCELASKMILITARYACCESS_THEY_ACCEPT_BTN3;Перейти;X;X;X;X;X;X
CANCELASKMILITARYACCESS_WE_ACCEPT_HEADER;Министр иностранных дел сообщает;X;X;X;X;X;X
CANCELASKMILITARYACCESS_WE_ACCEPT_1;Отмена прохода войск!;X;X;X;X;X;X
CANCELASKMILITARYACCESS_WE_ACCEPT_2;$MONARCHTITLE$, мы глубоко оскорблены тем, что держава;X;X;X;X;X;X
CANCELASKMILITARYACCESS_WE_ACCEPT_4;разорвала соглашение на проход их войск через нашу территорию.;X;X;X;X;X;X
CANCELASKMILITARYACCESS_WE_ACCEPT_6;Впрочем, мы должны были сделать это первыми.;X;X;X;X;X;X
CANCELASKMILITARYACCESS_WE_ACCEPT_BTN1;ОК;X;X;X;X;X;X
CANCELASKMILITARYACCESS_WE_ACCEPT_BTN2;ОК;X;X;X;X;X;X
CANCELASKMILITARYACCESS_WE_ACCEPT_BTN3;Перейти;X;X;X;X;X;X
CANCELASKMILITARYACCESS_OTHER_ACCEPT_HEADER;Министр иностранных дел сообщает;X;X;X;X;X;X
CANCELASKMILITARYACCESS_OTHER_ACCEPT_1;Отмена прохода войск!;X;X;X;X;X;X
CANCELASKMILITARYACCESS_OTHER_ACCEPT_2;$MONARCHTITLE$, держава;X;X;X;X;X;X
CANCELASKMILITARYACCESS_OTHER_ACCEPT_4;отменила разрешение на проход войск, которое они получили от державы;X;X;X;X;X;X
CANCELASKMILITARYACCESS_OTHER_ACCEPT_6;Похоже, будет заварушка. Мы обязаны извлечь выгоду из этой истории.;X;X;X;X;X;X
CANCELASKMILITARYACCESS_OTHER_ACCEPT_BTN1;ОК;X;X;X;X;X;X
CANCELASKMILITARYACCESS_OTHER_ACCEPT_BTN2;ОК;X;X;X;X;X;X
CANCELASKMILITARYACCESS_OTHER_ACCEPT_BTN3;Перейти;X;X;X;X;X;X
REMOVE_CALLALLY_THEY_ACCEPT_HEADER;Министр иностранных дел сообщает;X;X;X;X;X;X
REMOVE_CALLALLY_THEY_ACCEPT_1;Военный союз действует!;X;X;X;X;X;X
REMOVE_CALLALLY_THEY_ACCEPT_2;$MONARCHTITLE$, мы нисколько не удивлены тем, что держава;X;X;X;X;X;X
REMOVE_CALLALLY_THEY_ACCEPT_4;решила соблюсти условия нашего военного союза и присоединилась к нашей непобедимой армии в конфликте;X;X;X;X;X;X
REMOVE_CALLALLY_THEY_ACCEPT_6;Теперь они находятся в состоянии войны с державой(ами) $TARGETLIST$.;X;X;X;X;X;X
REMOVE_CALLALLY_THEY_ACCEPT_BTN1;Великолепно!;X;X;X;X;X;X
REMOVE_CALLALLY_THEY_ACCEPT_BTN2;Великолепно!;X;X;X;X;X;X
REMOVE_CALLALLY_THEY_ACCEPT_BTN3;Перейти;X;X;X;X;X;X
REMOVE_CALLALLY_WE_ACCEPT_HEADER;Министр иностранных дел сообщает;X;X;X;X;X;X
REMOVE_CALLALLY_WE_ACCEPT_1;Выполнение обязательств!;X;X;X;X;X;X
REMOVE_CALLALLY_WE_ACCEPT_2;$MONARCHTITLE$, мы решили, что держава;X;X;X;X;X;X
REMOVE_CALLALLY_WE_ACCEPT_4;достойна нашей поддержки в конфликте;X;X;X;X;X;X
REMOVE_CALLALLY_WE_ACCEPT_6;Теперь мы ведем войну против держав(ы) $TARGETLIST$.;X;X;X;X;X;X
REMOVE_CALLALLY_WE_ACCEPT_BTN1;ОК;X;X;X;X;X;X
REMOVE_CALLALLY_WE_ACCEPT_BTN2;ОК;X;X;X;X;X;X
REMOVE_CALLALLY_WE_ACCEPT_BTN3;Перейти;X;X;X;X;X;X
REMOVE_CALLALLY_OTHER_ACCEPT_HEADER;Министр иностранных дел сообщает;X;X;X;X;X;X
REMOVE_CALLALLY_OTHER_ACCEPT_2;сообщает, что они решили соблюсти;X;X;X;X;X;X
REMOVE_CALLALLY_OTHER_ACCEPT_3;ВОЕННЫЙ СОЮЗ, ;X;X;X;X;X;X
REMOVE_CALLALLY_OTHER_ACCEPT_4;заключенный с державой;X;X;X;X;X;X
REMOVE_CALLALLY_OTHER_ACCEPT_6;Теперь они находятся в состоянии войны со следующими державами: $TARGETLIST$.;X;X;X;X;X;X
REMOVE_CALLALLY_OTHER_ACCEPT_BTN1;ОК;X;X;X;X;X;X
REMOVE_CALLALLY_OTHER_ACCEPT_BTN2;ОК;X;X;X;X;X;X
REMOVE_CALLALLY_OTHER_ACCEPT_BTN3;Перейти;X;X;X;X;X;X
CALLALLY_THEY_DECLINE_HEADER;Министр иностранных дел сообщает;X;X;X;X;X;X
CALLALLY_THEY_DECLINE_1;В военной помощи отказано!;X;X;X;X;X;X
CALLALLY_THEY_DECLINE_2;$MONARCHTITLE$, вероломная держава;X;X;X;X;X;X
CALLALLY_THEY_DECLINE_4;отказалась присоединиться к нашей справедливой и благородной войне!;X;X;X;X;X;X
CALLALLY_THEY_DECLINE_5;Они должны быть счастливы, что мы сейчас немного заняты.;X;X;X;X;X;X
CALLALLY_THEY_DECLINE_6;Но мы никогда не забудем такого гнусного поведения!;X;X;X;X;X;X
CALLALLY_THEY_DECLINE_BTN1;ОК;X;X;X;X;X;X
CALLALLY_THEY_DECLINE_BTN2;ОК;X;X;X;X;X;X
CALLALLY_THEY_DECLINE_BTN3;Перейти;X;X;X;X;X;X
CALLALLY_WE_DECLINE_HEADER;Министр иностранных дел сообщает;X;X;X;X;X;X
CALLALLY_WE_DECLINE_1;Разрыв военного союза!;X;X;X;X;X;X
CALLALLY_WE_DECLINE_2;$MONARCHTITLE$, мы решили, что война, объявленная державой;X;X;X;X;X;X
CALLALLY_WE_DECLINE_3;§Y$ACTOR$§W, ;X;X;X;X;X;X
CALLALLY_WE_DECLINE_4;не отвечает в данный момент нашим интересам.;X;X;X;X;X;X
CALLALLY_WE_DECLINE_6;Мы с огромным удовольствием сообщили им, что в этой войне они могут рассчитывать только на свои силы.;X;X;X;X;X;X
CALLALLY_WE_DECLINE_BTN1;ОК;X;X;X;X;X;X
CALLALLY_WE_DECLINE_BTN2;ОК;X;X;X;X;X;X
CALLALLY_WE_DECLINE_BTN3;Перейти;X;X;X;X;X;X
CALLALLY_OTHER_DECLINE_HEADER;Министр иностранных дел сообщает;X;X;X;X;X;X
CALLALLY_OTHER_DECLINE_1;Разрыв военного союза!;X;X;X;X;X;X
CALLALLY_OTHER_DECLINE_2;$MONARCHTITLE$, держава §Y$RECIPIENT$§W решила;X;X;X;X;X;X
CALLALLY_OTHER_DECLINE_3;не соблюдать условия\nВОЕННОГО СОЮЗА, ;X;X;X;X;X;X
CALLALLY_OTHER_DECLINE_4;заключенного с державой;X;X;X;X;X;X
CALLALLY_OTHER_DECLINE_6;Дураки! Чем больше они будут разобщены, тем быстрее попадут под нашу власть.;X;X;X;X;X;X
CALLALLY_OTHER_DECLINE_BTN1;ОК;X;X;X;X;X;X
CALLALLY_OTHER_DECLINE_BTN2;ОК;X;X;X;X;X;X
CALLALLY_OTHER_DECLINE_BTN3;Перейти;X;X;X;X;X;X
GIVEMILITARYACCESS_THEY_ACCEPT_HEADER;Министр иностранных дел сообщает;X;X;X;X;X;X
GIVEMILITARYACCESS_THEY_ACCEPT_1;Предоставлен проход войск!;X;X;X;X;X;X
GIVEMILITARYACCESS_THEY_ACCEPT_2;$MONARCHTITLE$, чтобы достичь наших целей, мы решили предоставить державе;X;X;X;X;X;X
GIVEMILITARYACCESS_THEY_ACCEPT_4;разрешение на проход войск через нашу территорию.;X;X;X;X;X;X
GIVEMILITARYACCESS_THEY_ACCEPT_6;Надеемся, они все погибнут в бессмысленной войне.;X;X;X;X;X;X
GIVEMILITARYACCESS_THEY_ACCEPT_BTN1;ОК;X;X;X;X;X;X
GIVEMILITARYACCESS_THEY_ACCEPT_BTN2;ОК;X;X;X;X;X;X
GIVEMILITARYACCESS_THEY_ACCEPT_BTN3;Перейти;X;X;X;X;X;X
GIVEMILITARYACCESS_WE_ACCEPT_1;Проход войск!;X;X;X;X;X;X
GIVEMILITARYACCESS_WE_ACCEPT_2;$MONARCHTITLE$, испугавшись нашей могущественной армии, держава;X;X;X;X;X;X
GIVEMILITARYACCESS_WE_ACCEPT_4;позволила проводить наши войска;X;X;X;X;X;X
GIVEMILITARYACCESS_WE_ACCEPT_5;через свою территорию.;X;X;X;X;X;X
GIVEMILITARYACCESS_WE_ACCEPT_6;Надеемся, что они и впредь будут знать свое место.;X;X;X;X;X;X
GIVEMILITARYACCESS_WE_ACCEPT_BTN1;ОК;X;X;X;X;X;X
GIVEMILITARYACCESS_WE_ACCEPT_BTN2;ОК;X;X;X;X;X;X
GIVEMILITARYACCESS_WE_ACCEPT_BTN3;Перейти;X;X;X;X;X;X
GIVEMILITARYACCESS_OTHER_ACCEPT_HEADER;Министр иностранных дел сообщает;X;X;X;X;X;X
GIVEMILITARYACCESS_OTHER_ACCEPT_1;Получен проход войск!;X;X;X;X;X;X
GIVEMILITARYACCESS_OTHER_ACCEPT_2;$MONARCHTITLE$, держава;X;X;X;X;X;X
GIVEMILITARYACCESS_OTHER_ACCEPT_4;приняла предложение державы;X;X;X;X;X;X
GIVEMILITARYACCESS_OTHER_ACCEPT_6;о проходе войск через ее территорию. Ничтожные государства вроде $ACTOR$ нас не интересуют.;X;X;X;X;X;X
GIVEMILITARYACCESS_OTHER_ACCEPT_BTN1;ОК;X;X;X;X;X;X
GIVEMILITARYACCESS_OTHER_ACCEPT_BTN2;ОК;X;X;X;X;X;X
GIVEMILITARYACCESS_OTHER_ACCEPT_BTN3;Перейти;X;X;X;X;X;X
GIVEMILITARYACCESS_THEY_DECLINE_HEADER;Министр иностранных дел сообщает;X;X;X;X;X;X
GIVEMILITARYACCESS_THEY_DECLINE_1;От права на проход отказались!;X;X;X;X;X;X
GIVEMILITARYACCESS_THEY_DECLINE_2;$MONARCHTITLE$ мы были удивлены тем, что держава;X;X;X;X;X;X
GIVEMILITARYACCESS_THEY_DECLINE_4;почему-то отклонила наше великодушное предложение провести ее войска через нашу территорию.;X;X;X;X;X;X
GIVEMILITARYACCESS_THEY_DECLINE_6;Нам придется найти другой способ заманить их в нашу ловушку.;X;X;X;X;X;X
GIVEMILITARYACCESS_THEY_DECLINE_BTN1;ОК;X;X;X;X;X;X
GIVEMILITARYACCESS_THEY_DECLINE_BTN2;ОК;X;X;X;X;X;X
GIVEMILITARYACCESS_THEY_DECLINE_BTN3;Перейти;X;X;X;X;X;X
GIVEMILITARYACCESS_WE_DECLINE_1;Отказ от прохода войск!;X;X;X;X;X;X
GIVEMILITARYACCESS_WE_DECLINE_2;$MONARCHTITLE$, мы отказались от предложения державы;X;X;X;X;X;X
GIVEMILITARYACCESS_WE_DECLINE_4;провести войска через их территорию.;X;X;X;X;X;X
GIVEMILITARYACCESS_WE_DECLINE_6;Эти выскочки должны знать свое место!;X;X;X;X;X;X
GIVEMILITARYACCESS_WE_DECLINE_BTN1;ОК;X;X;X;X;X;X
GIVEMILITARYACCESS_WE_DECLINE_BTN2;ОК;X;X;X;X;X;X
GIVEMILITARYACCESS_WE_DECLINE_BTN3;Перейти;X;X;X;X;X;X
GIVEMILITARYACCESS_OTHER_DECLINE_HEADER;Министр иностранных дел сообщает;X;X;X;X;X;X
GIVEMILITARYACCESS_OTHER_DECLINE_1;Отказ от прохода войск!;X;X;X;X;X;X
GIVEMILITARYACCESS_OTHER_DECLINE_2;$MONARCHTITLE$, держава;X;X;X;X;X;X
GIVEMILITARYACCESS_OTHER_DECLINE_4;отказалась получить разрешение на проход войск от державы;X;X;X;X;X;X
GIVEMILITARYACCESS_OTHER_DECLINE_6;Чем больше разногласий будет между этими странами, тем лучше для нас.;X;X;X;X;X;X
GIVEMILITARYACCESS_OTHER_DECLINE_BTN1;ОК;X;X;X;X;X;X
GIVEMILITARYACCESS_OTHER_DECLINE_BTN2;ОК;X;X;X;X;X;X
GIVEMILITARYACCESS_OTHER_DECLINE_BTN3;Перейти;X;X;X;X;X;X
DISCREDIT_THEY_ACCEPT_HEADER;Министр иностранных дел сообщает;X;X;X;X;X;X
DISCREDIT_THEY_ACCEPT_1;Дискредитация!;X;X;X;X;X;X
DISCREDIT_THEY_ACCEPT_2;$MONARCHTITLE$, мы смогли;X;X;X;X;X;X
DISCREDIT_THEY_ACCEPT_3;подорвать доверие высших лиц державы §Y$RECIPIENT$§W к державе §Y$TARGET$§W.;X;X;X;X;X;X
DISCREDIT_THEY_ACCEPT_4;Это серьезно ограничит возможности последней влиять на них.;X;X;X;X;X;X
DISCREDIT_THEY_ACCEPT_BTN1;ОК;X;X;X;X;X;X
DISCREDIT_THEY_ACCEPT_BTN2;ОК;X;X;X;X;X;X
DISCREDIT_THEY_ACCEPT_BTN3;Перейти;X;X;X;X;X;X
DISCREDIT_WE_ACCEPT_HEADER;Министр иностранных дел сообщает;X;X;X;X;X;X
DISCREDIT_WE_ACCEPT_1;Дискредитация!;X;X;X;X;X;X
DISCREDIT_WE_ACCEPT_2;$MONARCHTITLE$, держава §Y$ACTOR$§W сообщила нам, что;X;X;X;X;X;X
DISCREDIT_WE_ACCEPT_3;держава §Y$TARGET$§W плохо к нам относится!;X;X;X;X;X;X
DISCREDIT_WE_ACCEPT_4;Поэтому мы должны ограничить их влияние на нас, впредь внимательнее за ними наблюдая.;X;X;X;X;X;X
DISCREDIT_WE_ACCEPT_BTN1;ОК;X;X;X;X;X;X
DISCREDIT_WE_ACCEPT_BTN2;ОК;X;X;X;X;X;X
DISCREDIT_WE_ACCEPT_BTN3;Перейти;X;X;X;X;X;X
DISCREDIT_OTHER_ACCEPT_HEADER;Министр иностранных дел сообщает;X;X;X;X;X;X
DISCREDIT_OTHER_ACCEPT_1;Дискредитация!;X;X;X;X;X;X
DISCREDIT_OTHER_ACCEPT_2;$MONARCHTITLE$, мы обнаружили, что;X;X;X;X;X;X
DISCREDIT_OTHER_ACCEPT_3;держава §Y$ACTOR$§W дискредитировала;X;X;X;X;X;X
DISCREDIT_OTHER_ACCEPT_4;государство §Y$TARGET$§W перед высшими лицами державы §Y$RECIPIENT$§W.;X;X;X;X;X;X
DISCREDIT_OTHER_ACCEPT_5;Это серьезно ограничит возможности той влиять на них.;X;X;X;X;X;X
DISCREDIT_OTHER_ACCEPT_BTN1;ОК;X;X;X;X;X;X
DISCREDIT_OTHER_ACCEPT_BTN2;ОК;X;X;X;X;X;X
DISCREDIT_OTHER_ACCEPT_BTN3;Перейти;X;X;X;X;X;X
EXPELADVISORS_THEY_ACCEPT_HEADER;Министр иностранных дел сообщает;X;X;X;X;X;X
EXPELADVISORS_THEY_ACCEPT_1;Высылка советников!;X;X;X;X;X;X
EXPELADVISORS_THEY_ACCEPT_2;$MONARCHTITLE$, мы убедили державу;X;X;X;X;X;X
EXPELADVISORS_THEY_ACCEPT_3;§Y$RECIPIENT$§W выслать всех советников, ;X;X;X;X;X;X
EXPELADVISORS_THEY_ACCEPT_4;присланных державой §Y$TARGET$§W.;X;X;X;X;X;X
EXPELADVISORS_THEY_ACCEPT_5;В результате влияние последней на державу §Y$RECIPIENT$§W сведено к нулю!;X;X;X;X;X;X
EXPELADVISORS_THEY_ACCEPT_BTN1;ОК;X;X;X;X;X;X
EXPELADVISORS_THEY_ACCEPT_BTN2;ОК;X;X;X;X;X;X
EXPELADVISORS_THEY_ACCEPT_BTN3;Перейти;X;X;X;X;X;X
EXPELADVISORS_WE_ACCEPT_HEADER;Министр иностранных дел сообщает;X;X;X;X;X;X
EXPELADVISORS_WE_ACCEPT_1;Высылка советников!;X;X;X;X;X;X
EXPELADVISORS_WE_ACCEPT_2;$MONARCHTITLE$, держава §Y$ACTOR$§W убедила нас;X;X;X;X;X;X
EXPELADVISORS_WE_ACCEPT_3;выслать всех советников, ;X;X;X;X;X;X
EXPELADVISORS_WE_ACCEPT_4;присланных державой §Y$TARGET$§W.;X;X;X;X;X;X
EXPELADVISORS_WE_ACCEPT_5;Они больше не смогут оказывать на нас влияние.;X;X;X;X;X;X
EXPELADVISORS_WE_ACCEPT_BTN1;ОК;X;X;X;X;X;X
EXPELADVISORS_WE_ACCEPT_BTN2;ОК;X;X;X;X;X;X
EXPELADVISORS_WE_ACCEPT_BTN3;Перейти;X;X;X;X;X;X
EXPELADVISORS_OTHER_ACCEPT_HEADER;Министр иностранных дел сообщает;X;X;X;X;X;X
EXPELADVISORS_OTHER_ACCEPT_1;Высылка советников!;X;X;X;X;X;X
EXPELADVISORS_OTHER_ACCEPT_2;$MONARCHTITLE$, до нас дошли слухи, что держава;X;X;X;X;X;X
EXPELADVISORS_OTHER_ACCEPT_3;§Y$ACTOR$§W убедила государство §Y$RECIPIENT$§W;X;X;X;X;X;X
EXPELADVISORS_OTHER_ACCEPT_4;выслать всех советников державы §Y$TARGET$§W.;X;X;X;X;X;X
EXPELADVISORS_OTHER_ACCEPT_5;В результате влияние последней на державу §Y$RECIPIENT$§W сведено к нулю.;X;X;X;X;X;X
EXPELADVISORS_OTHER_ACCEPT_BTN1;ОК;X;X;X;X;X;X
EXPELADVISORS_OTHER_ACCEPT_BTN2;ОК;X;X;X;X;X;X
EXPELADVISORS_OTHER_ACCEPT_BTN3;Перейти;X;X;X;X;X;X
BANEMBASSY_THEY_ACCEPT_HEADER;Министр иностранных дел сообщает;X;X;X;X;X;X
BANEMBASSY_THEY_ACCEPT_1;Закрытие посольства!;X;X;X;X;X;X
BANEMBASSY_THEY_ACCEPT_2;$MONARCHTITLE$, мы добились в державе §Y$RECIPIENT$§W;X;X;X;X;X;X
BANEMBASSY_THEY_ACCEPT_3;закрытия посольства державы §Y$TARGET$§W.;X;X;X;X;X;X
BANEMBASSY_THEY_ACCEPT_4;Мы не увидим их больше там в ближайшее время!;X;X;X;X;X;X
BANEMBASSY_THEY_ACCEPT_BTN1;ОК;X;X;X;X;X;X
BANEMBASSY_THEY_ACCEPT_BTN2;ОК;X;X;X;X;X;X
BANEMBASSY_THEY_ACCEPT_BTN3;Перейти;X;X;X;X;X;X
BANEMBASSY_WE_ACCEPT_HEADER;Министр иностранных дел сообщает;X;X;X;X;X;X
BANEMBASSY_WE_ACCEPT_1;Закрытие посольства!;X;X;X;X;X;X
BANEMBASSY_WE_ACCEPT_2;$MONARCHTITLE$, держава §Y$ACTOR$§W убедила нас;X;X;X;X;X;X
BANEMBASSY_WE_ACCEPT_3;закрыть посольство державы §Y$TARGET$§W.;X;X;X;X;X;X
BANEMBASSY_WE_ACCEPT_4;В результате мы хотя бы на время избавились от их влияния!;X;X;X;X;X;X
BANEMBASSY_WE_ACCEPT_BTN1;ОК;X;X;X;X;X;X
BANEMBASSY_WE_ACCEPT_BTN2;ОК;X;X;X;X;X;X
BANEMBASSY_WE_ACCEPT_BTN3;Перейти;X;X;X;X;X;X
BANEMBASSY_OTHER_ACCEPT_HEADER;Министр иностранных дел сообщает;X;X;X;X;X;X
BANEMBASSY_OTHER_ACCEPT_1;Закрытие посольства!;X;X;X;X;X;X
BANEMBASSY_OTHER_ACCEPT_2;$MONARCHTITLE$, до нас дошли слухи, что держава §Y$ACTOR$§W;X;X;X;X;X;X
BANEMBASSY_OTHER_ACCEPT_3;убедила государство §Y$RECIPIENT$§W закрыть посольство;X;X;X;X;X;X
BANEMBASSY_OTHER_ACCEPT_4;державы §Y$TARGET$§W.;X;X;X;X;X;X
BANEMBASSY_OTHER_ACCEPT_5;Кажется, держава §Y$RECIPIENT$§W делает все, что ей приказывает;X;X;X;X;X;X
BANEMBASSY_OTHER_ACCEPT_6;держава §Y$ACTOR$§W.;X;X;X;X;X;X
BANEMBASSY_OTHER_ACCEPT_BTN1;ОК;X;X;X;X;X;X
BANEMBASSY_OTHER_ACCEPT_BTN2;ОК;X;X;X;X;X;X
BANEMBASSY_OTHER_ACCEPT_BTN3;Перейти;X;X;X;X;X;X
ADDTOSPHERE_THEY_ACCEPT_HEADER;Министр иностранных дел сообщает;X;X;X;X;X;X
ADDTOSPHERE_THEY_ACCEPT_1;Расширение сферы влияния!;X;X;X;X;X;X
ADDTOSPHERE_THEY_ACCEPT_2;$MONARCHTITLE$, мы расширили свою;X;X;X;X;X;X
ADDTOSPHERE_THEY_ACCEPT_3;сферу влияния;X;X;X;X;X;X
ADDTOSPHERE_THEY_ACCEPT_4;на державу;X;X;X;X;X;X
ADDTOSPHERE_THEY_ACCEPT_BTN1;ОК;X;X;X;X;X;X
ADDTOSPHERE_THEY_ACCEPT_BTN2;ОК;X;X;X;X;X;X
ADDTOSPHERE_THEY_ACCEPT_BTN3;Перейти;X;X;X;X;X;X
ADDTOSPHERE_WE_ACCEPT_HEADER;Министр иностранных дел сообщает;X;X;X;X;X;X
ADDTOSPHERE_WE_ACCEPT_1;Включение в сферу влияния!;X;X;X;X;X;X
ADDTOSPHERE_WE_ACCEPT_2;$MONARCHTITLE$, держава;X;X;X;X;X;X
ADDTOSPHERE_WE_ACCEPT_4;решила включить нашу страну в свою;X;X;X;X;X;X
ADDTOSPHERE_WE_ACCEPT_5;сферу влияния.;X;X;X;X;X;X
ADDTOSPHERE_WE_ACCEPT_BTN1;ОК;X;X;X;X;X;X
ADDTOSPHERE_WE_ACCEPT_BTN2;ОК;X;X;X;X;X;X
ADDTOSPHERE_WE_ACCEPT_BTN3;Перейти;X;X;X;X;X;X
ADDTOSPHERE_OTHER_ACCEPT_HEADER;Министр иностранных дел сообщает;X;X;X;X;X;X
ADDTOSPHERE_OTHER_ACCEPT_1;Расширение сферы влияния!;X;X;X;X;X;X
ADDTOSPHERE_OTHER_ACCEPT_2;$MONARCHTITLE$, до нас дошли слухи, что держава;X;X;X;X;X;X
ADDTOSPHERE_OTHER_ACCEPT_4;стала частью сферы влияния державы;X;X;X;X;X;X
ADDTOSPHERE_OTHER_ACCEPT_BTN1;ОК;X;X;X;X;X;X
ADDTOSPHERE_OTHER_ACCEPT_BTN2;ОК;X;X;X;X;X;X
ADDTOSPHERE_OTHER_ACCEPT_BTN3;Перейти;X;X;X;X;X;X
REMOVEFROMSPHERE_THEY_ACCEPT_HEADER;Министр иностранных дел сообщает;X;X;X;X;X;X
REMOVEFROMSPHERE_THEY_ACCEPT_1;Изменение сфер влияния!;X;X;X;X;X;X
REMOVEFROMSPHERE_THEY_ACCEPT_2;$MONARCHTITLE$, мы смогли добиться;X;X;X;X;X;X
REMOVEFROMSPHERE_THEY_ACCEPT_3;исключения державы §Y$RECIPIENT$§W;X;X;X;X;X;X
REMOVEFROMSPHERE_THEY_ACCEPT_4;из сферы влияния державы;X;X;X;X;X;X
REMOVEFROMSPHERE_THEY_ACCEPT_BTN1;ОК;X;X;X;X;X;X
REMOVEFROMSPHERE_THEY_ACCEPT_BTN2;ОК;X;X;X;X;X;X
REMOVEFROMSPHERE_THEY_ACCEPT_BTN3;Перейти;X;X;X;X;X;X
REMOVEFROMSPHERE_WE_ACCEPT_HEADER;Министр иностранных дел сообщает;X;X;X;X;X;X
REMOVEFROMSPHERE_WE_ACCEPT_1;Изменение сфер влияния!;X;X;X;X;X;X
REMOVEFROMSPHERE_WE_ACCEPT_2;$MONARCHTITLE$, держава §Y$ACTOR$§W смогла добиться;X;X;X;X;X;X
REMOVEFROMSPHERE_WE_ACCEPT_3;нашего исключения;X;X;X;X;X;X
REMOVEFROMSPHERE_WE_ACCEPT_4;из сферы влияния державы;X;X;X;X;X;X
REMOVEFROMSPHERE_WE_ACCEPT_BTN1;ОК;X;X;X;X;X;X
REMOVEFROMSPHERE_WE_ACCEPT_BTN2;ОК;X;X;X;X;X;X
REMOVEFROMSPHERE_WE_ACCEPT_BTN3;Перейти;X;X;X;X;X;X
REMOVEFROMSPHERE_OTHER_ACCEPT_HEADER;Министр иностранных дел сообщает;X;X;X;X;X;X
REMOVEFROMSPHERE_OTHER_ACCEPT_1;Изменение сфер влияния!;X;X;X;X;X;X
REMOVEFROMSPHERE_OTHER_ACCEPT_2;$MONARCHTITLE$, держава;X;X;X;X;X;X
REMOVEFROMSPHERE_OTHER_ACCEPT_3;§Y$ACTOR$§W добилась исключения;X;X;X;X;X;X
REMOVEFROMSPHERE_OTHER_ACCEPT_4;державы §Y$RECIPIENT$§W из сферы влияния державы;X;X;X;X;X;X
REMOVEFROMSPHERE_OTHER_ACCEPT_BTN1;ОК;X;X;X;X;X;X
REMOVEFROMSPHERE_OTHER_ACCEPT_BTN2;ОК;X;X;X;X;X;X
REMOVEFROMSPHERE_OTHER_ACCEPT_BTN3;Перейти;X;X;X;X;X;X
CEASECOLONIZATION_THEY_ACCEPT_HEADER;Министр иностранных дел сообщает;X;X;X;X;X;X
CEASECOLONIZATION_THEY_ACCEPT_1;Отказ от колонизации!;X;X;X;X;X;X
CEASECOLONIZATION_THEY_ACCEPT_2;$MONARCHTITLE$, мы согласились отказаться от колонизации региона;X;X;X;X;X;X
CEASECOLONIZATION_THEY_ACCEPT_3;$ASTATE$. В ответ держава;X;X;X;X;X;X
CEASECOLONIZATION_THEY_ACCEPT_4;§Y$RECIPIENT$§W обещала прекратить колонизацию;X;X;X;X;X;X
CEASECOLONIZATION_THEY_ACCEPT_5;региона $RSTATE$.;X;X;X;X;X;X
CEASECOLONIZATION_THEY_ACCEPT_BTN1;ОК;X;X;X;X;X;X
CEASECOLONIZATION_THEY_ACCEPT_BTN2;ОК;X;X;X;X;X;X
CEASECOLONIZATION_THEY_ACCEPT_BTN3;Перейти;X;X;X;X;X;X
CEASECOLONIZATION_WE_ACCEPT_HEADER;Министр иностранных дел сообщает;X;X;X;X;X;X
CEASECOLONIZATION_WE_ACCEPT_1;Отказ от колонизации!;X;X;X;X;X;X
CEASECOLONIZATION_WE_ACCEPT_2;$MONARCHTITLE$, мы согласились отказаться от колонизации региона;X;X;X;X;X;X
CEASECOLONIZATION_WE_ACCEPT_3;$RSTATE$. В ответ держава;X;X;X;X;X;X
CEASECOLONIZATION_WE_ACCEPT_4;§Y$ACTOR$§W обещала прекратить колонизацию;X;X;X;X;X;X
CEASECOLONIZATION_WE_ACCEPT_5;региона $RSTATE$.;X;X;X;X;X;X
CEASECOLONIZATION_WE_ACCEPT_BTN1;ОК;X;X;X;X;X;X
CEASECOLONIZATION_WE_ACCEPT_BTN2;ОК;X;X;X;X;X;X
CEASECOLONIZATION_WE_ACCEPT_BTN3;Перейти;X;X;X;X;X;X
CEASECOLONIZATION_OTHER_ACCEPT_HEADER;Министр иностранных дел сообщает;X;X;X;X;X;X
CEASECOLONIZATION_OTHER_ACCEPT_1;Отказ от колонизации!;X;X;X;X;X;X
CEASECOLONIZATION_OTHER_ACCEPT_2;$MONARCHTITLE$, нам только что сообщили, что;X;X;X;X;X;X
CEASECOLONIZATION_OTHER_ACCEPT_3;держава §Y$ACTOR$§W подписала соглашение с державой §Y$RECIPIENT$§W.;X;X;X;X;X;X
CEASECOLONIZATION_OTHER_ACCEPT_4;Держава §Y$ACTOR$§W согласилась отказаться от колонизации региона $ASTATE$.;X;X;X;X;X;X
CEASECOLONIZATION_OTHER_ACCEPT_5;В ответ держава §Y$RECIPIENT$§W обещала прекратить колонизацию региона $RSTATE$.;X;X;X;X;X;X
CEASECOLONIZATION_OTHER_ACCEPT_BTN1;ОК;X;X;X;X;X;X
CEASECOLONIZATION_OTHER_ACCEPT_BTN2;ОК;X;X;X;X;X;X
CEASECOLONIZATION_OTHER_ACCEPT_BTN3;Перейти;X;X;X;X;X;X
CEASECOLONIZATION_THEY_DECLINE_HEADER;Министр иностранных дел сообщает;X;X;X;X;X;X
CEASECOLONIZATION_THEY_DECLINE_1;Колонизация продолжается!;X;X;X;X;X;X
CEASECOLONIZATION_THEY_DECLINE_2;$MONARCHTITLE$, держава §Y$RECIPIENT$§W отклонила нашу просьбу;X;X;X;X;X;X
CEASECOLONIZATION_THEY_DECLINE_3;и решила продолжить колонизацию региона $RSTATE$.;X;X;X;X;X;X
CEASECOLONIZATION_THEY_DECLINE_4;Мы щедро предложили им в ответ прекратить колонизацию ;X;X;X;X;X;X
CEASECOLONIZATION_THEY_DECLINE_5;региона $ASTATE$, но теперь нам придется;X;X;X;X;X;X
CEASECOLONIZATION_THEY_DECLINE_6;найти другие способы, чтобы остановить их.;X;X;X;X;X;X
CEASECOLONIZATION_THEY_DECLINE_BTN1;ОК;X;X;X;X;X;X
CEASECOLONIZATION_THEY_DECLINE_BTN2;ОК;X;X;X;X;X;X
CEASECOLONIZATION_THEY_DECLINE_BTN3;Перейти;X;X;X;X;X;X
CEASECOLONIZATION_WE_DECLINE_HEADER;Министр иностранных дел сообщает;X;X;X;X;X;X
CEASECOLONIZATION_WE_DECLINE_1;Колонизация продолжается!;X;X;X;X;X;X
CEASECOLONIZATION_WE_DECLINE_2;$MONARCHTITLE$, мы отклонили просьбу державы;X;X;X;X;X;X
CEASECOLONIZATION_WE_DECLINE_3;§Y$ACTOR$§W о прекращении колонизации региона $RSTATE$.;X;X;X;X;X;X
CEASECOLONIZATION_WE_DECLINE_4;Им следует предложить нам нечто большее, чем просто;X;X;X;X;X;X
CEASECOLONIZATION_WE_DECLINE_5;отказ от колонизации региона $ASTATE$.;X;X;X;X;X;X
CEASECOLONIZATION_WE_DECLINE_BTN1;ОК;X;X;X;X;X;X
CEASECOLONIZATION_WE_DECLINE_BTN2;ОК;X;X;X;X;X;X
CEASECOLONIZATION_WE_DECLINE_BTN3;Перейти;X;X;X;X;X;X
CEASECOLONIZATION_OTHER_DECLINE_HEADER;Министр иностранных дел сообщает;X;X;X;X;X;X
CEASECOLONIZATION_OTHER_DECLINE_1;Колонизация продолжается!;X;X;X;X;X;X
CEASECOLONIZATION_OTHER_DECLINE_2;$MONARCHTITLE$, нам только что сообщили, что;X;X;X;X;X;X
CEASECOLONIZATION_OTHER_DECLINE_3;держава §Y$RECIPIENT$§W отклонила просьбу о прекращении колонизации региона $RSTATE$.;X;X;X;X;X;X
CEASECOLONIZATION_OTHER_DECLINE_4;В обмен держава §Y$ACTOR$§W обещала перестать колонизировать;X;X;X;X;X;X
CEASECOLONIZATION_OTHER_DECLINE_5;регион $ASTATE$.;X;X;X;X;X;X
CEASECOLONIZATION_OTHER_DECLINE_BTN1;ОК;X;X;X;X;X;X
CEASECOLONIZATION_OTHER_DECLINE_BTN2;ОК;X;X;X;X;X;X
CEASECOLONIZATION_OTHER_DECLINE_BTN3;Перейти;X;X;X;X;X;X
INCREASEOPINION_THEY_ACCEPT_HEADER;Министр иностранных дел сообщает;X;X;X;X;X;X
INCREASEOPINION_THEY_ACCEPT_1;Улучшение мнения!;X;X;X;X;X;X
INCREASEOPINION_THEY_ACCEPT_2;$MONARCHTITLE$, мы смогли улучшить;X;X;X;X;X;X
INCREASEOPINION_THEY_ACCEPT_3;мнение о нас в державе;X;X;X;X;X;X
INCREASEOPINION_THEY_ACCEPT_5;Теперь их отношение к нам - §Y$OPINION$§W.;X;X;X;X;X;X
INCREASEOPINION_THEY_ACCEPT_BTN1;ОК;X;X;X;X;X;X
INCREASEOPINION_THEY_ACCEPT_BTN2;ОК;X;X;X;X;X;X
INCREASEOPINION_THEY_ACCEPT_BTN3;Перейти;X;X;X;X;X;X
INCREASEOPINION_WE_ACCEPT_HEADER;Министр иностранных дел сообщает;X;X;X;X;X;X
INCREASEOPINION_WE_ACCEPT_1;Улучшение мнения!;X;X;X;X;X;X
INCREASEOPINION_WE_ACCEPT_2;$MONARCHTITLE$, наше мнение о державе;X;X;X;X;X;X
INCREASEOPINION_WE_ACCEPT_3;of §Y$ACTOR$§W было улучшено.;X;X;X;X;X;X
INCREASEOPINION_WE_ACCEPT_4;Теперь наше отношение к ним - §Y$OPINION$§W.;X;X;X;X;X;X
INCREASEOPINION_WE_ACCEPT_BTN1;ОК;X;X;X;X;X;X
INCREASEOPINION_WE_ACCEPT_BTN2;ОК;X;X;X;X;X;X
INCREASEOPINION_WE_ACCEPT_BTN3;Перейти;X;X;X;X;X;X
INCREASEOPINION_OTHER_ACCEPT_HEADER;Министр иностранных дел сообщает;X;X;X;X;X;X
INCREASEOPINION_OTHER_ACCEPT_1;Улучшение мнения!;X;X;X;X;X;X
INCREASEOPINION_OTHER_ACCEPT_2;$MONARCHTITLE$, держава;X;X;X;X;X;X
INCREASEOPINION_OTHER_ACCEPT_3;§Y$ACTOR$§W смогла улучшить мнение о себе;X;X;X;X;X;X
INCREASEOPINION_OTHER_ACCEPT_4;в державе §Y$RECIPIENT$§W.;X;X;X;X;X;X
INCREASEOPINION_OTHER_ACCEPT_5;Теперь их отношение к ним - §Y$OPINION$§W.;X;X;X;X;X;X
INCREASEOPINION_OTHER_ACCEPT_BTN1;ОК;X;X;X;X;X;X
INCREASEOPINION_OTHER_ACCEPT_BTN2;ОК;X;X;X;X;X;X
INCREASEOPINION_OTHER_ACCEPT_BTN3;Перейти;X;X;X;X;X;X
DECREASEOPINION_THEY_ACCEPT_HEADER;Министр иностранных дел сообщает;X;X;X;X;X;X
DECREASEOPINION_THEY_ACCEPT_1;Ухудшение мнения!;X;X;X;X;X;X
DECREASEOPINION_THEY_ACCEPT_2;$MONARCHTITLE$, мы успешно;X;X;X;X;X;X
DECREASEOPINION_THEY_ACCEPT_3;ухудшили мнение в державе §Y$RECIPIENT$§W.;X;X;X;X;X;X
DECREASEOPINION_THEY_ACCEPT_4;о государстве §Y$TARGET$§W.;X;X;X;X;X;X
DECREASEOPINION_THEY_ACCEPT_5;Теперь их отношение к ним - §Y$OPINION$§W.;X;X;X;X;X;X
DECREASEOPINION_THEY_ACCEPT_BTN1;ОК;X;X;X;X;X;X
DECREASEOPINION_THEY_ACCEPT_BTN2;ОК;X;X;X;X;X;X
DECREASEOPINION_THEY_ACCEPT_BTN3;Перейти;X;X;X;X;X;X
DECREASEOPINION_WE_ACCEPT_HEADER;Министр иностранных дел сообщает;X;X;X;X;X;X
DECREASEOPINION_WE_ACCEPT_1;Ухудшение мнения!;X;X;X;X;X;X
DECREASEOPINION_WE_ACCEPT_2;$MONARCHTITLE$, держава §Y$ACTOR$§W;X;X;X;X;X;X
DECREASEOPINION_WE_ACCEPT_3;убедила нас, что нам не стоит;X;X;X;X;X;X
DECREASEOPINION_WE_ACCEPT_4;доверять державе §Y$TARGET$§W.;X;X;X;X;X;X
DECREASEOPINION_WE_ACCEPT_5;Теперь наше отношение к ним - §Y$OPINION$§W.;X;X;X;X;X;X
DECREASEOPINION_WE_ACCEPT_BTN1;ОК;X;X;X;X;X;X
DECREASEOPINION_WE_ACCEPT_BTN2;ОК;X;X;X;X;X;X
DECREASEOPINION_WE_ACCEPT_BTN3;Перейти;X;X;X;X;X;X
DECREASEOPINION_OTHER_ACCEPT_HEADER;Министр иностранных дел сообщает;X;X;X;X;X;X
DECREASEOPINION_OTHER_ACCEPT_1;Ухудшение мнения!;X;X;X;X;X;X
DECREASEOPINION_OTHER_ACCEPT_2;$MONARCHTITLE$, нам сообщили;X;X;X;X;X;X
DECREASEOPINION_OTHER_ACCEPT_3;держава §Y$ACTOR$§W распространила;X;X;X;X;X;X
DECREASEOPINION_OTHER_ACCEPT_4;в государстве §Y$RECIPIENT$§W слухи о державе;X;X;X;X;X;X
DECREASEOPINION_OTHER_ACCEPT_5;§Y$TARGET$§W, которые ухудшили ее мнение.;X;X;X;X;X;X
DECREASEOPINION_OTHER_ACCEPT_6;Теперь их отношение к ним - §Y$OPINION$§W.;X;X;X;X;X;X
DECREASEOPINION_OTHER_ACCEPT_BTN1;ОК;X;X;X;X;X;X
DECREASEOPINION_OTHER_ACCEPT_BTN2;ОК;X;X;X;X;X;X
DECREASEOPINION_OTHER_ACCEPT_BTN3;Перейти;X;X;X;X;X;X
INCREASERELATION_THEY_ACCEPT_HEADER;Министр иностранных дел сообщает;X;X;X;X;X;X
INCREASERELATION_THEY_ACCEPT_1;Улучшение отношений!;X;X;X;X;X;X
INCREASERELATION_THEY_ACCEPT_2;$MONARCHTITLE$, мы успешно;X;X;X;X;X;X
INCREASERELATION_THEY_ACCEPT_3;улучшили отношения с державой §Y$RECIPIENT$§W.;X;X;X;X;X;X
INCREASERELATION_THEY_ACCEPT_BTN1;ОК;X;X;X;X;X;X
INCREASERELATION_THEY_ACCEPT_BTN2;ОК;X;X;X;X;X;X
INCREASERELATION_THEY_ACCEPT_BTN3;Перейти;X;X;X;X;X;X
INCREASERELATION_WE_ACCEPT_HEADER;Министр иностранных дел сообщает;X;X;X;X;X;X
INCREASERELATION_WE_ACCEPT_1;Улучшение отношений!;X;X;X;X;X;X
INCREASERELATION_WE_ACCEPT_2;$MONARCHTITLE$, сегодня у нас прошла приятная;X;X;X;X;X;X
INCREASERELATION_WE_ACCEPT_3;встреча с послом державы §Y$ACTOR$§W.;X;X;X;X;X;X
REMOVE_INCREASERELATION_WE_ACCEPT_4;В результате отношения между нашими странами улучшились.;X;X;X;X;X;X
INCREASERELATION_WE_ACCEPT_BTN1;ОК;X;X;X;X;X;X
INCREASERELATION_WE_ACCEPT_BTN2;ОК;X;X;X;X;X;X
INCREASERELATION_WE_ACCEPT_BTN3;Перейти;X;X;X;X;X;X
INCREASERELATION_OTHER_ACCEPT_HEADER;Министр иностранных дел сообщает;X;X;X;X;X;X
INCREASERELATION_OTHER_ACCEPT_1;Улучшение отношений!;X;X;X;X;X;X
INCREASERELATION_OTHER_ACCEPT_2;$MONARCHTITLE$, мы только что узнали, что держава §Y$ACTOR$§W;X;X;X;X;X;X
INCREASERELATION_OTHER_ACCEPT_3;сделала широкий жест по отношению к державе §Y$RECIPIENT$§W.;X;X;X;X;X;X
INCREASERELATION_OTHER_ACCEPT_4;В результате отношения между этими странами улучшились.;X;X;X;X;X;X
INCREASERELATION_OTHER_ACCEPT_BTN1;ОК;X;X;X;X;X;X
INCREASERELATION_OTHER_ACCEPT_BTN2;ОК;X;X;X;X;X;X
INCREASERELATION_OTHER_ACCEPT_BTN3;Перейти;X;X;X;X;X;X
DECREASERELATION_THEY_ACCEPT_HEADER;Министр иностранных дел сообщает;X;X;X;X;X;X
DECREASERELATION_THEY_ACCEPT_1;Ухудшение отношений!;X;X;X;X;X;X
DECREASERELATION_THEY_ACCEPT_2;$MONARCHTITLE$, мы всегда глубоко презирали державу;X;X;X;X;X;X
DECREASERELATION_THEY_ACCEPT_3;§Y$RECIPIENT$§W. Поэтому сегодня мы с удовольствием высказали им все, что о них думаем.;X;X;X;X;X;X
DECREASERELATION_THEY_ACCEPT_4;Это стало для них настоящим шоком, в результате;X;X;X;X;X;X
DECREASERELATION_THEY_ACCEPT_5;резко выросла напряженность между нашими странами.;X;X;X;X;X;X
REMOVE_DECREASERELATION_THEY_ACCEPT_6;между нашими странами.;X;X;X;X;X;X
DECREASERELATION_THEY_ACCEPT_BTN1;ОК;X;X;X;X;X;X
DECREASERELATION_THEY_ACCEPT_BTN2;ОК;X;X;X;X;X;X
DECREASERELATION_THEY_ACCEPT_BTN3;Перейти;X;X;X;X;X;X
DECREASERELATION_WE_ACCEPT_HEADER;Министр иностранных дел сообщает;X;X;X;X;X;X
DECREASERELATION_WE_ACCEPT_1;Ухудшение отношений!;X;X;X;X;X;X
DECREASERELATION_WE_ACCEPT_2;$MONARCHTITLE$, мы были проинформированы;X;X;X;X;X;X
DECREASERELATION_WE_ACCEPT_3;державой §Y$ACTOR$§W об их крайней к нам неприязни.;X;X;X;X;X;X
DECREASERELATION_WE_ACCEPT_4;Ничего страшного, мы их тоже не любим.;X;X;X;X;X;X
DECREASERELATION_WE_ACCEPT_BTN1;ОК;X;X;X;X;X;X
DECREASERELATION_WE_ACCEPT_BTN2;ОК;X;X;X;X;X;X
DECREASERELATION_WE_ACCEPT_BTN3;Перейти;X;X;X;X;X;X
DECREASERELATION_OTHER_ACCEPT_HEADER;Министр иностранных дел сообщает;X;X;X;X;X;X
DECREASERELATION_OTHER_ACCEPT_1;Ухудшение отношений!;X;X;X;X;X;X
DECREASERELATION_OTHER_ACCEPT_2;$MONARCHTITLE$, мы только что узнали, что держава;X;X;X;X;X;X
DECREASERELATION_OTHER_ACCEPT_3;§Y$ACTOR$§W прислала оскорбление державе §Y$RECIPIENT$§W.;X;X;X;X;X;X
DECREASERELATION_OTHER_ACCEPT_4;В результате их отношения значительно ухудшились.;X;X;X;X;X;X
DECREASERELATION_OTHER_ACCEPT_BTN1;ОК;X;X;X;X;X;X
DECREASERELATION_OTHER_ACCEPT_BTN2;ОК;X;X;X;X;X;X
DECREASERELATION_OTHER_ACCEPT_BTN3;Перейти;X;X;X;X;X;X
WARSUBSIDIES_THEY_ACCEPT_HEADER;Министр иностранных дел сообщает;X;X;X;X;X;X
WARSUBSIDIES_THEY_ACCEPT_1;Военные субсидии!;X;X;X;X;X;X
WARSUBSIDIES_THEY_ACCEPT_2;$MONARCHTITLE$, мы решили оказать финансовую помощь державе;X;X;X;X;X;X
WARSUBSIDIES_THEY_ACCEPT_4;Отныне они будут получать от нас;X;X;X;X;X;X
WARSUBSIDIES_THEY_ACCEPT_5;§Y$VALUE$§W ежедневно;X;X;X;X;X;X
WARSUBSIDIES_THEY_ACCEPT_6;до тех пор, пока находятся в состоянии войны.;X;X;X;X;X;X
WARSUBSIDIES_THEY_ACCEPT_BTN1;ОК;X;X;X;X;X;X
WARSUBSIDIES_THEY_ACCEPT_BTN2;ОК;X;X;X;X;X;X
WARSUBSIDIES_THEY_ACCEPT_BTN3;Перейти;X;X;X;X;X;X
WARSUBSIDIES_WE_ACCEPT_HEADER;Министр иностранных дел сообщает;X;X;X;X;X;X
WARSUBSIDIES_WE_ACCEPT_1;Получены военные субсидии!;X;X;X;X;X;X
WARSUBSIDIES_WE_ACCEPT_2;$MONARCHTITLE$, держава;X;X;X;X;X;X
WARSUBSIDIES_WE_ACCEPT_4;решила оказать нам финансовую помощь в нашей войне. Отныне мы будем получать от них;X;X;X;X;X;X
WARSUBSIDIES_WE_ACCEPT_5;§Y$VALUE$§W каждый день;X;X;X;X;X;X
WARSUBSIDIES_WE_ACCEPT_6;до тех пор, пока находимся в состоянии войны.;X;X;X;X;X;X
WARSUBSIDIES_WE_ACCEPT_BTN1;ОК;X;X;X;X;X;X
WARSUBSIDIES_WE_ACCEPT_BTN2;ОК;X;X;X;X;X;X
WARSUBSIDIES_WE_ACCEPT_BTN3;Перейти;X;X;X;X;X;X
WARSUBSIDIES_OTHER_ACCEPT_HEADER;Министр иностранных дел сообщает;X;X;X;X;X;X
WARSUBSIDIES_OTHER_ACCEPT_1;Военные субсидии!;X;X;X;X;X;X
WARSUBSIDIES_OTHER_ACCEPT_2;$MONARCHTITLE$, держава;X;X;X;X;X;X
WARSUBSIDIES_OTHER_ACCEPT_4;решила оказать финансовую помощь державе;X;X;X;X;X;X
WARSUBSIDIES_OTHER_ACCEPT_6;Отныне они будут получать §Y$VALUE$§W каждый день.;X;X;X;X;X;X
WARSUBSIDIES_OTHER_ACCEPT_BTN1;ОК;X;X;X;X;X;X
WARSUBSIDIES_OTHER_ACCEPT_BTN2;ОК;X;X;X;X;X;X
WARSUBSIDIES_OTHER_ACCEPT_BTN3;Перейти;X;X;X;X;X;X
CANCEL_WARSUBSIDIES_THEY_ACCEPT_HEADER;Министр иностранных дел сообщает;X;X;X;X;X;X
CANCEL_WARSUBSIDIES_THEY_ACCEPT_1;Отмена военных субсидий!;X;X;X;X;X;X
CANCEL_WARSUBSIDIES_THEY_ACCEPT_2;$MONARCHTITLE$, мы решили прекратить предоставление державе;X;X;X;X;X;X
CANCEL_WARSUBSIDIES_THEY_ACCEPT_4;военных субсидий. Лучше нам потратить эти средства в другом месте.;X;X;X;X;X;X
CANCEL_WARSUBSIDIES_THEY_ACCEPT_BTN1;ОК;X;X;X;X;X;X
CANCEL_WARSUBSIDIES_THEY_ACCEPT_BTN2;ОК;X;X;X;X;X;X
CANCEL_WARSUBSIDIES_THEY_ACCEPT_BTN3;Перейти;X;X;X;X;X;X
CANCEL_WARSUBSIDIES_WE_ACCEPT_HEADER;Министр иностранных дел сообщает;X;X;X;X;X;X
CANCEL_WARSUBSIDIES_WE_ACCEPT_1;Прекращение военных субсидий!;X;X;X;X;X;X
CANCEL_WARSUBSIDIES_WE_ACCEPT_2;$MONARCHTITLE$, держава;X;X;X;X;X;X
CANCEL_WARSUBSIDIES_WE_ACCEPT_4;решила прекратить предоставление нам;X;X;X;X;X;X
CANCEL_WARSUBSIDIES_WE_ACCEPT_5;военных субсидий.;X;X;X;X;X;X
CANCEL_WARSUBSIDIES_WE_ACCEPT_6;Теперь вся тяжесть войны ложится только на наши плечи.;X;X;X;X;X;X
CANCEL_WARSUBSIDIES_WE_ACCEPT_BTN1;ОК;X;X;X;X;X;X
CANCEL_WARSUBSIDIES_WE_ACCEPT_BTN2;ОК;X;X;X;X;X;X
CANCEL_WARSUBSIDIES_WE_ACCEPT_BTN3;Перейти;X;X;X;X;X;X
CANCEL_WARSUBSIDIES_OTHER_ACCEPT_HEADER;Министр иностранных дел сообщает;X;X;X;X;X;X
CANCEL_WARSUBSIDIES_OTHER_ACCEPT_1;Отмена военных субсидий!;X;X;X;X;X;X
CANCEL_WARSUBSIDIES_OTHER_ACCEPT_2;$MONARCHTITLE$, держава;X;X;X;X;X;X
CANCEL_WARSUBSIDIES_OTHER_ACCEPT_4;решила прекратить предоставление державе;X;X;X;X;X;X
CANCEL_WARSUBSIDIES_OTHER_ACCEPT_6;военных субсидий.;X;X;X;X;X;X
CANCEL_WARSUBSIDIES_OTHER_ACCEPT_BTN1;ОК;X;X;X;X;X;X
CANCEL_WARSUBSIDIES_OTHER_ACCEPT_BTN2;ОК;X;X;X;X;X;X
CANCEL_WARSUBSIDIES_OTHER_ACCEPT_BTN3;Перейти;X;X;X;X;X;X
WETARGET_DISCREDIT_HEADER;Министр иностранных дел сообщает;X;X;X;X;X;X
WETARGET_DISCREDIT_1;Дискредитация!;X;X;X;X;X;X
WETARGET_DISCREDIT_2;$MONARCHTITLE$, доверие к нам подорвано!;X;X;X;X;X;X
WETARGET_DISCREDIT_3;Держава §Y$RECIPIENT$§W обвиняет нас в том, о чем мы не имеем даже ни малейшего понятия!;X;X;X;X;X;X
WETARGET_DISCREDIT_4;Мы подозреваем, что за всем этим стоит держава §Y$ACTOR$§W!;X;X;X;X;X;X
WETARGET_DISCREDIT_BTN1;ОК;X;X;X;X;X;X
WETARGET_DISCREDIT_BTN2;ОК;X;X;X;X;X;X
WETARGET_DISCREDIT_BTN3;Перейти;X;X;X;X;X;X
WETARGET_EXPELADVISORS_HEADER;Министр иностранных дел сообщает;X;X;X;X;X;X
WETARGET_EXPELADVISORS_1;Высылка советников!;X;X;X;X;X;X
WETARGET_EXPELADVISORS_2;$MONARCHTITLE$, высланы наши советники!;X;X;X;X;X;X
WETARGET_EXPELADVISORS_3;Держава §Y$RECIPIENT$§W выслала их всех со своей территории без объяснения причин.;X;X;X;X;X;X
WETARGET_EXPELADVISORS_4;Мы подозреваем, что за всем этим стоит держава §Y$ACTOR$§W!;X;X;X;X;X;X
WETARGET_EXPELADVISORS_BTN1;ОК;X;X;X;X;X;X
WETARGET_EXPELADVISORS_BTN2;ОК;X;X;X;X;X;X
WETARGET_EXPELADVISORS_BTN3;Перейти;X;X;X;X;X;X
WETARGET_BANEMBASSY_HEADER;Министр иностранных дел сообщает;X;X;X;X;X;X
WETARGET_BANEMBASSY_1;Закрытие посольства!;X;X;X;X;X;X
WETARGET_BANEMBASSY_2;$MONARCHTITLE$, держава §Y$RECIPIENT$§W без каких-либо объяснений;X;X;X;X;X;X
WETARGET_BANEMBASSY_3;закрыла наше посольство!;X;X;X;X;X;X
WETARGET_BANEMBASSY_4;Мы подозреваем, что за всем этим стоит держава §Y$ACTOR$§W!;X;X;X;X;X;X
WETARGET_BANEMBASSY_BTN1;ОК;X;X;X;X;X;X
WETARGET_BANEMBASSY_BTN2;ОК;X;X;X;X;X;X
WETARGET_BANEMBASSY_BTN3;Перейти;X;X;X;X;X;X
WETARGET_DECREASEOPINION_HEADER;Министр иностранных дел сообщает;X;X;X;X;X;X
WETARGET_DECREASEOPINION_1;Ухудшение мнения!;X;X;X;X;X;X
WETARGET_DECREASEOPINION_2;$MONARCHTITLE$, кто-то распускает слухи за нашей спиной!;X;X;X;X;X;X
WETARGET_DECREASEOPINION_3;В результате мнение державы §Y$RECIPIENT$§W о нас ухудшилось, и теперь оно §Y$OPINION$§W.;X;X;X;X;X;X
WETARGET_DECREASEOPINION_4;Мы подозреваем, что за всем этим стоит держава §Y$ACTOR$§W!;X;X;X;X;X;X
WETARGET_DECREASEOPINION_BTN1;ОК;X;X;X;X;X;X
WETARGET_DECREASEOPINION_BTN2;ОК;X;X;X;X;X;X
WETARGET_DECREASEOPINION_BTN3;Перейти;X;X;X;X;X;X
WETARGET_REMOVEFROMSPHERE_HEADER;Министр иностранных дел сообщает;X;X;X;X;X;X
WETARGET_REMOVEFROMSPHERE_1;Изменение сфер влияния!;X;X;X;X;X;X
WETARGET_REMOVEFROMSPHERE_2;$MONARCHTITLE$, кто-то оказывает тайное давление на нашу империю!;X;X;X;X;X;X
WETARGET_REMOVEFROMSPHERE_3;В результате держава §Y$RECIPIENT$§W больше не является частью нашей сферы влияния!;X;X;X;X;X;X
WETARGET_REMOVEFROMSPHERE_4;Мы подозреваем, что за всем этим стоит держава §Y$ACTOR$§W!;X;X;X;X;X;X
WETARGET_REMOVEFROMSPHERE_BTN1;ОК;X;X;X;X;X;X
WETARGET_REMOVEFROMSPHERE_BTN2;ОК;X;X;X;X;X;X
WETARGET_REMOVEFROMSPHERE_BTN3;Перейти;X;X;X;X;X;X
PEACE_WE_ACCEPT_1;Война окончена!;X;X;X;X;X;X
PEACE_WE_ACCEPT_2;Мы приняли предложение о мире, выдвинутое державой;X;X;X;X;X;X
PEACE_WE_ACCEPT_4;на следующих условиях: $TERMS$;X;X;X;X;X;X
PEACE_WE_ACCEPT_LOG;Мы приняли предложение о мире, сделанное державой $ACTOR$, на следующих условиях: $TERMS$;X;X;X;X;X;X
PEACE_WE_ACCEPT_BTN1;Прекрасно!;X;X;X;X;X;X
PEACE_WE_ACCEPT_BTN2;Прекрасно!;X;X;X;X;X;X
PEACE_WE_ACCEPT_BTN3;Перейти;X;X;X;X;X;X
PEACE_WE_ACCEPT_MAP;Мир!;X;X;X;X;X;X
PEACE_THEY_ACCEPT_SETUP;Другая держава принимает наше предложение о мире;X;X;X;X;X;X
PEACE_THEY_ACCEPT_HEADER;Посол державы;X;X;X;X;X;X
PEACE_THEY_ACCEPT_2;сообщает, что они;X;X;X;X;X;X
PEACE_THEY_ACCEPT_3;приняли;X;X;X;X;X;X
PEACE_THEY_ACCEPT_4;наше;X;X;X;X;X;X
PEACE_THEY_ACCEPT_5;предложение о мире;X;X;X;X;X;X
PEACE_THEY_ACCEPT_6;на следующих условиях: $TERMS$;X;X;X;X;X;X
PEACE_THEY_ACCEPT_LOG;Держава $RECIPIENT$ приняла наше мирное предложение на следующих условиях: $TERMS$;X;X;X;X;X;X
PEACE_THEY_ACCEPT_BTN1;Прекрасно!;X;X;X;X;X;X
PEACE_THEY_ACCEPT_BTN2;Прекрасно!;X;X;X;X;X;X
PEACE_THEY_ACCEPT_BTN3;Перейти;X;X;X;X;X;X
PEACE_THEY_ACCEPT_MAP;Мир!;X;X;X;X;X;X
PEACE_OTHER_ACCEPT_SETUP;Две державы заключают между собой мир;X;X;X;X;X;X
PEACE_OTHER_ACCEPT_HEADER;Посол державы;X;X;X;X;X;X
PEACE_OTHER_ACCEPT_2;сообщает, что они;X;X;X;X;X;X
PEACE_OTHER_ACCEPT_3;приняли предложение о мире, ;X;X;X;X;X;X
PEACE_OTHER_ACCEPT_4;которое выдвинула держава §Y$ACTOR$§W, ;X;X;X;X;X;X
PEACE_OTHER_ACCEPT_6;на следующих условиях: $TERMS$;X;X;X;X;X;X
PEACE_OTHER_ACCEPT_LOG;Держава $RECIPIENT$ приняла предложение о мире, сделанное державой $ACTOR$, на следующих условиях: $TERMS$;X;X;X;X;X;X
PEACE_OTHER_ACCEPT_BTN1;Прекрасно!;X;X;X;X;X;X
PEACE_OTHER_ACCEPT_BTN2;Прекрасно!;X;X;X;X;X;X
PEACE_OTHER_ACCEPT_BTN3;Перейти;X;X;X;X;X;X
PEACE_OTHER_ACCEPT_MAP;Мир!;X;X;X;X;X;X
PEACE_WE_DECLINE_SETUP;Мы отклоняем предложение о мире;X;X;X;X;X;X
PEACE_WE_DECLINE_1;Война продолжается!;X;X;X;X;X;X
PEACE_WE_DECLINE_2;Мы отклонили;X;X;X;X;X;X
PEACE_WE_DECLINE_3;предложение о мире, ;X;X;X;X;X;X
PEACE_WE_DECLINE_4;сделанное державой;X;X;X;X;X;X
PEACE_WE_DECLINE_LOG;Мы отклонили предложение о мире, сделанное державой $ACTOR$.;X;X;X;X;X;X
PEACE_WE_DECLINE_BTN1;Прекрасно!;X;X;X;X;X;X
PEACE_WE_DECLINE_BTN2;Прекрасно!;X;X;X;X;X;X
PEACE_WE_DECLINE_BTN3;Перейти;X;X;X;X;X;X
PEACE_WE_DECLINE_MAP;Война продолжается!;X;X;X;X;X;X
PEACE_THEY_DECLINE_SETUP;Наше предложение о мире отклоняется;X;X;X;X;X;X
PEACE_THEY_DECLINE_HEADER;Посол державы;X;X;X;X;X;X
PEACE_THEY_DECLINE_2;сообщает, что они;X;X;X;X;X;X
PEACE_THEY_DECLINE_3;отклонили;X;X;X;X;X;X
PEACE_THEY_DECLINE_4;наше;X;X;X;X;X;X
PEACE_THEY_DECLINE_LOG;Держава $RECIPIENT$ отклонила наше мирное предложение.;X;X;X;X;X;X
PEACE_THEY_DECLINE_BTN1;Прекрасно!;X;X;X;X;X;X
PEACE_THEY_DECLINE_BTN2;Прекрасно!;X;X;X;X;X;X
PEACE_THEY_DECLINE_BTN3;Перейти;X;X;X;X;X;X
PEACE_THEY_DECLINE_MAP;Война продолжается!;X;X;X;X;X;X
PEACE_OTHER_DECLINE_SETUP;Держава отклоняет предложение о мире от другой державы;X;X;X;X;X;X
PEACE_OTHER_DECLINE_HEADER;Посол державы;X;X;X;X;X;X
PEACE_OTHER_DECLINE_2;сообщает, что они;X;X;X;X;X;X
PEACE_OTHER_DECLINE_3;отклонили предложение о мире, ;X;X;X;X;X;X
PEACE_OTHER_DECLINE_4;сделанное державой;X;X;X;X;X;X
PEACE_OTHER_DECLINE_LOG;Держава $RECIPIENT$ отклонила предложение о мире, сделанное державой $ACTOR$.;X;X;X;X;X;X
PEACE_OTHER_DECLINE_BTN1;Прекрасно!;X;X;X;X;X;X
PEACE_OTHER_DECLINE_BTN2;Прекрасно!;X;X;X;X;X;X
PEACE_OTHER_DECLINE_BTN3;Перейти;X;X;X;X;X;X
PEACE_OTHER_DECLINE_MAP;Война продолжается!;X;X;X;X;X;X
PEACEOFFERDESC;Держава $COUNTRY$ предлагает нам мир на следующих условиях:;X;X;X;X;X;X
INTERVENTION_OUR_SIDE_SETUP;Другая держава вмешивается в войну на нашей стороне;X;X;X;X;X;X
INTERVENTION_OUR_SIDE_1;Интервенция!;X;X;X;X;X;X
INTERVENTION_OUR_SIDE_2;Держава $RECIPIENT$;X;X;X;X;X;X
INTERVENTION_OUR_SIDE_3;решила вмешаться в конфликт;X;X;X;X;X;X
INTERVENTION_OUR_SIDE_4;$WAR$, ;X;X;X;X;X;X
INTERVENTION_OUR_SIDE_5;встав на нашу сторону.;X;X;X;X;X;X
INTERVENTION_OUR_SIDE_LOG;Держава $RECIPIENT$ решила вмешаться в конфликт $WAR$ на нашей стороне.;X;X;X;X;X;X
INTERVENTION_OUR_SIDE_BTN1;Ура!;X;X;X;X;X;X
INTERVENTION_OUR_SIDE_BTN2;Ура!;X;X;X;X;X;X
INTERVENTION_OUR_SIDE_BTN3;Перейти;X;X;X;X;X;X
INTERVENTION_THEIR_SIDE_SETUP;Другая держава вмешивается в войну на стороне наших врагов;X;X;X;X;X;X
INTERVENTION_THEIR_SIDE_1;Интервенция!;X;X;X;X;X;X
INTERVENTION_THEIR_SIDE_2;Держава $RECIPIENT$ встала на сторону наших врагов;X;X;X;X;X;X
INTERVENTION_THEIR_SIDE_3;в конфликте;X;X;X;X;X;X
INTERVENTION_THEIR_SIDE_LOG;Держава $RECIPIENT$ решила вмешаться в конфликт $WAR$ на стороне наших врагов.;X;X;X;X;X;X
INTERVENTION_THEIR_SIDE_BTN1;О НЕТ!!!;X;X;X;X;X;X
INTERVENTION_THEIR_SIDE_BTN2;О НЕТ!!!;X;X;X;X;X;X
INTERVENTION_THEIR_SIDE_BTN3;Перейти;X;X;X;X;X;X
INTERVENTION_OTHER_SIDE_SETUP;Другая держава вмешивается в войну;X;X;X;X;X;X
INTERVENTION_OTHER_SIDE_1;Интервенция!;X;X;X;X;X;X
INTERVENTION_OTHER_SIDE_2;Держава $RECIPIENT$;X;X;X;X;X;X
INTERVENTION_OTHER_SIDE_3;решила вмешаться в конфликт;X;X;X;X;X;X
INTERVENTION_OTHER_SIDE_LOG;Держава $RECIPIENT$ решила вмешаться в конфликт $WAR$.;X;X;X;X;X;X
INTERVENTION_OTHER_SIDE_BTN1;ОК;X;X;X;X;X;X
INTERVENTION_OTHER_SIDE_BTN2;ОК;X;X;X;X;X;X
INTERVENTION_OTHER_SIDE_BTN3;Перейти;X;X;X;X;X;X
WE_INTERVENED_SETUP;Мы вмешиваемся в войну;X;X;X;X;X;X
WE_INTERVENED_1;Интервенция!;X;X;X;X;X;X
WE_INTERVENED_2;Мы;X;X;X;X;X;X
WE_INTERVENED_3;решили вмешаться в конфликт;X;X;X;X;X;X
WE_INTERVENED_LOG;Мы решили вмешаться в конфликт $WAR$.;X;X;X;X;X;X
WE_INTERVENED_BTN1;Ура!;X;X;X;X;X;X
WE_INTERVENED_BTN2;Ура!;X;X;X;X;X;X
WE_INTERVENED_BTN3;Перейти;X;X;X;X;X;X
GUNBOAT_WE_ACCEPT_SETUP;Мы становимся целью для дипломатии канонерок;X;X;X;X;X;X
GUNBOAT_WE_ACCEPT_1;Дипломатия канонерок!;X;X;X;X;X;X
GUNBOAT_WE_ACCEPT_2;Держава $ACTOR$;X;X;X;X;X;X
GUNBOAT_WE_ACCEPT_3;разместила свой флот у наших портов, ;X;X;X;X;X;X
GUNBOAT_WE_ACCEPT_4;и теперь требует, чтобы мы начали выплачивать им взятые у них в долг деньги;X;X;X;X;X;X
GUNBOAT_WE_ACCEPT_5;в размере §Y$VALUE$§W¤ ежедневно.;X;X;X;X;X;X
REMOVE_GUNBOAT_WE_ACCEPT_LOG;Мы приняли требование о выплате долга со стороны державы $ACTOR$.;X;X;X;X;X;X
GUNBOAT_WE_ACCEPT_BTN1;Дипломатия канонерок!;X;X;X;X;X;X
GUNBOAT_WE_ACCEPT_BTN3;Перейти;X;X;X;X;X;X
GUNBOAT_THEY_ACCEPT_SETUP;Мы используем дипломатию канонерок против другой державы;X;X;X;X;X;X
GUNBOAT_THEY_ACCEPT_1;Дипломатия канонерок!;X;X;X;X;X;X
GUNBOAT_THEY_ACCEPT_2;Мы разместили свой флот у портов;X;X;X;X;X;X
GUNBOAT_THEY_ACCEPT_3;державы $RECIPIENT$, ;X;X;X;X;X;X
GUNBOAT_THEY_ACCEPT_4;чтобы заставить их вернуть нам взятые у нас взаймы деньги.;X;X;X;X;X;X
GUNBOAT_THEY_ACCEPT_5;Они обязались выплачивать §Y$VALUE$§W¤ ежедневно.;X;X;X;X;X;X
REMOVE_GUNBOAT_THEY_ACCEPT_LOG;Мы силой заставили державу $RECIPIENT$ выплачивать нам долг.;X;X;X;X;X;X
GUNBOAT_THEY_ACCEPT_BTN1;Ну и времена!;X;X;X;X;X;X
GUNBOAT_THEY_ACCEPT_BTN3;Перейти;X;X;X;X;X;X
GUNBOAT_OTHER_ACCEPT_1;Дипломатия канонерок!;X;X;X;X;X;X
GUNBOAT_OTHER_ACCEPT_2;Держава $ACTOR$;X;X;X;X;X;X
GUNBOAT_OTHER_ACCEPT_3;разместила свой флот у портов;X;X;X;X;X;X
GUNBOAT_OTHER_ACCEPT_4;державы $RECIPIENT$, ;X;X;X;X;X;X
GUNBOAT_OTHER_ACCEPT_5;чтобы заставить их вернуть взятые взаймы деньги.;X;X;X;X;X;X
GUNBOAT_OTHER_ACCEPT_6;Теперь те будут выплачивать §Y$VALUE$§W¤ ежедневно.;X;X;X;X;X;X
REMOVE_GUNBOAT_OTHER_ACCEPT_LOG;Держава $ACTOR$ силой заставила державу $RECIPIENT$ выплачивать свой долг.;X;X;X;X;X;X
GUNBOAT_OTHER_ACCEPT_BTN1;ОК;X;X;X;X;X;X
GUNBOAT_OTHER_ACCEPT_BTN3;Перейти;X;X;X;X;X;X
ALLYTAKEOVER_SETUP;Наш союзник берет на себя руководство в нашей общей войне;X;X;X;X;X;X
ALLYTAKEOVER_HEADER;Посол державы;X;X;X;X;X;X
ALLYTAKEOVER_2;сообщает, что вследствие их превосходящей мощи и военного опыта, они взяли на себя;X;X;X;X;X;X
ALLYTAKEOVER_3;руководство в войне;X;X;X;X;X;X
ALLYTAKEOVER_4;против держав(ы);X;X;X;X;X;X
ALLYTAKEOVER_6;С этого момента они будут вести все переговоры.;X;X;X;X;X;X
ALLYTAKEOVER_LOG;Держава $ACTOR$ приняла на себя руководство в нашей общей войне против держав(ы) $TARGETLIST$.;X;X;X;X;X;X
ALLYTAKEOVER_BTN1;ОК;X;X;X;X;X;X
ALLYTAKEOVER_BTN2;ОК;X;X;X;X;X;X
ALLYTAKEOVER_BTN3;Перейти;X;X;X;X;X;X
ALLYTAKEOVERWE_SETUP;Мы берем на себя руководство в войне;X;X;X;X;X;X
ALLYTAKEOVERWE_1;Все под контролем!;X;X;X;X;X;X
ALLYTAKEOVERWE_2;Вследствие нашей превосходящей мощи и исключительных лидерских качеств, мы взяли на себя;X;X;X;X;X;X
ALLYTAKEOVERWE_3;руководство в войне;X;X;X;X;X;X
ALLYTAKEOVERWE_4;против держав(ы);X;X;X;X;X;X
ALLYTAKEOVERWE_6;С этого момента мы будем вести все переговоры.;X;X;X;X;X;X
ALLYTAKEOVERWE_LOG;Мы приняли на себя руководство войной против держав(ы) $TARGETLIST$.;X;X;X;X;X;X
ALLYTAKEOVERWE_BTN1;ОК;X;X;X;X;X;X
ALLYTAKEOVERWE_BTN2;ОК;X;X;X;X;X;X
ALLYTAKEOVERWE_BTN3;Перейти;X;X;X;X;X;X
ANNEX_SETUP;Одна держава присоединяет к себе другую;X;X;X;X;X;X
ANNEX_HEADER;Посол державы;X;X;X;X;X;X
ANNEX_2;сообщает, что они;X;X;X;X;X;X
ANNEX_3;присоединили;X;X;X;X;X;X
ANNEX_4;к себе державу §Y$RECIPIENT$§W.;X;X;X;X;X;X
ANNEX_LOG;Держава $ACTOR$ присоединила к себе державу $RECIPIENT$.;X;X;X;X;X;X
ANNEX_BTN1;ОК;X;X;X;X;X;X
ANNEX_BTN2;ОК;X;X;X;X;X;X
ANNEX_BTN3;Перейти;X;X;X;X;X;X
DIST_ADMINISTRATION;Управление;X;X;X;X;X;X
DIST_EDUCATION;Образование;X;X;X;X;X;X
DIST_DEFENCE;Оборона;X;X;X;X;X;X
DIST_SOCIAL;Социальная сфера;X;X;X;X;X;X
REMOVE_ADM_DESC;Расходы на управление идут на обеспечение плавной работы нашего государственного аппарата и содержание чиновников, что увеличивает эффективность сбора налогов.;X;X;X;X;X;X
PAYED_POPS;§Y$NUM$§W группы §Y$TYPE$§W получают §Y$MONEY$§W;X;X;X;X;X;X
REMOVE_EDU_DESC;Расходы на образование идут на выплаты священникам, равно как и на получение очков исследования.;X;X;X;X;X;X
DEFENCE_DESC;Расходы на оборону идут на выплаты солдатам и офицерам.;X;X;X;X;X;X
SOCIAL_DESC;Расходы на социальную сферу идут на финансирование наших социальных реформ.;X;X;X;X;X;X
MODIFIER_ADDED;$WHERE$: до §Y$DATE$§W будет действовать модификатор '§Y$WHAT$§W':\n$EFFECT$\n\n;X;X;X;X;X;X
IN_;в ;X;X;X;X;X;X
ALL_;Все ;X;X;X;X;X;X
PLURALITY_EFFECT;Плюрализм $DIRECTION$ на $VALUE$.\n;X;X;X;X;X;X
CONSCIOUSNESS_EFFECT;Сознательность $DIRECTION$ на $VALUE$.\n;X;X;X;X;X;X
MILITANCY_EFFECT;Агрессивность $DIRECTION$ на $VALUE$.\n;X;X;X;X;X;X
REMOVE_MINISTER_EFFECT;§Y$NAME$§W оставит свой пост.\n;X;X;X;X;X;X
ADD_UNITY_EFFECT;Уровень национального единства увеличится на §G$VALUE$§W.\n;X;X;X;X;X;X
REMOVE_UNITY_EFFECT;Уровень национального единства уменьшится на §R$VALUE$§W.\n;X;X;X;X;X;X
ADD_CRUDE_OIL_EFFECT;Запасы сырой нефти увеличатся на §G$VALUE$§W.\n;X;X;X;X;X;X
REMOVE_CRUDE_OIL_EFFECT;Запасы сырой нефти уменьшатся на §R$VALUE$§W.\n;X;X;X;X;X;X
ADD_METAL_EFFECT;Запасы металла увеличатся на §G$VALUE$§W.\n;X;X;X;X;X;X
REMOVE_METAL_EFFECT;Запасы металла уменьшатся на §R$VALUE$§W.\n;X;X;X;X;X;X
ADD_ENERGY_EFFECT;Запасы энергии увеличатся на §G$VALUE$§W.\n;X;X;X;X;X;X
REMOVE_ENERGY_EFFECT;Запасы энергии уменьшатся на §R$VALUE$§W.\n;X;X;X;X;X;X
ADD_RARE_MATERIALS_EFFECT;Запасы дефицитного сырья увеличатся на §G$VALUE$§W.\n;X;X;X;X;X;X
REMOVE_RARE_MATERIALS_EFFECT;Запасы дефицитного сырья уменьшатся на §R$VALUE$§W.\n;X;X;X;X;X;X
ADD_SUPPLIES_EFFECT;Запасы военных припасов увеличатся на §G$VALUE$§W.\n;X;X;X;X;X;X
REMOVE_SUPPLIES_EFFECT;Запасы военных припасов уменьшатся на §R$VALUE$§W.\n;X;X;X;X;X;X
ADD_MONEY_EFFECT;Получат §G$VALUE$§W¤§W.\n;X;X;X;X;X;X
MONEY_EFFECT;Потеряют §G$VALUE$§W¤§W.\n;X;X;X;X;X;X
REMOVE_MONEY_EFFECT;Потеряет §G$VALUE$§W¤§W.\n;X;X;X;X;X;X
START_GUARANTEE_EFFECT;Держава §Y$COUNTRY$§W начнет гарантировать независимость державы §Y$TARGET_COUNTRY$§W.\n;X;X;X;X;X;X
END_GUARANTEE_EFFECT;Держава §Y$COUNTRY$§W перестанет гарантировать независимость державы §Y$TARGET_COUNTRY$§W.\n;X;X;X;X;X;X
GRANT_MILITARY_ACCESS_EFFECT;Держава §Y$TARGET_COUNTRY$§W предоставит право на проход войск державе §Y$COUNTRY$§W.\n;X;X;X;X;X;X
REVOKE_MILITARY_ACCESS_EFFECT;Держава §Y$COUNTRY$§W отменит право на проход войск, предоставленное державе §Y$TARGET_COUNTRY$§W.\n;X;X;X;X;X;X
START_NON_AGGRESSION_PACT_EFFECT;Держава §Y$COUNTRY$§W заключит договор о ненападении с державой §Y$TARGET_COUNTRY$§W.\n;X;X;X;X;X;X
END_NON_AGGRESSION_PACT_EFFECT;Держава §Y$COUNTRY$§W расторгнет договор о ненападении с державой §Y$TARGET_COUNTRY$§W.\n;X;X;X;X;X;X
LEAVE_ALLIANCE_EFFECT;Держава §Y$COUNTRY$§W разорвет военный союз с державой §Y$TARGET_COUNTRY$§W.\n;X;X;X;X;X;X
REPLACE_MINISTER_EFFECT;Пост '§Y$POSITION$§W' займет §Y$NAME$§W.\n;X;X;X;X;X;X
END_WAR_EFFECT;Державы §Y$COUNTRY$§W и §Y$TARGET_COUNTRY$§W перестанут быть врагами.\n;X;X;X;X;X;X
JOIN_ALLIANCE_EFFECT;Держава §Y$COUNTRY$§W заключит военный союз с державой §Y$TARGET_COUNTRY$§W.\n;X;X;X;X;X;X
START_WAR_EFFECT;Державы §Y$COUNTRY$§W и §Y$TARGET_COUNTRY$§W станут врагами.\n;X;X;X;X;X;X
REMOVE_PROVINCE_CRUDE_OIL_EFFECT;Количество производимой в пров. §Y$PROVINCE$§W сырой нефти уменьшится на §R$VALUE$§W.\n;X;X;X;X;X;X
ADD_THREAT_EFFECT;Уровень угрозы державе §Y$COUNTRY$§W со стороны державы §Y$TARGET_COUNTRY$§W увеличится на §R$VALUE$§W.\n;X;X;X;X;X;X
REMOVE_THREAT_EFFECT;Уровень угрозы державе §Y$COUNTRY$§W со стороны державы §Y$TARGET_COUNTRY$§W уменьшится на §G$VALUE$§W.\n;X;X;X;X;X;X
ADD_PROVINCE_CRUDE_OIL_EFFECT;Количество производимой в пров. §Y$PROVINCE$§W сырой нефти увеличится на §G$VALUE$§W.\n;X;X;X;X;X;X
REMOVE_PROVINCE_METAL_EFFECT;Количество производимого в пров. §Y$PROVINCE$§W металла уменьшится на §R$VALUE$§W.\n;X;X;X;X;X;X
ADD_PROVINCE_METAL_EFFECT;Количество производимого в пров. §Y$PROVINCE$§W металла увеличится на §G$VALUE$§W.\n;X;X;X;X;X;X
REMOVE_PROVINCE_ENERGY_EFFECT;Количество производимой в пров. §Y$PROVINCE$§W энергии уменьшится на §R$VALUE$§W.\n;X;X;X;X;X;X
ADD_PROVINCE_ENERGY_EFFECT;Количество производимой в пров. §Y$PROVINCE$§W энергии увеличится на §R$VALUE$§W.\n;X;X;X;X;X;X
REMOVE_PROVINCE_RARE_MATERIALS_EFFECT;Количество производимого в пров. §Y$PROVINCE$§W дефицитного сырья уменьшится на §R$VALUE$§W.\n;X;X;X;X;X;X
ADD_PROVINCE_RARE_MATERIALS_EFFECT;Количество производимого в пров. §Y$PROVINCE$§W дефицитного сырья увеличится на §G$VALUE$§W.\n;X;X;X;X;X;X
REMOVE_PROVINCE_SUPPLIES_EFFECT;Количество производимых в пров. §Y$PROVINCE$§W военных припасов уменьшится на §R$VALUE$§W.\n;X;X;X;X;X;X
ADD_PROVINCE_SUPPLIES_EFFECT;Количество производимых в пров. §Y$PROVINCE$§W военных припасов увеличится на §G$VALUE$§W.\n;X;X;X;X;X;X
REMOVE_PROVINCE_MONEY_EFFECT;Количество зарабатываемых пров. §Y$PROVINCE$§W денег уменьшится на §R$VALUE$§W.\n;X;X;X;X;X;X
ADD_PROVINCE_MONEY_EFFECT;Количество зарабатываемых пров. §Y$PROVINCE$§W денег увеличится на §G$VALUE$§W.\n;X;X;X;X;X;X
CREATE_VASSAL_EFFECT;В державе §Y$TARGET_COUNTRY$§W будет установлен марионеточный режим державы §Y$COUNTRY$§W.\n;X;X;X;X;X;X
ADD_BUILDING_EFFECT;Сооружение §Y'$BUILDING$'§W с уровнем в §Y$VALUE$§W будет построено в провиниции §Y$PROVINCE$§W.\n;X;X;X;X;X;X
REMOVE_BUILDING_EFFECT;Сооружение §Y'$BUILDING$'§W будет низведено до §Y$VALUE$§W уровня в провинции §Y$PROVINCE$§W.\n;X;X;X;X;X;X
ADD_ORGANISATION_POPULARITY_EFFECT;§Y$IDEOLOGY$§W прибавит §G$ORGANISATION$§W пунктов в организации и §G$POPULARITY$§W пунктов в популярности.\n;X;X;X;X;X;X
REMOVE_ORGANISATION_POPULARITY_EFFECT;§Y$IDEOLOGY$§W потеряет §R$ORGANISATION$§W пунктов в организации и §R$POPULARITY$§W пунктов в популярности.\n;X;X;X;X;X;X
ADD_NEUTRALITY_EFFECT;Уровень нейтралитета державы §Y$COUNTRY$§W увеличится на §R$VALUE$§W.\n;X;X;X;X;X;X
REMOVE_NEUTRALITY_EFFECT;Уровень нейтралитета державы §Y$COUNTRY$§W уменьшится на §G$VALUE$§W.\n;X;X;X;X;X;X
ADD_DISSENT_EFFECT;Уровень недовольства увеличится на §R$VALUE$§W.\n;X;X;X;X;X;X
REMOVE_DISSENT_EFFECT;Уровень недовольства уменьшится на §G$VALUE$§W.\n;X;X;X;X;X;X
FORM_GOVERMENT_IN_EXILE;Будет сформировано правительство в изгнании.\n;X;X;X;X;X;X
REVOKE_GOVERMENT_IN_EXILE;Будет распущено правительство в изгнании.\n;X;X;X;X;X;X
ADD_RULING_PARTY_ORG_EFFECT;$NAME$ прибавит §Y$VALUE$§W пунктов в организации.\n;X;X;X;X;X;X
REMOVE_RULING_PARTY_ORG_EFFECT;$NAME$ потеряет §Y$VALUE$§W пунктов в организации.\n;X;X;X;X;X;X
ADD_RULING_PARTY_POP_EFFECT;$NAME$ прибавит §Y$VALUE$§W пунктов в популярности.\n;X;X;X;X;X;X
REMOVE_RULING_PARTY_POP_EFFECT;$NAME$ потеряет §Y$VALUE$§W пунктов в популярности.\n;X;X;X;X;X;X
JOIN_FACTION_EFFECT;Войдет в альянс $FACTION$.\n;X;X;X;X;X;X
LEAVE_FACTION_EFFECT;Покинет альянс $FACTION$.\n;X;X;X;X;X;X
SPLIT_TROOPS_EFF;Будет получено §Y$VALUE$%§W от всех вооруженных сил державы §Y$NAME$§W.\n;X;X;X;X;X;X
WAREXHAUSTION_EFFECT;Усталость от войны $DIRECTION$ на $VALUE$.\n;X;X;X;X;X;X
ARMYTRADITION_EFFECT;Размер военных традиций $DIRECTION$ на $VALUE$.\n;X;X;X;X;X;X
NAVYTRADITION_EFFECT;Размер морских традиций $DIRECTION$ на $VALUE$.\n;X;X;X;X;X;X
REMOVE_BADBOY_EFFECT;Бесчестье $DIRECTION$ на $VALUE$.\n;X;X;X;X;X;X
CAPITAL_CHANGE;Столица будет перенесена в провинцию §Y$NEW$§W.\n;X;X;X;X;X;X
NEW_CORE_EFFECT;Провинция §Y$NEW$§W станет считаться национальной.\n;X;X;X;X;X;X
LOSE_CORE_EFFECT;Провинция §Y$LOSE$§W перестанет считаться национальной.\n;X;X;X;X;X;X
GAIN_CB;Будет получен повод для войны '$TYPE$' с державой §Y$WHO$§W.\n;X;X;X;X;X;X
REV_GAIN_CB;Держава §Y$ACTIVE$§W получит повод для войны '$TYPE$' с державой §Y$PASSIVE$§W.\n;X;X;X;X;X;X
RELATION_CHANGE;Отношения между державами §Y$ACTIVE$§W и §Y$PASSIVE$§W изменятся на $MUCH$.\n;X;X;X;X;X;X
GOV_CHANGE;Формой правления станет §Y$GOV$§W.\n;X;X;X;X;X;X
CHANGE_TAG;Провозгласит себя державой §Y$NEW$§W.\n;X;X;X;X;X;X
CREATE_REVOLT;В провинции §Y$WHERE$§W поднимется восстание. Число мятежных бригад составит §R$SIZE$§W.\n;X;X;X;X;X;X
BECOME;станет;X;X;X;X;X;X
NOLONGER;перестанет быть;X;X;X;X;X;X
ADD_BUILDING;Здание §Y$NAME$§W будет построено в провинции §Y$WHERE$§W.\n;X;X;X;X;X;X
REM_BUILDING;Здание §Y$NAME$§W будет уничтожено в провинции §Y$WHERE$§W.\n;X;X;X;X;X;X
SECEDE_PROVINCE;Передаст провинцию §Y$WHERE$§W державе §Y$WHO$§W.\n;X;X;X;X;X;X
INHERIT;Присоединит державу §Y$WHO$§W.\n;X;X;X;X;X;X
RELEASE;Предоставит независимость державе §Y$WHO$§W.\n;X;X;X;X;X;X
RELATION_CHANGE_SHORT;Отношения с державой §Y$PASSIVE$§W изменятся на $MUCH$.\n;X;X;X;X;X;X
IDEOLOGY_ENABLED;В мире станут появляться §Y$NAME$§W.;X;X;X;X;X;X
CHANGE_GOODS;Товар провинции §Y$PROV$§W изменится на §Y$GOOD$§W.\n;X;X;X;X;X;X
CHANGE_NATIONALVALUE;Национальной ценностью станет §Y$NATIONALVALUE$§W.\n;X;X;X;X;X;X
ADD_ACCEPTED_CULTURE;§Y$CULTURE$§W получат статус признанной культуры.\n;X;X;X;X;X;X
REMOVE_ACCEPTED_CULTURE;§Y$CULTURE$§W потеряют статус признанной культуры.\n;X;X;X;X;X;X
CHANGE_RELIGION_EFFECT;Религия изменится на §Y$NAME$§W.\n;X;X;X;X;X;X
SET_SOCIAL_REFORM_EFFECT;Будет выбран вариант социальной реформы: §Y$NAME$§W.\n;X;X;X;X;X;X
SET_POLITICAL_REFORM_EFFECT;Будет выбран вариант политической реформы: §Y$NAME$§W.\n;X;X;X;X;X;X
CHANGE_POP_TYPE_EFFECT;Группа населения станет группой §Y$POPTYPE$§W.\n;X;X;X;X;X;X
MOVE_POP_EFFECT;Группа населения переберется в провинцию §Y$WHERE$§W.\n;X;X;X;X;X;X
MODIFY_STOCKPILE_EFFECT;Запасы товара §W$GOODS$ изменятся на §Y$VALUE$§W.\n;X;X;X;X;X;X
POP_DOMINANT_IDEOLOGY_EFFECT;§Y$IDEOLOGY$§W станут пользоваться поддержкой на §Y$PERCENTAGE$§W больше.\n;X;X;X;X;X;X
POP_DOMINANT_ISSUE_EFFECT;§Y$ISSUE$§W станет на §Y$PERCENTAGE$§W более важным вопросом.\n;X;X;X;X;X;X
UPPER_HOUSE_EFFECT;Представительство идеологии $NAME$ в Верхней палате $DIRECTION$ на $VALUE$.\n;X;X;X;X;X;X
ALL_POPS_IN;$LOC$: у всех групп населения;X;X;X;X;X;X
ALL_POPS_IN_THAT;$LOC$: у всех групп населения, таких что;X;X;X;X;X;X
WILL_GET;произойдут следующие изменения:\n;X;X;X;X;X;X
SCAL_MILITANCY_EFFECT;что $VERB$ §Y$CAT$§W, агрессивность $DIRECTION$ на $VALUE$.\n;X;X;X;X;X;X
SME_UNEMPLOYMENT;безработными;X;X;X;X;X;X
SCAL_CON_EFFECT;что $VERB$ §Y$CAT$§W, сознательность $DIRECTION$ на $VALUE$.\n;X;X;X;X;X;X
SME_ARE;являются;X;X;X;X;X;X
SME_SUPPORT;поддерживают;X;X;X;X;X;X
TRIGGER_RISING_EFFECT;§Y$NAME$§W поднимут восстание.\n;X;X;X;X;X;X
TREASURY_EFFECT;Казна $DIRECTION$ на $VALUE$ ¤.\n;X;X;X;X;X;X
PRESTIGE_EFFECT;Престиж $DIRECTION$ на $VALUE$.\n;X;X;X;X;X;X
YEARS_OF_RESEARCH_EFFECT;Число очков исследования $DIRECTION$ на $VALUE$.\n;X;X;X;X;X;X
REDUCE_POP_EFFECT;Численность населения изменится на $PERC$.\n;X;X;X;X;X;X
RIP_EFFECT;$NAME$ станет новой правящей партией.\n;X;X;X;X;X;X
CREATE_ADMIRAL_EFFECT;Появится новый §Yадмирал§W.\n;X;X;X;X;X;X
CREATE_GENERAL_EFFECT;Появится новый §Yгенерал§W.\n;X;X;X;X;X;X
RESEARCH_POINTS_EFFECT;Число очков исследования увеличится на §G$VALUE$§W.\n;X;X;X;X;X;X
LIMITED_BY;Ограничено из-за:\n;X;X;X;X;X;X
INFRASTRUCTURE_EFFECT;Уровень железных дорог $DIRECTION$ на $VALUE$.\n;X;X;X;X;X;X
RENAME_PROV_EFF;Провинция $OLD$ будет переименована в провинцию §Y$NEW$§W.\n;X;X;X;X;X;X
RENAME_REGION_EFF;Регион $OLD$ будет переименована в регион §Y$NEW$§W.\n;X;X;X;X;X;X
LITERACY_EFFECT;Грамотность $DIRECTION$ на $VALUE$.\n;X;X;X;X;X;X
REMOVE_suffragette_movements;Суфражистские движения;X;X;X;X;X;X
REMOVE_desc_suffragette_movements;Удалить описание движения суфражисток.;X;X;X;X;X;X
REMOVE_mud_march;Марш грязи;X;X;X;X;X;X
REMOVE_desc_mud_march;В демонстрации, которая позднее получила название «Грязевого марша», участвовали 3 тыс. женщин.;X;X;X;X;X;X
REMOVE_nuwss_suffrage;Национальная ассоциация суфражистских обществ;X;X;X;X;X;X
REMOVE_desc_nuwss_suffrage;В провинции появилось общество борьбы за предоставление женщинам равных с мужчинами прав (NUWSS).;X;X;X;X;X;X
REMOVE_nswvr_suffrage;Национальная ассоциация за право женщин голосовать;X;X;X;X;X;X
REMOVE_desc_nswvr_suffrage;В провинции появилось общество борьбы за предоставление женщинам избирательных прав (NSWRV).;X;X;X;X;X;X
REMOVE_neutral_suffrage;Нейтральное отношение;X;X;X;X;X;X
REMOVE_desc_neutral_suffrage;Вы нейтрально относитесь к NUWSS и NSWRV.;X;X;X;X;X;X
REMOVE_women_suffrage;Избирательные права женщин;X;X;X;X;X;X
REMOVE_desc_women_suffrage;Женщины хотят тех же прав, что и мужчины.;X;X;X;X;X;X
REMOVE_nswrv_women_education;Образование для женщин;X;X;X;X;X;X
REMOVE_desc_nswrv_women_education;Женщины провинции получили возможность учиться в колледжах и гимназиях.;X;X;X;X;X;X
REMOVE_nuwss_women_education;Образование для женщин;X;X;X;X;X;X
REMOVE_desc_nuwss_women_education;Женщины провинции получили возможность учиться в колледжах и гимназиях.;X;X;X;X;X;X
REMOVE_right_vote;Право голоса;X;X;X;X;X;X
REMOVE_desc_right_vote;Решение женского вопроса уже близко.;X;X;X;X;X;X
REMOVE_wrong_vote;Неправый голос;X;X;X;X;X;X
REMOVE_desc_wrong_vote;Решения женского вопроса и близко не видать.;X;X;X;X;X;X
REMOVE_lawless_suffragettes;Необузданные суфражистки;X;X;X;X;X;X
REMOVE_desc_lawless_suffragettes;Суфражистки прибегают к все более радикальным методам, чтобы добиться поддержки в обществе.;X;X;X;X;X;X
REMOVE_immigrant_employment;Работа для иммигрантов;X;X;X;X;X;X
REMOVE_desc_immigrant_employment;Иммигрантам разрешено работать наравне с коренным населением.;X;X;X;X;X;X
REMOVE_no_immigrant_employment;Никакой работы для иммигрантов;X;X;X;X;X;X
REMOVE_desc_no_immigrant_employment;Иммигрантам отказано в праве на работу.;X;X;X;X;X;X
REMOVE_institutional_community;Иммигрантский центр;X;X;X;X;X;X
REMOVE_desc_institutional_community;В провинции построен центр для иммигрантов.;X;X;X;X;X;X
REMOVE_no_institutional_community;Никаких иммигрантских центров;X;X;X;X;X;X
REMOVE_desc_no_institutional_community;Иммигрантам не разрешили строить свой центр.;X;X;X;X;X;X
REMOVE_intermarriage;Смешанный брак;X;X;X;X;X;X
REMOVE_desc_intermarriage;Представители иммигрантов и коренного населения вступили в брак.;X;X;X;X;X;X
REMOVE_change_name;Смени свое имя;X;X;X;X;X;X
REMOVE_desc_change_name;Чтобы получить работу, иммигрантам часто приходится сменять свои имена.;X;X;X;X;X;X
REMOVE_own_home;Свой дом;X;X;X;X;X;X
REMOVE_desc_own_home;Обладание своим жильем может в огромной степени способствовать ассимиляции иммигрантов.;X;X;X;X;X;X
REMOVE_naturalization;Натурализация;X;X;X;X;X;X
REMOVE_desc_naturalization;Несколько иммигрантов стали гражданами нашей страны.;X;X;X;X;X;X
REMOVE_advanced_naturalization;Эффективная натурализация;X;X;X;X;X;X
REMOVE_desc_advanced_naturalization;Множество иммигрантов стали гражданами нашей страны.;X;X;X;X;X;X
REMOVE_massive_naturalization;Массовая натурализация;X;X;X;X;X;X
REMOVE_desc_massive_naturalization;Все иммигранты стали гражданами нашей страны.;X;X;X;X;X;X
REMOVE_denaturalization;Денатурализация;X;X;X;X;X;X
REMOVE_desc_denaturalization;Иммигрант в стране $COUNTRY$ лишен гражданства.;X;X;X;X;X;X
REMOVE_segregation;Сегрегация;X;X;X;X;X;X
REMOVE_desc_segregation;Сегрегация иностранцев и граждан вызывает недовольство.;X;X;X;X;X;X
REMOVE_ghetto;Гетто;X;X;X;X;X;X
REMOVE_desc_ghetto;Гетто под завязку набиты иммигрантами и меньшинствами всех типов.;X;X;X;X;X;X
REMOVE_diaspora;Диаспора;X;X;X;X;X;X
REMOVE_desc_diaspora;Создана диаспора;X;X;X;X;X;X
REMOVE_no_diaspora;Никаких диаспор;X;X;X;X;X;X
REMOVE_desc_no_diaspora;Иммигрантам не разрешено создать диаспору;X;X;X;X;X;X
REMOVE_anarchist_exclusion;Закон о высылке анархистов;X;X;X;X;X;X
REMOVE_desc_anarchist_exclusion;Этот закон предусматривает депортацию иммигрантов, если они разделяют идеи анархистов.;X;X;X;X;X;X
REMOVE_colonial_crash;Крах колониальной политики;X;X;X;X;X;X
REMOVE_desc_colonial_crash;Туземцы сражаются за справедливость;X;X;X;X;X;X
REMOVE_enraged_soldiers;Разъяренная солдатня;X;X;X;X;X;X
REMOVE_desc_enraged_soldiers;Разъяренная солдатня опустошает провинцию.;X;X;X;X;X;X
REMOVE_unsatisfied_soldiers;Недовольные солдаты;X;X;X;X;X;X
REMOVE_desc_unsatisfied_soldiers;Солдаты недовольны.;X;X;X;X;X;X
REMOVE_satisified_soldiers;Довольные солдаты;X;X;X;X;X;X
REMOVE_desc_satisified_soldiers;Солдаты довольны.;X;X;X;X;X;X
REMOVE_colony_rebellion;Колониальное восстание;X;X;X;X;X;X
REMOVE_desc_colony_rebellion;Колония восстала против нас.;X;X;X;X;X;X
REMOVE_retaliation_colony;Возмездие;X;X;X;X;X;X
REMOVE_desc_retaliation;У вас есть возможность поквитаться с мятежниками.;X;X;X;X;X;X
REMOVE_secret_organization;Тайная организация;X;X;X;X;X;X
REMOVE_desc_secret_organization;В вашей колонии действует тайная организация. Кажется, она планирует поднять восстание.;X;X;X;X;X;X
REMOVE_rebel_meeting;Собрание мятежников;X;X;X;X;X;X
REMOVE_desc_rebel_meeting;Собрание мятежников переполошило жителей.;X;X;X;X;X;X
REMOVE_anti_propaganda;Анти-пропаганда;X;X;X;X;X;X
REMOVE_desc_anti_propaganda;Вы отлично выдержали все нападки.;X;X;X;X;X;X
REMOVE_colony_propaganda;Колониальная пропаганда;X;X;X;X;X;X
REMOVE_desc_colony_propaganda;Рассказы очевидцев вызвали волну критики. Другие страны критикуют вас за методы, применяемые в вашей колонии.;X;X;X;X;X;X
REMOVE_colonial_war;Колониальная война;X;X;X;X;X;X
REMOVE_desc_colonial_war;Разразилась колониальная война.;X;X;X;X;X;X
REMOVE_court_martial;Военно-полевой суд;X;X;X;X;X;X
REMOVE_desc_court_martial;Состоялся военно-полевой суд.;X;X;X;X;X;X
REMOVE_prison_break;Побег из тюрьмы;X;X;X;X;X;X
REMOVE_desc_prison_break;Заключенные сумели сбежать из тюрьмы.;X;X;X;X;X;X
REMOVE_rescue_helpless;Спасение беззащитных;X;X;X;X;X;X
REMOVE_desc_rescue_helpless;Солдаты спасли беззащитных людей.;X;X;X;X;X;X
REMOVE_quench_rebels;Подавление восстания;X;X;X;X;X;X
REMOVE_desc_quench_rebels;Можно ввести больше войск, чтобы подавить последние очаги восстания.;X;X;X;X;X;X
REMOVE_eliminate_rebels;Повстанцы уничтожены;X;X;X;X;X;X
REMOVE_desc_eliminate_rebels;Вы справились почти со всеми повстанцами, их осталось совсем немного.;X;X;X;X;X;X
REMOVE_rebel_workers;Восставшие рабочие;X;X;X;X;X;X
REMOVE_desc_rebel_workers;Восставшие рабочие протестуют против низкой социальной защищенности;X;X;X;X;X;X
REMOVE_rebel_slaves;Восставшие рабы;X;X;X;X;X;X
REMOVE_desc_rebel_slaves;Рабы в провинции $PROVINCENAME$ восстали.;X;X;X;X;X;X
REMOVE_protest_religion;Протесты против религии;X;X;X;X;X;X
REMOVE_desc_protest_religion;Жители колонии протестуют против действий миссионеров.;X;X;X;X;X;X
REMOVE_measles_disease;Корь;X;X;X;X;X;X
REMOVE_desc_measles_disease;Жители умирают от кори.;X;X;X;X;X;X
REMOVE_vote_right;Право голоса;X;X;X;X;X;X
REMOVE_desc_vote_right;Решение женского вопроса уже близко.;X;X;X;X;X;X
REMOVE_EVTDESC1002;Либертарианцы выступают на улицах: «Вместо государственной полиции, судов, армии, закон должны устанавливать множество частных организаций, финансируемых на основе частных пожертвований, на свободном рынке. Личная и экономическая деятельность должна подчиняться естественным законам рынка и праву частной собственности, а не политическим решениям».\n\nЛибертарианцы ведут пропаганду, пытаясь завоевать симпатии наравне с прочими политическими силами государства.;X;X;X;X;X;X
REMOVE_EVTNAME2000;Иммигрантский центр;X;X;X;X;X;X
REMOVE_EVTDESC2000;Иммигранты прибыли в новую страну и стали искать себе место, чтобы осесть. Они объединились и попытались создать иммигрантский центр, но для этого им требуется разрешение. Мало кто из недавних эмигрантов знает язык своей новой родины, поэтому они наняли переводчика, который помог им составить документ. Это нижайшая просьба разрешить строительство центра для переселенцев.;X;X;X;X;X;X
REMOVE_EVTOPTB2000;Одна морока. Никакого центра.;X;X;X;X;X;X
REMOVE_EVTOPTA2000;Пусть строят свой центр.;X;X;X;X;X;X
REMOVE_EVTNAME2020;Смешанный брак;X;X;X;X;X;X
REMOVE_EVTDESC2020;«Ее глаза сияли, когда ее муж танцевал с ней первый танец. Несмотря на перешептывания, насмешки и косые взгляды, она улыбалась своему темнокожему мужу с белозубой улыбкой. Общество было потрясено браком между темнокожим мужчиной и белой женщиной из высшего общества, но молодой паре было все равно».;X;X;X;X;X;X
REMOVE_EVTOPTA2020;Я желаю им счастья.;X;X;X;X;X;X
REMOVE_EVTOPTB2020;Я просто в шоке!;X;X;X;X;X;X
REMOVE_EVTNAME2050;Натурализация;X;X;X;X;X;X
REMOVE_EVTDESC2050;Прошло пять лет с того времени, как первые иммигранты прибыли в эту страну. Через пять лет они могут претендовать на гражданство. К тому времени они перестанут быть чужаками...;X;X;X;X;X;X
REMOVE_EVTOPTA2050;Дать им гражданство.;X;X;X;X;X;X
REMOVE_EVTOPTB2050;Еще через пару лет...;X;X;X;X;X;X
REMOVE_EVTNAME2060;Эффективная натурализация;X;X;X;X;X;X
REMOVE_EVTDESC2060;«Проживает здесь пять лет, сдал экзамен на знание культуры и обычаев нашей страны, говорит на языке почти безупречно и женат на замечательной местной женщине... $COUNTRY$ - фактически ваша родина. Безусловно, вы заслуживаете предоставления гражданства. Поздравляю! Вам осталось только расписаться здесь и здесь...»\nПохоже, чужеземцев не останавливают более строгие требования для получения гражданства.;X;X;X;X;X;X
REMOVE_EVTOPTA2060;Хорошо;X;X;X;X;X;X
REMOVE_EVTOPTB2060;Досадно;X;X;X;X;X;X
REMOVE_EVTNAME2070;Массовая натурализация;X;X;X;X;X;X
REMOVE_EVTDESC2070;Иммигранты, бегущие от тирании, прибывают в регион $PROVINCENAME$. Их нужно как можно скорее ассимилировать в нашей стране. Приняв решение о натурализации переселенцев, страна принимает иммигрантов с распростертыми объятиями.;X;X;X;X;X;X
REMOVE_EVTOPTA2070;Ладно;X;X;X;X;X;X
REMOVE_EVTNAME2080;Денатурализация;X;X;X;X;X;X
REMOVE_EVTDESC2080;«Вы признаны недостойным гражданства этой страны. У вас есть тридцать дней, чтобы покинуть территорию нашего государства, иначе вы рискуете оказаться за решеткой на четыре года».\n\nСудья строг, но справедлив. Преступление этого человека против государства не настолько тяжкое, чтобы отправить его в тюрьму, но достаточно серьезное, чтобы лишить его гражданства и депортировать из страны.;X;X;X;X;X;X
REMOVE_EVTOPTA2080;Ладно;X;X;X;X;X;X
REMOVE_EVTNAME2090;Сегрегация;X;X;X;X;X;X
REMOVE_EVTDESC2090;Раздельные школы, раздельные магазины, даже раздельные туалеты. Сегрегация иммигрантов и граждан поднялась на новый уровень, вызывая раздражение и недовольство.;X;X;X;X;X;X
REMOVE_EVTOPTA2090;Хорошо;X;X;X;X;X;X
REMOVE_EVTOPTB2090;Это печально;X;X;X;X;X;X
REMOVE_EVTNAME2100;Гетто;X;X;X;X;X;X
REMOVE_EVTDESC2100;По мере прибытия все новых иммигрантов их жилищные условия постоянно ухудшаются. Постепенно появляются так называемые гетто - особые городские районы, где скапливаются меньшинства. Часто это бедные районы с узкими улицами и высокими домами, битком набитыми иммигрантами или меньшинствами всех сортов.;X;X;X;X;X;X
REMOVE_EVTOPTA2100;Вот и отлично...;X;X;X;X;X;X
REMOVE_EVTNAME2110;Диаспора;X;X;X;X;X;X
REMOVE_EVTDESC2110;«Последний взгляд на свой старый дом, последняя слеза катится по его щеке. Он пожимает плечами, пытаясь отмахнуться от того факта, что покидает родной дом, может быть, навсегда. Судно, набитое его соседями и родственниками, не может ждать. Он берет чемодан и поднимается на борт в надежде, что голод остался позади, а его ждет светлое будущее в новом мире. После прибытия в другую страну он и его соотечественники хотят создать диаспору. Она позволит им сохранить надежду на возвращение».;X;X;X;X;X;X
REMOVE_EVTOPTA2110;Позволить им создать диаспору.;X;X;X;X;X;X
REMOVE_EVTOPTB2110;Они никогда не вернутся.;X;X;X;X;X;X
REMOVE_EVTNAME2120;Закон о высылке анархистов;X;X;X;X;X;X
REMOVE_EVTDESC2120;Обеспокоенные голоса требуют депортации иммигрантов, поддерживающих идеи анархизма. Закон о высылке анархистов касается тех, кто не признает организованные властные структуры или противостоит им, а также членов любых организаций, поощряющих любое противодействие, и всех сочувствующих. При принятии этого закона ваш голос решающий.;X;X;X;X;X;X
REMOVE_EVTOPTA2120;Я голосую за;X;X;X;X;X;X
REMOVE_EVTOPTB2120;Я голосую против;X;X;X;X;X;X
REMOVE_EVTNAME2130;Закон о высылке анархистов: иммигрант депортирован;X;X;X;X;X;X
REMOVE_EVTDESC2130;«Освободите разум человека от господства религии, освободите тело человека от господства собственности и освободите нас от оков и притеснений правительства! Нам должны быть доступны все предметы первой необходимости, мы не должны зависить от личных предпочтений, вкусов и склонностей! Освободите нас, и пусть анархизм приведет нас к свободной жизни!»\n\nДепортирован первый иммигрант-анархист после принятия закона о высылке анархистов.;X;X;X;X;X;X
REMOVE_EVTOPTA2130;Вот и ладно;X;X;X;X;X;X
REMOVE_EVTNAME10000;Весна наций;X;X;X;X;X;X
REMOVE_EVTDESC10000;Дует ветер революции, скоро грянет буря. Страна $COUNTRYNAME$ охвачена либеральной лихорадкой.;X;X;X;X;X;X
REMOVE_EVTOPTA10000;Вам не нужен метеоролог чтобы понять, откуда дует ветер.;X;X;X;X;X;X
REMOVE_EVTNAME10105;Конец эпидемии!;X;X;X;X;X;X
REMOVE_EVTDESC10105;Этой весной в провинции $PROVINCENAME$ взошли здоровые всходы. Эпидемия картофельного грибка, поразившая провинцию $PROVINCENAME$, наконец-то закончилась.;X;X;X;X;X;X
REMOVE_EVTOPTA10105;Слава Всемогущему!;X;X;X;X;X;X
REMOVE_EVTNAME10110;Вахта в провинции $PROVINCENAME$;X;X;X;X;X;X
REMOVE_EVTDESC10110;Твердо и уверенно стоят часовые в провинции $PROVINCENAME$. По крайней мере, если верить местному поэту. Поэтический памфлет, оплакивающий положение страны, всколыхнул одну из наших провинций. Во всей провинции $PROVINCENAME$ слышны призывы к национальному единству. Либералы выходят на улицы с протестами против старого порядка и призывают к национальному объединению с братьями в других странах.;X;X;X;X;X;X
REMOVE_EVTOPTA10110;Кровавые революционеры;X;X;X;X;X;X
REMOVE_EVTNAME11100;Да здравствует $CULTURE_GROUP_UNION$!;X;X;X;X;X;X
REMOVE_EVTDESC11100;По всей стране $COUNTRY$ толпы празднующих, размахивая $CULTURE_GROUP_UNION$ флагами, выходят на улицы, узнав новости из государства $FROMCOUNTRY$ о том, что $FROMRULER$ провозглашает себя освободителем всех $CULTURE_GROUP_UNION$ людей.\n\n«Слишком долго нашей страной помыкали иностранные державы, устраивая заговоры и махинации. Отныне и навеки на просторах нашей родины мы закладываем основы более совершенного союза. Троекратное ура в честь $CULTURE_GROUP_UNION$!»\n\nСопротивление ветру перемен бессмысленно.;X;X;X;X;X;X
REMOVE_EVTOPTA11100;Ура!;X;X;X;X;X;X
REMOVE_EVTOPTB11100;А как же мое благородное происхождение?;X;X;X;X;X;X
REMOVE_EVTDESC13100;Чужеземцы зашли слишком далеко! Их миссионеры проповедуют ложные учения, которые смущают наш народ и подрывают национальное единство. Они нарушают наши обычаи, а их опиум отуманивает наш разум. Вот что вы услышите, если спросите людей в провинции $PROVINCENAME$, где только что вспыхнуло восстание против иностранцев.;X;X;X;X;X;X
REMOVE_EVTDESC14010;Дебаты уже продолжались несколько часов, когда один из кандидатов выступил с убедительными аргументами в пользу своей программы, которые заставили оппонентов умолкнуть.;X;X;X;X;X;X
REMOVE_EVTOPTA14010;Решающие аргументы в пользу рыночной экономики;X;X;X;X;X;X
REMOVE_EVTOPTB14010;Решающие аргументы в пользу гос. вмешательства;X;X;X;X;X;X
REMOVE_EVTOPTC14010;Решающие аргументы в пользу гос. капитализма;X;X;X;X;X;X
REMOVE_EVTOPTD14010;Решающие аргументы в пользу плановой экономики;X;X;X;X;X;X
REMOVE_EVTNAME14020;Жаркие дебаты: религиозная политика;X;X;X;X;X;X
REMOVE_EVTDESC14020;«Нравственности и добродетелям нашего народа грозит упадок!» Это утверждение вызвало большое возбуждение у участников дебатов о веротерпимости и религиозном плюрализме. Они начали обсуждать отношение к религии в стране.;X;X;X;X;X;X
REMOVE_EVTOPTA14020;Бога нет!;X;X;X;X;X;X
REMOVE_EVTOPTB14020;Религия - не вопрос политики!;X;X;X;X;X;X
REMOVE_EVTOPTC14020;Пусть люди верят в своих богов.;X;X;X;X;X;X
REMOVE_EVTOPTD14020;Есть только одна истинная вера!;X;X;X;X;X;X
REMOVE_EVTNAME14030;Жаркие дебаты: политика предоставления гражданства;X;X;X;X;X;X
REMOVE_EVTDESC14030;Два участника дебатов горячо отстаивают свои взгляды. Остальная часть зала ошеломленно наблюдает, как они перебрасываются словами «инородцы», «меньшинства», «этнические и культурные группы» и т.д. Один их них хочет, чтобы иммигранты адаптировались к доминирующей культуре, а другой полагает, что они должны сохранять свое культурное наследие.;X;X;X;X;X;X
REMOVE_EVTOPTA14030;Дать им вид на жительство.;X;X;X;X;X;X
REMOVE_EVTOPTB14030;Нам нужно ограничить их гражданские права.;X;X;X;X;X;X
REMOVE_EVTOPTC14030;Пусть становятся полноправными гражданами.;X;X;X;X;X;X
REMOVE_EVTDESC14040;Патриоты и пацифисты сражаются в ратуше, обзывая друг друга обидными и уничижительными словами. Давно похороненный и забытый, как казалось, спор между страной $COUNTRY$ и ее соседом снова в центре внимания. Патриоты хотят вторжения в страну, а пацифисты считают, что есть и другие способы разрешить этот спор.;X;X;X;X;X;X
REMOVE_EVTOPTA14040;Мы патриоты и пойдем сражаться за нашу страну!;X;X;X;X;X;X
REMOVE_EVTOPTB14040;Мы не отвергаем силовые методы, но в данной ситуации это бессмысленно.;X;X;X;X;X;X
REMOVE_EVTOPTC14040;Война - это всегда плохо.;X;X;X;X;X;X
REMOVE_EVTOPTD14040;Этот вопрос можно решить без применения силы.;X;X;X;X;X;X
REMOVE_EVTNAME14050;Высокие пошлины;X;X;X;X;X;X
REMOVE_EVTDESC14050;С тех пор, как в провинции $PROVINCENAME$ повысили пошлины на некоторые товары, контрабанда превратилась в большую проблему. С этим надо что-то делать, и немедленно!;X;X;X;X;X;X
REMOVE_EVTOPTA14050;Повысить пошлины!;X;X;X;X;X;X
REMOVE_EVTOPTB14050;Нужно снизить пошлины на эти товары и повысить их на некоторые другие.;X;X;X;X;X;X
REMOVE_EVTOPTC14050;Оставить пошлины такими, какими они были.;X;X;X;X;X;X
REMOVE_EVTOPTD14050;Немного снизить пошлины;X;X;X;X;X;X
REMOVE_EVTOPTE14050;Нам нужно снизить пошлины в целом.;X;X;X;X;X;X
REMOVE_EVTNAME14060;Экспорт и импорт;X;X;X;X;X;X
REMOVE_EVTDESC14060;Новые товары стали вытеснять товары собственного производства в провинции $PROVINCENAME$. С импортными товарами трудно конкурировать.;X;X;X;X;X;X
REMOVE_EVTOPTA14060;Мы должны экспортировать наши товары.;X;X;X;X;X;X
REMOVE_EVTOPTB14060;Нужно найти новое занятие для наших граждан.;X;X;X;X;X;X
REMOVE_EVTOPTC14060;Оставить пошлины такими, какими они были.;X;X;X;X;X;X
REMOVE_EVTOPTD14060;Нужно снизить пошлины на эти товары и повысить их на некоторые другие.;X;X;X;X;X;X
REMOVE_EVTOPTE14060;Повысить пошлины.;X;X;X;X;X;X
REMOVE_EVTNAME14070;Монополия;X;X;X;X;X;X
REMOVE_EVTDESC14070;Торговцы из провинции $PROVINCENAME$ вступили в конфликт с министром финансов, который хочет монополизировать часть их торговли. Их горячий спор достиг ваших ушей, и вы пытаетесь охладить обе стороны.;X;X;X;X;X;X
REMOVE_EVTOPTA14070;Я не вижу причин для установления монополии.;X;X;X;X;X;X
REMOVE_EVTOPTB14070;У обеих сторон сильные аргументы, но мы не станем устанавливать монополию.;X;X;X;X;X;X
REMOVE_EVTOPTC14070;Никакого вмешательства, пусть все идет своим чередом. Монополии не будет.;X;X;X;X;X;X
REMOVE_EVTOPTD14070;Отличная идея, но я должен подумать.;X;X;X;X;X;X
REMOVE_EVTOPTE14070;Это прекрасная идея. Так и сделаем.;X;X;X;X;X;X
REMOVE_EVTNAME14080;Норма выработки;X;X;X;X;X;X
REMOVE_EVTDESC14080;«Норма выработки слишком высока. Мы никогда не сможем с ней справиться». Остальные крестьяне стоят за его спиной и ждут. На их обветренных лицах та же настороженность и решимость, что и на лице говорящего.;X;X;X;X;X;X
REMOVE_EVTOPTA14080;Ерунда. Норма выработки останется прежней.;X;X;X;X;X;X
REMOVE_EVTOPTB14080;Вам не о чем беспокоиться.;X;X;X;X;X;X
REMOVE_EVTOPTC14080;Мы решим вопрос, если норма выработки станет проблемой.;X;X;X;X;X;X
REMOVE_EVTOPTD14080;Возможно, вы правы.;X;X;X;X;X;X
REMOVE_EVTOPTE14080;Вы правы.;X;X;X;X;X;X
REMOVE_EVTNAME14090;Местная или государственная экономика;X;X;X;X;X;X
REMOVE_EVTDESC14090;В верхней палате разгорелись дебаты о том, должно ли государство вмешиваться в местную экономику. Противники этого возражают, что государственная экономика управляется централизованно, а экономика провинций должна контролироваться на местах. Тем временем экономика катится в пропасть.;X;X;X;X;X;X
REMOVE_EVTOPTA14090;Это работает!;X;X;X;X;X;X
REMOVE_EVTOPTB14090;Это требует времени, но оно заработает.;X;X;X;X;X;X
REMOVE_EVTOPTC14090;Это для меня новость.;X;X;X;X;X;X
REMOVE_EVTOPTD14090;Возможно, нам следует пересмотреть это.;X;X;X;X;X;X
REMOVE_EVTOPTE14090;Мы это изменим.;X;X;X;X;X;X
REMOVE_EVTNAME14100;Кто что производит, где это производится, во сколько это обходится и куда это направляется?;X;X;X;X;X;X
REMOVE_EVTDESC14100;Провинцию $PROVINCENAME$ критикуют за ее плановую экономику. Есть мнение, что те, кто планируют экономику страны, не в состоянии учесть предпочтения потребителей и нехватку или избыток товаров с необходимой точностью, поэтому не могут эффективно координировать производство. Это беспокоит жителей провинции $PROVINCENAME$.;X;X;X;X;X;X
REMOVE_EVTOPTA14100;Это вздор!;X;X;X;X;X;X
REMOVE_EVTOPTB14100;Те, кто планирует, знают, что делают.;X;X;X;X;X;X
REMOVE_EVTOPTC14100;Мы разберемся с этим.;X;X;X;X;X;X
REMOVE_EVTOPTD14100;Вероятно, это ерунда, но мы разберемся с этим.;X;X;X;X;X;X
REMOVE_EVTOPTE14100;Возможно, они правы...;X;X;X;X;X;X
REMOVE_EVTNAME14110;Обида конфессий на пренебрежение;X;X;X;X;X;X
REMOVE_EVTDESC14110;Некоторые религиозные конфессии считают, что государство ими пренебрегает. Они годами оказывают людям разнообразную помощь, заботятся о больных, сиротах и нуждающихся. Они просят о небольшой поддержке, чтобы они могли продолжать оказывать людям помощь.;X;X;X;X;X;X
REMOVE_EVTOPTA14110;Религия - частное дело.;X;X;X;X;X;X
REMOVE_EVTOPTB14110;Благотворительность - это хорошо, но нет.;X;X;X;X;X;X
REMOVE_EVTOPTC14110;Интересно.;X;X;X;X;X;X
REMOVE_EVTOPTD14110;Возможно, мы могли бы помочь.;X;X;X;X;X;X
REMOVE_EVTOPTE14110;Мы вам поможем.;X;X;X;X;X;X
REMOVE_EVTNAME14120;Религиозные обиды;X;X;X;X;X;X
REMOVE_EVTDESC14120;Между двумя религиями возник спор по незначительному вопросу. Они обратились к государству в попытке разрешить конфликт.;X;X;X;X;X;X
REMOVE_EVTOPTA14120;Вы должны разобраться с этим сами.;X;X;X;X;X;X
REMOVE_EVTOPTB14120;Мы не можем помочь.;X;X;X;X;X;X
REMOVE_EVTOPTC14120;Мы хотели бы помочь, но это не наше дело.;X;X;X;X;X;X
REMOVE_EVTOPTD14120;Позвольте дать вам совет...;X;X;X;X;X;X
REMOVE_EVTOPTE14120;Мы можем помочь вам.;X;X;X;X;X;X
REMOVE_EVTNAME14130;Новообращенные подданные;X;X;X;X;X;X
REMOVE_EVTDESC14130;Религиозный лидер провинции $PROVINCENAME$ в ярости. Новые жители принесли с собой собственные религии и своих духовных пастырей, и он считает, что его паства начинает проявлять излишний интерес к этим новым религиям.;X;X;X;X;X;X
REMOVE_EVTOPTA14130;Постараться сохранить объективность.;X;X;X;X;X;X
REMOVE_EVTOPTB14130;Мы ничего не можем поделать.;X;X;X;X;X;X
REMOVE_EVTOPTC14130;Это печально.;X;X;X;X;X;X
REMOVE_EVTOPTD14130;Мы можем кое-что предпринять...;X;X;X;X;X;X
REMOVE_EVTOPTE14130;Мы сделаем все, что в наших силах, но не потерпим этого.;X;X;X;X;X;X
REMOVE_EVTNAME14140;Святое место;X;X;X;X;X;X
REMOVE_EVTDESC14140;К вам обратился религиозный лидер с просьбой разрешить строительство молельного дома. Он хочет начать его как можно скорее.;X;X;X;X;X;X
REMOVE_EVTOPTA14140;Нет, я не могу этого позволить.;X;X;X;X;X;X
REMOVE_EVTOPTB14140;Я не вижу в этом смысла.;X;X;X;X;X;X
REMOVE_EVTOPTC14140;Возможно, это неплохая идея.;X;X;X;X;X;X
REMOVE_EVTOPTD14140;Посмотрим, что я могу сделать.;X;X;X;X;X;X
REMOVE_EVTOPTE14140;Я разрешаю вам это.;X;X;X;X;X;X
REMOVE_EVTNAME14150;Иммиграция и рабочие места;X;X;X;X;X;X
REMOVE_EVTDESC14150;Приток иммигрантов привел к усилению конкуренции за рабочие места. Иммигранты требуют равных прав с местными жителями. Ситуация довольно острая.;X;X;X;X;X;X
REMOVE_EVTOPTA14150;У них нет права что-либо требовать.;X;X;X;X;X;X
REMOVE_EVTOPTB14150;А почему у них должны быть равные права?;X;X;X;X;X;X
REMOVE_EVTOPTC14150;Посмотрим, что можно сделать.;X;X;X;X;X;X
REMOVE_EVTOPTD14150;Мы займемся этим.;X;X;X;X;X;X
REMOVE_EVTOPTE14150;Это будет нелегко, но мы сделаем все возможное.;X;X;X;X;X;X
REMOVE_EVTNAME14160;Проблемы иммигрантских меньшинств;X;X;X;X;X;X
REMOVE_EVTDESC14160;Представителям основной и признанной культур провинции $PROVINCENAME$ не на что жаловаться, но миноритарные культуры чувствуют себя ущемленными и просят принять какие-то меры.;X;X;X;X;X;X
REMOVE_EVTOPTA14160;Мы ничего не можем предпринять...;X;X;X;X;X;X
REMOVE_EVTOPTB14160;А почему мы должны что-то предпринимать?;X;X;X;X;X;X
REMOVE_EVTOPTC14160;Интересно.;X;X;X;X;X;X
REMOVE_EVTOPTD14160;А что мы можем предпринять?;X;X;X;X;X;X
REMOVE_EVTOPTE14160;Мы что-нибудь предпримем.;X;X;X;X;X;X
REMOVE_EVTNAME14170;Мир и спокойствие;X;X;X;X;X;X
REMOVE_EVTDESC14170;В провинции $PROVINCENAME$ все прекрасно, миноритарным культурам не на что жаловаться, так как всем предоставлены равные права. Кое-кто протестует против такой системы, но в целом ничего серьезного.;X;X;X;X;X;X
REMOVE_EVTOPTA14170;Это хорошо.;X;X;X;X;X;X
REMOVE_EVTOPTB14170;Так держать.;X;X;X;X;X;X
REMOVE_EVTOPTC14170;Протесты? Какие протесты?;X;X;X;X;X;X
REMOVE_EVTOPTD14170;Значит, есть недовольные?;X;X;X;X;X;X
REMOVE_EVTOPTE14170;Это недопустимо!;X;X;X;X;X;X
REMOVE_EVTNAME14180;Склочный сосед;X;X;X;X;X;X
REMOVE_EVTDESC14180;Одна из соседних стран начала предъявлять вам претензии. Это нас раздражает, и им следовало бы уняться, так как они - слабейшая сторона в этом конфликте.;X;X;X;X;X;X
REMOVE_EVTOPTA14180;Клянусь, мы им покажем!;X;X;X;X;X;X
REMOVE_EVTOPTB14180;Прекратить это!;X;X;X;X;X;X
REMOVE_EVTOPTC14180;Им следовало бы уняться.;X;X;X;X;X;X
REMOVE_EVTOPTD14180;Когда-нибудь им это надоест.;X;X;X;X;X;X
REMOVE_EVTOPTE14180;Не обращать внимания.;X;X;X;X;X;X
REMOVE_EVTNAME14190;Солдатский желудок;X;X;X;X;X;X
REMOVE_EVTDESC14190;Ваши генералы стали жаловаться на плохое питание солдат и требовать выделения больших сумм на эти цели. Генералы утверждают, что недостаточное питание понижает боевой дух солдат, и хотят его поднять путем улучшения качества пищи. Это может стоить нам немалых денег.;X;X;X;X;X;X
REMOVE_EVTOPTA14190;Солдатам нужна пища получше!;X;X;X;X;X;X
REMOVE_EVTOPTB14190;Им нужно лучше есть, чтобы лучше сражаться.;X;X;X;X;X;X
REMOVE_EVTOPTC14190;Посмотрим, сколько мы сможем выделить на солдатское питание.;X;X;X;X;X;X
REMOVE_EVTOPTD14190;Это не первоочередная задача.;X;X;X;X;X;X
REMOVE_EVTOPTE14190;Может быть, нам сэкономить на чем-то другом? Например, на солдатах...;X;X;X;X;X;X
REMOVE_EVTNAME14200;Слишком изношенное для войны?;X;X;X;X;X;X
REMOVE_EVTDESC14200;Один майор докладывает, что большая часть оружия его солдат слишком изношена, и просит прислать проверяющих, чтобы решить вопрос об его списании. Наш военный бюджет вряд ли потянет расходы на закупку нового оружия для солдат.;X;X;X;X;X;X
REMOVE_EVTOPTA14200;Это слишком дорого.;X;X;X;X;X;X
REMOVE_EVTOPTB14200;А без оружия они не могут воевать?;X;X;X;X;X;X
REMOVE_EVTOPTC14200;Возможно, мы что-то предпримем.;X;X;X;X;X;X
REMOVE_EVTOPTD14200;Солдату нужно оружие.;X;X;X;X;X;X
REMOVE_EVTOPTE14200;Необходимо заменить им оружие.;X;X;X;X;X;X
REMOVE_EVTNAME14210;Слова или сила;X;X;X;X;X;X
REMOVE_EVTDESC14210;В идеальном мире нет необходимости в оружии. К сожалению, мы не живем в идеальном мире, и иногда нам приходится защищать себя. Выберем ли мы защиту словами или силой оружия? Этот выбор зависит только от нас.;X;X;X;X;X;X
REMOVE_EVTOPTA14210;Мы выбираем слова.;X;X;X;X;X;X
REMOVE_EVTOPTB14210;Насилие - не выход.;X;X;X;X;X;X
REMOVE_EVTOPTC14210;Перо сильнее меча.;X;X;X;X;X;X
REMOVE_EVTOPTD14210;Нам нужно защищать себя наилучшим способом.;X;X;X;X;X;X
REMOVE_EVTOPTE14210;Вероятно, мы выберем силу оружия.;X;X;X;X;X;X
REMOVE_EVTNAME14730;Уничтожение повстанцев;X;X;X;X;X;X
REMOVE_EVTDESC14730;Ваши солдаты готовы справиться с последними повстанцами. Провинцию $PROVINCENAME$ легко отвоевать одним-двумя полками.\n\nК вам обратился человек с предложением предоставить сведения, которые помогут вернуть вашу бывшую колонию. За это он хочет пятьдесят золотых.;X;X;X;X;X;X
REMOVE_EVTOPTA14730;Я и сам справлюсь.;X;X;X;X;X;X
REMOVE_EVTOPTB14730;По рукам!;X;X;X;X;X;X
REMOVE_EVTNAME14740;Мир в колонии;X;X;X;X;X;X
REMOVE_EVTDESC14740;Все ужасы и кровопролитие позади. Ваши колонисты могут вернуться в провинцию $PROVINCENAME$. С последними повстанцами покончено, и в колонии воцарился мир.;X;X;X;X;X;X
REMOVE_EVTOPTA14740;Это хорошо;X;X;X;X;X;X
REMOVE_EVTNAME14750;Восстание рабочих;X;X;X;X;X;X
REMOVE_EVTDESC14750;Тяжелые условия существования рабочих в провинции $PROVINCENAME$ вызывают у них раздражение и плохо отражаются на отношении к работе.\n\n«Мы страдаем, климат здесь ужасный, работа изматывающая, монотонная и плохо оплачиваемая. Помогите нам, сократите рабочий день, кормите и платите нам больше... а не то...»;X;X;X;X;X;X
REMOVE_EVTOPTA14750;Нет;X;X;X;X;X;X
REMOVE_EVTOPTB14750;Ладно;X;X;X;X;X;X
REMOVE_EVTNAME14760;Восстание рабов;X;X;X;X;X;X
REMOVE_EVTDESC14760;Тяжелые условия существования рабов в провинции $PROVINCENAME$ вызывают у них раздражение и плохо отражаются на отношении к работе.\n\n«Мы страдаем, климат здесь ужасный, работа изматывающая, монотонная и плохо оплачиваемая. Помогите нам, сократите рабочий день, кормите и платите нам больше... а не то...»;X;X;X;X;X;X
REMOVE_EVTOPTA14760;Нет;X;X;X;X;X;X
REMOVE_EVTOPTB14760;Ладно;X;X;X;X;X;X
REMOVE_EVTNAME14770;Протест против религии;X;X;X;X;X;X
REMOVE_EVTDESC14770;Вмешательство миссионеров в религиозную жизнь колонии воспринимается в штыки. Аборигены протестуют против этого и не собираются переходить в другую веру.;X;X;X;X;X;X
REMOVE_EVTOPTA14770;Ладно;X;X;X;X;X;X
REMOVE_EVTNAME14780;Инфекционные болезни;X;X;X;X;X;X
REMOVE_EVTDESC14780;Похоже, аборигены провинции $PROVINCENAME$ заразились корью. Кашель, насморк, жар, красные глаза и красная зудящая сыпь, покрывшая их тела - явные симптомы кори. Они обвиняют в этом колонистов, которые принесли им заразу, и они, вероятны, правы.;X;X;X;X;X;X
REMOVE_EVTOPTA14780;Это моя вина...;X;X;X;X;X;X
REMOVE_EVTOPTB14780;Мы должны помочь им!;X;X;X;X;X;X
REMOVE_EVTNAME14790;Распространение инфекционной болезни;X;X;X;X;X;X
REMOVE_EVTDESC14790;«Человек корчился от боли, его тело покрылось красной сыпью, его глаза покраснели, а надрывный кашель грозил задушить его».\n\n Жители провинции, соседней с провинцией $PROVINCENAME$, заразились корью, и теперь она распространилась на вашу колонию. У заболевших кашель, жар, насморк и зудящая сыпь по всему телу.;X;X;X;X;X;X
REMOVE_EVTOPTA14790;Мы должны помочь им!;X;X;X;X;X;X
REMOVE_EVTNAME14800;Восстание зараженных;X;X;X;X;X;X
REMOVE_EVTDESC14800;«Это вы принесли нам эту болезнь! Наши близкие умерли по вашей вине!»\n\nЭпидемия кори выкосила многих, а оставшиеся в живых в ярости. В колонии начались восстания.;X;X;X;X;X;X
REMOVE_EVTOPTA14800;Черт возьми.;X;X;X;X;X;X
REMOVE_EVTOPTB14800;Я скорблю об умерших.;X;X;X;X;X;X
REMOVE_EVTNAME14810;Борьба с инфекцией;X;X;X;X;X;X
REMOVE_EVTDESC14810;Одним из способов борьбы с эпидемией кори является изоляция всех зараженных и обеспечение их всем необходимым: носовыми платками, питьевыми жидкостями и некоторым количеством санитаров, желательно из колонистов, потому что у них есть иммунитет к кори. Потребуется незначительная сумма денег на оплату санитаров и для закупки платков.;X;X;X;X;X;X
REMOVE_EVTOPTA14810;Давайте попробуем.;X;X;X;X;X;X
REMOVE_EVTOPTB14810;Зачем беспокоиться?;X;X;X;X;X;X
REMOVE_EVTNAME15060;Первый Фермерский Банк провинции $PROVINCENAME$;X;X;X;X;X;X
REMOVE_EVTNAME15310;Летучий университет в провинции $PROVINCENAME$;X;X;X;X;X;X
REMOVE_EVTDESC15310;Она крадется по улицам города в провинции $PROVINCENAME$, торопится, тяжело дышит. У рыночной площади делает крюк, чтобы сбросить возможный хвост. В каждой тени, кажется, затаился $COUNTRY_ADJ$ полицейский или, хуже того, солдат. Она бежит через город, а освещенный циферблат часов на церковной башне словно следит за ней огромным желтым глазом. Она опаздывает. За дверью слышны голоса. Она стучит, и дверь отворяется. Она облегченно вздыхает - занятия еще идут.\n\nПодпольный университет основан в провинции $PROVINCENAME$, где несмотря на запрет, получают высшее образование на языке национального меньшинства.;X;X;X;X;X;X
REMOVE_EVTDESC16000;«Дом, разделившийся сам в себе, не устоит. Я полагаю, что это государство не сможет долго существовать, будучи наполовину рабским, а наполовину свободным. Я не хочу сказать, что Союз распадется - что дом падет. Я хочу сказать, что он перестанет быть разделенным. Он весь, целиком, выберет либо одно, либо другое». - Авраам Линкольн\n\nВсе кончено. Все попытки найти компромисс, десятилетия публичного обсуждения вопроса о рабстве оказались напрасны. Сегодня утром конгрессмены от южных штатов отказались от своих постов, и рабовладельческие штаты объявили о выходе из бессрочного Союза. Над нашим разделенным домом дует сильный ветер с юга.;X;X;X;X;X;X
REMOVE_EVTDESC16010;«Хоть тело Джона Брауна гниет в сырой земле, душа вперед идет!» - «Тело Джона Брауна», один из маршей Союза\n\nПрославленный герой движения за отмену рабства Джон Браун сегодня был повешен в Чарльстауне, штат Вирджиния, после неудачного рейда на оружейную мастерскую. Судя по всему, Браун хотел использовать оружие из мастерской для вооружения рабов, которые подняли бы восстание по всему Югу. Этот рейд и гибель Джона Брауна вызвали сильные волнения в рабовладельческих штатах, и в некоторых из них поговаривают о выходе из Союза.;X;X;X;X;X;X
REMOVE_EVTOPTA17000;Пока до этого далеко;X;X;X;X;X;X
REMOVE_EVTOPTB17000;Если б только в обществе поддержали эти идеи...;X;X;X;X;X;X
REMOVE_EVTOPTC17010;Эх...;X;X;X;X;X;X
REMOVE_EVTOPTD17010;Плохо, очень плохо.;X;X;X;X;X;X
REMOVE_EVTNAME17020;Всемирная конференция за отмену рабства;X;X;X;X;X;X
REMOVE_EVTDESC17020;На Всемирную конференцию за отмену рабства прибыли несколько делегатов-женщин, которые также были участниками Парламента за избирательные права женщин. Перед началом конференции мужчины решили проголосовать за отстранение женщин от участия в ней, а женщинам-делегатам и слушательницам выделили отдельные места, где они были не видны мужчинам. Некоторые из делегатов-мужчин протестовали против отстранения женщин, а когда их протесты были отклонены, решили сесть вместе с женщинами на отведенные тем места.;X;X;X;X;X;X
REMOVE_EVTOPTA17020;Ну и ну!;X;X;X;X;X;X
REMOVE_EVTOPTB17020;Очень плохо;X;X;X;X;X;X
REMOVE_EVTOPTC17020;Интересно.;X;X;X;X;X;X
REMOVE_EVTOPTD17020;Так им и надо;X;X;X;X;X;X
REMOVE_EVTNAME17030;Работающие женщины;X;X;X;X;X;X
REMOVE_EVTDESC17030;Когда разразилась война и всех годных к службе мужчин призвали в армию, многие женщины смогли получить работу вне дома. Но они видели, что им платили лишь половину от мужского заработка, и стали требовать равных с мужчинами прав.;X;X;X;X;X;X
REMOVE_EVTOPTA17030;Ну, отлично!;X;X;X;X;X;X
REMOVE_EVTOPTB17030;Забавно;X;X;X;X;X;X
REMOVE_EVTOPTC17030;Ну-ка, ну-ка...;X;X;X;X;X;X
REMOVE_EVTOPTD17030;Невозможно;X;X;X;X;X;X
REMOVE_EVTNAME17040;Новости суфражистского движения;X;X;X;X;X;X
REMOVE_EVTDESC17040;Слухи о конференции, на которой женщины обсуждали вопрос об избирательном праве для женщин, оказались правдой. Конференция продолжалась два дня, на ней присутствовали как мужчины, так и женщины. На ней обсуждался вопрос о том, требовать ли избирательного права для женщин, и мнения разошлись. В конце концов, делегаты сумели принять десять резолюций. В сумме они требовали равенства для женщин в семье, образовании, на работе, в религии и морали.;X;X;X;X;X;X
REMOVE_EVTOPTA17040;Любопытно;X;X;X;X;X;X
REMOVE_EVTOPTB17040;Ладно;X;X;X;X;X;X
REMOVE_EVTOPTC17040;Прекрасно;X;X;X;X;X;X
REMOVE_EVTOPTD17040;Чушь!;X;X;X;X;X;X
REMOVE_EVTNAME17050;Марш грязи;X;X;X;X;X;X
REMOVE_EVTDESC17050;«С погодой в городе $CAPITAL$ нам ужасно не повезло: грязь, грязь и еще раз грязь. Грязи было море, между собой мы потом называли это мероприятие «Маршем грязи». Так одна суфражистка описывала демонстрацию, в которой приняли участие более трех тысяч женщин из различных организаций: ткачихи, участницы лиги трезвости, актрисы и многие другие.;X;X;X;X;X;X
REMOVE_EVTOPTA17050;Ладно;X;X;X;X;X;X
REMOVE_EVTOPTB17050;Отличная работа!;X;X;X;X;X;X
REMOVE_REMOVE_EVTNAME17060;Спецвыпуск газеты: Марш грязи;X;X;X;X;X;X
REMOVE_EVTDESC17060;Газета, которую доставили вам из соседней провинции, сообщает: «Марш грязи проходил достаточно весело, несмотря на плохую погоду. Протяженную процессию женщин, с ног до головы заляпанных грязью, оживляли красные и белые пятна лент, бантов, букетиков и косынок. Над рядами реяли белые транспаранты с лозунгами, выписанными яркими красными буквами».;X;X;X;X;X;X
REMOVE_EVTOPTA17060;Во дают девчонки!;X;X;X;X;X;X
REMOVE_EVTOPTB17060;Жуть...;X;X;X;X;X;X
REMOVE_EVTNAME17070;NUWSS и NSWRV;X;X;X;X;X;X
REMOVE_EVTDESC17070;Два общества возникли из третьего. Они называют себя «Национальная ассоциация суфражистских обществ» и «Национальная ассоциация за право женщин на голосование», или NUWSS и NSWRV. Обе ассоциации борются за право женщин на участие в голосовании, но NUWSS готова на более радикальные меры. NSWRV также выступает за упрощение процесса развода и прекращение дискриминации при приеме на работу и в оплате труда.;X;X;X;X;X;X
REMOVE_EVTOPTA17070;Даешь NUWSS!;X;X;X;X;X;X
REMOVE_EVTOPTB17070;Даешь NSWRV!;X;X;X;X;X;X
REMOVE_EVTOPTC17070;Мне это не нравится;X;X;X;X;X;X
REMOVE_EVTNAME17080;Кампания за закон о собственности замужних женщин;X;X;X;X;X;X
REMOVE_EVTDESC17080;«Женщина не владеет личной собственностью, а ее личность в глазах закона перестает существовать, так как муж и жена по закону становятся одним лицом. Мы хотим изменить это, мы хотим, чтобы женщина могла распоряжаться своей собственностью, как пожелает. Мы хотим, чтобы суды признавали мужа и жену двумя разными юридическими субъектами».\n\nЖенщина села и была вознаграждена овацией вставшего зала.;X;X;X;X;X;X
REMOVE_EVTOPTA17080;Она права!;X;X;X;X;X;X
REMOVE_EVTOPTB17080;Это совершенно неправильно.;X;X;X;X;X;X
REMOVE_EVTNAME17090;Закон о собственности замужних женщин;X;X;X;X;X;X
REMOVE_EVTDESC17090;«Спасибо за поддержку!» «Без вас у нас ничего бы не вышло».\n\n«Прекрасно! Дай им палец, и они откусят всю руку». «Это закончится слезами».\n\nВсе - и восторженные, и рассерженные люди - выражают свое отношение к закону о собственности замужних женщин. В целом общественное мнение оценивает этот закон положительно.;X;X;X;X;X;X
REMOVE_EVTOPTA17090;Хорошо;X;X;X;X;X;X
REMOVE_EVTNAME17100;NSWRV: образование для женщин;X;X;X;X;X;X
REMOVE_EVTDESC17100;«Сэр, если вас огорчает тот факт, что студент номер 156 носит капор, я охотно сниму свой чересчур приметный головной убор и сяду в задних рядах. Но по своей воле я не уйду с лекции».\n\nЖенщина смотрела профессору прямо в глаза, пока он не уступил, а затем села. Она была первой женщиной, поступившей в университет, и многие студенты ее не одобряли. Когда она подала вступительное заявление, преподаватели вынесли этот вопрос на студенческое голосование, а студенты решили, что это розыгрыш. Теперь ей приходится выносить насмешки и грубость. Другие женщины также добиваются от государства права посещать университеты.;X;X;X;X;X;X
REMOVE_EVTOPTA17100;Конечно, почему бы и нет?;X;X;X;X;X;X
REMOVE_EVTOPTB17100;Забудьте об этом!;X;X;X;X;X;X
REMOVE_EVTNAME17110;NUWSS: Образование для женщин;X;X;X;X;X;X
REMOVE_EVTDESC17110;«Сэр, если вас огорчает тот факт, что студент номер 156 носит капор, я охотно сниму свой чересчур приметный головной убор и сяду в задних рядах. Но по своей воле я не уйду с лекции».\n\nЖенщина смотрела профессору прямо в глаза, пока он не уступил, а затем села. Она была первой женщиной, поступившей в университет, и многие студенты ее не одобряли. Когда она подала вступительное заявление, преподаватели вынесли этот вопрос на студенческое голосование, а студенты решили, что это розыгрыш. Теперь ей приходится выносить насмешки и грубость. Другие женщины также добиваются от государства права посещать университеты.;X;X;X;X;X;X
REMOVE_EVTOPTA17110;Конечно, почему бы и нет?;X;X;X;X;X;X
REMOVE_EVTOPTB17110;Забудьте об этом!;X;X;X;X;X;X
REMOVE_EVTNAME17120;Избирательное право для женщин;X;X;X;X;X;X
REMOVE_EVTDESC17120;Давление на верхнюю палату с целью заставить ее обсудить вопрос об избирательном праве для женщин растет. NSWRY почти каждые день подает петиции и делает все возможное, чтобы сдвинуть дело с мертвой точки.;X;X;X;X;X;X
REMOVE_EVTOPTA17120;Мы тщательно рассмотрим этот вопрос;X;X;X;X;X;X
REMOVE_EVTOPTB17120;Нет, мы не можем этого позволить;X;X;X;X;X;X
REMOVE_EVTNAME17130;Необузданные суфражистки;X;X;X;X;X;X
REMOVE_EVTDESC17130;«Четыре разбитых окна, попытка поджога, нападение на двух офицеров полиции... Офицеры полиции не пострадали, но наверняка пострадало их достоинство. Что же могло заставить вас так поступить?» - спрашивает полицейский.\n Женщина не отвечает ему. Он вздыхает и выходит из камеры, но его останавливает другой офицер.\n«Она не ест с тех пор, как ее привели. Что нам делать?»\n«Пока ничего. Принесите ей еду и воду, но не заставляйте ее есть. Rогда проголодается, все съест».;X;X;X;X;X;X
REMOVE_EVTOPTA17130;Ладно;X;X;X;X;X;X
REMOVE_EVTNAME17140;Голодовка;X;X;X;X;X;X
REMOVE_EVTDESC17140;«Она все еще не ест, а прошло уже два дня. Зачем она это делает?»\n«Это суфражистка. Наверное, голодовкой она пытается привлечь внимание к своим требованиям.»\n«И что же нам делать?»;X;X;X;X;X;X
REMOVE_EVTOPTA17140;Отпустить ее;X;X;X;X;X;X
REMOVE_EVTOPTB17140;Накормить ее силой!;X;X;X;X;X;X
REMOVE_EVTNAME17150;Акт о кошке и мышке;X;X;X;X;X;X
REMOVE_EVTDESC17150;«Идите скорее сюда! Эта суфражистка... она умерла!»\nЭто хрупкое существо не вынесло голодовки и принудительного кормления. Общественное недовольство практикой принудительного кормления росло, и правительство спешно провело через парламент акт о кошке и мышке. Этот закон разрешает отпускать на волю заключенных с плохим состоянием здоровья, а когда они поправятся, полиция имеет право снова посадить их в тюрьму.;X;X;X;X;X;X
REMOVE_EVTOPTA17150;Ладно;X;X;X;X;X;X
REMOVE_EVTNAME17160;Телохранители;X;X;X;X;X;X
REMOVE_EVTDESC17160;Акт «Кошки-мышки» вызвал у суфражисток гнев, и они придумали, как предотвратить аресты. Их лидеры создали группу охраны из тридцати женщин, владеющих джиу-джитсу, которую назвали «Телохранители». Их тренировки проходили тайно, чтобы не привлекать внимания полиции. Вскоре после создания «телохранители» вступили в рукопашный бой с полицией, которая пыталась арестовать одну из их лидеров. Эта схватка получила широкое освещение в газетах, и давление на верхнюю палату с целью заставить ее обсудить женский вопрос достигло предела.;X;X;X;X;X;X
REMOVE_EVTOPTA17160;Нужно что-то делать;X;X;X;X;X;X
REMOVE_EVTOPTB17160;Мы не можем этого допустить!;X;X;X;X;X;X
REMOVE_EVTNAME17170;Избирательное право для женщин: голосование;X;X;X;X;X;X
REMOVE_EVTDESC17170;Их долгая и трудная борьба принесла плоды. Суфражистки передали свои предложения главе верхней палаты, а тот представил парламенту созданный на их основе проект политической реформы. Ваш голос последний и решающий. Будут ли женщины уравнены с мужчинами перед лицом закона, получат ли они равные права?;X;X;X;X;X;X
REMOVE_EVTOPTA17170;Да;X;X;X;X;X;X
REMOVE_EVTOPTB17170;Нет;X;X;X;X;X;X
REMOVE_EVTNAME17500;Трудовой союз;X;X;X;X;X;X
REMOVE_EVTDESC17500;В вашей провинции рабочие нескольких фабрик и мастерских создали трудовой союз, который возьмет на себя переговоры о заработной плате, об условиях труда, о разрешении трудовых споров, об определении условий найма, увольнения и повышения рабочих в должности, о пенсиях и пособиях, о безопасности труда и об отношениях рабочих и работодателей в целом.;X;X;X;X;X;X
REMOVE_EVTOPTA17500;Прекрасно;X;X;X;X;X;X
REMOVE_EVTOPTB17500;Ладно;X;X;X;X;X;X
REMOVE_EVTNAME17510;Восьмичасовой рабочий день;X;X;X;X;X;X
REMOVE_EVTOPTA17510;Не в этой жизни;X;X;X;X;X;X
REMOVE_EVTOPTB17510;Возможно;X;X;X;X;X;X
REMOVE_EVTOPTC17510;Конечно, почему бы и нет?;X;X;X;X;X;X
REMOVE_EVTNAME17520;Хлеб и розы;X;X;X;X;X;X
REMOVE_EVTDESC17520;«Мы хотим хлеба, но мы хотим и роз!»\n\nЖенщины окружили фабрику, выкрикивая лозунги и подняв над собой плакаты с этими словами. Работа на фабрике изматывающая, однообразная и опасная. После изменения продолжительности рабочего дня владельцы решили снизить зарплату и уволить половину персонала, так что нагрузка на оставшихся удвоилась, а зарплата упала почти вдвое. Вскоре рабочие вышли на акции протеста.;X;X;X;X;X;X
REMOVE_EVTOPTA17520;Они ничего не получат;X;X;X;X;X;X
REMOVE_EVTOPTB17520;Дайте им хлеб, но не розы;X;X;X;X;X;X
REMOVE_EVTOPTC17520;Дайте им хлеб и розы;X;X;X;X;X;X
REMOVE_EVTNAME17530;Кровавая забастовка;X;X;X;X;X;X
REMOVE_EVTDESC17530;Эта фабрика известна как «Бойня». На ней ежедневно происходят смертельные случаи, в основном из-за передвигающихся кранов. Скрытое недовольство плохой безопасностью труда на фабрике и снижение расценок вызвало забастовку, в результате которой погибли более двадцати человек. Когда рабочие узнали о снижении зарплаты, то потребовали объяснений, но начальство отказалось разговаривать с ними. Разъяренные рабочие решили бастовать. В ответ руководство фабрики наняло штрейкбрехеров и частных охранников для их защиты. Когда первая партия штрейкбрехеров прибыла на фабрику, рабочие встретили их камнями и проклятиями. Прибыла полиция, и забастовщики вступили в кровавую битву против нее и частных охранников. В результате погибли двадцать человек.;X;X;X;X;X;X
REMOVE_EVTOPTA17530;Это нужно прекратить!;X;X;X;X;X;X
REMOVE_EVTOPTB17530;Так им и надо;X;X;X;X;X;X
REMOVE_EVTNAME17540;Забастовка солидарности.;X;X;X;X;X;X
REMOVE_EVTDESC17540;«Восемь часов работы, восемь часов отдыха, восемь часов сна!»\n\n«Мы хотим хлеба, но мы хотим и роз!»\n\nЛозунги, которые раздавались на улицах в соседней провинции, теперь слышны и у вас.;X;X;X;X;X;X
REMOVE_EVTOPTA17540;Невероятно.;X;X;X;X;X;X
REMOVE_EVTOPTB17540;С ума сойти.;X;X;X;X;X;X
REMOVE_EVTNAME17550;Забастовка!;X;X;X;X;X;X
REMOVE_EVTDESC17550;«Химикаты, с которыми мы работаем на фабрике, забирают мое здоровье». «Опасно даже находиться на фабрике, не то что работать там!»\n\nПротестующие требуют повышения зарплаты и улучшения условий труда, но хозяин фабрики не хочет на это идти. За скромную сумму в 50 золотых можно перестроить часть фабрики так, чтобы частично улучшить условия труда.;X;X;X;X;X;X
REMOVE_EVTOPTA17550;Я спонсирую этот проект;X;X;X;X;X;X
REMOVE_EVTOPTB17550;Ни за что!;X;X;X;X;X;X
REMOVE_EVTNAME17560;Первое мая;X;X;X;X;X;X
REMOVE_EVTDESC17560;Люди вышли на улицы, чтобы продемонстрировать свою поддержку различных рабочих союзов. Это мирный день, люди радуются и вспоминают прошлые битвы.;X;X;X;X;X;X
REMOVE_EVTOPTA17560;Ну и отлично!;X;X;X;X;X;X
REMOVE_EVTOPTB17560;Прекрасно;X;X;X;X;X;X
REMOVE_EVTOPTC17560;Это настораживает...;X;X;X;X;X;X
REMOVE_EVTNAME17580;Национальные мастерские;X;X;X;X;X;X
REMOVE_EVTDESC17580;Несмотря на жесткую критику, предложение было принято, и был назначен руководящий комитет. Его задача: создать Национальные мастерские, чтобы помочь безработным.\nПервые Национальные мастерские открылись всего через месяц после первого заседания. Около тысячи безработных смогли получить работу непосредственно в одной из мастерских. Остальным не так повезло, и они вернулись домой голодные, усталые и недовольные, обойдя все мастерские. Всем, кто не смог получить работу в мастерских, обещали раздать хлеб. Через некоторое время рабочим пообещали деньги вместо хлеба. Это было огромной ошибкой.;X;X;X;X;X;X
REMOVE_EVTOPTA17580;Это не сулит ничего доброго;X;X;X;X;X;X
REMOVE_EVTOPTB17580;Ладно;X;X;X;X;X;X
REMOVE_EVTNAME17590;Рабочее восстание;X;X;X;X;X;X
REMOVE_EVTDESC17590;Рабочие, к которым присоединились сочувствующие, вышли на улицы в порыве стихийного протеста. Национальные мастерские были закрыты, и рабочие протестовали против отмены государственных выплат. Когда правительство применило силу, протестующие отступили, засели в домах и воздвигли баррикады. С каждым днем восстание ширится.;X;X;X;X;X;X
REMPVE_EVTOPTA17590;Великолепно...;X;X;X;X;X;X
REMOVE_EVTOPTB17590;Ладно;X;X;X;X;X;X
REMOVE_EVTNAME17600;Профсоюз;X;X;X;X;X;X
REMOVE_EVTDESC17600;Рабочие нескольких фабрик и мастерских создали профсоюз, который возьмет на себя переговоры о заработной плате, об условиях труда, о разрешении трудовых споров, об определении условий найма, увольнения и повышения рабочих в должности, о пенсиях и пособиях, о безопасности труда и об отношениях рабочих и работодателей в целом в вашей провинции.;X;X;X;X;X;X
REMOVE_EVTOPTA17600;Прекрасно;X;X;X;X;X;X
REMOVE_EVTOPTB17600;Ладно;X;X;X;X;X;X
REMOVE_EVTNAME17610;Битва за зерно;X;X;X;X;X;X
REMOVE_EVTDESC17610;Есть предложение сделать провинцию $PROVINCENAME$ самодостаточной по зерну и начать его экспорт. Для этого нужно основать несколько новых сельскохозяйственных поселений.;X;X;X;X;X;X
REMOVE_EVTOPTA17610;Прекрасно;X;X;X;X;X;X
REMOVE_EVTOPTB17610;Нет;X;X;X;X;X;X
REMOVE_EVTNAME17620;Чернорубашечники;X;X;X;X;X;X
REMOVE_EVTDESC17620;Печально известный Бен Муссол возглавляет небольшую группу партизан, которых называют чернорубашечниками из-за их формы. Они втягивают вашу армию в мелкие стычки, которые уже привели к потерям и вызвали недовольство солдат.;X;X;X;X;X;X
REMOVE_EVTOPTA17620;Пошлите туда больше войск!;X;X;X;X;X;X
REMOVE_EVTNAME17630;Марш на столицу $CAPITAL$;X;X;X;X;X;X
REMOVE_EVTDESC17630;Чернорубашечники во главе со своим вождем Беном Муссолом идут маршем на столицу $CAPITAL$, устраивая беспорядки по пути.;X;X;X;X;X;X
REMOVE_EVTOPTA17630;Атаковать!;X;X;X;X;X;X
REMOVE_EVTOPTB17630;Дальше!;X;X;X;X;X;X
REMOVE_EVTNAME17640;Корпус свободы;X;X;X;X;X;X
REMOVE_EVTDESC17640;Группа солдат, называющих себя Корпусом Свободы, поддалась агитации чернорубашечников в соседней провинции и взбунтовалась против вас. Это скорее недоразумение, а не реальная угроза, но все-таки необходимо что-то предпринять.;X;X;X;X;X;X
REMOVE_EVTOPTA17640;Справимся на раз.;X;X;X;X;X;X
REMOVE_EVTOPTB17640;Куда им против нас!;X;X;X;X;X;X
REMOVE_EVTNAME17650;Я повсюду;X;X;X;X;X;X
REMOVE_EVTDESC17650;Выдержки из газеты «Я повсюду»\n\n«...наша страна должна содержать сильную армию и без колебаний использовать ее для защиты и отстаивания национальных интересов. Армию нужно...», «...объединить нашу страну, присоединить территории, которые по праву принадлежат нам...», «...дети - наше будущее...»\n\nЭта газета проповедует джингоизм, фашизм и ирредентизм. Это настоящий пропагандистский листок.;X;X;X;X;X;X
REMOVE_EVTOPTA17650;Прекрасно.;X;X;X;X;X;X
REMOVE_EVTOPTB17650;Это ужасно!;X;X;X;X;X;X
REMOVE_EVTNAME17660;Резня, устроенная чернорубашечниками;X;X;X;X;X;X
REMOVE_EVTDESC17660;После того, как они всполошили провинцию и устроили там беспорядки, чернорубашечники напали на группу мирных социалистов и либералов. Чернорубашечники взяли их в заложники, притащили в уединенное место в центральном парке и казнили.;X;X;X;X;X;X
REMOVE_EVTOPTA17660;Бедные социалисты.;X;X;X;X;X;X
REMOVE_EVTOPTB17660;Великолепно!;X;X;X;X;X;X
REMOVE_EVTOPTC17660;Бедные либералы.;X;X;X;X;X;X
REMOVE_EVTNAME17670;Резня, устроенная Корпусом Свободы;X;X;X;X;X;X
REMOVE_EVTDESC17670;Это недоразумение, которое называет себя Корпусом свободы, решило доказать всем серьезность своих намерений. Они напали на группу мирных социалистов и либералов, взяли их в заложники, притащили в уединенное место в центральном парке и казнили. Теперь это не просто недоразумение.;X;X;X;X;X;X
REMOVE_EVTOPTA17670;Бедные социалисты.;X;X;X;X;X;X
REMOVE_EVTOPTB17670;Даешь Корпус Свободы!;X;X;X;X;X;X
REMOVE_EVTOPTC17670;Бедные либералы.;X;X;X;X;X;X
REMOVE_EVTNAME17680;Фашистское благосостояние;X;X;X;X;X;X
REMOVE_EVTDESC17680;«Никто не должен голодать и мерзнуть.»\n\nВаше внимание привлекла бесплатная столовая на углу главной улицы. Голодным и безработным раздают сытную и обильную пищу. К ней прилагаются памфлеты с фашистской пропагандой.;X;X;X;X;X;X
REMOVE_EVTOPTA17680;Хорошо.;X;X;X;X;X;X
REMOVE_EVTOPTB17680;Остановите их!;X;X;X;X;X;X
REMOVE_EVTNAME17690;Пивной путч;X;X;X;X;X;X
REMOVE_EVTDESC17690;Шум, звон кружек, пьяные голоса, которые по временам затягивают песни... Это атмосфера большого пивного зала. Неожиданно распахивается дверь, и в зал врывается группа чернорубашечников.\n\n«Здесь шестьсот человек. Отсюда никто не выйдет!»\n\nОдин из незваных гостей вскакивает на стол и начинает кричать что-то о революции, объединении нации и формировании нового правительства. Ему и его сообщникам удается привлечь на свою сторону некоторых посетителей. Они возбуждены и готовы принять участие в очередной революции.;X;X;X;X;X;X
REMOVE_EVTOPTA17690;Прекрасно!;X;X;X;X;X;X
REMOVE_EVTOPTB17690;Что-что?;X;X;X;X;X;X
REMOVE_EVTNAME19034;Союз для войны на Востоке?;X;X;X;X;X;X
REMOVE_EVTDESC19034;Напряжение вокруг «Восточного вопроса» растет, проблема защиты христиан в Оттоманской империи также становится все острей - мы можем создать союз с другими державами для решения этих проблем. Но нужен ли он нам?;X;X;X;X;X;X
REMOVE_EVTOPTA19034;Да;X;X;X;X;X;X
REMOVE_EVTOPTB19034;Мы сами справимся;X;X;X;X;X;X
REMOVE_EVTNAME19035;Предложение союза;X;X;X;X;X;X
REMOVE_EVTDESC19035;$FROMCOUNTRY$ предлагает создать большой союз держав для защиты Оттоманской империи от посягательств на ее территорию. Вступая в этот союз, мы можем спровоцировать войну. Как поступим?;X;X;X;X;X;X
REMOVE_EVTOPTA19035;Разумеется, присоединимся!;X;X;X;X;X;X
REMOVE_EVTOPTB19035;Нет, мы справимся сами;X;X;X;X;X;X
REMOVE_EVTNAME70000;$STATE$ присоединяется к государству $COUNTRY$;X;X;X;X;X;X
REMOVE_EVTNAME70001;$STATE$ присоединяется к государству $COUNTRY$!;X;X;X;X;X;X
FOCUS_ALLREADY_SELECTED;Текущий национальный приоритет;X;X;X;X;X;X
FOCUS_OWNED_COLONY;Мы не можем колонизировать уже занятый регион.;X;X;X;X;X;X
FOCUS_NOT_YOUR_PROVINCE;Это действие нельзя совершить в отношении провинции, которой мы не владеем.;X;X;X;X;X;X
FOCUS_GP_ONLY;Только великие державы могут делать это.;X;X;X;X;X;X
FOCUS_MAX;Только три державы одновременно могут иметь здесь национальные приоритеты.;X;X;X;X;X;X
FOCUS_PROMOTE_VAL;Национальный приоритет: §G$VAL$§W%;X;X;X;X;X;X
FOCUS_NO_POINTS;У нас нет нераспределенных национальных приоритетов.;X;X;X;X;X;X
REMOVE_FOCUS;Снять приоритет;X;X;X;X;X;X
MINIMUM_STOCKPILE_TARGET;Минимум запасов:;X;X;X;X;X;X
MAXIMUM_STOCKPILE_TARGET;Максимум запасов:;X;X;X;X;X;X
GOV_NEED_DETAIL;$VAL$ требуется правительству;X;X;X;X;X;X
FACTORY_NEED_DETAIL;$VAL$ требуется производителям;X;X;X;X;X;X
POP_NEED_DETAIL;$VAL$ требуется населению;X;X;X;X;X;X
PRODUCED_DETAIL_REMOVE;$VAL$ производится в нашей стране;X;X;X;X;X;X
RULE_POP_BUILD_FACTORY;Постройка фабрик капиталистами;X;X;X;X;X;X
REMOVE_LIT_CHANGE;убрано;X;X;X;X;X;X
PLURALITY_CHANGE;Ежемесячное изменение;X;X;X;X;X;X
TOO_SOON_FOR_REFORM;Верхняя палата может проводить только одну реформу в месяц. Мы должны подождать до §Y$DATE$§W, прежде чем сможем провести новую реформу.;X;X;X;X;X;X
IS_NEXT_STEP_ONLY;В этой категории реформ возможны только последовательные изменения, поэтому мы можем сделать только один шаг вперед или назад.;X;X;X;X;X;X
PERC_OF_PARLAMENT;$PERC$% парламента;X;X;X;X;X;X
IDEOLOGY_LABEL;Идеология;X;X;X;X;X;X
VOTERS_LABEL;Избиратели;X;X;X;X;X;X
MAPMODE_1;Физическая карта;X;X;X;X;X;X
MAPMODE_2;Политическая карта;X;X;X;X;X;X
MAPMODE_3;Карта риска восстаний;X;X;X;X;X;X
MAPMODE_4;Дипломатическая карта;X;X;X;X;X;X
MAPMODE_5;Карта регионов;X;X;X;X;X;X
MAPMODE_6;Карта инфраструктуры;X;X;X;X;X;X
MAPMODE_7;Колониальная карта;X;X;X;X;X;X
MAPMODE_8;Административная карта;X;X;X;X;X;X
MAPMODE_9;Карта вербовки;X;X;X;X;X;X
MAPMODE_10;Карта национальных приоритетов;X;X;X;X;X;X
SOLMP_NO_SOLDIER_POPS;В этой провинции нет солдат, из которых мы могли бы сформировать войска.;X;X;X;X;X;X
SOLMP_OVER_RECRUITED;В этой провинции нет достаточного количества солдат, необходимого для поддержки сформированных здесь бригад.;X;X;X;X;X;X
SOLMP_DETAILS;Число бригад, сформированных в этой провинции, равно §Y$CURRENT$§W. Максимальное число бригад, которое местное население может содержать, равно §Y$ALLOWED$§W.;X;X;X;X;X;X
PROVTIP_NAVAL_BASE;Ближайшая морская база: ;X;X;X;X;X;X
COLONIZE_LIFE_RATING;Уровень жизни в провинции: §R$RATE$§W. А наш уровень технологического развития позволяет нам колонизировать, если уровень жизни равен как минимум §Y$TECH$§W.;X;X;X;X;X;X
COLONIZE_CLOSEST_BASE_TO_FAR;У нас нет рядом морских баз.;X;X;X;X;X;X
CONFIRM_CREATE_STATE_TITLE;Создать регион;X;X;X;X;X;X
CONFIRM_CREATE_STATE_DESC;Вы действительно хотите обратить эту колонию в полноценный регион державы? Это даст местным жителям такие же права и привилегии, что и остальным гражданам нашей страны.;X;X;X;X;X;X
BUILDTYPE_FACTORY;Фабрика;X;X;X;X;X;X
BUILDTYPE_RGO;ДП;X;X;X;X;X;X
BUILDTYPE_INFRASTRUCTURE;Инфраструктура;X;X;X;X;X;X
BUILDTYPE_NAVALBASE;Морская база;X;X;X;X;X;X
BUILDTYPE_FORT;Крепость;X;X;X;X;X;X
UV_PERSONALITY;Личность: $VAL$;X;X;X;X;X;X
UV_BACKGROUND;Происхождение: $VAL$;X;X;X;X;X;X
UV_PERSONALITY_LABEL;Атака;X;X;X;X;X;X
UV_BACKGROUND_LABEL;Защита;X;X;X;X;X;X
MOB_SIZE_IRO;Мы можем призвать в армию §Y$VALUE$§W% нашего бедного населения.;X;X;X;X;X;X
MOB_FROM_TECH;От технологии: §G+$VALUE$§W;X;X;X;X;X;X
MOB_ECO_IMPACT;Наше развитие сокращает этот показатель на §G-$VALUE$§W.;X;X;X;X;X;X
MOB_ECO_PENALTY;В данный момент наше развитие увеличивает это влияние на §R$VALUE$§W.;X;X;X;X;X;X
MOB_SIZE_LABEL;Число мобилизируемых бригад;X;X;X;X;X;X
MOB_IMPACT_LABEL;Влияние на производство;X;X;X;X;X;X
COLONIZE_SETTLED;Провинция уже заселена;X;X;X;X;X;X
AT_WAR_WITH;Враги:;X;X;X;X;X;X
ALLIED_WITH;Союзники:;X;X;X;X;X;X
SEND_DIPLOMAT;Отправить дипломата;X;X;X;X;X;X
PV_CONTROLLER;Контроль:;X;X;X;X;X;X
PV_SIEGE_PROGRESS;Ход оккупации:;X;X;X;X;X;X
PV_FORT;Крепость;X;X;X;X;X;X
PV_NAVALBASE;Морская база;X;X;X;X;X;X
PV_RAILROAD;Железная дорога;X;X;X;X;X;X
AVG_STATE_BONUS;В среднем в регионе:;X;X;X;X;X;X
PW_SUPPLY_LIMIT;Лимит снабжения;X;X;X;X;X;X
LEVEL_WITH;у.е. с учетом;X;X;X;X;X;X
ATTRITION_WEIGHT;Используемое этим подразделением число очков снабжения равно §Y$VALUE$§W.;X;X;X;X;X;X
ATTRITION_MAX;Максимальные небоевые потери в этой провинции равны §Y$VALUE$§W%.;X;X;X;X;X;X
ATTR_SHIP_AT_PORT;0% - в порту;X;X;X;X;X;X
ATTR_HOME_WATERS;0% - в дружественных водах;X;X;X;X;X;X
ATTR_BASE;Базовое значение;X;X;X;X;X;X
ATTR_TIME_AT_SEA;Длительное плавание;X;X;X;X;X;X
ATTR_OPEN_SEA;Открытое море;X;X;X;X;X;X
ATTR_LEADER;Маневренность командующего;X;X;X;X;X;X
SHIP_SUPPLY_RANGE;Дистанция снабжения;X;X;X;X;X;X
LOG_SETTING_PAUSE;Показывать в окне и ставить паузу;X;X;X;X;X;X
LOG_SETTING_POPUP;Показывать в отдельном окне;X;X;X;X;X;X
MESSAGE_IS_POPUP;Данный тип сообщений$TRUTH$отображается в отдельном окне.;X;X;X;X;X;X
MESSAGE_IS_LOG;Данный тип сообщений $TRUTH$ отображается в окне отчета.;X;X;X;X;X;X
MESSAGE_IS_ONMAP;Данный тип сообщений $TRUTH$ отображается на карте (если возможно).;X;X;X;X;X;X
MESSAGE_SETTING_TRUE;Включено;X;X;X;X;X;X
MESSAGE_SETTING_FALSE; не ;X;X;X;X;X;X
MESSAGE_IS_ICON;Данный тип сообщений $TRUTH$ отображается в качестве значка.;X;X;X;X;X;X
UW_ATEMPT_GUNBOAT;Использовать дипломатию канонерок против державы §Y$OTHER$§W.;X;X;X;X;X;X
UW_NO_GUNBOAT_POSSIBLE;Для дипломатии канонерок нет обоснованной цели.;X;X;X;X;X;X
UW_GUNBOAT_DESC;Для этого мы должны расположить наш флот рядом с портом державы, прекратившей нам платежи по своему займу.;X;X;X;X;X;X
LOG_SETTING_ICON;Показывать как значок;X;X;X;X;X;X
GOTO_SEARCH_COUNTRIES_AND_PROVINCES;Поиск стран и провинций;X;X;X;X;X;X
POP_SIZE_INFO_ON_SEL;$WHERE$: численность группы $WHO$ равна $VAL$.;X;X;X;X;X;X
POPV_SORT_BY_MIL;Агрессивность;X;X;X;X;X;X
POPV_SORT_BY_CON;Сознательность;X;X;X;X;X;X
POPV_SORT_BY_IDE;Идеологии;X;X;X;X;X;X
POPV_SORT_BY_ISS;Вопросы;X;X;X;X;X;X
POPV_SORT_BY_UNEMPLOYMENT;Безработица;X;X;X;X;X;X
POPV_SORT_BY_CASH;Наличность;X;X;X;X;X;X
POPV_SORT_BY_LIFE;Удовлетворение жизненных нужд;X;X;X;X;X;X
POPV_SORT_BY_EVERY;Удовлетворение ежедневных нужд;X;X;X;X;X;X
POPV_SORT_BY_LUXURY;Удовлетворение нужды в предметах роскоши;X;X;X;X;X;X
POPV_SORT_BY_RR;Фракция повстанцев;X;X;X;X;X;X
POPV_SORT_BY_CHANGE;Изменение численности;X;X;X;X;X;X
POPV_SORT_BY_LIT;Грамотность;X;X;X;X;X;X
BUILDING_DONE_SETUP;Завершается строительство;X;X;X;X;X;X
BUILDING_DONE_HEADER;Министр внутренних дел сообщает;X;X;X;X;X;X
BUILDING_DONE_1;Строительство завершено!;X;X;X;X;X;X
BUILDING_DONE_2;Здание;X;X;X;X;X;X
BUILDING_DONE_4;было построено в провинции;X;X;X;X;X;X
BUILDING_DONE_LOG;Здание $NAME$ было построено в провинции $PROV$.;X;X;X;X;X;X
BUILDING_DONE_BTN1;ОК;X;X;X;X;X;X
BUILDING_DONE_BTN2;ОК;X;X;X;X;X;X
BUILDING_DONE_BTN3;Перейти;X;X;X;X;X;X
BUILDING_DONE_MAP;Здание $NAME$ построено!;X;X;X;X;X;X
WE_NO_LONGER_GREAT_POWER_SETUP;Мы перестаем быть великой державой;X;X;X;X;X;X
WE_NO_LONGER_GREAT_POWER_1;Великая потеря!;X;X;X;X;X;X
REMOVE_WE_NO_LONGER_GREAT_POWER_2;Наша держава резко упала в глазах всего остального мира.;X;X;X;X;X;X
WE_NO_LONGER_GREAT_POWER_3;Мы перестали быть великой державой.;X;X;X;X;X;X
WE_NO_LONGER_GREAT_POWER_4;Наше место заняла держава §Y$NEWCOUNTRY$§W.;X;X;X;X;X;X
WE_NO_LONGER_GREAT_POWER_LOG;Мы перестали быть великой державой.;X;X;X;X;X;X
WE_NO_LONGER_GREAT_POWER_BTN1;Мы еще воспрянем!;X;X;X;X;X;X
WE_NO_LONGER_GREAT_POWER_MAP;Больше не великая держава!;X;X;X;X;X;X
THEY_NO_LONGER_GREAT_POWER_SETUP;Другая страна перестает быть великой державой;X;X;X;X;X;X
THEY_NO_LONGER_GREAT_POWER_1;Потеря статуса!;X;X;X;X;X;X
THEY_NO_LONGER_GREAT_POWER_2;Держава §Y$OLDCOUNTRY$§W упала в глазах всего мира, и;X;X;X;X;X;X
REMOVE_THEY_NO_LONGER_GREAT_POWER_3;потеряла свой статус великой державы, который перешел;X;X;X;X;X;X
THEY_NO_LONGER_GREAT_POWER_4;к государству §Y$NEWCOUNTRY$§W.;X;X;X;X;X;X
THEY_NO_LONGER_GREAT_POWER_LOG;Держава $OLDCOUNTRY$ перестала быть великой державой.;X;X;X;X;X;X
THEY_NO_LONGER_GREAT_POWER_BTN1;ОК;X;X;X;X;X;X
THEY_NO_LONGER_GREAT_POWER_MAP;Больше не великая держава!;X;X;X;X;X;X
COLONY_SUCCESS_HEADER;Министр внутренних дел сообщает;X;X;X;X;X;X
COLONY_SUCCESS_1;Успешная колонизация!;X;X;X;X;X;X
COLONY_SUCCESS_2;$MONARCHTITLE$, мы успешно основали колонию в регионе;X;X;X;X;X;X
COLONY_SUCCESS_4;Эта территория отныне входит в состав нашего государства.;X;X;X;X;X;X
COLONY_SUCCESS_BTN1;ОК;X;X;X;X;X;X
COLONY_SUCCESS_BTN2;ОК;X;X;X;X;X;X
COLONY_SUCCESS_BTN3;Перейти;X;X;X;X;X;X
COLONY_SUCCESS_MAP;Колонизация!;X;X;X;X;X;X
COLONY_FAIL_HEADER;Министр внутренних дел сообщает;X;X;X;X;X;X
COLONY_FAIL_1;Колонизация провалилась!;X;X;X;X;X;X
COLONY_FAIL_2;$MONARCHTITLE$, наша колония в регионе;X;X;X;X;X;X
COLONY_FAIL_4;потерпела неудачу!;X;X;X;X;X;X
COLONY_FAIL_5;Жагребущие руки державы $OTHER$ дотянулись до этой территории раньше нас.;X;X;X;X;X;X
COLONY_FAIL_BTN1;ОК;X;X;X;X;X;X
COLONY_FAIL_BTN2;ОК;X;X;X;X;X;X
COLONY_FAIL_BTN3;Перейти;X;X;X;X;X;X
COLONY_FAIL_MAP;Провал колонизации!;X;X;X;X;X;X
WE_BECAME_GREAT_POWER_SETUP;Мы становимся великой державой;X;X;X;X;X;X
WE_BECAME_GREAT_POWER_1;Возвышение!;X;X;X;X;X;X
REMOVE_WE_BECAME_GREAT_POWER_2;Наш статус в глазах ;X;X;X;X;X;X
WE_BECAME_GREAT_POWER_3;мы считаемся одной из великих держав! Ура!;X;X;X;X;X;X
WE_BECAME_GREAT_POWER_LOG;Мы стали великой державой!;X;X;X;X;X;X
WE_BECAME_GREAT_POWER_BTN1;Я знал, так и будет!;X;X;X;X;X;X
WE_BECAME_GREAT_POWER_MAP;Мы великая держава!;X;X;X;X;X;X
MODIFIER_NONE;Нет;X;X;X;X;X;X
MINIMUM_REVOLT_RISK;Минимальный риск восстания;X;X;X;X;X;X
LOCAL_REVOLT_RISK;Риск восстания в провинции;X;X;X;X;X;X
GLOBAL_REVOLT_RISK;Риск восстания;X;X;X;X;X;X
MANPOWER;Число людских ресурсов;X;X;X;X;X;X
LOCAL_MANPOWER;Число людских ресурсов в провинции;X;X;X;X;X;X
GLOBAL_MANPOWER;Число людских ресурсов;X;X;X;X;X;X
ATTRITION;Потери;X;X;X;X;X;X
MAX_WAR_EXHAUSTION;Максимум усталости от войны;X;X;X;X;X;X
FORT_LEVEL;Уровень крепости;X;X;X;X;X;X
MODIFIER_LOCAL_LEADERSHIP_MODIFIER;Очки лидерства;X;X;X;X;X;X
MODIFIER_GLOBAL_LEADERSHIP_MODIFIER;Очки лидерства;X;X;X;X;X;X
MODIFIER_SUPPLY_CONSUMPTION;Потребление припасов;X;X;X;X;X;X
MODIFIER_PEACETIME_MANPOWER_ROTATION;Ротация рекрутов в мирное время;X;X;X;X;X;X
MODIFIER_UNIT_RECRUITMENT_TIME;Время формирования подразделений;X;X;X;X;X;X
MODIFIER_UNIT_START_EXPERIENCE;Начальный опыт;X;X;X;X;X;X
MODIFIER_UNIT_REPAIR;Время на ремонт;X;X;X;X;X;X
MODIFIER_COMBAT_MOVEMENT_SPEED;Скорость передвижения в бою;X;X;X;X;X;X
MODIFIER_ATTACK_REINFORCE_CHANCE;Шансы на подкрепления в атаке;X;X;X;X;X;X
MODIFIER_DEFEND_REINFORCE_CHANCE;Шансы на подкрепления в защите;X;X;X;X;X;X
MODIFIER_COMBAT_WIDTH;Ширина фронта;X;X;X;X;X;X
MODIFIER_ORG_REGAIN;Скорость восстановления организации;X;X;X;X;X;X
MODIFIER_LAND_ORGANISATION;Организация армии;X;X;X;X;X;X
MODIFIER_AIR_ORGANISATION;Организация ВВС;X;X;X;X;X;X
MODIFIER_NAVAL_ORGANISATION;Организация ВМФ;X;X;X;X;X;X
MODIFIER_RESERVES_PENALTY_SIZE;Штрафы резервистам;X;X;X;X;X;X
MODIFIER_GLOBAL_RESOURCES;Ресурсы;X;X;X;X;X;X
MODIFIER_RESEARCH_POINTS_MODIFIER;Очки исследования;X;X;X;X;X;X
MODIFIER_DEBT_DEFAULT_TO;Отказ от долга перед;X;X;X;X;X;X
MODIFIER_IMPORT_COST;Стоимость импорта;X;X;X;X;X;X
MODIFIER_LOAN_INTEREST;Проценты по займам;X;X;X;X;X;X
MODIFIER_TAX_EFFICIENCY;Эффект-сть налогообложения;X;X;X;X;X;X
MODIFIER_MIN_TAX;Минимум налогов;X;X;X;X;X;X
MODIFIER_MAX_TAX;Максимум налогов;X;X;X;X;X;X
MODIFIER_MIN_MILITARY_SPENDING;Минимум расходов на оборону;X;X;X;X;X;X
MODIFIER_MAX_MILITARY_SPENDING;Максимум расходов на оборону;X;X;X;X;X;X
MODIFIER_MIN_SOCIAL_SPENDING;Минимум социальных расходов;X;X;X;X;X;X
MODIFIER_MAX_SOCIAL_SPENDING;Максимум социальных расходов;X;X;X;X;X;X
MODIFIER_MILITARY_MAINTENANCE;Содержание войск;X;X;X;X;X;X
MODIFIER_FACTORY_OWNER_COST;Стоимость фабрик для владельцев;X;X;X;X;X;X
MODIFIER_MIN_TARIFF;Минимум пошлин;X;X;X;X;X;X
MODIFIER_MAX_TARIFF;Максимум пошлин;X;X;X;X;X;X
MODIFIER_RULING_PARTY_SUPPORT;Поддержка правящей партии;X;X;X;X;X;X
MODIFIER_RICH_VOTE;Голос богатых;X;X;X;X;X;X
MODIFIER_MIDDLE_VOTE;Голос средних;X;X;X;X;X;X
MODIFIER_POOR_VOTE;Голос бедных;X;X;X;X;X;X
MODIFIER_MINIMUN_WAGE;Мин. зарплата;X;X;X;X;X;X
MODIFIER_POOR_LUXURY_NEEDS;Потребность в предметах роскоши для бедных;X;X;X;X;X;X
MODIFIER_FACTORY_EFFICIENCY;Эффективность работы фабрик;X;X;X;X;X;X
MODIFIER_FACTORY_MAINTENANCE;Содержание фабрик;X;X;X;X;X;X
MODIFIER_RICH_EVERYDAY_NEEDS;Ежедневные потребности для богатых;X;X;X;X;X;X
MODIFIER_MIDDLE_EVERYDAY_NEEDS;Ежедневные потребности для средних;X;X;X;X;X;X
MODIFIER_POOR_EVERYDAY_NEEDS;Ежедневные потребности для бедных;X;X;X;X;X;X
MODIFIER_UNEMPLOYMENT_BENEFIT;Пособия по безработице;X;X;X;X;X;X
MODIFIER_PENSION_LEVEL;Уровень пенсий;X;X;X;X;X;X
MODIFIER_POPULATION_GROWTH;Прирост населения;X;X;X;X;X;X
MODIFIER_FACTORY_INPUT;Затраты фабрик;X;X;X;X;X;X
MODIFIER_FACTORY_OUTPUT;Выпуск фабрик;X;X;X;X;X;X
MODIFIER_FACTORY_THROUGHPUT;Производительность фабрик;X;X;X;X;X;X
MODIFIER_RGO_INPUT;Затраты ДП;X;X;X;X;X;X
MODIFIER_RGO_OUTPUT;Выпуск ДП;X;X;X;X;X;X
MODIFIER_RGO_THROUGHPUT;Производительность ДП;X;X;X;X;X;X
MODIFIER_ARTISAN_INPUT;Затраты кустарей;X;X;X;X;X;X
MODIFIER_ARTISAN_OUTPUT;Выпуск кустарей;X;X;X;X;X;X
MODIFIER_ARTISAN_THROUGHPUT;Производительность кустарей;X;X;X;X;X;X
MODIFIER_NUMBER_OF_VOTERS;Число избирателей;X;X;X;X;X;X
MODIFIER_GOODS_DEMAND;Спросы на товары;X;X;X;X;X;X
MODIFIER_ASSIMILATION_RATE;Скорость ассимиляции;X;X;X;X;X;X
MODIFIER_PRESTIGE;Престиж;X;X;X;X;X;X
MODIFIER_FACTORY_COST;Стоимость фабрик;X;X;X;X;X;X
MODIFIER_LIFE_RATING;Уровень жизни;X;X;X;X;X;X
MODIFIER_FARM_EFFICIENCY;Эффективность сельского хозяйства;X;X;X;X;X;X
MODIFIER_MINE_EFFICIENCY;Эффективность горнодобычи;X;X;X;X;X;X
MODIFIER_FARM_SIZE;Размер ферм;X;X;X;X;X;X
MODIFIER_MINE_SIZE;Размер шахт;X;X;X;X;X;X
MODIFIER_ISSUE_CHANGE_SPEED;Политическое сознание;X;X;X;X;X;X
MODIFIER_SOCIAL_REFORM_DESIRE;Требование социальных реформ;X;X;X;X;X;X
MODIFIER_POLITICAL_REFORM_DESIRE;Требование политических реформ;X;X;X;X;X;X
MODIFIER_LITERACY_CON_IMPACT;Влияние грамотности на сознательность;X;X;X;X;X;X
MODIFIER_MIDDLE_LUXURY_NEEDS;Потребности в предметах роскоши для средних;X;X;X;X;X;X
MODIFIER_RICH_LUXURY_NEEDS;Потребности в предметах роскоши для богатых;X;X;X;X;X;X
MODIFIER_POOR_LIFE_NEEDS;Жизненные потребности для бедных;X;X;X;X;X;X
MODIFIER_RICH_LIFE_NEEDS;Жизненные потребности для богатых;X;X;X;X;X;X
MODIFIER_MIDDLE_LIFE_NEEDS;Жизненные потребности для средних;X;X;X;X;X;X
MODIFIER_POP_CONSCIOUSNESS_MODIFIER;Провинциальная сознательность;X;X;X;X;X;X
MODIFIER_RICH_INCOME_MODIFIER;Доход богатых классов;X;X;X;X;X;X
MODIFIER_MIDDLE_INCOME_MODIFIER;Доход средних классов;X;X;X;X;X;X
MODIFIER_POOR_INCOME_MODIFIER;Доход бедных классов;X;X;X;X;X;X
MODIFIER_RANDOM_PARTY_VOTES;Случайное голосование;X;X;X;X;X;X
MODIFIER_IMMIGANT_ATTRACT;Привлечение иммигрантов;X;X;X;X;X;X
MODIFIER_POOR_SAVINGS_MODIFIER;Сбережения бедных;X;X;X;X;X;X
MODIFIER_POP_MILITANCY_MODIFIER;Агрессивность населения;X;X;X;X;X;X
MODIFIER_MOBILISATION_SIZE;Размах мобилизации;X;X;X;X;X;X
MODIFIER_MOBILISATION_ECONOMY_IMPACT;Влияние мобилизации;X;X;X;X;X;X
MODIFIER_GREATPOWER_INFLUENCE_GAIN;Очки влияния;X;X;X;X;X;X
MODIFIER_DIPLOPOINTS_GAIN;Дипломатические очки;X;X;X;X;X;X
MODIFIER_SUPPLY_LIMIT;Лимит снабжения;X;X;X;X;X;X
MODIFIER_MAX_ATTRITION;Макс. потери;X;X;X;X;X;X
MODIFIER_IMMIGANT_PUSH;Напор иммиграции;X;X;X;X;X;X
NO_WAR_NAP;Договор о ненападении;X;X;X;X;X;X
DIPRELCH_DIP_SKILL;Навык дипломатии;X;X;X;X;X;X
DIPRELCH_INFLUENCE;Дипломатическое влияние;X;X;X;X;X;X
TRUCEWITH;Перемирие: $LIST$.;X;X;X;X;X;X
ATWARWITH;Война: $LIST$.;X;X;X;X;X;X
ALLIEDWITH;Военный союз: $LIST$.;X;X;X;X;X;X
LEADUNIONS;Лидер в унии: $LIST$.;X;X;X;X;X;X
INUNION;Младший партнер в унии: $LIST$.;X;X;X;X;X;X
ROYALMARRIAGE;Династический брак: $LIST$.;X;X;X;X;X;X
LEADVASSAL;Сателлиты: $LIST$.;X;X;X;X;X;X
AMVASSAL;Сателлит державы $LIST$.;X;X;X;X;X;X
HASCBON;Повод для войны: $LIST$.;X;X;X;X;X;X
GUARANTEED;Независимость гарантирована: $LIST$.;X;X;X;X;X;X
GUARANTING;Гарантирует независимость: $LIST$.;X;X;X;X;X;X
WARNED;Получено предупреждение: $LIST$.;X;X;X;X;X;X
WARNING;Дано предупреждение: $LIST$.;X;X;X;X;X;X
PAYSUB;Предоставлены военные субсидии: $LIST$.;X;X;X;X;X;X
GETSUB;Получены военные субсидии: $LIST$.;X;X;X;X;X;X
NAPWITH;Договор о ненападении: $LIST$.;X;X;X;X;X;X
NO_WAR_ALLIED;Мы не можем объявить войну своему союзнику. Сперва необходимо выйти из союза.;X;X;X;X;X;X
ACT_WARDESC;Объявление войны позволит нашим войскам атаковать их армию и вступать на их территорию. Война продолжится до тех пор, пока одна из сторон не капитулирует.;X;X;X;X;X;X
DECWARREQDESC2;Объявление войны державе $COUNTRY$.;X;X;X;X;X;X
DIP_INFLUENCECOST;Это будет стоить нам §Y$COST$§W очков влияния.;X;X;X;X;X;X
DIP_THREAT;Это увеличит уровень угрозы в провинции §Y$PROV$§W на §Y$AMOUNT$§W.;X;X;X;X;X;X
DIP_NO_INFL;У нас нет требуемых §Y$INF$§W очков влияния.;X;X;X;X;X;X
DIP_WAR_NEUTR;Мы не можем объявить войну, поскольку уровень нашего нейтралитета выше, чем текущая угроза нам. Наш нейтралитет равен §Y$NEUT$§W, а уровень угрозы между нами и державой $THEM$ позволит нам объявить войну, только когда наш нейтралитет станет равен §Y$THREAT$§W.;X;X;X;X;X;X
DIP_TO_NEUTR;Уровень нашего нейтралитета слишком высок. Сейчас он равен §Y$NOW$§W, а должен быть меньше §Y$LIM$§W.;X;X;X;X;X;X
DIP_THEY_TO_NEUTR;Уровень их нейтралитета слишком высок. Сейчас он равен §Y$NOW$§W, а должен быть меньше §Y$LIM$§W.;X;X;X;X;X;X
OFFERALLIANCEDESC;Если держава примет наше предложение и вступит с нами в союз, нам придется поддерживать ее в войнах.;X;X;X;X;X;X
CANCELALLIANCEDESC;Выход из союза приведет к разрыву всех военных обязательств между нашими странами, а также к значительному ухудшению наших отношений.;X;X;X;X;X;X
ALLIANCETITLE;Предложение военного союза;X;X;X;X;X;X
CANCELALIANCETITLE;Расторжение военного союза;X;X;X;X;X;X
ALLIANCENEWDESC;Вы действительно хотите предложить державе $COUNTRY$ заключить военный союз? Тем самым мы возьмем на себя обязательство прийти друг другу помощь в случае войны.;X;X;X;X;X;X
BREAKALLIANCENEWDESC;Вы действительно хотите расторгнуть военный союз с державой $COUNTRY$? Подобный шаг возмутит их.;X;X;X;X;X;X
ALLIANCEREQDESC;Держава $ACTOR$ предлагает нам военный союз. Дав согласие, мы возьмем на себя обязательство прийти друг другу на помощь в случае войны.;X;X;X;X;X;X
GUARANTTITLE;Гарантия независимости;X;X;X;X;X;X
GUARANTNEWDESC;Вы действительно хотите гарантировать независимость державы $COUNTRY$? Если третья страна нападет на них, то нам придется прийти им на помощь.;X;X;X;X;X;X
GUARANTDESC;Гарантия независимости даст нам возможность защитить их от любой напавшей на них страны.;X;X;X;X;X;X
HASGUARANT;Мы уже гарантируем их независимость.;X;X;X;X;X;X
CALLTITLE;Призыв союзника;X;X;X;X;X;X
CALLREQDESC;Держава $COUNTRY$, наш верный союзник, просит нашей помощи в их войне с державой(ами) $LIST$.;X;X;X;X;X;X
CALLDESC;Призвать на помощь союзников.;X;X;X;X;X;X
CALLNEWDESC;Вы действительно хотите призвать союзников, чтобы наш враг получил достойный отпор?;X;X;X;X;X;X
WARTITLE;Объявление войны;X;X;X;X;X;X
WARREQDESC;Вы действительно хотите объявить войну державе $COUNTRY$?;X;X;X;X;X;X
LIMWARTITLE;Объявление ограниченной войны;X;X;X;X;X;X
LIMWARREQDESC;Вы действительно хотите объявить ограниченную войну державе $COUNTRY$?;X;X;X;X;X;X
NAPEDESC;Обещание не объявлять друг другу войну.;X;X;X;X;X;X
CANCELNAPDESC;Отказ от обещания не объявлять друг другу войну.;X;X;X;X;X;X
NAPTITLE;Заключить пакт о ненападении;X;X;X;X;X;X
CANCELNAPTITLE;Отменить пакт о ненападении;X;X;X;X;X;X
NAPNEWDESC;Вы действительно хотите подписать договор о ненападении с державой $COUNTRY$?;X;X;X;X;X;X
BREAKNAPNEWDESC;Вы действительно хотите разорвать договор о ненападении с державой $COUNTRY$?;X;X;X;X;X;X
NAPREQDESC;Держава $ACTOR$ предлагает нам подписать договор о ненападении. Согласившись, мы пообещаем не нападать друга на друга на время действия этого пакта.;X;X;X;X;X;X
MILACCTITLE;Просьба о проходе войск;X;X;X;X;X;X
MILACCNEWDESC;Вы действительно хотите попросить у державы $COUNTRY$ разрешения для наших войск проходить через их страну, а для флота - пользоваться их портами?;X;X;X;X;X;X
MILACCDESC;Запрос на право прохода наших войск через их территорию.;X;X;X;X;X;X
MILACCREQDESC;Держава $COUNTRY$ просит предоставить ей право на проход войск. Это даст их армиям возможность проходить через нашу территорию, а флоту - пользоваться нашими портами.;X;X;X;X;X;X
CANCELMILACCDESC;Отмена права прохода наших войск через их территорию.;X;X;X;X;X;X
CANCELMILACCTITLE;Отмена прохода войск;X;X;X;X;X;X
OFFERMILACCTITLE;Предоставление прохода войск;X;X;X;X;X;X
OFFERMILACCNEWDESC;Вы действительно хотите предоставить державе $COUNTRY$ право на проход войск? Это даст их армиям возможность проходить через нашу территорию, а флоту - пользоваться нашими портами.;X;X;X;X;X;X
OFFERMILACCDESC;Разрешение их войскам и кораблям пользоваться нашей территорией.;X;X;X;X;X;X
REVOKEMILACCTITLE;Денонсация прохода войск;X;X;X;X;X;X
REVOKEMILACCNEWDESC;Вы действительно хотите отменить право на проход войск, которое мы предоставили державе $COUNTRY$? Они больше не смогут проходить через нашу территорию и пользоваться нашими портами.;X;X;X;X;X;X
REVOKEMILACCDESC;Запрет их войскам и кораблям пользоваться нашей территорией.;X;X;X;X;X;X
CANCELMILACCNEWDESC;Вы действительно хотите отменить право на проход войск, которое мы получили от державы $COUNTRY$? Мы больше не сможем проходить через их территорию и пользоваться их портами.;X;X;X;X;X;X
CANCELMILACCDESC_NOPES_TROOPS;Мы не можем отказаться от права прохода в настоящий момент, поскольку часть наших вооруженных сил все еще находится на их территории.;X;X;X;X;X;X
TRADETITLE;Предложить торговое соглашение;X;X;X;X;X;X
CANCELTRADETITLE;Разорвать торговое соглашение;X;X;X;X;X;X
TRADENEWDESC;Мы предлагаем державе §Y$COUNTRY$§W $SELL$ в обмен на $BUY$ ежедневно.;X;X;X;X;X;X
CANCELTRADENEWDESC;Вы действительно хотите разорвать наше торговое соглашение с державой $COUNTRY$? Мы прекратим обмениваться ресурсами ($SELL$ на $BUY$).;X;X;X;X;X;X
TRADEDESC;Это позволит нам вести переговоры по покупке или продаже ресурсов.;X;X;X;X;X;X
CANCELTRADEDESC;Отказ от нашего торгового соглашения.;X;X;X;X;X;X
TRADEREQDESC;Держава $COUNTRY$ предлагает нам торговое соглашение. Мы ежедневно будем предоставлять им $TO$ в обмен на $FROM$.;X;X;X;X;X;X
TRADE_DAY;$VAL$/в день;X;X;X;X;X;X
TRADE_NOTHING;нет;X;X;X;X;X;X
NO_TRADE_RULE;Мы можем обменивать ресурсы на ресурсы, только если в обеих странах установлено правило '$RULE$'.;X;X;X;X;X;X
SENDEXPEDTITLE;Послать войска;X;X;X;X;X;X
SENDEXPEDNEWDESC;Вы действительно хотите отправить державе $RECIPIENT$ экспедиционные войска, чтобы оно пользовалось ими по своему усмотрению?;X;X;X;X;X;X
SENDEXPEDDESC;Отправка нашего подразделения в качестве экспедиционных войск.;X;X;X;X;X;X
RETRIEVEEXPEDTITLE;Вернуть войска;X;X;X;X;X;X
RESENDEXPEDTITLE;Возвратить войска;X;X;X;X;X;X
RETRIEVEEXPEDNEWDESC;Вы действительно хотите вернуть это подразделение на его родину, державе §Y$RECIPIENT$§W? Если вы отдадите ему такой приказ, то оно вернется к своему владельцу §Y$DATE$§W.;X;X;X;X;X;X
RETRIEVEEXPEDDESC;Требование вернуть наши экспедиционные силы на родину.;X;X;X;X;X;X
RESENDEXPEDDESC;Возвращение экспедиционных сил обратно их владельцу.;X;X;X;X;X;X
EXPEDNEWDESC_ARMY;\nВы выбрали подразделение §Y$UNIT$§W. Число дивизий в его составе: $NUM$. Подразделение дислоцировано в провинции §Y$PROV$§W.;X;X;X;X;X;X
EXPEDNEWDESC_NAVY;\nВы выбрали подразделение §Y$UNIT$§W. Число кораблей в его составе: $NUM$. Подразделение дислоцировано в провинции §Y$PROV$§W.;X;X;X;X;X;X
EXPEDNEWDESC_AIR;\nВы выбрали подразделение §Y$UNIT$§W. Число авиакрыльев в его составе: $NUM$. Подразделение дислоцировано в провинции §Y$PROV$§W.;X;X;X;X;X;X
ASKEXPEDITIONREQDESC;Держава §Y$ACTOR$§W предлагает нам в качестве своих экспедиционных сил подразделение §G$UNIT$§W. Число $TYPE$ в его составе: $NUM$. Мы сможем пользоваться этим подразделением по своему разумению, пока его не отзовут обратно на родину. В данный момент оно находится в провинции $PROV$.;X;X;X;X;X;X
EXP_DIVISION;дивизий;X;X;X;X;X;X
EXP_SQUADRON;авиакрыльев;X;X;X;X;X;X
EXP_SHIP;кораблей;X;X;X;X;X;X
BUYLICENCETITLE;Купить лицензию;X;X;X;X;X;X
BUYLICENCENEWDESC;Вы действительно хотите приобрести лицензию на одновременное производство §Y$RUNS$§W линий подразделения типа §Y$TYPE$§W с числом единиц в серии, равным §Y$NUM$§W? Это будет стоить нам §Y$PAY$§W.;X;X;X;X;X;X
BUYLICENCEDESC;Запрос на создание нескольких подразделений, разработанных другой державой.;X;X;X;X;X;X
SELLLICENCETITLE;Продать лицензию;X;X;X;X;X;X
SELLLICENCENEWDESC;Вы действительно хотите предложить им купить лицензию на одновременное производство §Y$RUNS$§W линий подразделения типа §Y$TYPE$§W с числом единиц в серии, равным §Y$NUM$§W? Это будет стоить им §Y$PAY$§W.;X;X;X;X;X;X
SELLLICENCEDESC;Предложение другой державе создать несколько подразделений, разработанных нами.;X;X;X;X;X;X
BUYLICENCENONE;Выберите подразделение, которое будет создаваться по этой лицензии.;X;X;X;X;X;X
ASKBUYLICENCEREQDESC;Держава §Y$ACTOR$§W просит у нас разрешения и технической поддержки в производстве подразделений типа $TYPE$§W в количестве §Y$NUM$§W ед. Взамен они предлагают нам §Y$CASH$§W.;X;X;X;X;X;X
BUYLICENCE_MPCOST;Для этого нам необходимо $COST$ людских ресурсов.;X;X;X;X;X;X
ALLOWDEBTTITLE;Попросить торговать в долг;X;X;X;X;X;X
REVOKEDEBTTITLE;Отказаться от торговли в долг;X;X;X;X;X;X
ALLOWDEBTDESC_BAD;Просьба о разрешении нам во время войны накапливать задолженность при торговле с ними.;X;X;X;X;X;X
REVOKEDEBTDESC;Отказ от разрешения нам во время войны накапливать задолженность при торговле с ними.;X;X;X;X;X;X
ALLOWDEBTNEWDESC;Вы действительно хотите попросить у державы §Y$NAME$§W разрешения на накопление задолженности при торговле с ними? Это позволит нам во время войны торговать с отрицательным балансом, а накапливающийся по поставкам долг мы будем выплачивать в течение §Y$YEAR$§W лет после окончания войны. Это будет стоить нам §Y$COST$§W очков дипломатического влияния.;X;X;X;X;X;X
REVOKEDEBTNEWDESC;Вы действительно хотите отказаться от данного нам державой §Y$NAME$§W разрешения накапливать задолженность при торговле с ними? Это будет стоить нам §Y$COST$§W очков влияния.;X;X;X;X;X;X
ASKDEBTREQDESC;Держава §Y$ACTOR$§W просит позволить им накапливать задолженность при торговле с нами. Это значит, что во время войны мы не будем получать от них денег за наши поставки. Зато после войны они будут возвращать накопившийся долг в течение длительного времени. Можем ли мы разрешить им это?;X;X;X;X;X;X
REMOVE_PEACEDESC;Предложение мирного договора с минимальными изменениями границ.;X;X;X;X;X;X
PEACETITLE;Предложение мира;X;X;X;X;X;X
PEACENEWDESC;Вы действительно хотите заключить мир с державой $COUNTRY$? $SELF$. Если они согласятся, то война закончится на следующих условиях:\n$RESULT$;X;X;X;X;X;X
PEACENEWALLY;Они ведут переговоры от имени всех своих союзников.;X;X;X;X;X;X
PEACESELF;Они ведут переговоры лишь от своего имени.;X;X;X;X;X;X
PEACENEWWITHE;Все территории вернуться их довоенным владельцам.;X;X;X;X;X;X
PEACENEWPROVUS;Держава §Y$NATION$§W передаст следующие провинции: §R;X;X;X;X;X;X
PEACENEWPROVTHEM;Держава §Y$NATION$§W передаст следующие провинции: §G;X;X;X;X;X;X
PEACETO;державе §Y$REC$§W;X;X;X;X;X;X
PEACENONE;ничего;X;X;X;X;X;X
PEACEREQDESC;Держава $COUNTRY$ предлагает нам подписать мир. Если мы согласимся, то война закончится на следующих условиях: $RESULT$. Вы готовы принять их предложение?;X;X;X;X;X;X
TRADENO_PORTS;Мы не можем вести заморскую торговлю, если у одного из партнеров нет порта, через который можно было бы отправлять товары.;X;X;X;X;X;X
PEACE_NOT_LEADER;Мы можем вести переговоры только с лидером вражеских союзников.;X;X;X;X;X;X
STOPNFLDESC;Отказ от улучшения отношений с державой.;X;X;X;X;X;X
UNLIMITED;неограниченного числа;X;X;X;X;X;X
STOPINFLTITLE;Отказ от влияния на страну;X;X;X;X;X;X
STOPINFLNEWDESC;Вы действительно хотите перестать оказывать влияние на державу $RECIPIENT$?;X;X;X;X;X;X
STOPINFLDESC;Отказ от улучшения отношений с государством.;X;X;X;X;X;X
INFLUENCING_WITH;Влияет на:;X;X;X;X;X;X
ICON_LICENCE;Запрос на получение §Yлицензии§W;X;X;X;X;X;X
ICON_ALLIANCE;Предложение заключить §Yсоюз§W;X;X;X;X;X;X
ICON_ASKMIL;Просьба предоставить §Yправо на проход войск§W;X;X;X;X;X;X
ICON_OFFACC;Предложение §Yправа на проход войск§W;X;X;X;X;X;X
ICON_CALLALLY;Просьба о помощи от §Yсоюзника§W;X;X;X;X;X;X
ICON_TRADE;Предложение заключить §Yторговое соглашение§W;X;X;X;X;X;X
MESSAGE_HEAD_GOV;Министр госбезопасности сообщает;X;X;X;X;X;X
MESSAGE_HEAD_MARS;Генеральный штаб сообщает;X;X;X;X;X;X
MESSAGE_HEAD_CHAN;Министр иностранных дел сообщает;X;X;X;X;X;X
MESS_BADWORDS1;дураки;X;X;X;X;X;X
MESS_BADWORDS2;предатели;X;X;X;X;X;X
MESS_BADWORDS3;милитаристы;X;X;X;X;X;X
MESS_BADWORDS4;идиоты;X;X;X;X;X;X
DECLWAR_GUARACANCELNTEE;Мы не можем объявить войну державе, которой сами же гарантируем независимость.;X;X;X;X;X;X
CODE;РУССКИЙ;X;X;X;X;X;X
AND_TRIGGER_STARTS;•••••••Все следующие;X;X;X;X;X;X
RETREAT_TO_OI;Отступает в провинцию $WHERE$;X;X;X;X;X;X
ATTACKING_TO_OI;Атакует провинцию $WHERE$;X;X;X;X;X;X
DEFENDING_OI;Защищается;X;X;X;X;X;X
RECOVERING_OI;Получает пополнения;X;X;X;X;X;X
FROM_TECHNOLOGY;От технологий;X;X;X;X;X;X
MODIFIER_OFFICER_RECRUITMENT;Обучение офицеров;X;X;X;X;X;X
AND_MORE;и ....;X;X;X;X;X;X
DCG_TOTAL_NEED;Нам необходимо вкладывать в производство товаров народного потребления §Y$PERC$%§W нашего ПП.;X;X;X;X;X;X
DCG_MONEY_MOD;На количество денег, получаемых нами от ПП, влияют следующие модификаторы:;X;X;X;X;X;X
UTM_NO_ACCESS;§YМы не можем вступать на территорию нейтральных стран.§W\n;X;X;X;X;X;X
UTM_NOT_LEGAL_RETREAT;§YМы не можем отступать на территорию, занимаемую вражескими войсками.§W;X;X;X;X;X;X
OV_NO_VALID_ORDER;Не отдан ни один приказ.;X;X;X;X;X;X
OV_NO_VALID_PROVINCES;Не выбрана ни одна из провинций.;X;X;X;X;X;X
VASSALPROVNUM;Они получат следующее число провинций: $NUMBER$.;X;X;X;X;X;X
IS_NOT_VASSAL_OF;Не является сателлитом державы ;X;X;X;X;X;X
IS_VASSAL_OF;Является сателлитом державы ;X;X;X;X;X;X
FE_NONE_FOUND;Нет;X;X;X;X;X;X
SAVED_GAMES;Сохраненная игра;X;X;X;X;X;X
FE_PAUSED_TEXT;Пауза;X;X;X;X;X;X
PV_OCEAN;Океан;X;X;X;X;X;X
PV_OCEAN_DESC;Только корабли могут входить в эту провинцию.;X;X;X;X;X;X
CONFIRM_CANCEL_CONSTRUCTION_TITLE;Отменить производство?;X;X;X;X;X;X
CONFIRM_CANCEL_CONSTRUCTION_DESC;Вы действительно хотите отменить это производство?;X;X;X;X;X;X
DIP_THEY_PUPPET;Является сателлитом державы §Y$OVERLORD$§W;X;X;X;X;X;X
AGRESSION_WAR_PUPPET_NAME;Освобождение вассала;X;X;X;X;X;X
AGRESSION_WAR_BOXER_NAME;Восстание боксеров;X;X;X;X;X;X
AGRESSION_WAR_GUNBOAT_NAME;Сдерживание агрессора;X;X;X;X;X;X
UV_UNDER_ATTACK;Эта часть обороняется.;X;X;X;X;X;X
UV_ATTACKING;Эта часть атакует.;X;X;X;X;X;X
UV_MOVING;Эта часть движется.;X;X;X;X;X;X
UV_RETREAT;Эта часть отступает.;X;X;X;X;X;X
UV_NOT_MOBILE;Эта часть не может двигаться.;X;X;X;X;X;X
FE_MICRO;Покупка бонусов;X;X;X;X;X;X
LE_SUPPLIES;ед.;X;X;X;X;X;X
LE_FUEL;ед.;X;X;X;X;X;X
UW_LEADER_BUTTON_IRO;Назначить нового командира;X;X;X;X;X;X
UW_LEADER_BUTTON_DRO;Нажав на эту кнопку, мы сможем заменить нынешнего командующего на другого.;X;X;X;X;X;X
UW_UNITNAMES_IRO;Название подразделения;X;X;X;X;X;X
UW_UNITNAMES_DRO;Это название можно изменить в любое время на любое другое название.;X;X;X;X;X;X
UW_ALL_FIT;Все подразделения готовы к бою на 100%.;X;X;X;X;X;X
UW_FOLLOWING_HURT;Следующие подразделения понесли урон:\n;X;X;X;X;X;X
UW_TOTAL_STR_IRO;Максимальная численность равна $VALUE$.\n;X;X;X;X;X;X
UW_LOC_IRO;Текущее место дислокации.;X;X;X;X;X;X
UW_SUPPLIES_FROM;Показывает, из какой провинции это подразделение получает необходимые ему припасы.;X;X;X;X;X;X
UW_BASED_FROM;Показывает, какая провинция является базой для этого подразделения, то есть откуда оно осуществляет свои операции.;X;X;X;X;X;X
UW_SPEED;Показывает, как быстро передвигается это подразделение по карте. Оно движется со скоростью самой медленной части, входящей в его состав.;X;X;X;X;X;X
UW_UNLOAD_NOT_VALID;Мы можем выгружать подразделения, только если флот находится в порту.;X;X;X;X;X;X
UW_UNLOAD_VALID;Выгрузить это подразделение с флота на берег.;X;X;X;X;X;X
UW_LOAD_NO_FLEET_FOUND;Здесь нет флота, на который можно было бы погрузить данное подразделение.;X;X;X;X;X;X
UW_LOAD_IS_VALID;Погрузить данное подразделение на транспортный флот.;X;X;X;X;X;X
UW_DUGIN;Эта часть окапывается уже в течение §Y$CURR$§W дн., что дает ей преимущество в обороне. Максимальное время, отводимое в нашей стране на подготовку, равно §Y$CAP$§W дн.;X;X;X;X;X;X
UW_SUPPLY_STATUS;Это подразделение получило за последний день §Y$VAL$§W% необходимых ему припасов. Ежедневная потребность в припасах: $CON$;X;X;X;X;X;X
UNIT_COMBAT_WIDTH;Ширина фронта;X;X;X;X;X;X
ARMIES;Армии;X;X;X;X;X;X
NAVIES;Флотилии;X;X;X;X;X;X
AIRWINGS;Авиачасти;X;X;X;X;X;X
UW_SELECT_AIR;Выбрать все АУГ, приданные этому флоту.;X;X;X;X;X;X
UW_SELECT_LAND;Выбрать все приданные этому подразделению наземные части.;X;X;X;X;X;X
IN_FRIENDLY_FOR_ATT;Мы не несем небоевые потери в полностью дружественных провинциях.;X;X;X;X;X;X
IN_FRONT_PROV_ONLY_10;В прифронтовых провинциях мы несем 10% от уровня небоевых потерь на территории, принадлежащей врагу.\n;X;X;X;X;X;X
IN_HOSTILE_FOR_ATT;На вражеской территории мы несем максимальные небоевые потери.\n;X;X;X;X;X;X
EXIT;ВЫХОД;X;X;X;X;X;X
SELECT;ВЫБРАТЬ;X;X;X;X;X;X
MOBILIZE;МОБИЛИЗОВАТЬ;X;X;X;X;X;X
DEMOBILIZE;ДЕМОБИЛИЗОВАТЬ;X;X;X;X;X;X
BACK;НАЗАД;X;X;X;X;X;X
NO;Нет;X;X;X;X;X;X
GAIN;увеличится;X;X;X;X;X;X
LOSE;уменьшится;X;X;X;X;X;X
SM_COUNTERS;Условные значки;X;X;X;X;X;X
NO_COMMANDER;Нет командира;X;X;X;X;X;X
MORALE;Боевой дух;X;X;X;X;X;X
CATEGORY;($TYPE$)\n;X;X;X;X;X;X
NO_LEADER;(Нет командира);X;X;X;X;X;X
CV_RULEDBY;Правит $NAME$;X;X;X;X;X;X
OR;или;X;X;X;X;X;X
BUILD_COST;Стоимость строительства;X;X;X;X;X;X
MAX_ATTRITION;Макс. Потери;X;X;X;X;X;X
SUPPLY_LIMIT;Лимит снабжения;X;X;X;X;X;X
WAR_EXHAUSTION;Ежемесячный рост усталости от войны;X;X;X;X;X;X
BACK_TO_MAIN;Вернуться к главному окну.;X;X;X;X;X;X
ALLREADYTHERE;Сооружение уже построено.;X;X;X;X;X;X
NOTECH;Мы должны иметь §Y$LVL$§W-й уровень технологии §Y$TABLE$§W, чтобы построить это сооружение.;X;X;X;X;X;X
NOTBUILD;Данное сооружение нельзя построить в этой провинции.;X;X;X;X;X;X
ISBLOCKED;Строительство невозможно, так как в провинции уже есть cооружение этого типа.;X;X;X;X;X;X
CONFIRMBUILDTITLE;Подтвердите строительство;X;X;X;X;X;X
CONFIRMBUILDTEXT;Вы действительно хотите построить это cооружение?;X;X;X;X;X;X
ONGOINGBUILD;В этой провинции уже ведется строительство.;X;X;X;X;X;X
NOT_IN_CAPITAL;Сооружение '$BUILDING$' можно построить только в столице.;X;X;X;X;X;X
NOT_IN_PORT;Сооружение '$BUILDING$' можно построить только в портовом городе.;X;X;X;X;X;X
COST;Стоимость: §Y$AMOUNT$§W.\nВремя постройки: §Y$TIME$§W дн.;X;X;X;X;X;X
PROVINCE_OCCUPIED;Провинция захвачена;X;X;X;X;X;X
ATWARWITHUS;Воюет с нами;X;X;X;X;X;X
ALLIEDWITHTHEM;Наш союзник;X;X;X;X;X;X
WEGUARANTEED;Мы гарантируем их независимость;X;X;X;X;X;X
THEYGUARANTING;Гарантирует нам независимость;X;X;X;X;X;X
NEUTRAL;Нейтральная нам держава;X;X;X;X;X;X
RELATION;Наши отношения: $RELATION$;X;X;X;X;X;X
SUBJECT;Мы находимся в подчиненном положении. Не нам решать.;X;X;X;X;X;X
NODIPLOMATS;У нас нет ни одного дипломата.;X;X;X;X;X;X
NO_REBELS;Мы против повстанцев всегда и везде.;X;X;X;X;X;X
CV_NORELATION;Мы не имеем никаких отношений с ними.;X;X;X;X;X;X
BASE;Базовое значение:;X;X;X;X;X;X
NORMAL_WAR_NAME;$ORDER$$FIRST$-$SECOND$ война;X;X;X;X;X;X
AGRESSION_WAR_NAME;$ORDER$$FIRST$ захватническая война;X;X;X;X;X;X
COUNTRY_MORALE_TECH;От технологии:;X;X;X;X;X;X
DAYS;дн.;X;X;X;X;X;X
NOMONEY;У нас не хватает средств.;X;X;X;X;X;X
VASSALPROV;Они получат следующие провинции:;X;X;X;X;X;X
COREINFO;Держава $COUNTRY$ считает эту область своей национальной провинцией.;X;X;X;X;X;X
ENABLES;Доступен новый тип войск: $WHICH$.\n;X;X;X;X;X;X
NOT_FROM_THIS_GOV;В эту форму правления невозможно сразу перейти при нашем текущем типе правительства.;X;X;X;X;X;X
NO_SHIPS;Нет кораблей;X;X;X;X;X;X
NOT_EXIST;Держава $TAG$ на данный момент не существует.;X;X;X;X;X;X
NOT_SELECT;Все игроки должны сделать выбор державы.;X;X;X;X;X;X
NOALLIES;Союзников нет;X;X;X;X;X;X
ALLIES;Союзники;X;X;X;X;X;X
SHORTCUT_SHIELD;Держава $TAG$ представляет большой интерес для игры в этот период. Щелкните для ее выбора.;X;X;X;X;X;X
DECWARREQDESC;Война - это последнее средство в арсенале дипломатии. Объявление войны, особенно если у нас нет законного повода, значительно ухудшит наш образ в глазах других государств, а также пошатнет нашу стабильность. Вы действительно хотите сделать это?;X;X;X;X;X;X
IN;в;X;X;X;X;X;X
MORE_THAN_THREE_PROV;более чем трех провинциях.;X;X;X;X;X;X
DECWARDESC;Выбрав данный пункт, мы сможем предложить противнику мирный договор.;X;X;X;X;X;X
BUILDING_YEAR;Сооружение построено в §Y$DATE$§W г.;X;X;X;X;X;X
BEFORE_START;Сооружение построено до начала игры.;X;X;X;X;X;X
MIL_CONST_TIP;Формирование подразделения §Y$TYPE$§W будет завершено §Y$DATE$§W.;X;X;X;X;X;X
BUILD_CONST_TIP;Строительство сооружения §Y$BUILDING$§W будет закончено §Y$DATE$§W.;X;X;X;X;X;X
PORT;Из этой морской базы наш флот может выходить в море и проводить операции.;X;X;X;X;X;X
WARTAX_TIP;Ввести военный налог.;X;X;X;X;X;X
INCREASED;увеличился;X;X;X;X;X;X
DECREASED;уменьшился;X;X;X;X;X;X
NO_ADVISORS;Нет доступных советников.;X;X;X;X;X;X
NO_WAR_MIL_ACC;У нас есть право на проход войск через их территорию;X;X;X;X;X;X
NAVY_COMBAT_TOOLTIP;Тип: $TYPE$\nПрочность: $STR$;X;X;X;X;X;X
ISATWAR;Мы не можем просить права на проход войск у державы, с которой находимся в состоянии войны.;X;X;X;X;X;X
DIPLOICON_TIP;$TYPE$ от державы §Y$NATION$§W.\nЕсли мы не ответим до §Y$DATE$§W, это будет рассматриваться как отказ.;X;X;X;X;X;X
DIPLOICON_TIP_NONATION;$TYPE$.\nЕсли мы не ответим до §Y$DATE$§W, это будет рассматриваться как отказ.;X;X;X;X;X;X
NAVAL_COMBAT;Морские сражения;X;X;X;X;X;X
ATTACKER;Атакует:;X;X;X;X;X;X
DEFENDER;Обороняется:;X;X;X;X;X;X
UNIT_PANEL;Перегруппировка;X;X;X;X;X;X
WEANNEX;Полное присоединение.;X;X;X;X;X;X
OTHERANNEX;Полное присоединение.;X;X;X;X;X;X
AGREE;Принять;X;X;X;X;X;X
DECLINE;Отклонить;X;X;X;X;X;X
NOMANPOWER;Нам необходимо как минимум 1000 рекрутов для формирования этого подразделения.;X;X;X;X;X;X
ESTIMATE_ARIVAL;Прибудет в провинцию $PROV$ $DATE$.;X;X;X;X;X;X
UNDER_SIEGE;Провинция находится в осаде!;X;X;X;X;X;X
OCCUPIEDBY;Провинция оккупирована державой $NATION$!;X;X;X;X;X;X
OL_UNIT_MOVING;В пути в провинцию §Y$TARGET$§W.;X;X;X;X;X;X
COMBAT_MORALE;Боевой дух:;X;X;X;X;X;X
COMBAT_BREAKING;Прорыв;X;X;X;X;X;X
MAPMODE;Режим карты;X;X;X;X;X;X
LEDGER_CORE;Национальная;X;X;X;X;X;X
LEDGER_NOT_CORE;Не национальная;X;X;X;X;X;X
ACCEPT;Принять;X;X;X;X;X;X
COMBAT_ASSAULT;Штурм;X;X;X;X;X;X
PLAY;ИГРА;X;X;X;X;X;X
DOMESTIC_NATION;Страна;X;X;X;X;X;X
DOMESTIC_RELATION;Отношения ;X;X;X;X;X;X
PW_POPULATION;Население ;X;X;X;X;X;X
PW_UNITS;единиц;X;X;X;X;X;X
GOTO_HEADER;Поиск провинций;X;X;X;X;X;X
GOTO_BOX;Пожалуйста, введите название провинции, которую вы хотите найти.;X;X;X;X;X;X
GOTO_LIST_BOX;Возможные провинции;X;X;X;X;X;X
GOTO_CANCEL;Отмена;X;X;X;X;X;X
GOTO_GOTO;Перейти;X;X;X;X;X;X
TIME_AHEAD;Данная технология стоит нам слишком дорого, поскольку она опережает свое время на следующее число лет: $NUMBER$.;X;X;X;X;X;X
CHAT_NONE;Нет;X;X;X;X;X;X
ABANDON_GAME;Отказаться от игры;X;X;X;X;X;X
LOCAL_TRADE_INCOME_MODIFIER;Доход от торговли в провинции;X;X;X;X;X;X
GLOBAL_TRADE_INCOME_MODIFIER;Доход от торговли;X;X;X;X;X;X
UV_MANPOWER;Человек:;X;X;X;X;X;X
UV_REGIMENTS;Бригад:;X;X;X;X;X;X
SM_WATER;Улучшенная вода;X;X;X;X;X;X
ARMY;Армия;X;X;X;X;X;X
NAVY;Флот;X;X;X;X;X;X
CORE_IS_REVOLTER;Эта держава может быть создана из данной провинции, или же может объявить свою независимость, если восстание в ней не будет вовремя подавлено.;X;X;X;X;X;X
AMBIENT;Звуковое сопровождение;X;X;X;X;X;X
WCRD_ATT;Это война, которая была ими начата.;X;X;X;X;X;X
WCRD_DEF;Это оборонительная война, в которой от нас требуется помочь своему союзнику.;X;X;X;X;X;X
TRIGGER_OVERLORD;Сеньор;X;X;X;X;X;X
FE_TUTORIAL;Обучение;X;X;X;X;X;X
NO_EFFECT;Нет эффектов;X;X;X;X;X;X
NONE_AVAILABLE;Недоступно.;X;X;X;X;X;X
EXPIRES_ON;Срок действия истекает §Y$DATE$§W;X;X;X;X;X;X
FINISHED_ON;Строительство будет завершено $DATE$.;X;X;X;X;X;X
FE_TRIALS;Задания;X;X;X;X;X;X
CD_AGREEMENTS;Торговое соглашение: $LIST$.;X;X;X;X;X;X
CD_GIVESACCESS;Предоставлен проход войск: $LIST$.;X;X;X;X;X;X
CD_HASACCESS;Получен проход войск: $LIST$.;X;X;X;X;X;X
PW_RESET;Сброс;X;X;X;X;X;X
OURWARALLY;Союзник в войне;X;X;X;X;X;X
CONFIRMMISSIONTEXT;Вы действительно хотите отправить миссионера в провинцию $PROV$?;X;X;X;X;X;X
COST_TIME;Стоимость: §Y$AMOUNT$§W\nСрок: §Y$TIME$§W дн.;X;X;X;X;X;X
ADD_SUB_UNIT_EFFECT;Будет получено подразделение типа '$UNIT$' в провинции §Y$WHERE$§W.;X;X;X;X;X;X
CHANGE_CONTROLLER_EFFECT;Держава §Y$WHO$§W возьмет контроль над провинцией §Y$WHERE$§W.\n;X;X;X;X;X;X
WAR_EFFECT;Будет объявлена война державе §Y$WHO$§W.\n;X;X;X;X;X;X
CONFIRMSAVETITLE;Сохранение;X;X;X;X;X;X
CONFIRMSAVETEXT;Сохраненная игра с таким именем уже существует. Переписать?;X;X;X;X;X;X
PW_TRADE_VALUE;Оборот:;X;X;X;X;X;X
PROV_TRADE_VALUE;Доля провинции в обороте торгового центра.;X;X;X;X;X;X
NO_SEPARATE_PEACE;Страны, которые не являются лидерами альянсов, не могут заключать между собой сепаратный мир.;X;X;X;X;X;X
DIPCHANCE_VLIKELY;Вероятнее всего;X;X;X;X;X;X
DIPCHANCE_IMPOSSIBLE;Невероятно;X;X;X;X;X;X
DIPCHANCE_VUNLIKELY;Крайне маловероятно;X;X;X;X;X;X
DIPCHANCE_UNLIKELY;Маловероятно;X;X;X;X;X;X
DIPCHANCE_MAYBE;Возможно;X;X;X;X;X;X
DIPCHANCE_LIKELY;Вероятно;X;X;X;X;X;X
REMOVE_M_GOTO_BUTTON;Найти провинцию;X;X;X;X;X;X
M_LEDGER_BUTTON;Летопись;X;X;X;X;X;X
M_MENU_BUTTON;Меню;X;X;X;X;X;X
M_HOME_BUTTON;Перейти к столице;X;X;X;X;X;X
ONLY_HOST_SPEED;Только сервер может изменять скорость игры.;X;X;X;X;X;X
PW_GROWTH;Рост;X;X;X;X;X;X
NOPORTOTHERCONTINENT;До этой провинции нельзя добраться ни через один из портов, связанных с нашей столицей.;X;X;X;X;X;X
RELATION_CHANGE_VALUE;Ожидаемое изменение за год:;X;X;X;X;X;X
TAG_CHANGE;Провозгласит себя державой $NEW$.\n;X;X;X;X;X;X
PV_OCCUPIED_BY;§YКонтроль: $NAME$§W;X;X;X;X;X;X
BG_COUNTRY;ДЕРЖАВА:;X;X;X;X;X;X
LOAD_GAME_FAILED;Ошибка при загрузке игры.;X;X;X;X;X;X
MP_FEW_PLAYERS;Чтобы начать игру, необходимо несколько игроков.;X;X;X;X;X;X
NATIONALISM_LASTS;Националистические выступления продлятся до;X;X;X;X;X;X
LEDGER_NO_GRAPH_DATA;Для создания графиков недостаточно данных.;X;X;X;X;X;X
MENU_MESSAGES_RESET;Сброс;X;X;X;X;X;X
COL_CONST_TIP_FROM_SHIP;Колонист прибудет в пункт назначения ($LOCATION$) $DATE$.;X;X;X;X;X;X
STRAITS;Узкий пролив через §Y$SEA$§W соединяет эту провинцию с провинцией §Y$PROV$§W.;X;X;X;X;X;X
STRAITSDESC;Армии могут пересекать проливы, не пересаживаясь на корабли. Однако расположившийся в проливе вражеский флот сделает переправу невозможной.;X;X;X;X;X;X
SAVE_DONE;§GГотово§W;X;X;X;X;X;X
FOR_PLAYER;Для игрока:;X;X;X;X;X;X
FOR_AI;Для ИИ:;X;X;X;X;X;X
MODIFIER_TECHNOLOGY_COST;Стоимость технологий;X;X;X;X;X;X
MODIFIER_REINFORCE_SPEED;Скорость пополнения полков;X;X;X;X;X;X
UV_SHIPS;Кораблей:;X;X;X;X;X;X
BATTLES_SCORE;Битвы:;X;X;X;X;X;X
ALLIANCE_EFFECT;Будет заключен военный союз с державой §Y$WHO$§W.\n;X;X;X;X;X;X
KILL_RULER_EFFECT;Умрет текущий правитель (§Y$NAME$§W).\n;X;X;X;X;X;X
KILL_LEADER_EFFECT;Умрет командующий §Y$NAME$§W.\n;X;X;X;X;X;X
SPAWN_EVENT;Произойдет событие '$WHICH$'.\n;X;X;X;X;X;X
MODIFIER_REMOVED;$WHERE$: перестанет действовать модификатор '§Y$WHAT$§W'.\n;X;X;X;X;X;X
LAND_ATTRITION;Небоевые потери на суше;X;X;X;X;X;X
NAVAL_ATTRITION;Небоевые потери на море;X;X;X;X;X;X
STARTED; начата в ;X;X;X;X;X;X
LOST;§RРазгром;X;X;X;X;X;X
YOU_LOST;§RМы проиграли;X;X;X;X;X;X
YOU_WON;§GМы выиграли;X;X;X;X;X;X
OPTION_CHANGED;Параметр '$FROM$' изменен. Новое значение: '$TO$'.;X;X;X;X;X;X
THE_YEAR_IS_BEFORE;Год до ;X;X;X;X;X;X
THE_YEAR_IS_AFTER;Год после ;X;X;X;X;X;X
HAVE_LESS_THAN;Имеет меньше ;X;X;X;X;X;X
HAVE_MORE_THAN;Имеет больше или равно ;X;X;X;X;X;X
WAR_EXHAUSTION_MORE_THAN;Усталость от войны больше или равна ;X;X;X;X;X;X
WAR_EXHAUSTION_LESS_THAN;Усталость от войны меньше ;X;X;X;X;X;X
HAVE_LESS_MANPOWER_THAN;Людские ресурсы меньше ;X;X;X;X;X;X
HAVE_MORE_MANPOWER_THAN;Людские ресурсы больше или равны ;X;X;X;X;X;X
HAVE_CONTROL_OVER;Контролирует провинцию ;X;X;X;X;X;X
HAVENT_CONTROL_OVER;Не контролирует провинцию ;X;X;X;X;X;X
HAVENT_CORE;Не считает национальной провинцию ;X;X;X;X;X;X
HAVE_CORE_IN;Считает национальной провинцию ;X;X;X;X;X;X
HAVE_LESS_CITIES_THAN;Число городов меньше ;X;X;X;X;X;X
HAVE_MORE_CITIES_THAN;Число городов больше или равно ;X;X;X;X;X;X
HAVE_LESS_PORTS_THAN;Число родных портов меньше ;X;X;X;X;X;X
HAVE_MORE_PORTS_THAN;Число родных портов больше или равно ;X;X;X;X;X;X
HAVE_LESS_ALLIES_THAN;Число союзников меньше ;X;X;X;X;X;X
HAVE_MORE_ALLIES_THAN;Число союзников больше или равно ;X;X;X;X;X;X
IS_ENABLED; Доступно для принятия;X;X;X;X;X;X
IS_DISABLED; Не доступно для принятия;X;X;X;X;X;X
HAVE;Есть ;X;X;X;X;X;X
HAVE_NOT;Нет ;X;X;X;X;X;X
HAS_NOT;Нет ;X;X;X;X;X;X
EXISTS; не существует;X;X;X;X;X;X
DOSNT_EXISTS; существует;X;X;X;X;X;X
DO_NOT_HAVE_A;Нет ;X;X;X;X;X;X
HAVE_A;Есть ;X;X;X;X;X;X
HAVE_LESS_PROVINCE_THAT_PRODUCES_THEN;Число провинций, производящих $GOODS$, меньше ;X;X;X;X;X;X
HAVE_MORE_PROVINCE_THAT_PRODUCES_THEN;Число провинций, производящих $GOODS$, больше или равно ;X;X;X;X;X;X
HAVE_AT_LEST_ONE_OWNED_NEIGHBORING_PROVINCE;Владеет хотя бы одной соседней провинцией, такой что:;X;X;X;X;X;X
HAVE_NO_OWNED_NEIGHBORING_PROVINCE;Не владеет ни одной соседней провинцией, такой что:;X;X;X;X;X;X
DO_NOT_OWN;Не владеет провинцией ;X;X;X;X;X;X
OWNS;Владеет провинцией ;X;X;X;X;X;X
DO_NOT_CONTROL;Не контролирует провинцию ;X;X;X;X;X;X
CONTROLS;Контролирует провинцию ;X;X;X;X;X;X
IS_NOT;Не ;X;X;X;X;X;X
HAVE_THE_MODIFIER;Есть национальный модификатор ;X;X;X;X;X;X
DONT_HAVE_THE_MODIFIER;Нет национального модификатора ;X;X;X;X;X;X
DONT_HAVE_THE_PROVICEN_MODIFIER;Нет провинциального модификатора ;X;X;X;X;X;X
HAVE_THE_PROVINCE_MODIFIER;Есть провинциальный модификатор ;X;X;X;X;X;X
HAVE_A_PORT_IN;Есть порт в провинции ;X;X;X;X;X;X
HAVE_NOT_A_PORT_IN;Нет порта в провинции ;X;X;X;X;X;X
HAVE_COUNTRY_FLAG;Установлен национальный флаг ;X;X;X;X;X;X
HAVE_NOT_COUNTRY_FLAG;Не установлен национальный флаг ;X;X;X;X;X;X
HAVE_PROVINCE_FLAG;Установлен провинциальный флаг ;X;X;X;X;X;X
HAVE_NOT_PROVINCE_FLAG;Нн установлен провинциальный флаг ;X;X;X;X;X;X
IS_NOT_ON_THE_CONTINET; Не находится на континенте ;X;X;X;X;X;X
IS_ON_THE_CONTINET; Находится на континенте ;X;X;X;X;X;X
DONT_HAVE_A_X_INY;Нет сооружения '$X$' в провинции $Y$;X;X;X;X;X;X
HAVE_A_X_INY;Есть сооружение '$X$' в провинции $Y$;X;X;X;X;X;X
PURE_REVOLT_RISK_LOWER_THAN;Базовый риск восстания меньше ;X;X;X;X;X;X
PURE_REVOLT_RISK_HIGHER_THAN;Базовый риск восстания больше или равен ;X;X;X;X;X;X
REVOLT_RISK_LOWER_THAN;Риск восстания меньше ;X;X;X;X;X;X
REVOLT_RISK_HIGHER_THAN;Риск восстания больше или равен ;X;X;X;X;X;X
IS_NOT_NEIGHBOUR_WITH;Не соседствует с ;X;X;X;X;X;X
IS_NEIGHBOUR_WITH;Соседствует с ;X;X;X;X;X;X
HAVE_LESS_UNITS_IN_THAN;: Число подразделений в провинции $PROVINCE$ меньше ;X;X;X;X;X;X
HAVE_MORE_UNITS_IN_THAN;: Число подразделений в провинции $PROVINCE$ больше или равно ;X;X;X;X;X;X
HAVE_MORE_THAN_INFANTRY_IN;: Число полков пехоты в провинции $Province$ больше или равно $UNITS$;X;X;X;X;X;X
HAVE_LESS_THAN_INFANTRY_IN;: Число полков пехоты в провинции $Province$ меньше $UNITS$;X;X;X;X;X;X
IS_AT_PEACE_WITH;Не воюет с державой ;X;X;X;X;X;X
IS_AT_WAR_WITH;Воюет с державой ;X;X;X;X;X;X
HAS_NO_TRUCE_WITH;Нет перемирия с державой ;X;X;X;X;X;X
HAS_TRUCE_WITH;Есть перемирие с державой ;X;X;X;X;X;X
HAVE_NO_UNITS_IN_BATTLE;Ни одно из подразделений не участвует в битве;X;X;X;X;X;X
HAVE_UNITS_IN_BATTLE;Хотя бы одно подразделение участвует в битве;X;X;X;X;X;X
HAVE_A_UNITS_WITH_A_LEADER;Хотя бы в одной армии есть командующий;X;X;X;X;X;X
HAVE_NO_UNITS_WITH_A_LEADER;Ни у одной армии нет командующего;X;X;X;X;X;X
HAVE_A_NAVY_SMALLER_THAN;Весь флот (в процентах от лимита) меньше ;X;X;X;X;X;X
HAVE_A_NAVY_LARGER_THAN;Весь флот (в процентах от лимита) больше или равен ;X;X;X;X;X;X
HAVE_A_ARMY_SMALLER_THAN;Вся армия (в процентах от лимита) меньше ;X;X;X;X;X;X
HAVE_A_ARMY_LARGER_THAN;Вся армия (в процентах от лимита) больше или равна ;X;X;X;X;X;X
HAVE_A_PERCENTAGE_OF_OVERSEAS_PROVINCE_LARGER_THAN;Процент заморских провинций выше или равен ;X;X;X;X;X;X
HAVE_A_PERCENTAGE_OF_OVERSEAS_PROVINCE_SMALLER_THAN;Процент заморских провинций ниже ;X;X;X;X;X;X
HAVE_NOT_THE_LEADER;Нет командующего ;X;X;X;X;X;X
HAVE_THE_LEADER;Есть командующий ;X;X;X;X;X;X
HAVE_N0T_ALLIANCE_WITH;Не находится в союзе с державой ;X;X;X;X;X;X
HAVE_ALLIANCE_WITH;Находится в союзе с державой ;X;X;X;X;X;X
PROVINCE_IS_NOT;Провинция - не ;X;X;X;X;X;X
PROVINCE_IS;Провинция - ;X;X;X;X;X;X
LESS_THAN; меньше ;X;X;X;X;X;X
GREATER_THAN; больше или равно ;X;X;X;X;X;X
HAVE_MORE_MANPOWER_THEN_MAXIMUM;Людские ресурсы больше максимума;X;X;X;X;X;X
HAVE_LESS_MANPOWER_THEN_MAXIMUM;Людские ресурсы меньше максимума;X;X;X;X;X;X
HAVE_LESS_BADBOY_THAN;Бесчестье меньше ;X;X;X;X;X;X
HAVE_MORE_BADBOY_THAN;Бесчестье больше ;X;X;X;X;X;X
THE_NUMBER_OF_REVOLT_FRACTION_IS_MORE_THAN;Число восстаний больше или равно ;X;X;X;X;X;X
THE_NUMBER_OF_REVOLT_FRACTION_IS_LESS_THAN;Число восстаний меньше ;X;X;X;X;X;X
TECHNOLOGY_LOWER_THAN; меньше ;X;X;X;X;X;X
TECHNOLOGY_HIGHER_THAN; больше или равно ;X;X;X;X;X;X
HAVE_NOT_ANY_NEIGHBOR;Нет соседей;X;X;X;X;X;X
HAVE_ANY_NEIGHBOR;Есть хотя бы один сосед;X;X;X;X;X;X
HAVE_NOT_CASUS_BELLI_AGAINST;Нет повода для войны с державой ;X;X;X;X;X;X
HAVE_CASUS_BELLI_AGAINST;Есть повод для войны с державой ;X;X;X;X;X;X
IS_NOT_AI;Не находится под управлением ИИ;X;X;X;X;X;X
IS_AI;Находится под управлением ИИ;X;X;X;X;X;X
THEN_NUMBER_OF_REVOLTS_ARE_LESS_THAN;Число восставших провинций меньше ;X;X;X;X;X;X
THEN_NUMBER_OF_REVOLTS_ARE_MORE_THAN;Число восставших провинций больше или равно ;X;X;X;X;X;X
OR_TRIGGER_STARTS;Одно из следующих условий должно быть выполнено;X;X;X;X;X;X
NEIGHBOR_COUNTRY_STARTS;Любая соседняя держава;X;X;X;X;X;X
TRIGGER_NUM;Область действия;X;X;X;X;X;X
TRIGGER_ALLY;Любой союзник;X;X;X;X;X;X
TRIGGER_OWNER;Владелец провинции;X;X;X;X;X;X
TRIGGER_CONTROLLER;Контроллер провинции;X;X;X;X;X;X
TRIGGER_CAPITAL;Столица;X;X;X;X;X;X
TRIGGER_SEA_ZONE;Удаленная морская зона;X;X;X;X;X;X
TRIGGER_THIS;Этот;X;X;X;X;X;X
TRIGGER_FROM;От;X;X;X;X;X;X
TRIGGER_LOCAL_ENEMY;Местный враг;X;X;X;X;X;X
CONFIRMBUILDTEXTLEDGER;Вы действительно хотите построить сооружение $BUILDING$ в провинции $PROVINCE$?\n;X;X;X;X;X;X
CORE_IS_REVOLTER_CAPITAL;Этот город является потенциальной столицей этой державы.;X;X;X;X;X;X
REVOLTRISK_EFFECT;Риск восстания в провинции $WHERE$ $DIRECTION$ на $VALUE$.\n;X;X;X;X;X;X
LEDGER_CANT_BUILD_THIS_TECH;Наш текущий технологический уровень не позволяет нам построить это сооружение.;X;X;X;X;X;X
LEDGER_CANT_BUILD_THIS_FULL;Уже построено во всех провинциях.;X;X;X;X;X;X
LEDGER_OVERALL;Всего;X;X;X;X;X;X
THEYGUARANT;Они гарантируют нашу независимость, поэтому мы не можем гарантировать им их свободу.;X;X;X;X;X;X
THEYWARN;Они уже предупредили нас первыми, поэтому мы не можем сделать им предупреждение в ответ.;X;X;X;X;X;X
WCRD_GUA;Мы гарантируем их независимость.;X;X;X;X;X;X
WCRD_WARNING;Мы предупредили державу $WHO$, что это будет их последнее территориальное требование.;X;X;X;X;X;X
VARIABLE;Переменная ;X;X;X;X;X;X
IS_GREATER_THAN; больше ;X;X;X;X;X;X
IS_EQUAL_OR_LESS_THAN; меньше или равно ;X;X;X;X;X;X
RANDOM_EFFECT;§Y$CHANCE$%§W вероятность:\n;X;X;X;X;X;X
RANDOM_LIST_EFFECT;Произойдет одно из §Y$SIZE$§W следующих событий.\n;X;X;X;X;X;X
ANY_PROVINCE_STARTS;Любая провинция во владении;X;X;X;X;X;X
EFFECT_AND;...и;X;X;X;X;X;X
EFFECT_MORE;более.;X;X;X;X;X;X
OUR_RULER;Наш правитель;X;X;X;X;X;X
THEIR_RULER;Их правитель;X;X;X;X;X;X
OCCUPIED_PROVINCES;Оккупированные провинции;X;X;X;X;X;X
CREATE_REBELS;В провинции §Y$WHERE$§W группа повстанцев §Y$TYPE$§W поднимет восстание. Число бригад мятежников будет равно §R$SIZE$.\n;X;X;X;X;X;X
NATIONALISM_LOWER_THAN;Национализм меньше ;X;X;X;X;X;X
NATIONALISM_HIGHER_THAN;Национализм больше ;X;X;X;X;X;X
KNOWN_COUNTRY_STARTS;Любая известная держава;X;X;X;X;X;X
EXTRA_NATIONALISM_DESC;В провинции $WHERE$ срок национализма $DIRECTION$ на $VALUE$ лет.\n;X;X;X;X;X;X
HAVE_DIPLOMATIC_RELATION;имеет отношения в;X;X;X;X;X;X
WITHL;с державой;X;X;X;X;X;X
WITHG;или выше с державой;X;X;X;X;X;X
IS_NOT_IN_THE_REGION;Не находится в регионе ;X;X;X;X;X;X
IS_IN_REGION;Находится в регионе ;X;X;X;X;X;X
NOT_OWNED_BY;Не находится во владении державы ;X;X;X;X;X;X
OWNED_BY;Находится во владении державы ;X;X;X;X;X;X
NOT_CONTROLLED_BY;Не контролируется державой ;X;X;X;X;X;X
CONTROLLED_BY;Контролируется державой ;X;X;X;X;X;X
RIVALSWITH;Естественные враги: $LIST$.;X;X;X;X;X;X
THREATENEDBY;Считает угрозой себе: $LIST$.;X;X;X;X;X;X
HAVE_NO_UNITS_IN;Держава $COUNTRY$ не держит войска в провинции $PROVINCE$;X;X;X;X;X;X
HAVE_UNITS_IN;Держава $COUNTRY$ держит войска в провинции $PROVINCE$;X;X;X;X;X;X
NEIGHBOR_PROVINCE_STARTS;Любая соседняя провинция;X;X;X;X;X;X
AT_LEAST;Как минимум;X;X;X;X;X;X
IMMEDIATEEFFECT;Немедленный эффект: \n;X;X;X;X;X;X
IS_SUBJECT;Является зависимой державой;X;X;X;X;X;X
IS_NOT_SUBJECT;Не является зависимой державой;X;X;X;X;X;X
DEFINE_RULER_EFFECT;§Y$NAME$§W станет правителем.\n;X;X;X;X;X;X
ANY_ALL;Любая/Все;X;X;X;X;X;X
CANT_SEE_UNDER_FOW;Мы не можем получить более подробные данные без прямого доступа к этой территории.;X;X;X;X;X;X
VASSAL_TIMER;Мы не можем предложить это до $DATE$.;X;X;X;X;X;X
INDEF;Конец;X;X;X;X;X;X
MISS_DIST_CAPITAL;Расстояние до столицы;X;X;X;X;X;X
FE_NUM_PLAYERS;Число игроков: $NUM$;X;X;X;X;X;X
IS_NOT_COUNTRY_CORE;Не является национальной провинцией державы $COUNTRYADJ$;X;X;X;X;X;X
IS_COUNTRY_CORE;Является национальной провинцией державы $COUNTRYADJ$;X;X;X;X;X;X
ITS_OWNER;являющейся ее владельцем;X;X;X;X;X;X
NOT_POSSIBLE_CAUSE;Невозможно. Не выполнены следующие условия:;X;X;X;X;X;X
ALLOWED_CAUSE;Возможно. Все условия выполнены:;X;X;X;X;X;X
HAVE_MORE_MONEY_THAN;Ежемесячный доход не меньше ;X;X;X;X;X;X
HAVE_LESS_MONEY_THAN;Ежемесячный доход меньше ;X;X;X;X;X;X
TRIG_IS;является;X;X;X;X;X;X
TRIG_ISNOT;Не является;X;X;X;X;X;X
OPTIONS;НАСТРОЙКИ;X;X;X;X;X;X
CANT_NEGOTIATE_UNTIL;Мы не можем снова вести переговоры с повстанцами до;X;X;X;X;X;X
WONT_NEGOTIATE;Они не будут вести с нами переговоры, пока не будут соблюдены следующие условия:;X;X;X;X;X;X
ALWAYS_FALSE;Никогда;X;X;X;X;X;X
ALWAYS_TRUE;Всегда;X;X;X;X;X;X
REMOVE_FOW;Снимает туман войны с державы $COUNTRY$ на $MONTHS$ мес.;X;X;X;X;X;X
IS_NOT_CAPITAL; Не является столицей;X;X;X;X;X;X
IS_CAPITAL; Является столицей;X;X;X;X;X;X
WAR_EXHUASTION_LABEL;Военная усталость;X;X;X;X;X;X
WE_MODIFIED_BY;Изменяется каждый месяц в результате следующих факторов:;X;X;X;X;X;X
WARE_EFFECTS;Усталость от войны имеет следующие эффекты:;X;X;X;X;X;X
FOW_IS_NOT_LIFTED;Нет тумана войны;X;X;X;X;X;X
FOW_IS_LIFTED;Есть туман войны;X;X;X;X;X;X
HAVE_GLOBAL_FLAG;Установлен глобальный флаг ;X;X;X;X;X;X
HAVE_NOT_GLOBAL_FLAG;Не установлен глобальный флаг ;X;X;X;X;X;X
ANY_CORE_STARTS;Любая страна с претензиями;X;X;X;X;X;X
LIKELY_REBELS;Вероятные повстанцы;X;X;X;X;X;X
PROFIT_GAIN;увеличивается;X;X;X;X;X;X
PROFIT_LOSS;уменьшается;X;X;X;X;X;X
REINFORCE_INFO_TEXT;Если у населения достаточно резервов, то эта армия будет получать в данной провинции пополнения в размере §Y$VALUE$§W ежемесячно. Местный показатель пополнения равен §Y$LOCAL$§W%, и мы получаем бонус от технологии в размере §Y+$COUNTRY$§W%.;X;X;X;X;X;X
THE_MONTH_IS_BEFORE;На дворе еще не ;X;X;X;X;X;X
THE_MONTH_IS_AFTER;На дворе уже ;X;X;X;X;X;X
DM_MAX;При максимуме;X;X;X;X;X;X
WEWAR;Мы не можем это сделать, поскольку находимся с ними в состоянии войны.;X;X;X;X;X;X
STABHIT_FROM_MIL_ACCESS;проход войск;X;X;X;X;X;X
THEYATWAR;Мы не можем это сделать, поскольку они находятся в состоянии войны.;X;X;X;X;X;X
MS_BAD_VERSION;Неправильная версия. Пожалуйста, установите последнее обновление.;X;X;X;X;X;X
CREATE_WAVES;Создание волн;X;X;X;X;X;X
OL_SHIPS;Флотилии;X;X;X;X;X;X
OL_TROOPS;Армии;X;X;X;X;X;X
OL_COLONISTS_DESC;Шансы на успешную колонизацию составляют §Y$CHANCE$§W%. На данный момент в провинции численность колонистов равна §Y$NUM$§W, а туземного населения - §Y$NATIVES$§W.;X;X;X;X;X;X
OL_NONE;нет;X;X;X;X;X;X
OL_ARMY;Эта армия ($COMMANDER$) находится в провинции §Y$PROV$§W.;X;X;X;X;X;X
OL_NOCOMMANDER;командующего нет;X;X;X;X;X;X
OL_COMMANDER;командующий - $COMMANDER$;X;X;X;X;X;X
OL_ARMY_MOVE;Движется в провинцию §Y$DEST$§W.;X;X;X;X;X;X
OL_NAVY;Эта флотилия ($COMMANDER$) находится в провинции §Y$PROV$§W.;X;X;X;X;X;X
OL_NAVY_MOVE;Движется в провинцию §Y$DEST$§W.;X;X;X;X;X;X
OL_NAVAL_BASE;К морской базе провинции $PROV$ приписаны подразделения числом $NUM$.;X;X;X;X;X;X
OL_AIR_UNITS;Авиачасти;X;X;X;X;X;X
OL_AIR;Эта авиачасть ($COMMANDER$) находится в провинции §Y$PROV$§W.;X;X;X;X;X;X
OL_AIR_MOVE;Движется в провинцию §Y$DEST$§W.;X;X;X;X;X;X
OL_AIR_BASE;К авиабазе провинции $PROV$ приписаны подразделения числом $NUM$.;X;X;X;X;X;X
OL_COMBATS;Наземные битвы;X;X;X;X;X;X
OL_NAVAL_COMBAT;Морские сражения;X;X;X;X;X;X
OL_AIR_COMBAT;Воздушные битвы;X;X;X;X;X;X
OL_LAND_COMBAT_ATTACK;Шансы на успешное развитие нашей атаки сейчас равны §Y$PROGRESS$%§W. Во главе наших войск стоит §Y$OUR_LEAD$§W, под чьим началом находятся бригады в количестве §Y$OUR_NUM$§W единиц (еще §Y$OUR_RES$§W находится в резерве). Нам противостоят $ENEMY$ войска, чьим командующим является §Y$THEIR_LEAD$§W. Количество бригад противника: §Y$THEIR_NUM$§W (еще §Y$THEIR_RES$§W в резерве).;X;X;X;X;X;X
OL_LAND_COMBAT_DEFEND;Мы находимся в обороне, и шансы противника прорвать ее пока равны §R$PROGRESS$%§W. Во главе наших войск стоит §Y$OUR_LEAD$§W, под чьим началом находятся бригады в количестве §Y$OUR_NUM$§W единиц (еще §Y$OUR_RES$§W находится в резерве). Нам противостоят $ENEMY$ войска, чьим командующим является §Y$THEIR_LEAD$§W. Количество бригад противника: §Y$THEIR_NUM$§W (еще §Y$THEIR_RES$§W в резерве).;X;X;X;X;X;X
OL_BOMB_ON_US;Вражеские бомбардировки;X;X;X;X;X;X
OL_WE_BOMB;Наши бомбардировки;X;X;X;X;X;X
OL_WING;Авиакрылья;X;X;X;X;X;X
NO_LEADER_FOR_THIS_1;Эта дивизия нуждается в командире.;X;X;X;X;X;X
NO_LEADER_FOR_THIS_2;Генерал не может вести в бой отдельную бригаду.;X;X;X;X;X;X
LEADER_COMMAND_INFO;Командующий: §Y$NAME$§W (Навык: §Y$SKILL$§W)\n;X;X;X;X;X;X
DIPRELCH_DEPENDENCY;Отношения между сателлитом и метрополией;X;X;X;X;X;X
RELATION_CAPPED;Отношения не могут улучшиться выше этого значания даже с учетом постоянных изменений.;X;X;X;X;X;X
GGCOINS_BAD_LOGIN;Неверное имя пользователя или пароля;X;X;X;X;X;X
OV_CONT;При установке этого параметра задание будет начато немедленно, а его выполнение будет продолжаться до отмены игроком.;X;X;X;X;X;X
ALLOWDEBTDESC;Просьба о разрешении нам во время войны накапливать задолженность при торговле с ними.;X;X;X;X;X;X
ITEM_RESEARCH_START;Начать исследование;X;X;X;X;X;X
AI;ИИ;X;X;X;X;X;X
ANY_CORE_PROVINCE;Любая национальная провинция;X;X;X;X;X;X
OL_COMBAT;Сражения;X;X;X;X;X;X
OL_ARMIES;Армии;X;X;X;X;X;X
OL_NAVIES;Флотилии;X;X;X;X;X;X
OL_STATEBUILDING_CONSTRUCTION;Строительство фабрик;X;X;X;X;X;X
OL_PROVINCE_CONSTRUCTION;Строительство в провинциях;X;X;X;X;X;X
OL_ARMY_CONSTRUCTION;Формирование бригад;X;X;X;X;X;X
OL_NAVY_CONSTRUCITON;Строительство кораблей;X;X;X;X;X;X
REMOVE_OL_SIEGES;Оккупации;X;X;X;X;X;X
REMOVE_OL_HOSTILE_SIEGES;Вражеские осады;X;X;X;X;X;X
OL_COMBAT_TOOLTIP;Подразделение §Y$ARMY_NAME$§W сражается с подразделением противника §Y$OPPOSING_ARMY$§W в провинции §Y$LOCATION$§W.;X;X;X;X;X;X
OL_NAVAL_COMBAT_TOOLTIP;Подразделение §Y$NAVY_NAME$§W сражается с подразделением противника §Y$OPPOSING_NAVY$§W в провинции §Y$LOCATION$§W.;X;X;X;X;X;X
OL_ARMIES_TOOLTIP;Подразделение §Y$ARMY_NAME$§W находится в провинции §Y$LOCATION$§W.;X;X;X;X;X;X
OL_NAVIES_TOOLTIP;Подразделение §Y$NAVY_NAME$§W находится в провинции §Y$LOCATION$§W.;X;X;X;X;X;X
OL_STATEBUILDING_CONSTRUCTION_TOOLTIP;Сейчас строится §Y$CONSTRUCTION$§W в провинции §Y$LOCATION$§W.;X;X;X;X;X;X
OL_PROVINCE_CONSTRUCTION_TOOLTIP;Сейчас строится §Y$CONSTRUCTION$§W в провинции §Y$LOCATION$§W.;X;X;X;X;X;X
OL_ARMY_CONSTRUCTION_TOOLTIP;Сейчас формируется подразделение §Y$CONSTRUCTION$§W в провинции §Y$LOCATION$§W.;X;X;X;X;X;X
OL_NAVY_CONSTRUCTION_TOOLTIP;Сейчас фомируется подразделение §Y$CONSTRUCTION$§W в провинции §Y$LOCATION$§W.;X;X;X;X;X;X
OL_SIEGES_TOOLTIP;Мы оккупируем провинцию §Y$PROVINCE$§W.;X;X;X;X;X;X
OL_HOSTILE_SIEGES_TOOLTIP;Наша провинция §Y$PROVINCE$§W оккупируется противником!;X;X;X;X;X;X
OL_VIEW_COMBAT;Включает/выключает обзор §Yназемных битв§W.;X;X;X;X;X;X
OL_VIEW_NAVALCOMBAT;Включает/выключает обзор §Yморских сражений§W.;X;X;X;X;X;X
OL_VIEW_ARMIES;Включает/выключает обзор §Yармий§W.;X;X;X;X;X;X
OL_VIEW_NAVIES;Включает/выключает обзор §Yфлотилий§W.;X;X;X;X;X;X
OL_VIEW_FACTORIES;Включает/выключает обзор §Yстроительства фабрик§W.;X;X;X;X;X;X
OL_VIEW_BUILDINGS;Включает/выключает обзор §Yстроительства в провинциях§W.;X;X;X;X;X;X
OL_VIEW_ARMY_CONSTRUCTION;Включает/выключает обзор §Yформирующихся бригад§W.;X;X;X;X;X;X
OL_VIEW_NAVY_CONSTRUCTION;Включает/выключает обзор §Yстроящихся кораблей§W.;X;X;X;X;X;X
REMOVE_OL_VIEW_SIEGES;убрано;X;X;X;X;X;X
REMOVE_OL_VIEW_HOSTILE_SIEGES;убрано;X;X;X;X;X;X
REMOVE_USA_conservative_2;Американская партия;X;X;X;X;X;X
REMOVE_USA_liberal_5;Юнионистская партия;X;X;X;X;X;X
REMOVE_USA_liberal_6;Республиканская партия;X;X;X;X;X;X
REMOVE_USA_conservative_5;Демократическая партия;X;X;X;X;X;X
REMOVE_USA_reactionary;Националистическая партия;X;X;X;X;X;X
REMOVE_hms_government;Королевское правление;X;X;X;X;X;X
TERM_FOR_LIFE;Выборы не проводятся.;X;X;X;X;X;X
CAN_APPOINT_RULING_PARTY;Можно назначать правящую партию.;X;X;X;X;X;X
TERM_DURATION;Период между выборами (лет): §Y$YEARS$§W;X;X;X;X;X;X
NEXT_ELECTION;Следующие выборы;X;X;X;X;X;X
UPPERHOUSE_SETUP;Изменяется состав нашей Верхней палаты;X;X;X;X;X;X
UPPERHOUSE_HEADER;Министр внутренних дел сообщает;X;X;X;X;X;X
UPPERHOUSE_1;Перестановки в Верхней палате!;X;X;X;X;X;X
UPPERHOUSE_2;$MONARCHTITLE$, наша Верхняя палата собрана в новом составе.;X;X;X;X;X;X
UPPERHOUSE_LOG;Изменился состав нашей Верхней палаты.;X;X;X;X;X;X
UPPERHOUSE_BTN1;ОК;X;X;X;X;X;X
UPPERHOUSE_BTN2;ОК;X;X;X;X;X;X
UPPERHOUSE_BTN3;Перейти;X;X;X;X;X;X
ELECTIONDONE_SETUP;Завершается избирательная кампания;X;X;X;X;X;X
ELECTIONDONE_HEADER;Министр внутренних дел сообщает;X;X;X;X;X;X
ELECTIONDONE_1;Проведены выборы!;X;X;X;X;X;X
ELECTIONDONE_2;$MONARCHTITLE$, проведены новые выборы.;X;X;X;X;X;X
ELECTIONDONE_3;Теперь новая правящая партия в;X;X;X;X;X;X
ELECTIONDONE_4;державе $COUNTRY$ - $WINNER$.;X;X;X;X;X;X
ELECTIONDONE_LOG;$WINNER$ приходит к власти в державе $COUNTRY$.;X;X;X;X;X;X
ELECTIONDONE_BTN1;ОК;X;X;X;X;X;X
ELECTIONDONE_BTN2;ОК;X;X;X;X;X;X
ELECTIONDONE_BTN3;Перейти;X;X;X;X;X;X
ELECTIONSTART_SETUP;Начинается избирательная кампания;X;X;X;X;X;X
ELECTIONSTART_HEADER;Министр внутренних дел сообщает;X;X;X;X;X;X
ELECTIONSTART_1;Старт избирательной кампании!;X;X;X;X;X;X
ELECTIONSTART_2;$MONARCHTITLE$, в нашей державе начинается избирательная кампания.;X;X;X;X;X;X
ELECTIONSTART_3;Результаты выборов станут известны;X;X;X;X;X;X
ELECTIONSTART_LOG;В державе $COUNTRY$ началась избирательная кампания.;X;X;X;X;X;X
ELECTIONSTART_BTN1;ОК;X;X;X;X;X;X
ELECTIONSTART_BTN2;ОК;X;X;X;X;X;X
ELECTIONSTART_BTN3;Перейти;X;X;X;X;X;X
SOCREFORM_SETUP;Мы проводим социальную реформу;X;X;X;X;X;X
SOCREFORM_HEADER;Министр внутренних дел сообщает;X;X;X;X;X;X
SOCREFORM_1;Социальная реформа!;X;X;X;X;X;X
SOCREFORM_2;$MONARCHTITLE$, мы провели социальную реформу! Мы выбрали вариант;X;X;X;X;X;X
SOCREFORM_4;при реформировании области;X;X;X;X;X;X
SOCREFORM_LOG;Мы выбрали вариант '$ISSUE$' при реформировании области '$CATEGORY$'.;X;X;X;X;X;X
SOCREFORM_BTN1;ОК;X;X;X;X;X;X
SOCREFORM_BTN2;ОК;X;X;X;X;X;X
SOCREFORM_BTN3;Перейти;X;X;X;X;X;X
SOCREFORM_BAD_SETUP;Мы отказываемся от социальной реформы;X;X;X;X;X;X
SOCREFORM_BAD_HEADER;Министр внутренних дел сообщает;X;X;X;X;X;X
SOCREFORM_BAD_1;Отказ от социальных реформ!;X;X;X;X;X;X
SOCREFORM_BAD_2;$MONARCHTITLE$, мы отказались от сделанных социальных реформ.;X;X;X;X;X;X
SOCREFORM_BAD_3;В области '$CATEGORY$';X;X;X;X;X;X
SOCREFORM_BAD_4;мы вернулись с варианта '$OLD$' к варианту '$ISSUE$'.;X;X;X;X;X;X
SOCREFORM_BAD_LOG;В области реформ '$CATEGORY$' мы вернулись с варианта '$OLD$' к варианту '$ISSUE$'.;X;X;X;X;X;X
SOCREFORM_BAD_BTN1;ОК;X;X;X;X;X;X
SOCREFORM_BAD_BTN2;ОК;X;X;X;X;X;X
SOCREFORM_BAD_BTN3;Перейти;X;X;X;X;X;X
POLREFORM_SETUP;Мы проводим политическую реформу;X;X;X;X;X;X
POLREFORM_HEADER;Министр внутренних дел сообщает;X;X;X;X;X;X
POLREFORM_1;Политическая реформа!;X;X;X;X;X;X
POLREFORM_2;$MONARCHTITLE$, мы провели политическую реформу! Мы выбрали вариант;X;X;X;X;X;X
POLREFORM_4;при реформировании области;X;X;X;X;X;X
POLREFORM_LOG;Мы выбрали вариант '$ISSUE$' при реформировании области '$CATEGORY$'.;X;X;X;X;X;X
POLREFORM_BTN1;ОК;X;X;X;X;X;X
POLREFORM_BTN2;ОК;X;X;X;X;X;X
POLREFORM_BTN3;Перейти;X;X;X;X;X;X
POLREFORM_BAD_SETUP;Мы отказываемся от политической реформы;X;X;X;X;X;X
POLREFORM_BAD_HEADER;Министр внутренних дел сообщает;X;X;X;X;X;X
POLREFORM_BAD_1;Отказ от политических реформ!;X;X;X;X;X;X
POLREFORM_BAD_2;$MONARCHTITLE$, мы отказались от сделанных политических реформ.;X;X;X;X;X;X
POLREFORM_BAD_3;В области '$CATEGORY$';X;X;X;X;X;X
POLREFORM_BAD_4;мы вернулись с варианта '$OLD$' к варианту '$ISSUE$'.;X;X;X;X;X;X
POLREFORM_BAD_LOG;В области реформ '$CATEGORY$' мы вернулись с варианта '$OLD$' к варианту '$ISSUE$'.;X;X;X;X;X;X
POLREFORM_BAD_BTN1;ОК;X;X;X;X;X;X
POLREFORM_BAD_BTN2;ОК;X;X;X;X;X;X
POLREFORM_BAD_BTN3;Перейти;X;X;X;X;X;X
SETPARTY_SETUP;Мы меняем правящую партию;X;X;X;X;X;X
SETPARTY_HEADER;Министр внутренних дел сообщает;X;X;X;X;X;X
SETPARTY_1;Новая правящая партия!;X;X;X;X;X;X
SETPARTY_2;$MONARCHTITLE$, мы решили, что нашей правящей партией должна быть;X;X;X;X;X;X
SETPARTY_4;Это $IDEOLOGY$, и они придерживаются следующей политики:;X;X;X;X;X;X
SETPARTY_LOG;$PARTY$ теперь будет править в державе $COUNTRY$.;X;X;X;X;X;X
SETPARTY_BTN1;ОК;X;X;X;X;X;X
SETPARTY_BTN2;ОК;X;X;X;X;X;X
SETPARTY_BTN3;Перейти;X;X;X;X;X;X
POP_MIL_TOTAL;Ежемесячное изменение: ;X;X;X;X;X;X
POP_CON_TOTAL;Ежемесячное изменение: ;X;X;X;X;X;X
POP_MIL_NO_LIFE;Неудовлетворение жизненных нужд;X;X;X;X;X;X
POP_MIL_LACK_EVERY;Неудовлетворение ежедневных нужд;X;X;X;X;X;X
POP_MIL_HAS_EVERY;Удовлетворение ежедневных нужд;X;X;X;X;X;X
POP_MIL_LUXURY;Покупка предметов роскоши;X;X;X;X;X;X
POP_MIL_RULING;Согласие с правящей партией;X;X;X;X;X;X
POP_MIL_REFORM;Требование реформ;X;X;X;X;X;X
POP_WAR_EXHAUST;Военная усталость;X;X;X;X;X;X
POP_NON_CULTURE;Культурное меньшинство;X;X;X;X;X;X
POP_CON_LITERACY;Грамотность;X;X;X;X;X;X
POP_CON_LUXURY_GOODS;Покупка предметов роскоши;X;X;X;X;X;X
POP_CON_CLERGY;Священники;X;X;X;X;X;X
REMOVE_residency_desc;убрано;X;X;X;X;X;X
REMOVE_limited_citizenship_desc;убрано;X;X;X;X;X;X
REMOVE_trinket_wage;Крайне низкая зарплата;X;X;X;X;X;X
EVENTHAPPENOTHEROPTION_SETUP;В другой державе происходит историческое событие с возможностью выбрать решение;X;X;X;X;X;X
EVENTHAPPENOTHEROPTION_HEADER;Посол державы;X;X;X;X;X;X
EVENTHAPPENOTHEROPTION_2;сообщает нам, что они сказали;X;X;X;X;X;X
EVENTHAPPENOTHEROPTION_4;в ответ на событие;X;X;X;X;X;X
EVENTHAPPENOTHEROPTION_LOG;В державе $COUNTRY$ сказали '$OPTION$' в ответ на событие '$EVENT$'.;X;X;X;X;X;X
EVENTHAPPENOTHEROPTION_BTN1;ОК;X;X;X;X;X;X
EVENTHAPPENOTHEROPTION_BTN2;ОК;X;X;X;X;X;X
EVENTHAPPENOTHEROPTION_BTN3;Перейти;X;X;X;X;X;X
EVENTHAPPENOTHER_SETUP;В другой державе происходит историческое событие;X;X;X;X;X;X
EVENTHAPPENOTHER_HEADER;Посол державы;X;X;X;X;X;X
EVENTHAPPENOTHER_2;сообщает нам о событии;X;X;X;X;X;X
EVENTHAPPENOTHER_4;Это случилось с ними недавно.;X;X;X;X;X;X
EVENTHAPPENOTHER_LOG;В державе $COUNTRY$ произошло событие '$EVENT$'.;X;X;X;X;X;X
EVENTHAPPENOTHER_BTN1;ОК;X;X;X;X;X;X
EVENTHAPPENOTHER_BTN2;ОК;X;X;X;X;X;X
EVENTHAPPENUS_SETUP;В нашей державе происходит историческое событие;X;X;X;X;X;X
EVENTHAPPENUS_HEADER;Министр иностранных дел сообщает;X;X;X;X;X;X
EVENTHAPPENUS_2;произошло;X;X;X;X;X;X
EVENTHAPPENUS_3;в нашей стране.;X;X;X;X;X;X
EVENTHAPPENUS_LOG;Произошло событие: '$EVENT$'.;X;X;X;X;X;X
EVENTHAPPENUS_BTN1;ОК;X;X;X;X;X;X
EVENTHAPPENUS_BTN2;ОК;X;X;X;X;X;X
DECISIONOTHER_SETUP;Другая держава принимает решение;X;X;X;X;X;X
DECISIONOTHER_HEADER;Посол державы;X;X;X;X;X;X
DECISIONOTHER_2;сообщает нам о том, что они приняли решение;X;X;X;X;X;X
DECISIONOTHER_LOG;Держава $COUNTRY$ приняла решение '$EVENT$'.;X;X;X;X;X;X
DECISIONOTHER_BTN1;ОК;X;X;X;X;X;X
DECISIONOTHER_BTN2;ОК;X;X;X;X;X;X
DECISIONUS_SETUP;Мы принимаем решение;X;X;X;X;X;X
DECISIONUS_HEADER;Министр иностранных дел сообщает;X;X;X;X;X;X
DECISIONUS_LOG;Мы приняли решение '$EVENT$'.;X;X;X;X;X;X
DECISIONUS_BTN1;ОК;X;X;X;X;X;X
DECISIONUS_BTN2;ОК;X;X;X;X;X;X
INDEPENDANCE_SETUP;Держава объявляет о своей независимости;X;X;X;X;X;X
INDEPENDANCE_HEADER;Посол державы;X;X;X;X;X;X
INDEPENDANCE_2;сообщает, что они наконец-то сумели одолеть своих угнетателей. Они;X;X;X;X;X;X
INDEPENDANCE_3;объявили о своей независимости;X;X;X;X;X;X
INDEPENDANCE_4;от державы;X;X;X;X;X;X
INDEPENDANCE_6;и теперь могут сами угнетать другие народы.;X;X;X;X;X;X
INDEPENDANCE_LOG;Держава $ACTOR$ провозгласила независимость от державы $OPRESSOR$.;X;X;X;X;X;X
INDEPENDANCE_BTN1;ОК;X;X;X;X;X;X
INDEPENDANCE_BTN2;ОК;X;X;X;X;X;X
INDEPENDANCE_BTN3;Перейти;X;X;X;X;X;X
INDEPENDANCE_MAP;Революция!;X;X;X;X;X;X
WEDEFECT_SETUP;Наша мятежная провинция отделяется от нас;X;X;X;X;X;X
WEDEFECT_HEADER;Министр иностранных дел сообщает;X;X;X;X;X;X
WEDEFECT_1;Измена!;X;X;X;X;X;X
WEDEFECT_2;Мятежники провинции;X;X;X;X;X;X
WEDEFECT_4;присягнули на верность державе;X;X;X;X;X;X
WEDEFECT_6;Дураки! Мы же не станем мириться с такой глупостью.;X;X;X;X;X;X
WEDEFECT_LOG;Мятежники провинции $PROV$ присягнули на верность державе $COUNTRY$.;X;X;X;X;X;X
WEDEFECT_BTN1;ОК;X;X;X;X;X;X
WEDEFECT_BTN2;ОК;X;X;X;X;X;X
WEDEFECT_BTN3;Перейти;X;X;X;X;X;X
WEDEFECT_MAP;Измена!;X;X;X;X;X;X
THEYDEFECT_SETUP;Чужая мятежная провинция присоединяется к нам;X;X;X;X;X;X
THEYDEFECT_HEADER;Министр иностранных дел сообщает;X;X;X;X;X;X
THEYDEFECT_1;Новая провинция!;X;X;X;X;X;X
THEYDEFECT_2;Свободные люди провинции;X;X;X;X;X;X
THEYDEFECT_4;присоединились к нам. Они решили перейти под наше просвещенное правление.;X;X;X;X;X;X
THEYDEFECT_LOG;Свободные люди провинции $PROV$ присоединились к нам.;X;X;X;X;X;X
THEYDEFECT_BTN1;ОК;X;X;X;X;X;X
THEYDEFECT_BTN2;ОК;X;X;X;X;X;X
THEYDEFECT_BTN3;Перейти;X;X;X;X;X;X
THEYDEFECT_MAP;Новая провинция!;X;X;X;X;X;X
OTHERDEFECT_SETUP;Чужая мятежная провинция присоединяется к другой державе;X;X;X;X;X;X
OTHERDEFECT_HEADER;Посол державы;X;X;X;X;X;X
OTHERDEFECT_2;сообщает, что мятежники провинции;X;X;X;X;X;X
OTHERDEFECT_4;присоединились к их державе.;X;X;X;X;X;X
OTHERDEFECT_LOG;Мятежники провинции $PROV$ присоединились к державе $COUNTRY$.;X;X;X;X;X;X
OTHERDEFECT_BTN1;ОК;X;X;X;X;X;X
OTHERDEFECT_BTN2;ОК;X;X;X;X;X;X
OTHERDEFECT_BTN3;Перейти;X;X;X;X;X;X
OTHERDEFECT_MAP;Восстание!;X;X;X;X;X;X
MAJOREVENTHAPPENOTHEROPTION_SETUP;В другой державе происходит основное событие с возможностью выбрать решение;X;X;X;X;X;X
MAJOREVENTHAPPENOTHEROPTION_HEADER;Посол державы;X;X;X;X;X;X
MAJOREVENTHAPPENOTHEROPTION_2;сообщает нам, что они сказали;X;X;X;X;X;X
MAJOREVENTHAPPENOTHEROPTION_4;в ответ на основное событие;X;X;X;X;X;X
MAJOREVENTHAPPENOTHEROPTION_LOG;В державе $COUNTRY$ сказали '$OPTION$' в ответ на основное событие '$EVENT$'.;X;X;X;X;X;X
MAJOREVENTHAPPENOTHEROPTION_BTN1;ОК;X;X;X;X;X;X
MAJOREVENTHAPPENOTHEROPTION_BTN2;ОК;X;X;X;X;X;X
MAJOREVENTHAPPENOTHEROPTION_BTN3;Перейти;X;X;X;X;X;X
MAJOREVENTHAPPENOTHER_SETUP;В другой державе происходит основное событие;X;X;X;X;X;X
MAJOREVENTHAPPENOTHER_HEADER;Посол державы;X;X;X;X;X;X
MAJOREVENTHAPPENOTHER_2;сообщает нам о событии;X;X;X;X;X;X
MAJOREVENTHAPPENOTHER_LOG;В державе $COUNTRY$ произошло основное событие '$EVENT$'.;X;X;X;X;X;X
MAJOREVENTHAPPENOTHER_BTN1;ОК;X;X;X;X;X;X
MAJOREVENTHAPPENOTHER_BTN2;ОК;X;X;X;X;X;X
TRIGMOD_SETUP;Вступает в действие активированный модификатор;X;X;X;X;X;X
TRIGMOD_HEADER;Министр внутренних дел сообщает;X;X;X;X;X;X
TRIGMOD_1;Активация модификатора!;X;X;X;X;X;X
TRIGMOD_2;$MONARCHTITLE$, активирован модификатор;X;X;X;X;X;X
TRIGMOD_5;Эффекты:;X;X;X;X;X;X
TRIGMOD_LOG;Нами был активирован модификатор '$NAME$'.;X;X;X;X;X;X
TRIGMOD_BTN1;ОК;X;X;X;X;X;X
TRIGMOD_BTN2;ОК;X;X;X;X;X;X
TRIGMOD_BTN3;Подробности;X;X;X;X;X;X
TRIGMODLOST_SETUP;Прекращается действие активированного модификатора;X;X;X;X;X;X
TRIGMODLOST_HEADER;Министр внутренних дел сообщает;X;X;X;X;X;X
TRIGMODLOST_1;Потеря модификатора!;X;X;X;X;X;X
TRIGMODLOST_2;Мы лишились преимуществ от действия модификатора;X;X;X;X;X;X
TRIGMODLOST_5;Эффект:;X;X;X;X;X;X
TRIGMODLOST_LOG;Действие для нас модификатора '$NAME$' было прекращено.;X;X;X;X;X;X
TRIGMODLOST_BTN1;ОК;X;X;X;X;X;X
TRIGMODLOST_BTN2;ОК;X;X;X;X;X;X
TRIGMODLOST_BTN3;Подробности;X;X;X;X;X;X
ELECTORATE_DISTTITLE;Голоса избирателей;X;X;X;X;X;X
POP_FILTER_SELECT_ALL;Выделить все;X;X;X;X;X;X
POP_FILTER_DESELECT_ALL;Снять выделение;X;X;X;X;X;X
PV_POP_NAME;Название;X;X;X;X;X;X
PV_POP_TYPE;Тип;X;X;X;X;X;X
PV_POP_LITERACY;Грамотность;X;X;X;X;X;X
PV_POP_RR;РВ;X;X;X;X;X;X
PV_POP_LUX;ПР;X;X;X;X;X;X
PV_POP_EVE;ЕН;X;X;X;X;X;X
PV_POP_SUB;ЖН;X;X;X;X;X;X
PV_POP_CASH;Деньги;X;X;X;X;X;X
PV_POP_UNEMPLOYMENT;Безр.;X;X;X;X;X;X
PV_POP_ISSUES;Вопр.;X;X;X;X;X;X
PV_POP_IDEOLOGY;Идео;X;X;X;X;X;X
PV_POP_CON;Созн.;X;X;X;X;X;X
PV_POP_MIL;Агр.;X;X;X;X;X;X
PV_POP_RELIGION;Рел.;X;X;X;X;X;X
PV_POP_NATIONALITY;Народ;X;X;X;X;X;X
PV_POP_LOCATION;Расположение;X;X;X;X;X;X
POP_PROMOTION;Каждый месяц §Y$NUM$§W чел. повышают свой статус до группы §Y$TYPE$§W.;X;X;X;X;X;X
POP_PROMOTION_TARGET;Повышение статуса до:;X;X;X;X;X;X
POP_PROMOTION_FACTORS;Факторы повышения статуса:;X;X;X;X;X;X
POP_DEMOTION;Каждый месяц §Y$NUM$§W чел. будут понижать свой статус до группы §Y$TYPE$§W.;X;X;X;X;X;X
POP_DEMOTION_TARGET;Понижает статус на:;X;X;X;X;X;X
POP_DEMOTION_FACTORS;Факторы понижения статуса:;X;X;X;X;X;X
LIFE_NEEDS;Жизненные потребности;X;X;X;X;X;X
EVERYDAY_NEEDS;Ежедневные потребности;X;X;X;X;X;X
LUXURY_NEEDS;Потребности в предметах роскоши;X;X;X;X;X;X
REMOVE_NO_PROMOTION;убрано;X;X;X;X;X;X
REMOVE_NO_DEMOTION;убрано;X;X;X;X;X;X
CONCIOUSNESS;Сознательность;X;X;X;X;X;X
UNEMPLOYMENT;Безработица;X;X;X;X;X;X
LITERACY;Грамотность;X;X;X;X;X;X
MILITANCY;Агрессивность;X;X;X;X;X;X
EMPLOYMENT;Занятость;X;X;X;X;X;X
MILITARY_SPENDING;Расходы на оборону;X;X;X;X;X;X
EDUCATION_SPENDING;Расходы на образование;X;X;X;X;X;X
CRIME_FIGHTING;Борьба с преступностью;X;X;X;X;X;X
POP_CULTURE;Культура;X;X;X;X;X;X
POP_RELIGION;Религия;X;X;X;X;X;X
NO_NEED;Нет нужды;X;X;X;X;X;X
NO_POPS_OF_TYPE;В нашей стране нет такого типа жителей.;X;X;X;X;X;X
PV_POP_SIZE;Размер;X;X;X;X;X;X
WORKFORCE_DISTTITLE;Рабочая сила;X;X;X;X;X;X
RELIGION_DISTTITLE;Религия;X;X;X;X;X;X
IDEOLOGY_DISTTITLE;Идеология;X;X;X;X;X;X
NATIONALITY_DISTTITLE;Национальность;X;X;X;X;X;X
DOMINANT_ISSUES_DISTTITLE;Первостепенные вопросы;X;X;X;X;X;X
SECONDARY_ISSUES_DISTTITLE;Второстепенные вопросы;X;X;X;X;X;X
PV_AVARAGE;Среднее: ;X;X;X;X;X;X
PV_GROWTH;Численность изменяется на ;X;X;X;X;X;X
PV_NATURAL_GROWTH;Естественный прирост: ;X;X;X;X;X;X
PV_IMMIGRATION;Иммиграция: ;X;X;X;X;X;X
PV_EMIGRATION;Эмиграция: ;X;X;X;X;X;X
PV_COLONIAL_EMIGRATION;Колониальная миграция: ;X;X;X;X;X;X
PV_EXTERNAL_EMIGRATION;Внешняя миграция: ;X;X;X;X;X;X
PV_INTERNAL_EMIGRATION;Внутренняя миграция: ;X;X;X;X;X;X
PV_NEW_JOBS;Ищущие новую работу: ;X;X;X;X;X;X
PV_ASSIMILATION;Культурная ассимиляция: ;X;X;X;X;X;X
PV_CONVERSION;Религиозное обращение: ;X;X;X;X;X;X
POP_CONVERSION;§Y$TYPE$§W: +§Y$NUM$§W чел. каждый месяц.;X;X;X;X;X;X
POP_CONVERSION_FACTORS;Факторы обращения:;X;X;X;X;X;X
POP_ASSM;§Y$TYPE$§W: +§Y$NUM$§W чел. каждый месяц.;X;X;X;X;X;X
POP_ASSM_FACTORS;Факторы ассимиляции:;X;X;X;X;X;X
POP_NO_CONV_TARGET;Нет обоснованной цели.;X;X;X;X;X;X
POP_INTERNAL_MIGRATION_FACTORS;Факторы внутренней миграции:;X;X;X;X;X;X
POP_INTERNAL_MIGRATION_NONE;Нет внутренней миграции.;X;X;X;X;X;X
POP_COLONIAL_MIGRATION_FACTORS;Факторы колониальной миграции:;X;X;X;X;X;X
POP_COLONIAL_MIGRATION_NONE;Нет колониальной миграции.;X;X;X;X;X;X
POP_EXTERNAL_MIGRATION_FACTORS;Факторы внешней миграции:;X;X;X;X;X;X
POP_EXTERNAL_MIGRATION_NONE;Нет внешней миграции.;X;X;X;X;X;X
RICH_STRATA;Богатые классы;X;X;X;X;X;X
MIDDLE_STRATA;Средние классы;X;X;X;X;X;X
POOR_STRATA;Бедные классы;X;X;X;X;X;X
POP_LACK_MONEY_FOR_NEEDS;Не хватает средств на покупку требуемых товаров:;X;X;X;X;X;X
POP_LACK_GOODS;Некоторых товаров нет на рынке:;X;X;X;X;X;X
POP_PRODUCING;Производит;X;X;X;X;X;X
POP_BUILDING;Текущий проект: §Y$TYPE$§W\n;X;X;X;X;X;X
POP_BUILD_NEW_STATEBUILDING;Инвестирует в новую фабрику;X;X;X;X;X;X
POP_BUILD_NEW_PROVINCEBUILDING;Инвестирует в железные дороги;X;X;X;X;X;X
POP_REOPEN_STATE_FACTORY;Инвестирует в повторное открытие фабрики;X;X;X;X;X;X
POP_EXPAND_STATE_FACTORY;Инвестирует в расширение фабрики;X;X;X;X;X;X
POP_NO_PROJECT;Ничего;X;X;X;X;X;X
POP_STATE;Регион: §Y$VALUE$§W\n;X;X;X;X;X;X
POP_PROVINCE;Провинция: §Y$VALUE$§W\n;X;X;X;X;X;X
POP_DAILY_MONEY;Доходы за день: §Y$VAL$§W¤;X;X;X;X;X;X
POP_DAILY_NEEDS;Потребности: §Y$VAL$§W¤;X;X;X;X;X;X
POP_DAILY_WELFARE;Пособия: §Y$VAL$§W¤;X;X;X;X;X;X
POP_DAILY_SALARY;Зарплата: §Y$VAL$§W¤;X;X;X;X;X;X
POP_DAILY_EXPENSES;Расходы: §Y$VAL$§W¤;X;X;X;X;X;X
POP_DAILY_EVENTS;События: §Y$VAL$§W¤;X;X;X;X;X;X
POP_DAILY_PROJECT;Проекты: §Y$VAL$§W¤;X;X;X;X;X;X
POP_DAILY_BANK;Депозит в банк: §Y$VAL$§W¤;X;X;X;X;X;X
UNIT_PRICE;Цена за единицу: §Y$VAL$§W¤;X;X;X;X;X;X
AVAILABLE_IN_BANK;Проценты по вкладам: §Y$VAL$§W¤;X;X;X;X;X;X
PV_PROMOTIONS;Повышения статуса:;X;X;X;X;X;X
POP_NO_POPS_OF_TYPE;Нет групп населения данного типа.;X;X;X;X;X;X
REMOVE_PROV353;Куресааре;X;X;X;X;X;X
REMOVE_PROV1723;Парана;X;X;X;X;X;X
REMOVE_PROV2049;Мапуто;X;X;X;X;X;X
REMOVE_PROV2918;Нигерийский залив;X;X;X;X;X;X
REMOVE_PROV2921;Побережье Гамбии;X;X;X;X;X;X
REMOVE_PROV2922;Побережье Гвинеи;X;X;X;X;X;X
REMOVE_PROV3041;Остров Нью-Джорджия;X;X;X;X;X;X
PROVINCEVIEW_RGOOWNER;Присутствие в регионе владельцев ДП: §Y$VALUE$%§W (§Y$TYPE$§W);X;X;X;X;X;X
PROVINCEVIEW_ADMIN;Региональная эффективность управления: §Y$VALUE$%§W;X;X;X;X;X;X
PROVINCEVIEW_LIFERATING;Уровень жизни в провинции: §Y$VALUE$§W;X;X;X;X;X;X
PROVINCEVIEW_GOODSINCOME;За вчерашний день продано товара §Y$GOODS$§W на сумму §Y$VALUE$§W¤;X;X;X;X;X;X
PROVINCEVIEW_EMPLOYMENT;Численность работающих на ДП §Y$VALUE$§W;X;X;X;X;X;X
PROVINCEVIEW_CRIMEFIGHT;Уровень борьбы с преступностью в провинции равен §Y$VALUE$%§W;X;X;X;X;X;X
PROVINCEVIEW_REVOLTRISK;Риск восстания в провинции$VALUE$;X;X;X;X;X;X
PROVINCEVIEW_TOTALPOP;Число жителей провинции;X;X;X;X;X;X
PROVINCEVIEW_MIGRATION;Миграция в провинцию в этом месяце: $VALUE$;X;X;X;X;X;X
PROVINCEVIEW_GROWTH;Рост населения в провинции в этом месяце: $VALUE$;X;X;X;X;X;X
PROVINCEVIEW_UNDERCONSTRUCTION;В процессе строительства$VALUE$;X;X;X;X;X;X
PROVINCEVIEW_BUILD_ARMY;Создать армию;X;X;X;X;X;X
PROVINCEVIEW_BUILD_NAVY;Создать флот;X;X;X;X;X;X
PROVINCEVIEW_FROM_ADMIN_SPENDING;От расходов на управление: §Y+;X;X;X;X;X;X
REMOVE_PROVINCEVIEW_FROM_LOCAL_TAX;убрано;X;X;X;X;X;X
PROVINCEVIEW_GOODSPRODUCTION;Производится §Y$NUM$§W ед. товара §Y$GOODS$§W на §Y$VALUE$§W¤ эффективности.;X;X;X;X;X;X
PROVINCEVIEW_BUILD_ARMY2;Создать армию;X;X;X;X;X;X
PROVINCEVIEW_BUILD_NAVY2;Создать флот;X;X;X;X;X;X
PROVINCEVIEW_EXPAND;Расширить;X;X;X;X;X;X
PROVINCEVIEW_EXPANDING;Расширение...;X;X;X;X;X;X
PROVINCEVIEW_CORES;Нац. провинции:;X;X;X;X;X;X
NO_PROVINCE_CRIME;Нет преступности:;X;X;X;X;X;X
PW_NATIONAL_FOCUS;Национальный приоритет: ;X;X;X;X;X;X
PW_NO_NATIONAL_FOCUS;Нет национальных приоритетов;X;X;X;X;X;X
PW_COLONY;Колониальная провинция;X;X;X;X;X;X
PW_COLONY_STATE;Нажмите здесь, чтобы преобразовать колонию в регион.;X;X;X;X;X;X
PROVINCEVIEW_TERRAIN;Местность: §Y$TERRAIN$§W;X;X;X;X;X;X
PROVINCEVIEW_CURRENT_SHIPS;Текущее число кораблей: §Y$CURRENT$§W;X;X;X;X;X;X
PROVINCEVIEW_CURRENT_ARMY;Текущее число бригад: §Y$CURRENT$§W\nМожет содержать бригад: §Y$ALLOWED$§W;X;X;X;X;X;X
PV_UNCOLONIZED;Неколонизированная провинция;X;X;X;X;X;X
PV_COLONY_PROG;Развитие колонии: §Y$VAL$§W%\nПримерная дата окончания: §Y$TIME$§W;X;X;X;X;X;X
PV_COLONY_TROOP;Бонус от присутствия войск: §G+$VAL$§W%;X;X;X;X;X;X
PV_REBEL_PRESENCE;Присутствие фракции: ;X;X;X;X;X;X
PV_LOCAL_MEMBERS;Местные члены: ;X;X;X;X;X;X
PV_REVOLTRISK;Риск восстания фракции: ;X;X;X;X;X;X
PV_AVG_MIL;Средняя агрессивность: ;X;X;X;X;X;X
PROVINCEVIEW_GROWTH_TECH;От технологии: §Y$VALUE$%§W;X;X;X;X;X;X
PROVINCEVIEW_ADMIN_BASE;Базовая эффективность управления: §Y$VALUE$%§W;X;X;X;X;X;X
PROVINCEVIEW_ADMIN_TECH;От технологии: §Y$VALUE$%§W;X;X;X;X;X;X
PROVINCEVIEW_ADMIN_POPS;От §Yчиновников§W: §Y$VALUE$%§W;X;X;X;X;X;X
PROVINCEVIEW_UNCOLONIZED;Неколонизированная провинция;X;X;X;X;X;X
PROVINCEVIEW_SELECT_NATIONAL_FOCUS_TO_COLONIZE;Сделайте колонизацию национальным приоритетом.;X;X;X;X;X;X
REMOVE_USA_220;Западная Виргиния;X;X;X;X;X;X
REMOVE_TUR_806;Западная Македония;X;X;X;X;X;X
REMOVE_MEC_544;Мекленбург-Гольштейн;X;X;X;X;X;X
REMOVE_ENG_203;Северные Карибские о-ва;X;X;X;X;X;X
NONE;Нет;X;X;X;X;X;X
RULE_BUILD_FACTORY;Постройка фабрик;X;X;X;X;X;X
RULE_EXPAND_FACTORY;Расширение фабрик;X;X;X;X;X;X
REMOVE_RULE_OPEN_FACTORY;Открытие фабрик;X;X;X;X;X;X
REMOVE_RULE_CLOSE_FACTORY;Закрытие фабрик;X;X;X;X;X;X
RULE_BUILD_RAILWAY;Постройка железных дорог;X;X;X;X;X;X
RULE_FACTORY_PRIORITY;Приоритет фабрик;X;X;X;X;X;X
RULE_CAN_SUBSIDISE;Субсидирование фабрик;X;X;X;X;X;X
REMOVE_RULE_POP_BUILD_FACTORY;убрано;X;X;X;X;X;X
RULE_POP_EXPAND_FACTORY;Расширение фабрик населением;X;X;X;X;X;X
RULE_POP_OPEN_FACTORY;Открытие фабрик населением;X;X;X;X;X;X
RULE_DELETE_FACTORY_IF_NO_INPUT;Закрытие обанкротившихся фабрик;X;X;X;X;X;X
RULE_PRIMARY_CULTURE_VOTING;Голосуют представители основной культуры;X;X;X;X;X;X
RULE_CULTURE_VOTING;Голосуют представители государственных культур;X;X;X;X;X;X
RULE_ALL_VOTING;Голосуют представители всех культур;X;X;X;X;X;X
RULE_LARGEST_SHARE;Победа большей доли;X;X;X;X;X;X
RULE_DHONT;Метод Джефферсона;X;X;X;X;X;X
RULE_SAINTE_LAQUE;Пропорциональный отбор;X;X;X;X;X;X
RULE_RICH_ONLY;Только богатые;X;X;X;X;X;X
RULE_SAME_AS_RULING_PARTY;Одинаковая с правящей партией;X;X;X;X;X;X
RULE_STATE_VOTE;Выбор регионов;X;X;X;X;X;X
RULE_POPULATION_VOTE;Выбор населения;X;X;X;X;X;X
RULE_SLAVERY_ALLOWED;Рабство разрешено;X;X;X;X;X;X
ENABLE_CRIME_TECH;Появятся ;X;X;X;X;X;X
DIGIN_FROM_TECH;Максимум окапывания;X;X;X;X;X;X
ENABLE_UNIT_TECH;Подразделение:;X;X;X;X;X;X
ENABLE_BUILDING_TECH;Сооружение:;X;X;X;X;X;X
REPAIR_RATE_TECH;Скорость ремонта;X;X;X;X;X;X
ACTIVATE_GOODS;Товар: ;X;X;X;X;X;X
TECH_TAX_EFF;Эффект-сть налогообложения: ;X;X;X;X;X;X
MORALE_TECH;Боевой дух;X;X;X;X;X;X
REINFORCE_TECH;Пополнения;X;X;X;X;X;X
SOLDIER_TO_POP_LOSS_TECH;Военные госпитали;X;X;X;X;X;X
REGULAR_EXP_TECH;Постоянный опыт;X;X;X;X;X;X
MOB_SIZE_TECH;Размах мобилизации;X;X;X;X;X;X
MOB_IMPACT_TECH;Влияние мобилизации;X;X;X;X;X;X
MAX_WORKFORCE_TECH;Максимум рабочей силы;X;X;X;X;X;X
COLONIAL_LIFE_TECH;Минимум уровня жизни;X;X;X;X;X;X
ADM_EFF_TECH;Эффективность управления;X;X;X;X;X;X
EDU_EFF_TECH;Эффективность образования;X;X;X;X;X;X
LOAN_INTEREST_TECH;Проценты по займам;X;X;X;X;X;X
TECH_MAX_FOCUS;Максимум нац. приоритетов;X;X;X;X;X;X
WAR_EXHAUST_BATTLES;Военная усталость;X;X;X;X;X;X
MIL_TACTICS_TECH;Уровень тактики;X;X;X;X;X;X
LAND_ATTRITION_TECH;Потери от снабжения армии;X;X;X;X;X;X
NAVAL_ATTRITION_TECH;Потери от снабжения флота;X;X;X;X;X;X
SUPPLY_RANGE_TECH;Дистанция снабжения;X;X;X;X;X;X
SUPPLY_LIMIT_TECH;Лимит снабжения;X;X;X;X;X;X
MUL_WITH_TECHNOLOGY;Увеличивается из-за технологии;X;X;X;X;X;X
REMOVE_enlightenment_thought;Политическая мысль эпохи Просвещения;X;X;X;X;X;X
REMOVE_enlightenment_thought_desc;Политическая мысль эпохи Просвещения;X;X;X;X;X;X
REMOVE_ammunition_production_desc;убрано;X;X;X;X;X;X
REMOVE_small_arms_production_desc;убрано;X;X;X;X;X;X
REMOVE_explosives_production_desc;убрано;X;X;X;X;X;X
REMOVE_artillery_production_desc;убрано;X;X;X;X;X;X
RGO_INPUT_TECH;Тех. эффек-сть затрат ДП;X;X;X;X;X;X
RGO_OUTPUT_TECH;Тех. эффек-сть выпуска ДП;X;X;X;X;X;X
RGO_THROUGHPUT_TECH;Тех. производительность ДП;X;X;X;X;X;X
RGO_NONE_EFFECT_TECH;Без эффекта для RGO.;X;X;X;X;X;X
FACTORY_INPUT_TECH;Тех. эффек-сть затрат фабрик;X;X;X;X;X;X
FACTORY_OUTPUT_TECH;Тех. эффек-сть выпуска фабрик;X;X;X;X;X;X
FACTORY_THROUGHPUT_TECH;Тех. производительность фабрик;X;X;X;X;X;X
FACTORY_NONE_EFFECT_TECH;Без эффекта для фабрик.;X;X;X;X;X;X
ARTISAN_INPUT_TECH;Тех. эффек-сть затрат кустарей;X;X;X;X;X;X
ARTISAN_OUTPUT_TECH;Тех. эффек-сть выпуска кустарей;X;X;X;X;X;X
ARTISAN_THROUGHPUT_TECH;Тех. производительность кустарей;X;X;X;X;X;X
ARTISAN_NONE_EFFECT_TECH;Без эффекта для ремесленников.;X;X;X;X;X;X
NONE_TYPE_INPUT_TECH;Без эффекта на вход.;X;X;X;X;X;X
NONE_TYPE_OUTPUT_TECH;Без эффекта на выход.;X;X;X;X;X;X
NONE_TYPE_THROUGHPUT_TECH;Без эффекта на производительность.;X;X;X;X;X;X
NONE_TYPE_NONE_EFFECT_TECH;Без эффекта.;X;X;X;X;X;X
TECH_MINE_OUTPUT;Выпуск продукции с шахт;X;X;X;X;X;X
TECH_FARM_OUTPUT;Выпуск продукции с ферм;X;X;X;X;X;X
TECH_OUTPUT;выпуск продукции;X;X;X;X;X;X
TECH_INPUT;затраты на производство;X;X;X;X;X;X
TECH_THROUGHPUT;производительность;X;X;X;X;X;X
CHANGES_UNIT_APPEARANCE_TECH;Изменяет внешний вид подразделений;X;X;X;X;X;X
PRESTIGE_MODIFIER_TECH;Прирост престижа;X;X;X;X;X;X
PERMANENT_PRESTIGE_TECH;Постоянный престиж;X;X;X;X;X;X
COLONIAL_PRESTIGE_MODIFIER_TECH;Колониальный престиж;X;X;X;X;X;X
SHARED_PRESTIGE_TECH;Текущий престиж;X;X;X;X;X;X
TECH_POP_GROWTH;Прирост населения;X;X;X;X;X;X
TECH_REBEL_ORG_GAIN;Прирост организации повстанцев;X;X;X;X;X;X
DIPLOMATIC_POINTS_TECH;Дипломатические очки;X;X;X;X;X;X
TECH_PLURALITY;Плюрализм;X;X;X;X;X;X
TECH_FACTORY;Стоимость фабрик;X;X;X;X;X;X
TECH_MAX_LEVEL;(макс. уровень);X;X;X;X;X;X
TECH_DIPLOMATIC_INFLUENCE;Прирост дипломатических очков;X;X;X;X;X;X
TECH_GP_INFLUENCE;Очки влияния;X;X;X;X;X;X
RGO_SIZE;Размер ДП;X;X;X;X;X;X
TECH_ONCE_SETUP;Мы делаем важное научное открытие;X;X;X;X;X;X
TECH_ONCE_HEADER;Министр внутренних дел сообщает:;X;X;X;X;X;X
TECH_ONCE_1;Важное научное открытие!;X;X;X;X;X;X
TECH_ONCE_2;$TITLE$, мы завершили исследование технологии $TYPE$. Это окажет на нас следующий эффект:;X;X;X;X;X;X
TECH_ONCE_LOG;Завершено исследование технологии $TYPE$.;X;X;X;X;X;X
TECH_ONCE_BTN1;ОК;X;X;X;X;X;X
TECH_ONCE_BTN2;ОК;X;X;X;X;X;X
TECH_ONCE_BTN3;Подробности;X;X;X;X;X;X
TECH_REPEAT_SETUP;Мы увеличиваем наши научные знания;X;X;X;X;X;X
TECH_REPEAT_HEADER;Министр внутренних дел сообщает:;X;X;X;X;X;X
TECH_REPEAT_1;Новые технологии!;X;X;X;X;X;X
TECH_REPEAT_2;$TITLE$, мы повысили наши знания в технологии $TYPE$ до уровня $LEVEL$. Это окажет на нас следующий эффект:;X;X;X;X;X;X
TECH_REPEAT_LOG;Знания в технологии $TYPE$ были повышены до уровня $LEVEL$.;X;X;X;X;X;X
TECH_REPEAT_BTN1;ОК;X;X;X;X;X;X
TECH_REPEAT_BTN2;ОК;X;X;X;X;X;X
TECH_REPEAT_BTN3;Подробности;X;X;X;X;X;X
PRODUCTION;Производство;X;X;X;X;X;X
BUDGET;Бюджет;X;X;X;X;X;X
TECHNOLOGY;Технология;X;X;X;X;X;X
POLITICS;Политика;X;X;X;X;X;X
POPULATION;Население;X;X;X;X;X;X
TRADE;Торговля;X;X;X;X;X;X
DIPLOMACY;Дипломатия;X;X;X;X;X;X
MILITARY;Военная мощь;X;X;X;X;X;X
TB_PRODUCTION_PRODUCED;Верхушка производства;X;X;X;X;X;X
TB_PRODUCTION_LOSING_MONEY;Теряют деньги;X;X;X;X;X;X
TB_PRODUCTION_SHOULD_EXPAND;Фабрики с полной загруженностью;X;X;X;X;X;X
TB_PRODUCTION_IS_SUBSIDIZING;Получает субсидии;X;X;X;X;X;X
TB_PRODUCTION_CAN_OPEN;Можно открыть фабрики;X;X;X;X;X;X
TB_PRODUCTION_MOST_PROFITABLE;Наиболее доходные фабрики:;X;X;X;X;X;X
TB_BUDGET_INCOME;Доходы: $PARAM$;X;X;X;X;X;X
TB_BUDGET_EXPENSE;Расходы: $PARAM$;X;X;X;X;X;X
TB_BUDGET_DAILY_BALANCE;Баланс за день: $PARAM$;X;X;X;X;X;X
TB_BUDGET_FUNDS;§Y$FUNDS$§W($INCOME$);X;X;X;X;X;X
TB_TECH_CURRENT;$PARAM$;X;X;X;X;X;X
TB_TECH_NO_CURRENT;§RНет исследований§W;X;X;X;X;X;X
TB_TECH_LITERACY;Грамотность:;X;X;X;X;X;X
TB_POLITICS_CAN_DO_REFORM;$PARAM$реформы доступны;X;X;X;X;X;X
TB_POLITICS_CAN_DO_DECISION;$PARAM$решения доступны;X;X;X;X;X;X
TB_POPULATION_TOTAL;Население:;X;X;X;X;X;X
TB_POPULATION_AVG_MIL;Средн. агрес.:;X;X;X;X;X;X
TB_POPULATION_AVG_CON;Средн. сознат.:;X;X;X;X;X;X
TB_TRADE_IMPORT;Верхушка импорта:;X;X;X;X;X;X
TB_TRADE_EXPORT;Верхушка экспорта:;X;X;X;X;X;X
TB_TRADE_NEEDS;Нужды: $PARAM$;X;X;X;X;X;X
TB_TRADE_TOP_SOLD;Верхушка продаж: $PARAM$;X;X;X;X;X;X
TB_TRADE_TOP_BOUGHT;Верхушка покупок: $PARAM$;X;X;X;X;X;X
TB_DIPLOMACY_ALLIES;Союзники: §Y$PARAM$§W;X;X;X;X;X;X
TB_DIPLOMACY_ENEMIES;Враги: §Y$PARAM$§W;X;X;X;X;X;X
TB_DIPLOMACY_PRESTIGE;Престиж:;X;X;X;X;X;X
TB_DIPLOMACY_DIPLOPOINTS;Дипломатические очки:;X;X;X;X;X;X
TB_MILITARY_ARMY;Армия:;X;X;X;X;X;X
TB_MILITARY_NAVY;Флот:;X;X;X;X;X;X
TB_MILITARY_MANPOWER;Людские ресурсы:;X;X;X;X;X;X
TB_MILITARY_LEADERSHIP;Очки лидерства:;X;X;X;X;X;X
TB_NATIONALFOCUS_NONE;У нашей державы сейчас нет национальных приоритетов.;X;X;X;X;X;X
TB_MAX_FOCUS;Из-за технологических ограничений максимальный уровень наших национальных приоритетов равен §Y$FOCUS$§W.;X;X;X;X;X;X
NAT_IN;в ;X;X;X;X;X;X
UNITY_IS_ATLEAST_TRIGGER;Уровень национального единства больше или равен §Y$VALUE$§W\n;X;X;X;X;X;X
AMOUNT_OF_DIVISIONS_IS_ATLEAST_TRIGGER;Число дивизий у державы §Y$COUNTRY$§W больше или равно §Y$VALUE$§W;X;X;X;X;X;X
IDEOLOGY_IS_EQUAL_TO_TRIGGER;Правящая партия - §Y$NAME$§W\n;X;X;X;X;X;X
MINISTER_ALIVE_TRIGGER;§Y$NAME$§W живет\n;X;X;X;X;X;X
MONEY_IS_ATLEAST_TRIGGER;Денежные резервы больше или равны §Y$VALUE$§W\n;X;X;X;X;X;X
THREAT_IS_ATLEAST_WITH_TRIGGER;Уровень угрозы державе §Y$COUNTRY$§W со стороны державы §Y$TARGET_COUNTRY$§W больше или равен §Y$VALUE$§W\n;X;X;X;X;X;X
ENERGY_IS_ATLEAST_TRIGGER;Запасы энергии больше или равны §Y$VALUE$§W\n;X;X;X;X;X;X
CRUDE_OIL_IS_ATLEAST_TRIGGER;Запасы сырой нефти больше или равны §Y$VALUE$§W\n;X;X;X;X;X;X
RARE_MATERIALS_IS_ATLEAST_TRIGGER;Запасы дефицитного сырья больше или равны §Y$VALUE$§W\n;X;X;X;X;X;X
METAL_IS_ATLEAST_TRIGGER;Запасы металла больше или равны §Y$VALUE$§W\n;X;X;X;X;X;X
SUPPLIES_IS_ATLEAST_TRIGGER;Запасы военных припасов больше или равны §Y$VALUE$§W\n;X;X;X;X;X;X
MILITARY_ACCESS_WITH_TRIGGER;Держава §Y$COUNTRY$§W обладает правом прохода войск через державу §Y$TARGET_COUNTRY$§W\n;X;X;X;X;X;X
NON_AGGRESSION_PACT_WITH_TRIGGER;Держава §Y$COUNTRY$§W имеет договор о ненападении с державой §Y$TARGET_COUNTRY$§W\n;X;X;X;X;X;X
LOST_NATIONAL_PROVINCES_ATLEAST_TRIGGER;Держава §Y$COUNTRY$§W потеряла контроль над как минимум §Y$VALUE$%§W национальных провинций\n;X;X;X;X;X;X
LOST_IC_IS_ATLEAST_TRIGGER;Держава §Y$COUNTRY$§W потеряла контроль над как минимум §Y$VALUE$%§W ПП\n;X;X;X;X;X;X
GOVERNMENT_POSITION_TRIGGER;§Y$NAME$§W занимает должность: §Y$POSITION$§W\n;X;X;X;X;X;X
GOVERNMENT_POSITION_NOT_TRIGGER;§Y$NAME$§W не занимает должность: §Y$POSITION$§W\n;X;X;X;X;X;X
IS_GUARANTEEING_TRIGGER;Держава §Y$COUNTRY$§W гарантирует независимость державы §Y$TARGET_COUNTRY$§W\n;X;X;X;X;X;X
DISSENT_IS_ATLEAST_TRIGGER;Уровень недовольства выше или равен §Y$VALUE$§W\n;X;X;X;X;X;X
ORGANISATION_IS_ATLEAST_TRIGGER;Уровень организации партии §Y$IDEOLOGY$§W больше или равен §Y$VALUE$§W\n;X;X;X;X;X;X
POPULARITY_IS_ATLEAST_TRIGGER;Популярность партии §Y$IDEOLOGY$§W выше или равна §Y$VALUE$§W\n;X;X;X;X;X;X
IS_THREATEND_TRIGGER;Уровень угрозы державе §Y$COUNTRY$§W со стороны других стран больше или равен §Y$VALUE$§W\n;X;X;X;X;X;X
THREAT_IS_NOT_TRIGGER;Уровень угрозы державе §Y$COUNTRY$§W со стороны державы §Y$TARGET_COUNTRY$§W меньше §Y$VALUE$§W\n;X;X;X;X;X;X
UNITY_IS_NOT_TRIGGER;Уровень национального единства меньше §Y$VALUE$§W\n;X;X;X;X;X;X
AMOUNT_OF_DIVISIONS_IS_NOT_TRIGGER;Число дивизий у державы §Y$COUNTRY$§W меньше §Y$VALUE$§W\n;X;X;X;X;X;X
IDEOLOGY_IS_NOT_TRIGGER;Правящей партией не является партия §Y$NAME$§W\n;X;X;X;X;X;X
MINISTER_IS_NOT_ALIVE_TRIGGER;§Y$NAME$§W не живет\n;X;X;X;X;X;X
MONEY_IS_NOT_TRIGGER;Денежные резервы меньше §Y$VALUE$§W\n;X;X;X;X;X;X
ENERGY_IS_NOT_TRIGGER;Запасы энергии меньше §Y$VALUE$§W\n;X;X;X;X;X;X
CRUDE_OIL_IS_NOT_TRIGGER;Запасы сырой нефти меньше §Y$VALUE$§W\n;X;X;X;X;X;X
RARE_MATERIALS_IS_NOT_TRIGGER;Запасы дефицитного сырья меньше §Y$VALUE$§W\n;X;X;X;X;X;X
METAL_IS_NOT_TRIGGER;Запасы металла меньше §Y$VALUE$§W\n;X;X;X;X;X;X
SUPPLIES_IS_NOT_TRIGGER;Запасы военных припасов меньше §Y$VALUE$§W\n;X;X;X;X;X;X
NO_NON_AGGRESSION_PACT_WITH;Держава §Y$COUNTRY$§W не имеет договора о ненападении с державой §Y$TARGET_COUNTRY$§W\n;X;X;X;X;X;X
NO_MILITARY_ACCESS_WITH_TRIGGER;Держава §Y$COUNTRY$§W не обладает правом прохода войск через державу §Y$TARGET_COUNTRY$§W\n;X;X;X;X;X;X
LOST_NATIONAL_PROVINCES_NOT_TRIGGER;Держава §Y$COUNTRY$§W не потеряло контроль над §Y$VALUE$%§W национальных провинций\n;X;X;X;X;X;X
LOST_IC_IS_NOT_TRIGGER;Держава §Y$COUNTRY$§W не потеряло контроль над §Y$VALUE$%§W ПП\n;X;X;X;X;X;X
DISSENT_IS_NOT_TRIGGER;Уровень недовольства меньше §Y$VALUE$§W\n;X;X;X;X;X;X
ORGANISATION_IS_NOT_TRIGGER;Уровень организации партии §Y$IDEOLOGY$§W меньше §Y$VALUE$§W\n;X;X;X;X;X;X
POPULARITY_IS_NOT_TRIGGER;Популярность партии §Y$IDEOLOGY$§W меньше §Y$VALUE$§W\n;X;X;X;X;X;X
IS_NOT_THREATEND_TRIGGER;Уровень угрозы державе §Y$COUNTRY$§W со стороны других стран меньше §Y$VALUE$§W\n;X;X;X;X;X;X
IS_NOT_GUARANTEEING_TRIGGER;Держава §Y$COUNTRY$§W не гарантирует независимость державы §Y$TARGET_COUNTRY$§W\n;X;X;X;X;X;X
COUNTRY_HAS_UNITS_IN_PROVINCE_TRIGGER;Держава §Y$COUNTRY$§W имеет подразделения в провинции §Y$PROVINCE$§W\n;X;X;X;X;X;X
COUNTRY_HAS_NO_UNITS_IN_PROVINCE_TRIGGER;Держава §Y$COUNTRY$§W не имеет подразделений в провинции §Y$PROVINCE$§W\n;X;X;X;X;X;X
ALL_ORG_POP_IS_NOT_TRIGGER;Организация партии §Y$IDEOLOGY$§W меньше §Y$ORGANISATION$§W, а популярность меньше §Y$POPULARITY$§W\n;X;X;X;X;X;X
ALL_ORG_POP_IS_ATLEAST_TRIGGER;Организация партии §Y$IDEOLOGY$§W больше или равна §Y$ORGANISATION$§W, а популярность больше или равна §Y$POPULARITY$§W\n;X;X;X;X;X;X
IS_NOT_LAW_TRIGGER;В группе $GROUP$ не принят закон §Y'$LAW$'§W;X;X;X;X;X;X
IS_LAW_TRIGGER;В группе $GROUP$ принят закон §Y'$LAW$'§W;X;X;X;X;X;X
IS_IN_EXILE;Является правительством в изгнании;X;X;X;X;X;X
IS_NOT_IN_EXILE;Не является правительством в изгнании;X;X;X;X;X;X
NEUTRALITY_IS_NOT_TRIGGER;Уровень нейтралитета ниже §Y$VALUE$§W;X;X;X;X;X;X
NEUTRALITY_IS_ATLEAST_TRIGGER;Уровень нейтралитета выше или равен §Y$VALUE$§W;X;X;X;X;X;X
IS_NOT_IN_FACTION_TRIGGER;Не является членом одного из альянсов;X;X;X;X;X;X
IS_IN_FACTION_TRIGGER;Является членом одного из альянсов\n;X;X;X;X;X;X
IS_NUM_IN_FACTION_TRIGGER;Входит в состав альянса, в котором число членов больше или равно §Y$VAL$§W;X;X;X;X;X;X
IS_BELOW_NUM_IN_FACTION_TRIGGER;Входит в состав альянса, в котором число членов меньше §Y$VAL$§W;X;X;X;X;X;X
IS_NOT_MEMBER_OF_FACTION_TRIGGER;Не является членом альянса §Y$FACTION$§W;X;X;X;X;X;X
IS_MEMBER_OF_FACTION_TRIGGER;Является членом альянса §Y$FACTION$§W;X;X;X;X;X;X
POP_DONT_HAVE_X_INY;$TYPE$ в провинции $PROV$ не имеют $WHAT$;X;X;X;X;X;X
POP_HAVE_X_INY;$TYPE$ в провинции $PROV$ имеют $WHAT$;X;X;X;X;X;X
IS_NOT_RELIGION;Государственная религия - не;X;X;X;X;X;X
IS_RELIGION;Государственная религия -;X;X;X;X;X;X
IS_NOT_CULTURE;Культура - не;X;X;X;X;X;X
IS_CULTURE;Любая группа жителей в провинции;X;X;X;X;X;X
HAS_TERRAIN;Местность -;X;X;X;X;X;X
HAS_NOT_TERRAIN;Местность - не;X;X;X;X;X;X
IS_OF_POPTYPE;Группа населения -;X;X;X;X;X;X
IS_NOT_OF_POPTYPE;Группа населения - не;X;X;X;X;X;X
MORE_THAN_NEEDS_COST;Есть средства для удовлетворения §Y$VAL$§W% нужд.\n;X;X;X;X;X;X
NOT_MORE_THAN_NEEDS_COST;Нет средств для удовлетворения §Y$VAL$§W% нужд.\n;X;X;X;X;X;X
MORE_THAN_NEEDS;§Y$TYPE$§W удовлетворяются более чем на §Y$VAL$§W%\n;X;X;X;X;X;X
NOT_MORE_THAN_NEEDS;§Y$TYPE$§W удовлетворяются менее чем на §Y$VAL$§W%\n;X;X;X;X;X;X
MORE_THAN_CON;Сознательность выше §Y$VAL$§W\n;X;X;X;X;X;X
NOT_MORE_THAN_CON;Сознательность ниже §Y$VAL$§W\n;X;X;X;X;X;X
MORE_THAN_MIL;Агрессивность выше §Y$VAL$§W\n;X;X;X;X;X;X
NOT_MORE_THAN_MIL;Агрессивность ниже §Y$VAL$§W\n;X;X;X;X;X;X
UNEMPLOYMENT_HIGHER_THAN;Безработица выше §Y$VAL$§W%\n;X;X;X;X;X;X
NOT_UNEMPLOYMENT_HIGHER_THAN;Безработица ниже §Y$VAL$§W%\n;X;X;X;X;X;X
LITERACY_HIGHER_THAN;Грамотность выше §Y$VAL$§W%\n;X;X;X;X;X;X
NOT_LITERACY_HIGHER_THAN;Грамотность ниже §Y$VAL$§W%\n;X;X;X;X;X;X
MILITARY_SPENDING_OVER;Расходы на оборону выше §Y$VAL$§W%\n;X;X;X;X;X;X
NOT_MILITARY_SPENDING_OVER;Расходы на оборону ниже §Y$VAL$§W%\n;X;X;X;X;X;X
EDUCATION_SPENDING_OVER;Расходы на образование выше §Y$VAL$§W%\n;X;X;X;X;X;X
NOT_EDUCATION_SPENDING_OVER;Расходы на образование ниже §Y$VAL$§W%\n;X;X;X;X;X;X
CRIME_FIGHTING_SPENDING_OVER;Расходы на управление выше §Y$VAL$§W%\n;X;X;X;X;X;X
NOT_CRIME_FIGHTING_SPENDING_OVER;Расходы на управление ниже §Y$VAL$§W%\n;X;X;X;X;X;X
IS_NOT_RULING_PARTY;Не является правящей партией;X;X;X;X;X;X
IS_RULING_PARTY;Является правящей партией;X;X;X;X;X;X
RUL_PARTY_IS_NOT;Не правят;X;X;X;X;X;X
RUL_PARTY_IS;Правят;X;X;X;X;X;X
IDE_HAVE_LESS;составляют меньше;X;X;X;X;X;X
IDE_HAVE_MORE;составляют как минимум;X;X;X;X;X;X
NOT_IN_ELECTION_CAMPAIGN;Не идет избирательная кампания;X;X;X;X;X;X
IN_ELECTION_CAMPAIGN;идет избирательная кампания;X;X;X;X;X;X
NOT_HAS_NATIONAL_VALUE;Национальная ценность - не §Y$NATIONALVALUE$§W;X;X;X;X;X;X
HAS_NATIONAL_VALUE;Национальная ценность - §Y$NATIONALVALUE$§W;X;X;X;X;X;X
IS_NOT_STATE_RELIGION;Не относятся к государственной религии;X;X;X;X;X;X
IS_STATE_RELIGION;Относятся к государственной религии;X;X;X;X;X;X
REMOVE_IS_NOT_PRIMARY_CULTURE;убрано;X;X;X;X;X;X
REMOVE_IS_PRIMARY_CULTURE;убрано;X;X;X;X;X;X
IS_NOT_ACCEPTED_CULTURE;Не имеют статус признанной культуры;X;X;X;X;X;X
IS_ACCEPTED_CULTURE;Имеют статус признанной культуры;X;X;X;X;X;X
IS_NOT_COASTAL;Не является прибрежной провинцией;X;X;X;X;X;X
IS_COASTAL;Является прибрежной провинцией;X;X;X;X;X;X
IS_NOT_IN_SPHERE;Не находится в сфере влияния державы $ADJ$;X;X;X;X;X;X
IS_IN_SPHERE;Находится в сфере влияния державы $ADJ$;X;X;X;X;X;X
IS_NOT_SLAVE_STATE;Не является рабовладельческой областью;X;X;X;X;X;X
IS_SLAVE_STATE;Является рабовладельческой областью;X;X;X;X;X;X
IS_NOT_COLONIAL_STATE;Не является колониальной областью;X;X;X;X;X;X
IS_COLONIAL_STATE;Является колониальной областью;X;X;X;X;X;X
ALL_CORE_PROVINCE;Все национальные провинции;X;X;X;X;X;X
ANY_GP_STARTS;Любая великая держава;X;X;X;X;X;X
NOT_AV_MIL;Средняя агрессивность ниже §Y$VAL$§W\n;X;X;X;X;X;X
MORE_AV_MIL;Средняя агрессивность больше или равна §Y$VAL$§W\n;X;X;X;X;X;X
NOT_AV_CON;Средняя сознательность ниже §Y$VAL$§W\n;X;X;X;X;X;X
MORE_AV_CON;Средняя сознательность больше или равна §Y$VAL$§W\n;X;X;X;X;X;X
IS_PROD_TRIG;Производит товар §Y$VAL$§W\n;X;X;X;X;X;X
IS_NOT_PROD_TRIG;Не производит товар §Y$VAL$§W\n;X;X;X;X;X;X
NOT_STOCKPILE_TR;Государственные запасы товара §Y$NAME$§W меньше $VAL$\n;X;X;X;X;X;X
STOCKPILE_TR;Государственные запасы товара §Y$NAME$§W больше или равны $VAL$\n;X;X;X;X;X;X
ISSUE_POP_TR;Как минимум §Y$VAL$%§W считают, что §Y$NAME$§W - важный вопрос;X;X;X;X;X;X
NOT_ISSUE_POP_TR;Менее §Y$VAL$%§W считают, что §Y$NAME$§W - важный вопрос;X;X;X;X;X;X
NOT_LIFE_TR;Уровень жизни меньше §Y$VAL$§W\n;X;X;X;X;X;X
LIFE_TR;Уровень жизни больше или равен §Y$VAL$§W\n;X;X;X;X;X;X
NOT_UPPER_HOUSE_TR;§Y$NAME$§W имеют меньше §Y$VAL$§W% мест в Верхней палате\n;X;X;X;X;X;X
UPPER_HOUSE_TR;§Y$NAME$§W имеют как минимум §Y$VAL$§W% мест в Верхней палате\n;X;X;X;X;X;X
NOT_IS_NEXT_REFORM_TR;Вариант '$ISSUE$' не является следущим возможным шагом в области реформ '$GROUP$';X;X;X;X;X;X
IS_NEXT_REFORM_TR;Вариант '$ISSUE$' является следущим возможным шагом в области реформ '$GROUP$';X;X;X;X;X;X
NOT_PLURALITY_TR;Плюрализм меньше §Y$VAL$§W\n;X;X;X;X;X;X
PLURALITY_TR;Плюрализм больше или равен §Y$VAL$§W\n;X;X;X;X;X;X
HAVE_MINORTITIES;Есть меньшинства в провинции ;X;X;X;X;X;X
HAVE_NOT_MINORITIES;Нет меньшинств в провинции ;X;X;X;X;X;X
AGREE_RP_TR;Как минимум §Y$VAL$%§W придерживаются той же идеологии, что и правящая партия.;X;X;X;X;X;X
NOT_AGREE_RP_TR;Менее §Y$VAL$%§W придерживаются той же идеологии, что и правящая партия.;X;X;X;X;X;X
MEMBER_OF_FACTION;Действует фракция повстанцев §Y$NAME$%§W;X;X;X;X;X;X
NOT_MEMBER_OF_FACTION;Не действует фракция повстанцев §Y$NAME$%§W;X;X;X;X;X;X
NOT_UNEMPLOYED_BY_TYPE;§Y$NAME$§W: безработица ниже §Y$VALUE$§W%\n;X;X;X;X;X;X
UNEMPLOYED_BY_TYPE;§Y$NAME$§W: безработица как минимум §Y$VALUE$§W%\n;X;X;X;X;X;X
POP_UNEMPLOYMENT_HIGHER_THAN;Безработица в группе §Y$TYPE$§W выше §Y$VAL$§W%;X;X;X;X;X;X
NOT_POP_UNEMPLOYMENT_HIGHER_THAN;Безработица в группе §Y$TYPE$§W ниже §Y$VAL$§W%;X;X;X;X;X;X
HAVE_UNCLAIMED_CORE;Есть территориальнные претензии\n;X;X;X;X;X;X
HAVE_UNCLAIMED_CORE_NOT;Нет территориальнных претензий\n;X;X;X;X;X;X
IS_UNION_CULTURE;Является объединяющей культурой для ;X;X;X;X;X;X
IS_NOT_UNION_CULTURE;Не является объединяющей культурой для ;X;X;X;X;X;X
IS_NOT_CULTURE_GROUP;Культурная группа - не;X;X;X;X;X;X
IS_CULTURE_GROUP;Культурная группа -;X;X;X;X;X;X
NOT_WORK_AVAILABLE;Нет доступной работы для группы;X;X;X;X;X;X
WORK_AVAILABLE;Есть доступная работа для группы;X;X;X;X;X;X
IS_NOT_MOBILIZED_TR;не проводит мобилизацию\n;X;X;X;X;X;X
MOB_SIZE_LESS_TR;Размах мобилизации рабочей силы меньше §Y$VALUE$§W;X;X;X;X;X;X
MOB_SIZE_AT_LEAST_TR;Размах мобилизации рабочей силы больше или равен §Y$VALUE$§W;X;X;X;X;X;X
IS_MOBILIZED_TR;проводит мобилизацию\n;X;X;X;X;X;X
HAVE_PRESTIGE_LESS_THAN;Престиж меньше;X;X;X;X;X;X
HAVE_PRESTIGE_MORE_THAN;Престиж больше или равен;X;X;X;X;X;X
CAN_NOT_BUILD_FACTORY;Не может строить фабрики\n;X;X;X;X;X;X
CAN_BUILD_FACTORY;Может строить фабрики\n;X;X;X;X;X;X
GEN_POP_HAVE;Должен иметь $WHAT$;X;X;X;X;X;X
GEN_POP_NOT_HAVE;Не должен иметь $WHAT$;X;X;X;X;X;X
IS_NOT_SPHERELEADER_OF;Не имеет в своей сфере влияния державу $ADJ$;X;X;X;X;X;X
IS_SPHERELEADER_OF;Имеет в своей сфере влияния державу $ADJ$;X;X;X;X;X;X
HAVE_LESS_DIPLOMATIC_RELATION;имеет отношения меньше;X;X;X;X;X;X
POP_NOT_OF_CULTURE;- не $WHAT$;X;X;X;X;X;X
POP_NOT_OF_RELIGION;- не $WHAT$;X;X;X;X;X;X
COMBAT_TRIUMPH;одержала решительную победу;X;X;X;X;X;X
COMBAT_FLEE;отступила в беспорядке;X;X;X;X;X;X
COMBAT_WINNERTYPE_THEIR;Их;X;X;X;X;X;X
COMBAT_WINNERTYPE_OUR;Наша;X;X;X;X;X;X
RESULT_LOSS;проиграла;X;X;X;X;X;X
RESULT_WON;выиграла;X;X;X;X;X;X
SIEGEOVER_SETUP;Мы получаем контроль над провинцией;X;X;X;X;X;X
SIEGEOVER_1;Захвачена провинция!;X;X;X;X;X;X
SIEGEOVER_2;$MONARCHTITLE$, наша держава;X;X;X;X;X;X
SIEGEOVER_3;$RESULT$ осаду провинции§Y$NAME$§W!;X;X;X;X;X;X
SIEGEOVER_4;Для полного захвата потребовалось $TIME$ дн., и теперь держава;X;X;X;X;X;X
SIEGEOVER_6;контролирует провинцию.;X;X;X;X;X;X
SIEGEOVER_LOG;Наша держава $RESULT$ осаду провинции$NAME$.;X;X;X;X;X;X
SIEGEOVER_BTN1;ОК;X;X;X;X;X;X
SIEGEOVER_BTN2;ОК;X;X;X;X;X;X
SIEGEOVER_BTN3;Перейти;X;X;X;X;X;X
BATTLE_OF;Битва при;X;X;X;X;X;X
SIEGE_OF;Осада;X;X;X;X;X;X
PROVINCELOST_SETUP;Мы теряем контроль над провинцией;X;X;X;X;X;X
PROVINCELOST_1;Провинция потеряна!;X;X;X;X;X;X
PROVINCELOST_2;Мы потеряли провинцию;X;X;X;X;X;X
PROVINCELOST_4;Она была захвачена войсками державы;X;X;X;X;X;X
PROVINCELOST_6;Мы должны отбить ее!;X;X;X;X;X;X
PROVINCELOST_LOG;Мы потеряли контроль над провинцией $PROV$, перешедший к державе $COUNTRY$.;X;X;X;X;X;X
PROVINCELOST_BTN1;ОК;X;X;X;X;X;X
PROVINCELOST_BTN2;ОК;X;X;X;X;X;X
PROVINCELOST_BTN3;Перейти;X;X;X;X;X;X
PROVINCELOST_MAP;Провинция потеряна!;X;X;X;X;X;X
UNITARRIVED_SETUP;Наше подразделение прибывает на место назначения;X;X;X;X;X;X
UNITARRIVED_HEADER;Генеральный штаб сообщает;X;X;X;X;X;X
UNITARRIVED_1;$TYPE$ прибыла!;X;X;X;X;X;X
UNITARRIVED_2;Наша $TYPE$;X;X;X;X;X;X
UNITARRIVED_4;в целости и сохранности прибыла в провинцию;X;X;X;X;X;X
UNITARRIVED_6;Теперь они ждут новых приказов.;X;X;X;X;X;X
UNITARRIVED_LOG;$NAME$ прибыла в провинцию $PROV$.;X;X;X;X;X;X
UNITARRIVED_BTN1;ОК;X;X;X;X;X;X
UNITARRIVED_BTN2;ОК;X;X;X;X;X;X
UNITARRIVED_BTN3;Перейти;X;X;X;X;X;X
UNIT_ATTACK_INFO_NAVY;Крупных кораблей: $CAP$. Малых кораблей: $SCR$. Транспортов: $TRA$.;X;X;X;X;X;X
UNIT_ATTACK_INFO_ARMY;Бригад: $BRIG$. Солдат: $MEN$.;X;X;X;X;X;X
ATTACKTHEM_SETUP;Наша армия атакует врага;X;X;X;X;X;X
ATTACKTHEM_HEADER;Генеральный штаб сообщает;X;X;X;X;X;X
ATTACKTHEM_1;Мы вступили в бой!;X;X;X;X;X;X
ATTACKTHEM_2;$MONARCHTITLE$, наша славная армия атаковала врага в провинции;X;X;X;X;X;X
ATTACKTHEM_4;Мы атакуем силы державы $DEFENDER$, пытаясь разрушить их глубоко эшелонированную оборону. Составы сторон:;X;X;X;X;X;X
ATTACKTHEM_LOG;Мы атаковали врага в провинции $PROV$.;X;X;X;X;X;X
ATTACKTHEM_BTN1;ОК;X;X;X;X;X;X
ATTACKTHEM_BTN2;ОК;X;X;X;X;X;X
ATTACKTHEM_BTN3;Перейти;X;X;X;X;X;X
ATTACKTHEM_MAP;Начата атака!;X;X;X;X;X;X
ATTACKUS_SETUP;Нашу армию атакует противник;X;X;X;X;X;X
ATTACKUS_HEADER;Генеральный штаб сообщает;X;X;X;X;X;X
ATTACKUS_1;Наша армия атакована!;X;X;X;X;X;X
ATTACKUS_2;$MONARCHTITLE$, наша славная армия была атакована в провинции;X;X;X;X;X;X
ATTACKUS_4;Наши войска и войска державы $ATTACKER$ состоят из следующих сил:;X;X;X;X;X;X
ATTACKUS_LOG;Мы были атакованы в провинции $PROV$.;X;X;X;X;X;X
ATTACKUS_BTN1;ОК;X;X;X;X;X;X
ATTACKUS_BTN2;ОК;X;X;X;X;X;X
ATTACKUS_BTN3;Перейти;X;X;X;X;X;X
ATTACKUS_MAP;Нас атакуют!;X;X;X;X;X;X
NAVALATTACKTHEM_SETUP;Мы атакуем вражескую флотилию;X;X;X;X;X;X
REMOVE_NAVALATTACKTHEM_HEADER;Генеральный штаб сообщает;X;X;X;X;X;X
NAVALATTACKTHEM_1;Мы вступили в бой!;X;X;X;X;X;X
NAVALATTACKTHEM_2;$MONARCHTITLE$, наш славный флот атакует противника в морской зоне;X;X;X;X;X;X
NAVALATTACKTHEM_4;Вражеский флот державы $DEFENDER$ будет уничтожен нашей флотилией, в состав которой входят;X;X;X;X;X;X
NAVALATTACKTHEM_5;$ATTUNIT$\nнам противостоит эскадра противника в следующем составе\n$DEFUNIT$;X;X;X;X;X;X
NAVALATTACKTHEM_LOG;Мы атаковали вражескую флотилию в морской зоне $PROV$.;X;X;X;X;X;X
NAVALATTACKTHEM_BTN1;ОК;X;X;X;X;X;X
NAVALATTACKTHEM_BTN2;ОК;X;X;X;X;X;X
NAVALATTACKTHEM_BTN3;Перейти;X;X;X;X;X;X
NAVALATTACKTHEM_MAP;Начата атака!;X;X;X;X;X;X
NAVALATTACKUS_SETUP;Наша флотилия атакуется врагом;X;X;X;X;X;X
REMOVE_NAVALATTACKUS_HEADER;Генеральный штаб сообщает;X;X;X;X;X;X
NAVALATTACKUS_1;Наша флотилия атакована!;X;X;X;X;X;X
NAVALATTACKUS_2;$MONARCHTITLE$, наш славный флот атакован в морской зоне;X;X;X;X;X;X
NAVALATTACKUS_4;эскадрой державы $ATTACKER$ в следующем составе:;X;X;X;X;X;X
NAVALATTACKUS_5;$ATTUNIT$\nони атакуют наш флот, в состав которого входят\n$DEFUNIT$;X;X;X;X;X;X
NAVALATTACKUS_LOG;Наша флотилия была атакована в морской зоне $PROV$.;X;X;X;X;X;X
NAVALATTACKUS_BTN1;ОК;X;X;X;X;X;X
NAVALATTACKUS_BTN2;ОК;X;X;X;X;X;X
NAVALATTACKUS_BTN3;Перейти;X;X;X;X;X;X
NAVALATTACKUS_MAP;Нас атакуют!;X;X;X;X;X;X
LANDBATTLEOVER_SETUP;Сражение на суше подходит к концу;X;X;X;X;X;X
LANDBATTLEOVER_HEADER;Генеральный штаб сообщает;X;X;X;X;X;X
LANDBATTLEOVER_2;$MONARCHTITLE$, наша держава;X;X;X;X;X;X
LANDBATTLEOVER_3;$RESULT$ сражение в провинции$NAME$!;X;X;X;X;X;X
LANDBATTLEOVER_4;В битве потеряно наших войск: $USLOSS$ из $USNUM$.;X;X;X;X;X;X
LANDBATTLEOVER_5;Держава $OTHER$;X;X;X;X;X;X
LANDBATTLEOVER_6;$OTHERRESULT$ сражение. Их потери равны: $THEIRLOST$ из $THEIRNUM$.;X;X;X;X;X;X
LANDBATTLEOVER_LOG;Наша держава $RESULT$ сражение в провинции$NAME$.;X;X;X;X;X;X
LANDBATTLEOVER_BTN1;ОК;X;X;X;X;X;X
LANDBATTLEOVER_BTN2;ОК;X;X;X;X;X;X
LANDBATTLEOVER_BTN3;Перейти;X;X;X;X;X;X
WE;мы;X;X;X;X;X;X
NAVALBATTLEOVER_SETUP;Сражение на море подходит к концу;X;X;X;X;X;X
NAVALBATTLEOVER_HEADER;Адмиралтейство сообщает;X;X;X;X;X;X
NAVALBATTLEOVER_2;$MONARCHTITLE$, наша держава;X;X;X;X;X;X
NAVALBATTLEOVER_3;$RESULT$ сражение в провинции$NAME$!;X;X;X;X;X;X
NAVALBATTLEOVER_4;Флотилия державы $OTHER$;X;X;X;X;X;X
NAVALBATTLEOVER_6;Наши потери: $SHIPS$. Их потери: $THEIRSHIP$.;X;X;X;X;X;X
NAVALBATTLEOVER_LOG;Наша флотилия $RESULT$ $NAME$.;X;X;X;X;X;X
NAVALBATTLEOVER_BTN1;ОК;X;X;X;X;X;X
NAVALBATTLEOVER_BTN2;ОК;X;X;X;X;X;X
NAVALBATTLEOVER_BTN3;Перейти;X;X;X;X;X;X
WE_MOBILIZE_SETUP;Мы объявляем мобилизацию;X;X;X;X;X;X
WE_MOBILIZE_HEADER;Генеральный штаб сообщает;X;X;X;X;X;X
WE_MOBILIZE_1;Мобилизация!;X;X;X;X;X;X
WE_MOBILIZE_2;В целях создания сильной армии мы решили объявить о всеобщей мобилизации в наши вооруженные силы. Однако этот шаг может быть рассмотрен нашими потенциальными противниками как направленный против них акт агрессии.;X;X;X;X;X;X
WE_MOBILIZE_LOG;Мы объявили о всеобщей мобилизации.;X;X;X;X;X;X
WE_MOBILIZE_BTN1;ОК;X;X;X;X;X;X
WE_MOBILIZE_BTN2;ОК;X;X;X;X;X;X
WE_MOBILIZE_BTN3;Подробности;X;X;X;X;X;X
WE_DEMOBILIZE_SETUP;Мы объявляем демобилизацию;X;X;X;X;X;X
WE_DEMOBILIZE_HEADER;Генеральный штаб сообщает;X;X;X;X;X;X
WE_DEMOBILIZE_1;Демобилизация!;X;X;X;X;X;X
WE_DEMOBILIZE_2;Мы решили объявить о всеобщей демобилизации наших вооруженных сил. Наши резервисты возвращаются домой.;X;X;X;X;X;X
WE_DEMOBILIZE_LOG;Мы отдали приказ о начале демобилизации.;X;X;X;X;X;X
WE_DEMOBILIZE_BTN1;ОК;X;X;X;X;X;X
WE_DEMOBILIZE_BTN2;ОК;X;X;X;X;X;X
WE_DEMOBILIZE_BTN3;Подробности;X;X;X;X;X;X
OTHER_MOBILIZE_SETUP;Другая держава объявляет мобилизацию;X;X;X;X;X;X
OTHER_MOBILIZE_HEADER;Тайная полиция сообщает;X;X;X;X;X;X
OTHER_MOBILIZE_1;Мобилизация!;X;X;X;X;X;X
OTHER_MOBILIZE_2;Держава;X;X;X;X;X;X
OTHER_MOBILIZE_4;в целях усиления своей армии, объявила о начале мобилизации своих вооруженных сил.;X;X;X;X;X;X
OTHER_MOBILIZE_LOG;Держава $COUNTRY$ объявила о всеобщей мобилизации.;X;X;X;X;X;X
OTHER_MOBILIZE_BTN1;ОК;X;X;X;X;X;X
OTHER_MOBILIZE_BTN2;ОК;X;X;X;X;X;X
OTHER_MOBILIZE_BTN3;Подробности;X;X;X;X;X;X
OTHER_DEMOBILIZE_SETUP;Другая держава объявляет демобилизацию;X;X;X;X;X;X
OTHER_DEMOBILIZE_HEADER;Тайная полиция сообщает;X;X;X;X;X;X
OTHER_DEMOBILIZE_1;Демобилизация!;X;X;X;X;X;X
OTHER_DEMOBILIZE_2;Держава;X;X;X;X;X;X
OTHER_DEMOBILIZE_4;решила объявить о всеобщей демобилизации своих вооруженных сил. Их резервисты возвращаются домой.;X;X;X;X;X;X
OTHER_DEMOBILIZE_LOG;Держава $COUNTRY$ отдала приказ о начале демобилизации.;X;X;X;X;X;X
OTHER_DEMOBILIZE_BTN1;ОК;X;X;X;X;X;X
OTHER_DEMOBILIZE_BTN2;ОК;X;X;X;X;X;X
OTHER_DEMOBILIZE_BTN3;Подробности;X;X;X;X;X;X
DISBAND_SETUP;Мы расформировываем подразделение;X;X;X;X;X;X
DISBAND_HEADER;Генеральный штаб сообщает;X;X;X;X;X;X
DISBAND_1;Расформировано подразделение!;X;X;X;X;X;X
DISBAND_2;$MONARCHTITLE$, мы расформировали подразделение;X;X;X;X;X;X
DISBAND_4;Без сомнения, мерзавцы, из которых только и состоит наша армия, промотают все свое жалование в кабаках и притонах...;X;X;X;X;X;X
DISBAND_LOG;Мы расформировали подразделение '$UNIT$'.;X;X;X;X;X;X
DISBAND_BTN1;ОК;X;X;X;X;X;X
DISBAND_BTN2;ОК;X;X;X;X;X;X
DISBAND_BTN3;Перейти;X;X;X;X;X;X
TRANSFEREDSUBUNIT_SETUP;Мы перемещаем часть из одного подразделения в другое;X;X;X;X;X;X
TRANSFEREDSUBUNIT_HEADER;Генеральный штаб сообщает;X;X;X;X;X;X
TRANSFEREDSUBUNIT_1;Переподчинение!;X;X;X;X;X;X
TRANSFEREDSUBUNIT_2;$MONARCHTITLE$, мы решили переподчинить часть $SUB$ от соединения $OLD$ к подразделению;X;X;X;X;X;X
TRANSFEREDSUBUNIT_LOG;Мы переподчинили часть '$SUB$' подразделению '$NEW$'.;X;X;X;X;X;X
TRANSFEREDSUBUNIT_BTN1;ОК;X;X;X;X;X;X
TRANSFEREDSUBUNIT_BTN2;ОК;X;X;X;X;X;X
TRANSFEREDSUBUNIT_BTN3;Перейти;X;X;X;X;X;X
SHIPSUNK_SETUP;Наш корабль тонет от недостаточного снабжения;X;X;X;X;X;X
SHIPSUNK_HEADER;Адмиралтейство сообщает;X;X;X;X;X;X
SHIPSUNK_1;Потерян корабль!;X;X;X;X;X;X
SHIPSUNK_2;$MONARCHTITLE$, один из наших кораблей был;X;X;X;X;X;X
SHIPSUNK_3;ПОТЕРЯН;X;X;X;X;X;X
SHIPSUNK_4;во время путешествия в опасных водах морского региона;X;X;X;X;X;X
SHIPSUNK_LOG;В морской зоне $PROV$ был потерян корабль.;X;X;X;X;X;X
SHIPSUNK_BTN1;ОК;X;X;X;X;X;X
SHIPSUNK_BTN2;ОК;X;X;X;X;X;X
SHIPSUNK_BTN3;Перейти;X;X;X;X;X;X
SHIPSUNK_MAP;Потерян корабль!;X;X;X;X;X;X
LEADERDIED_SETUP;Умирает один из наших командующих;X;X;X;X;X;X
LEADERDIED_1;Умер командир!;X;X;X;X;X;X
LEADERDIED_2;$MONARCHTITLE$, дурные новости!;X;X;X;X;X;X
LEADERDIED_3;$TYPE$ $NAME$ покинул этот мир.;X;X;X;X;X;X
LEADERDIED_4;Этот доблестный воин служил нам верой и правдой, и потому он достоин первоклассных похорон.;X;X;X;X;X;X
LEADERDIED_LOG;$TYPE$ $NAME$ был предан земле.;X;X;X;X;X;X
LEADERDIED_BTN1;ОК;X;X;X;X;X;X
LEADERDIED_BTN2;ОК;X;X;X;X;X;X
LEADERDIED_BTN3;Перейти;X;X;X;X;X;X
NORMAL_WAR_WMA_NAME;$ORDER$Война за $SECOND$ репарации;X;X;X;X;X;X
AGRESSION_WAR_WMA_NAME;$ORDER$Война за $SECOND$ репарации;X;X;X;X;X;X
CANAL_7;Гибралтарский пролив;X;X;X;X;X;X
CANAL_8;Аденский пролив;X;X;X;X;X;X
CANAL_9;Персидский пролив;X;X;X;X;X;X
CANAL_10;Сингапурский пролив;X;X;X;X;X;X
CANAL_11;Адриатический пролив;X;X;X;X;X;X	
GC_NAME18;Основная кампания (11 человек);X;X;X;X;X;X
GC_NAME14;Основная кампания (14 человек);X;X;X;X;X;X
GC_NAME16;Основная кампания (17 человек);X;X;X;X;X;X
FAQ1.D;Мод приспособлен под мультиплеер, но также играбелен и в одиночной игре, выберите категорию, которую хотите посмотреть;X;X;X;X;X;X
FAQ1A;Начало игры;X;X;X;X;X;X
FAQ1B;Основы игры;X;X;X;X;X;X
FAQ1C;Экономика и промышленность;X;X;X;X;X;X
FAQ1D;Технологии;X;X;X;X;X;X
FAQ1E;Выйти;X;X;X;X;X;X
GAY_BOY;Мальчик с пальчик ;X;X;X;X;X;X
CD_GG;Выборы в Канаде;X;X;X;X;X;X
DP_BUFF1;Развитие добычи;X;X;X;X;X;X
DP_BUFF2;Инновации;X;X;X;X;X;X
JOH_DEV;Добыча каучука;X;X;X;X;X;X
WAR_REPARATION_NAME;Потребовать репарации;X;X;X;X;X;X
AGRESSION_WAR_REPARATION_NAME;Унижение1;X;X;X;X;X;X
HAS_GOODS;Имеет провки;X;X;X;X;X;X
BYZ_BUL;Путь войны с Болгарией.;X;X;X;X;X;X
META_1;Земля;X;X;X;X;X;X
FAQ1.T;FAQ;X;X;X;X;X;X
REGION;Регион;X;X;X;X;X;X
VALUE;Значение;X;X;X;X;X;X
NORMAL_WAR_TREATY_PORT_NAME;$ORDER$$FIRST$ опиумная война за $STATE$;X;X;X;X;X;X
INC_DEF;Индокитайский;;;;;;;;;;;;;x
NORMAL_WAR_TAKE_TREATY_PORT_NAME;$ORDER$$FIRST$ борьба за договорный порт $STATE$;X;X;X;X;X;X
INCREASERELATION_WE_ACCEPT_5;*;X;X;X;X;X;X
CALLALLY_THEY_ACCEPT_6;*;X;X;X;X;X;X
PEACE_WE_ACCEPT_3;$ACTOR$;X;X;X;X;X;X
REGION_NAME;$NAME$;X;X;X;X;X;X
EVENTHAPPENOTHEROPTION_3;§Y'$OPTION$'§W;X;X;X;X;X;X
ELECTIONSTART_5;*;X;X;X;X;X;X
MAJOREVENTHAPPENOTHEROPTION_1;$COUNTRY$;X;X;X;X;X;X
WE_INTERVENED_HEADER;$MESSENGER$;X;X;X;X;X;X
WARSUBSIDIES_WE_ACCEPT_3;§Y$ACTOR$§W ;X;X;X;X;X;X
UPPERHOUSE_6;*;X;X;X;X;X;X
WE_MOBILIZE_4;*;X;X;X;X;X;X
CALLALLY_WE_ACCEPT_6;*;X;X;X;X;X;X
REMOVEFROMSPHERE_THEY_ACCEPT_6;*;X;X;X;X;X;X
UPPERHOUSE_4;*;X;X;X;X;X;X
WE_DEMOBILIZE_MAP;*;X;X;X;X;X;X
REMOVE_CALLALLY_WE_ACCEPT_3;§Y$ACTOR$§W;X;X;X;X;X;X
ALLYTAKEOVER_5;$TARGETLIST$.;X;X;X;X;X;X
DECREASERELATION_WE_ACCEPT_6;*;X;X;X;X;X;X
WE_NO_LONGER_GREAT_POWER_5;*;X;X;X;X;X;X
WAR_OTHER_ACCEPT_5;*;X;X;X;X;X;X
DISCREDIT_WE_ACCEPT_5;*;X;X;X;X;X;X
CANCEL_WARSUBSIDIES_THEY_ACCEPT_6;*;X;X;X;X;X;X
DECISIONUS_2;$DESC$;X;X;X;X;X;X
CHATMESSAGE_5;*;X;X;X;X;X;X
ASKMILITARYACCESS_WE_ACCEPT_3;§Y$ACTOR$§W;X;X;X;X;X;X
SIEGEOVER_MAP;*;X;X;X;X;X;X
SIEGEOVER_5;§Y$WINNER$§W;X;X;X;X;X;X
WE_INTERVENED_6;*;X;X;X;X;X;X
ATTACKTHEM_3;$PROV$;X;X;X;X;X;X
PARTY_UNAVAIL_5;*;X;X;X;X;X;X
CALLALLY_OTHER_DECLINE_5;§Y$ACTOR$§W.;X;X;X;X;X;X
PARTY_UNAVAIL_2;*;X;X;X;X;X;X
ANNEX_MAP;*;X;X;X;X;X;X
BANEMBASSY_THEY_ACCEPT_5;*;X;X;X;X;X;X
REMOVEFROMSPHERE_OTHER_ACCEPT_5;§Y$TARGET$§W.;X;X;X;X;X;X
DECREASEOPINION_WE_ACCEPT_6;*;X;X;X;X;X;X
WE_DEMOBILIZE_6;*;X;X;X;X;X;X
CEASECOLONIZATION_WE_DECLINE_6;*;X;X;X;X;X;X
REMOVEFROMSPHERE_OTHER_ACCEPT_6;*;X;X;X;X;X;X
CANCELALLIANCE_THEY_ACCEPT_5;§Y$RECIPIENT$§W.;X;X;X;X;X;X
PARTY_UNAVAIL_6;*;X;X;X;X;X;X
REMOVE_CALLALLY_WE_ACCEPT_5;$VERSUS$.;X;X;X;X;X;X
MAJOREVENTHAPPENOTHEROPTION_MAP;*;X;X;X;X;X;X
DISBAND_5;*;X;X;X;X;X;X
SOCREFORM_5;'$CATEGORY$'.;X;X;X;X;X;X
DECISIONOTHER_MAP;*;X;X;X;X;X;X
ELECTIONSTART_4;$DETAILS$.;X;X;X;X;X;X
INVENTION_3;$INVENTION$.;X;X;X;X;X;X
CALLALLY_OTHER_ACCEPT_6;$VERSUS$.;X;X;X;X;X;X
ALLIANCE_OTHER_DECLINE_5;§Y$ACTOR$§W.;X;X;X;X;X;X
CANCELASKMILITARYACCESS_OTHER_ACCEPT_5;§Y$RECIPIENT$§W.;X;X;X;X;X;X
INTERVENTION_THEIR_SIDE_6;*;X;X;X;X;X;X
TECH_ONCE_6;*;X;X;X;X;X;X
COLONY_SUCCESS_6;*;X;X;X;X;X;X
CHATMESSAGE_2;$TEXT$;X;X;X;X;X;X
BUILDING_DONE_6;*;X;X;X;X;X;X
ELECTIONDONE_MAP;*;X;X;X;X;X;X
INTERVENTION_OTHER_SIDE_4;$WAR$.;X;X;X;X;X;X
TECH_REPEAT_MAP;*;X;X;X;X;X;X
TRANSFEREDSUBUNIT_3;$NEW$;X;X;X;X;X;X
CALLALLY_WE_ACCEPT_3;§Y$ACTOR$§W;X;X;X;X;X;X
WAR_OTHER_ACCEPT_6;*;X;X;X;X;X;X
DECISIONUS_BTN3;*;X;X;X;X;X;X
ASKMILITARYACCESS_OTHER_DECLINE_3;§Y$RECIPIENT$§W;X;X;X;X;X;X
TRANSFEREDSUBUNIT_MAP;*;X;X;X;X;X;X
MAJOREVENTHAPPENOTHER_4;$EVENTDESC$;X;X;X;X;X;X
INVENTION_MAP;*;X;X;X;X;X;X
CEASECOLONIZATION_WE_ACCEPT_6;*;X;X;X;X;X;X
CREATING_PROVINCE;Creating Province #;X;X;X;X;X;X
SOCREFORM_6;*;X;X;X;X;X;X
REMOVE_PEACE_OTHER_DECLINE_6;*;X;X;X;X;X;X
TRIGMODLOST_MAP;*;X;X;X;X;X;X
INCREASERELATION_THEY_ACCEPT_5;*;X;X;X;X;X;X
WAR_THEY_ACCEPT_5;*;X;X;X;X;X;X
WETARGET_BANEMBASSY_6;*;X;X;X;X;X;X
CANCELGIVEMILITARYACCESS_WE_ACCEPT_5;*;X;X;X;X;X;X
OTHERDEFECT_1;$COUNTRY$;X;X;X;X;X;X
PARTY_UNAVAIL_4;*;X;X;X;X;X;X
WE_BECAME_GREAT_POWER_6;*;X;X;X;X;X;X
THEY_NO_LONGER_GREAT_POWER_6;*;X;X;X;X;X;X
GUNBOAT_WE_ACCEPT_HEADER;$MESSENGER$;X;X;X;X;X;X
LEADERDIED_MAP;*;X;X;X;X;X;X
GUNBOAT_THEY_ACCEPT_6;*;X;X;X;X;X;X
INTERVENTION_THEIR_SIDE_4;$WAR$.;X;X;X;X;X;X
POLREFORM_MAP;*;X;X;X;X;X;X
TECH_ONCE_MAP;*;X;X;X;X;X;X
GUNBOAT_THEY_ACCEPT_HEADER;$MESSENGER$;X;X;X;X;X;X
REMOVE_CALLALLY_OTHER_ACCEPT_5;§Y$ACTOR$§W.;X;X;X;X;X;X
ANNEX_1;$ACTOR$;X;X;X;X;X;X
POLREFORM_5;'$CATEGORY$'.;X;X;X;X;X;X
PROVINCELOST_HEADER;$MESSENGER$;X;X;X;X;X;X
CANCEL_WARSUBSIDIES_OTHER_ACCEPT_3;§Y$ACTOR$§W ;X;X;X;X;X;X
CRISIS_OFFER_WE_ACCEPT_3;$WARGOAL$;§Y$WARGOAL$§W;x;;;;
THEYDEFECT_3;$PROV$;X;X;X;X;X;X
WARSUBSIDIES_OTHER_ACCEPT_5;§Y$RECIPIENT$§W.;X;X;X;X;X;X
INVENTION_6;$EFFECT$;X;X;X;X;X;X
CHATMESSAGE_LOG;$TEXT$;X;X;X;X;X;X
GIVEMILITARYACCESS_WE_ACCEPT_HEADER;$MESSENGER$;X;X;X;X;X;X
ALLYTAKEOVER_MAP;*;X;X;X;X;X;X
REMOVE_CALLALLY_THEY_ACCEPT_5;$VERSUS$.;X;X;X;X;X;X
NEW_PARTY_AVAIL_BTN1;OK;X;X;X;X;X;X
WE_NO_LONGER_GREAT_POWER_HEADER;$MESSENGER$;X;X;X;X;X;X
SOCREFORM_BAD_5;*;X;X;X;X;X;X
PEACE_WE_ACCEPT_6;*;X;X;X;X;X;X
REMOVE_INCREASERELATION_THEY_ACCEPT_4;*;X;X;X;X;X;X
CANCELASKMILITARYACCESS_THEY_ACCEPT_5;*;X;X;X;X;X;X
NEW_PARTY_AVAIL_3;*;X;X;X;X;X;X
GUNBOAT_OTHER_ACCEPT_HEADER;$MESSENGER$;X;X;X;X;X;X
CANCELGIVEMILITARYACCESS_WE_ACCEPT_3;§Y$ACTOR$§W;X;X;X;X;X;X
EVENTHAPPENOTHEROPTION_1;$COUNTRY$;X;X;X;X;X;X
ALLIANCE_WE_ACCEPT_6;*;X;X;X;X;X;X
POLREFORM_6;*;X;X;X;X;X;X
ATTACKUS_6;*;X;X;X;X;X;X
ADDTOSPHERE_THEY_ACCEPT_5;§Y$RECIPIENT$§W.;X;X;X;X;X;X
DISCREDIT_THEY_ACCEPT_5;*;X;X;X;X;X;X
CEASECOLONIZATION_OTHER_ACCEPT_6;*;X;X;X;X;X;X
THEY_BANKRUPTCY_4;*;X;X;X;X;X;X
EVENTHAPPENUS_5;*;X;X;X;X;X;X
GIVEMILITARYACCESS_WE_DECLINE_3;§Y$ACTOR$§W;X;X;X;X;X;X
GIVEMILITARYACCESS_THEY_ACCEPT_3;§Y$RECIPIENT$§W;X;X;X;X;X;X
SHIPSUNK_5;$PROV$;X;X;X;X;X;X
TRANSFEREDSUBUNIT_4;*;X;X;X;X;X;X
WETARGET_DECREASEOPINION_6;*;X;X;X;X;X;X
ASKMILITARYACCESS_WE_ACCEPT_5;*;X;X;X;X;X;X
BREAKCOUNTRYOTHER_6;*;X;X;X;X;X;X
CHATMESSAGE_4;*;X;X;X;X;X;X
TRANSFEREDSUBUNIT_5;*;X;X;X;X;X;X
INTERVENTION_OTHER_SIDE_6;*;X;X;X;X;X;X
GIVEMILITARYACCESS_THEY_DECLINE_5;*;X;X;X;X;X;X
REVOLTALLIANCE_BTN2;OK;X;X;X;X;X;X
CANCELALLIANCE_WE_ACCEPT_5;*;X;X;X;X;X;X
SIEGEUS_HEADER;$MESSENGER$;X;X;X;X;X;X
THEYDEFECT_5;*;X;X;X;X;X;X
UNITARRIVED_5;$PROV$;X;X;X;X;X;X
OTHERDEFECT_5;*;X;X;X;X;X;X
ELECTIONDONE_5;$DETAILS$;X;X;X;X;X;X
CALLALLY_THEY_ACCEPT_3;§Y$RECIPIENT$§W;X;X;X;X;X;X
SIEGETHEM_5;§Y$DEFENDER$§W.;X;X;X;X;X;X
SIEGETHEM_HEADER;$MESSENGER$;X;X;X;X;X;X
TECH_REPEAT_3;$EFFECT$;X;X;X;X;X;X
PEACE_THEY_ACCEPT_1;$RECIPIENT$;X;X;X;X;X;X
CALLALLY_WE_ACCEPT_5;$VERSUS$.;X;X;X;X;X;X
REMOVE_PEACE_THEY_DECLINE_5;*;X;X;X;X;X;X
DECREASERELATION_OTHER_ACCEPT_5;*;X;X;X;X;X;X
WE_NO_LONGER_GREAT_POWER_6;*;X;X;X;X;X;X
BANEMBASSY_WE_ACCEPT_6;*;X;X;X;X;X;X
INDEPENDANCE_5;$OPRESSOR$;X;X;X;X;X;X
CANCELALLIANCE_OTHER_ACCEPT_5;§Y$RECIPIENT$§W.;X;X;X;X;X;X
CHATMESSAGE_MAP;*;X;X;X;X;X;X
EXPELADVISORS_WE_ACCEPT_6;*;X;X;X;X;X;X
PV_SLICE_DESC;§Y$TYPE$§W: $VAL$%;X;X;X;X;X;X
INDEPENDANCE_1;$ACTOR$;X;X;X;X;X;X
NAVALBATTLEOVER_5;$OTHERRESULT$.;X;X;X;X;X;X
EXPELADVISORS_OTHER_ACCEPT_6;*;X;X;X;X;X;X
CHATMESSAGE_6;*;X;X;X;X;X;X
WEDEFECT_5;$COUNTRY$;X;X;X;X;X;X
THEY_BANKRUPTCY_6;*;X;X;X;X;X;X
WE_MOBILIZE_3;*;X;X;X;X;X;X
REMOVE_DECISIONOTHER_1;$COUNTRY$;X;X;X;X;X;X
PEACE_OTHER_DECLINE_6;*;X;X;X;X;X;X
CANCELGIVEMILITARYACCESS_OTHER_ACCEPT_5;§Y$RECIPIENT$§W.;X;X;X;X;X;X
WETARGET_REMOVEFROMSPHERE_6;*;X;X;X;X;X;X
PEACE_WE_DECLINE_6;*;X;X;X;X;X;X
ANNEX_5;*;X;X;X;X;X;X
ALLIANCE_WE_DECLINE_5;§Y$ACTOR$§W.;X;X;X;X;X;X
GIVEMILITARYACCESS_OTHER_ACCEPT_3;§Y$RECIPIENT$§W;X;X;X;X;X;X
TECH_ONCE_4;*;X;X;X;X;X;X
BREAKCOUNTRYOTHER_4;$EFFECTS$;X;X;X;X;X;X
MAJOREVENTHAPPENOTHER_BTN3;*;X;X;X;X;X;X
WEGAINCB_3;'$CASUS$' ;X;X;X;X;X;X
EVENTHAPPENUS_MAP;*;X;X;X;X;X;X
CANCEL_WARSUBSIDIES_THEY_ACCEPT_5;*;X;X;X;X;X;X
NAVALATTACKTHEM_3;$PROV$;X;X;X;X;X;X
CEASECOLONIZATION_THEY_ACCEPT_6;*;X;X;X;X;X;X
NEW_PARTY_AVAIL_4;*;X;X;X;X;X;X
REMOVEFROMSPHERE_WE_ACCEPT_5;§Y$TARGET$§W.;X;X;X;X;X;X
PARTY_UNAVAIL_3;*;X;X;X;X;X;X
PEACE_OTHER_ACCEPT_5;*;X;X;X;X;X;X
EXPELADVISORS_THEY_ACCEPT_6;*;X;X;X;X;X;X
WE_MOBILIZE_6;*;X;X;X;X;X;X
SIEGETHEM_3;§Y$PROV$§W.;X;X;X;X;X;X
WE_MOBILIZE_MAP;*;X;X;X;X;X;X
NAME;Имя;X;X;X;X;X;X
OTHER_MOBILIZE_6;*;X;X;X;X;X;X
TECH_REPEAT_6;*;X;X;X;X;X;X
WAR_THEY_ACCEPT_6;*;X;X;X;X;X;X
DECISIONOTHER_6;*;X;X;X;X;X;X
REMOVEFROMSPHERE_THEY_ACCEPT_5;§Y$TARGET$§W.;X;X;X;X;X;X
WE_DEMOBILIZE_5;*;X;X;X;X;X;X
CANCELALLIANCE_OTHER_ACCEPT_6;*;X;X;X;X;X;X
SUBUNIT_NAME;$NUM$$ORDER$ $TYPE$;X;X;X;X;X;X
DECISIONOTHER_BTN3;*;X;X;X;X;X;X
COLONY_SUCCESS_5;*;X;X;X;X;X;X
BREAKCOUNTRYOTHER_MAP;*;X;X;X;X;X;X
SETPARTY_MAP;*;X;X;X;X;X;X
TRIGMODLOST_6;$EFFECT$;X;X;X;X;X;X
EVENTHAPPENOTHER_MAP;*;X;X;X;X;X;X
COLONY_SUCCESS_3;§Y$TARGET$§W.;X;X;X;X;X;X
INCREASEOPINION_WE_ACCEPT_6;*;X;X;X;X;X;X
TECH_ONCE_3;$EFFECT$;X;X;X;X;X;X
CALLALLY_WE_DECLINE_5;*;X;X;X;X;X;X
BREAKCOUNTRY_5;*;X;X;X;X;X;X
TRIGMOD_MAP;*;X;X;X;X;X;X
NAVALATTACKTHEM_6;*;X;X;X;X;X;X
ALLYTAKEOVERWE_5;$TARGETLIST$.;X;X;X;X;X;X
SOCREFORM_BAD_6;*;X;X;X;X;X;X
GIVEMILITARYACCESS_THEY_ACCEPT_5;*;X;X;X;X;X;X
ELECTIONSTART_MAP;*;X;X;X;X;X;X
WE_BECAME_GREAT_POWER_HEADER;$MESSENGER$;X;X;X;X;X;X
TECH_REPEAT_5;*;X;X;X;X;X;X
TRANSFEREDSUBUNIT_6;*;X;X;X;X;X;X
DECISIONUS_1;$EVENT$!;X;X;X;X;X;X
ADDTOSPHERE_WE_ACCEPT_6;*;X;X;X;X;X;X
PEACE_WE_ACCEPT_HEADER;$MESSENGER$;X;X;X;X;X;X
PLAYER_COUNTRY_TOPBAR_RANK;$NAME$ - §Y$RANK$§W;X;X;X;X;X;X
UPPERHOUSE_3;$DETAILS$;X;X;X;X;X;X
WE_DEMOBILIZE_4;*;X;X;X;X;X;X
GIVEMILITARYACCESS_THEY_DECLINE_3;§Y$RECIPIENT$§W;X;X;X;X;X;X
EVENTHAPPENOTHER_BTN3;*;X;X;X;X;X;X
TRIGMODLOST_3;$NAME$;X;X;X;X;X;X
ALLIANCE_OTHER_ACCEPT_6;*;X;X;X;X;X;X
THEY_NO_LONGER_GREAT_POWER_5;*;X;X;X;X;X;X
MAJOREVENTHAPPENOTHER_MAP;*;X;X;X;X;X;X
DISCREDIT_WE_ACCEPT_6;*;X;X;X;X;X;X
MAJOREVENTHAPPENOTHER_6;*;X;X;X;X;X;X
MAJOREVENTHAPPENOTHEROPTION_5;§Y'$EVENT$'§W.;X;X;X;X;X;X
DECISIONUS_MAP;*;X;X;X;X;X;X
ALLIANCE_OTHER_DECLINE_6;*;X;X;X;X;X;X
WEDEFECT_3;$PROV$;X;X;X;X;X;X
REVOLTALLIANCE_6;*;X;X;X;X;X;X
SIEGEOVER_HEADER;$MESSENGER$;X;X;X;X;X;X
MAJOREVENTHAPPENOTHER_5;*;X;X;X;X;X;X
DISCREDIT_OTHER_ACCEPT_6;*;X;X;X;X;X;X
EVENTHAPPENOTHEROPTION_6;*;X;X;X;X;X;X
GIVEMILITARYACCESS_OTHER_DECLINE_5;§Y$ACTOR$§W.;X;X;X;X;X;X
DECISIONOTHER_1;$ACTOR$;X;X;X;X;X;X
COLONY_FAIL_6;*;X;X;X;X;X;X
UPPERHOUSE_MAP;*;X;X;X;X;X;X
WETARGET_EXPELADVISORS_5;*;X;X;X;X;X;X
SETPARTY_6;*;X;X;X;X;X;X
DISBAND_MAP;*;X;X;X;X;X;X
WEGAINCB_6;$DESC$.;X;X;X;X;X;X
DECISIONUS_3;*;X;X;X;X;X;X
EVENTHAPPENOTHER_1;$COUNTRY$;X;X;X;X;X;X
POLREFORM_BAD_6;*;X;X;X;X;X;X
ELECTIONSTART_6;*;X;X;X;X;X;X
PROVINCELOST_5;§Y$COUNTRY$§W;X;X;X;X;X;X
WARGOAL_WE_ACCEPT_3;$WARGOAL$.;X;X;X;X;X;X
WETARGET_DISCREDIT_6;*;X;X;X;X;X;X
NAVALBATTLEOVER_MAP;$RESULT$ ;X;X;X;X;X;X
LANDBATTLEOVER_MAP;$RESULT$ ;X;X;X;X;X;X
UNITARRIVED_MAP;*;X;X;X;X;X;X
WARGOAL_THEY_ACCEPT_3;$WARGOAL$.;X;X;X;X;X;X
SIEGEUS_MAP;*;X;X;X;X;X;X
TRIGMODLOST_4;*;X;X;X;X;X;X
NEW_PARTY_AVAIL_6;*;X;X;X;X;X;X
ADDTOSPHERE_OTHER_ACCEPT_5;§Y$ACTOR$§W.;X;X;X;X;X;X
REMOVE_DECREASERELATION_WE_ACCEPT_5;*;X;X;X;X;X;X
INCREASERELATION_WE_ACCEPT_6;*;X;X;X;X;X;X
INCREASERELATION_THEY_ACCEPT_6;*;X;X;X;X;X;X
GIVEMILITARYACCESS_WE_ACCEPT_3;§Y$ACTOR$§W;X;X;X;X;X;X
SIEGEUS_3;§Y$PROV$§W;X;X;X;X;X;X
INCREASERELATION_OTHER_ACCEPT_5;*;X;X;X;X;X;X
OTHER_DEMOBILIZE_3;§Y$COUNTRY$§W;X;X;X;X;X;X
INCREASERELATION_OTHER_ACCEPT_6;*;X;X;X;X;X;X
WAR_THEY_ACCEPT_4;*;X;X;X;X;X;X
ASKMILITARYACCESS_OTHER_ACCEPT_5;§Y$ACTOR$§W.;X;X;X;X;X;X
COLONY_FAIL_3;§Y$TARGET$§b;X;X;X;X;X;X
INTERVENTION_THEIR_SIDE_HEADER;$MESSENGER$;X;X;X;X;X;X
POP_OF_CULTURE;- $WHAT$;X;X;X;X;X;X
NAVALATTACKUS_6;*;X;X;X;X;X;X
CANCELGIVEMILITARYACCESS_OTHER_ACCEPT_3;§Y$ACTOR$§W;X;X;X;X;X;X
DECISIONUS_5;*;X;X;X;X;X;X
GIVEMILITARYACCESS_OTHER_ACCEPT_5;§Y$ACTOR$§W;X;X;X;X;X;X
CANCELASKMILITARYACCESS_THEY_ACCEPT_3;§Y$RECIPIENT$§W;X;X;X;X;X;X
ALLIANCE_THEY_DECLINE_3;§Y$RECIPIENT$§W;X;X;X;X;X;X
MAJOREVENTHAPPENOTHEROPTION_3;§Y'$OPTION$'§W;X;X;X;X;X;X
PARTY_UNAVAIL_BTN1;OK;X;X;X;X;X;X
INTERVENTION_THEIR_SIDE_5;*;X;X;X;X;X;X
PEACE_OTHER_DECLINE_1;$RECIPIENT$;X;X;X;X;X;X
DECISIONOTHER_3;§Y$EVENT$§W!;X;X;X;X;X;X
PEACE_THEY_DECLINE_6;*;X;X;X;X;X;X
REVOLTALLIANCE_BTN1;OK;X;X;X;X;X;X
CANCELALLIANCE_WE_ACCEPT_6;*;X;X;X;X;X;X
POLREFORM_BAD_MAP;*;X;X;X;X;X;X
ELECTIONDONE_6;*;X;X;X;X;X;X
EVENTHAPPENOTHER_3;§Y'$EVENT$'§W.;X;X;X;X;X;X
IS; - ;X;X;X;X;X;X
BANK_OF;$COUNTRY$;X;X;X;X;X;X
DECISIONUS_6;*;X;X;X;X;X;X
DECREASEOPINION_THEY_ACCEPT_6;*;X;X;X;X;X;X
THEY_NO_LONGER_GREAT_POWER_HEADER;$MESSENGER$;X;X;X;X;X;X
POP_OF_RELIGION;- $WHAT$;X;X;X;X;X;X
SHIP_SUB_NAME;$HOME$;X;X;X;X;X;X
UPPERHOUSE_5;*;X;X;X;X;X;X
MY;My;X;X;X;X;X;X
OTHER_MOBILIZE_5;*;X;X;X;X;X;X
EVENTHAPPENOTHER_5;*;X;X;X;X;X;X
PEACE_THEY_DECLINE_1;$RECIPIENT$;X;X;X;X;X;X
CALLALLY_THEY_ACCEPT_5;$VERSUS$.;X;X;X;X;X;X
ASKMILITARYACCESS_THEY_DECLINE_3;§Y$RECIPIENT$§W;X;X;X;X;X;X
EVENTHAPPENUS_BTN3;*;X;X;X;X;X;X
WARSUBSIDIES_OTHER_ACCEPT_3;§Y$ACTOR$§W ;X;X;X;X;X;X
THEY_BANKRUPTCY_5;*;X;X;X;X;X;X
WE_MOBILIZE_5;*;X;X;X;X;X;X
PEACE_OTHER_ACCEPT_1;$RECIPIENT$;X;X;X;X;X;X
GETTING_ONLY_NEEDS;$NEED$: §Y$VAL$%§W;X;X;X;X;X;X
EVENTHAPPENUS_6;*;X;X;X;X;X;X
TECH_REPEAT_4;*;X;X;X;X;X;X
WETARGET_REMOVEFROMSPHERE_5;*;X;X;X;X;X;X
WAR_THEY_ACCEPT_3;$DEFENDER$.;X;X;X;X;X;X
POLREFORM_3;'$ISSUE$';X;X;X;X;X;X
DECISIONOTHER_4;$DESC$;X;X;X;X;X;X
SHIPSUNK_6;*;X;X;X;X;X;X
ASKMILITARYACCESS_THEY_ACCEPT_3;§Y$RECIPIENT$§W;X;X;X;X;X;X
INTERVENTION_OTHER_SIDE_HEADER;$MESSENGER$;X;X;X;X;X;X
LEADERDIED_5;*;X;X;X;X;X;X
GIVEMILITARYACCESS_WE_DECLINE_HEADER;$MESSENGER$;X;X;X;X;X;X
CHATMESSAGE_3;*;X;X;X;X;X;X
TECH_ONCE_5;*;X;X;X;X;X;X
ANNEX_6;*;X;X;X;X;X;X
SIEGETHEM_MAP;*;X;X;X;X;X;X
WEGAINCB_MAP;*;X;X;X;X;X;X
SOCREFORM_3;'$ISSUE$';X;X;X;X;X;X
WE_INTERVENED_5;*;X;X;X;X;X;X
ALLYTAKEOVER_1;$ACTOR$;X;X;X;X;X;X
INTERVENTION_OTHER_SIDE_5;*;X;X;X;X;X;X
GIVEMILITARYACCESS_OTHER_DECLINE_3;§Y$RECIPIENT$§W;X;X;X;X;X;X
INCREASEOPINION_THEY_ACCEPT_4;§Y$RECIPIENT$§W.;X;X;X;X;X;X
SETPARTY_3;$PARTY$.;X;X;X;X;X;X
NAVALATTACKUS_3;$PROV$;X;X;X;X;X;X
TRIGMOD_3;$NAME$;X;X;X;X;X;X
WAR_WE_ACCEPT_5;*;X;X;X;X;X;X
OTHER_DEMOBILIZE_5;*;X;X;X;X;X;X
REVOLTALLIANCE_3;§Y$ACTOR$§W;X;X;X;X;X;X
CANCELASKMILITARYACCESS_OTHER_ACCEPT_3;§Y$ACTOR$§W;X;X;X;X;X;X
NAVALBATTLEOVER_1;$NAME$;X;X;X;X;X;X
CANCEL_WARSUBSIDIES_OTHER_ACCEPT_5;§Y$RECIPIENT$§W ;X;X;X;X;X;X
OTHER_DEMOBILIZE_MAP;*;X;X;X;X;X;X
NEW_PARTY_AVAIL_2;*;X;X;X;X;X;X
CANCELALLIANCE_THEY_ACCEPT_6;*;X;X;X;X;X;X
BANEMBASSY_WE_ACCEPT_5;*;X;X;X;X;X;X
CEASECOLONIZATION_OTHER_DECLINE_6;*;X;X;X;X;X;X
MAJOREVENTHAPPENOTHEROPTION_6;*;X;X;X;X;X;X
WARGOAL_WE_ACCEPT_5;*;X;X;X;X;X;X
ALLYTAKEOVERWE_HEADER;$MESSENGER$;X;X;X;X;X;X
ADDTOSPHERE_THEY_ACCEPT_6;*;X;X;X;X;X;X
EVENTHAPPENOTHER_6;*;X;X;X;X;X;X
WE_DEMOBILIZE_3;*;X;X;X;X;X;X
SOCREFORM_BAD_MAP;*;X;X;X;X;X;X
ALLIANCE_WE_ACCEPT_5;§Y$ACTOR$§W.;X;X;X;X;X;X
CALLALLY_THEY_DECLINE_3;§Y$RECIPIENT$§W;X;X;X;X;X;X
SETPARTY_5;$DETAILS$;X;X;X;X;X;X
DISCREDIT_THEY_ACCEPT_6;*;X;X;X;X;X;X
REMOVE_PEACE_WE_DECLINE_6;*;X;X;X;X;X;X
PEACE_WE_ACCEPT_5;*;X;X;X;X;X;X
PEACE_OTHER_DECLINE_5;$ACTOR$.;X;X;X;X;X;X
BREAKCOUNTRY_6;*;X;X;X;X;X;X
BANKRUPTCY_HEADER;$MESSENGER$;X;X;X;X;X;X
THEY_BANKRUPTCY_HEADER;$MESSENGER$;X;X;X;X;X;X
OTHER_MOBILIZE_MAP;*;X;X;X;X;X;X
THEYDEFECT_6;*;X;X;X;X;X;X
EVENTHAPPENUS_1;$EVENT$;X;X;X;X;X;X
ALLIANCE_THEY_DECLINE_6;*;X;X;X;X;X;X
BREAKCOUNTRYOTHER_5;*;X;X;X;X;X;X
OTHERDEFECT_6;*;X;X;X;X;X;X
GETTING_NEEDS;$NEED$: §Y$VAL$%§W;X;X;X;X;X;X
INCREASEOPINION_THEY_ACCEPT_6;*;X;X;X;X;X;X
INTERVENTION_OUR_SIDE_6;*;X;X;X;X;X;X
EVENTHAPPENOTHEROPTION_MAP;*;X;X;X;X;X;X
MAJOREVENTHAPPENOTHER_1;$COUNTRY$;X;X;X;X;X;X
REMOVEFROMSPHERE_WE_ACCEPT_6;*;X;X;X;X;X;X
DECISIONOTHER_5;*;X;X;X;X;X;X
DECISIONUS_4;*;X;X;X;X;X;X
WARGOAL_THEY_ACCEPT_5;*;X;X;X;X;X;X
DISBAND_6;*;X;X;X;X;X;X
ADDTOSPHERE_OTHER_ACCEPT_6;*;X;X;X;X;X;X
DECREASERELATION_OTHER_ACCEPT_6;*;X;X;X;X;X;X
BANEMBASSY_THEY_ACCEPT_6;*;X;X;X;X;X;X
NEW_PARTY_AVAIL_5;*;X;X;X;X;X;X
ADDTOSPHERE_WE_ACCEPT_3;§Y$ACTOR$§W;X;X;X;X;X;X
EVENTHAPPENOTHEROPTION_5;§Y'$EVENT$'§W.;X;X;X;X;X;X
ASKMILITARYACCESS_OTHER_DECLINE_5;$ACTOR$.;X;X;X;X;X;X
WE_BECAME_GREAT_POWER_4;*;X;X;X;X;X;X
REMOVE_CALLALLY_THEY_ACCEPT_3;§Y$RECIPIENT$§W;X;X;X;X;X;X
WETARGET_BANEMBASSY_5;*;X;X;X;X;X;X
REMOVE_CALLALLY_OTHER_ACCEPT_1;$RECIPIENT$;X;X;X;X;X;X
ALLIANCE_THEY_ACCEPT_6;*;X;X;X;X;X;X
WETARGET_DECREASEOPINION_5;*;X;X;X;X;X;X
BREAKCOUNTRYOTHER_1;$OTHER$;X;X;X;X;X;X
DISBAND_3;$UNIT$;X;X;X;X;X;X
WE_INTERVENED_4;$WAR$.;X;X;X;X;X;X
TRIGMOD_6;$EFFECT$;X;X;X;X;X;X
CANCELASKMILITARYACCESS_WE_ACCEPT_5;*;X;X;X;X;X;X
OTHER_DEMOBILIZE_6;*;X;X;X;X;X;X
WETARGET_EXPELADVISORS_6;*;X;X;X;X;X;X
INCREASEOPINION_WE_ACCEPT_5;*;X;X;X;X;X;X
WEGAINCB_5;$ENEMY$:;X;X;X;X;X;X
UNITARRIVED_3;$NAME$;X;X;X;X;X;X
PEACE_WE_DECLINE_5;$ACTOR$.;X;X;X;X;X;X
CRISIS_OFFER_THEY_ACCEPT_3;$WARGOAL$;§Y$WARGOAL$§W;x;;;;
PEACE_WE_DECLINE_HEADER;$MESSENGER$;X;X;X;X;X;X
WETARGET_DISCREDIT_5;*;X;X;X;X;X;X
CANCEL_WARSUBSIDIES_WE_ACCEPT_3;§Y$ACTOR$§W;X;X;X;X;X;X
ATTACKUS_3;$PROV$;X;X;X;X;X;X
ATTACKTHEM_5;*;X;X;X;X;X;X
WAR_WE_ACCEPT_6;*;X;X;X;X;X;X
OTHER_MOBILIZE_3;§Y$COUNTRY$§W;X;X;X;X;X;X
CV_GOVTTYPE;$GOVT$;X;X;X;X;X;X
ALLIANCE_WE_DECLINE_6;*;X;X;X;X;X;X
BUILDING_DONE_5;$PROV$.;X;X;X;X;X;X
WARSUBSIDIES_THEY_ACCEPT_3;§Y$RECIPIENT$§W.;X;X;X;X;X;X
CANCELGIVEMILITARYACCESS_THEY_ACCEPT_5;*;X;X;X;X;X;X
PROVINCELOST_3;§Y$PROV$§W!;X;X;X;X;X;X
GUNBOAT_WE_ACCEPT_6;*;X;X;X;X;X;X
EVENTHAPPENUS_4;*;X;X;X;X;X;X
GIVEMILITARYACCESS_WE_DECLINE_5;*;X;X;X;X;X;X
ALLIANCE_OTHER_ACCEPT_5;§Y$ACTOR$§W.;X;X;X;X;X;X
LEADERDIED_6;*;X;X;X;X;X;X
NEW_PARTY_AVAIL_BTN2;OK;X;X;X;X;X;X
PARTY_UNAVAIL_BTN2;OK;X;X;X;X;X;X
POLREFORM_BAD_5;*;X;X;X;X;X;X
OTHERDEFECT_3;$PROV$;X;X;X;X;X;X
BREAKCOUNTRY_MAP;*;X;X;X;X;X;X
ASKMILITARYACCESS_WE_DECLINE_3;§Y$ACTOR$§W;X;X;X;X;X;X
TRIGMOD_4;*;X;X;X;X;X;X
ATTACKUS_5;*;X;X;X;X;X;X
INVENTION_4;$DESC$;X;X;X;X;X;X
WAR_WE_ACCEPT_3;$AGRESSOR$;X;X;X;X;X;X
ATTACKTHEM_6;*;X;X;X;X;X;X
SIEGEUS_5;§Y$ATTACKER$§W;X;X;X;X;X;X
ADDTOSPHERE_OTHER_ACCEPT_3;§Y$RECIPIENT$§W ;X;X;X;X;X;X
ALLYTAKEOVERWE_MAP;*;X;X;X;X;X;X
BREAKCOUNTRY_4;$EFFECTS$;X;X;X;X;X;X
INCREASEOPINION_OTHER_ACCEPT_6;*;X;X;X;X;X;X
LEADERDIED_HEADER;$MESSENGER$;X;X;X;X;X;X
CANCELASKMILITARYACCESS_WE_ACCEPT_3;§Y$ACTOR$§W;X;X;X;X;X;X
CANCEL_WARSUBSIDIES_THEY_ACCEPT_3;§Y$RECIPIENT$§W.;X;X;X;X;X;X
LANDBATTLEOVER_1;$NAME$;X;X;X;X;X;X
OFFENSEDESCR;*;X;X;X;X;X;X
SOCREFORM_MAP;*;X;X;X;X;X;X
WE_BECAME_GREAT_POWER_5;*;X;X;X;X;X;X
MAJOREVENTHAPPENOTHER_3;§Y'$EVENT$'§W.;X;X;X;X;X;X
BUILDING_DONE_3;$NAME$;X;X;X;X;X;X
INTERVENTION_OUR_SIDE_HEADER;$MESSENGER$;X;X;X;X;X;X
AGRESSION_WAR_TREATY_PORT_NAME;$ORDER$$FIRST$ опиумная война за $STATE$;X;X;X;X;X;X
AGRESSION_WAR_TAKE_TREATY_PORT_NAME;$ORDER$$FIRST$ борьба за договорный порт $STATE$;X;X;X;X;X;X
ZZZ_LOC_PAD_ui;x;X;X;X;X;X
